{
"type": "FeatureCollection",
"name": "bdtre_un_vol",
"crs": { "type": "name", "properties": { "name": "urn:ogc:def:crs:OGC:1.3:CRS84" } },
"features": [
{ "type": "Feature", "properties": { "uuid": "adb2dccb-0b57-4ffd-95ca-e114e3653a29", "data_acq": "2019-11-30 00:00:00", "data_agg": "2019-11-30 00:00:00", "data_fin": "9999-12-31 00:00:00", "ente_for": "REGIONE PIEMONTE", "ente_prod": "REGIONE PIEMONTE", "modo_prod": "banche dati esterne - catasto", "sc_acq": "1:2000", "un_vol_av": "", "un_vol_por": "al suolo", "un_vol_qe": "", "un_vol_ex": "", "source": "BDTRE un_vol" }, "geometry": { "type": "Polygon", "coordinates": [ [ [ 7.67485, 45.07306 ], [ 7.67486, 45.07308 ], [ 7.67487, 45.07307 ], [ 7.67486, 45.07306 ], [ 7.67485, 45.07306 ] ] ] } },
{ "type": "Feature", "properties": { "uuid": "abdf028a-e888-47e7-8a43-8b6fec080110", "data_acq": "2019-11-30 00:00:00", "data_agg": "2019-11-30 00:00:00", "data_fin": "9999-12-31 00:00:00", "ente_for": "REGIONE PIEMONTE", "ente_prod": "REGIONE PIEMONTE", "modo_prod": "banche dati esterne - catasto", "sc_acq": "1:2000", "un_vol_av": "", "un_vol_por": "al suolo", "un_vol_qe": "", "un_vol_ex": "", "source": "BDTRE un_vol" }, "geometry": { "type": "Polygon", "coordinates": [ [ [ 7.68748, 45.07168 ], [ 7.68747, 45.07168 ], [ 7.68748, 45.07169 ], [ 7.68749, 45.07169 ], [ 7.68748, 45.07168 ] ] ] } },
{ "type": "Feature", "properties": { "uuid": "7a277103-6a5e-4753-9e0c-5c71d34dca2c", "data_acq": "2017-12-31 00:00:00", "data_agg": "2017-12-31 00:00:00", "data_fin": "9999-12-31 00:00:00", "ente_for": "REGIONE PIEMONTE", "ente_prod": "ARPA PIEMONTE", "modo_prod": "banche dati esterne - geometrie da catasto, altezza volumi da ARPA PIEMONTE (DSM-DTM,LAS)", "sc_acq": "1:10000", "un_vol_av": "18", "un_vol_por": "al suolo", "un_vol_qe": "", "un_vol_ex": "altezza", "source": "BDTRE un_vol" }, "geometry": { "type": "Polygon", "coordinates": [ [ [ 7.66918, 45.07574 ], [ 7.66891, 45.07584 ], [ 7.66864, 45.07593 ], [ 7.66884, 45.07624 ], [ 7.66886, 45.07626 ], [ 7.66886, 45.07626 ], [ 7.66886, 45.07626 ], [ 7.66886, 45.07626 ], [ 7.66895, 45.07624 ], [ 7.66895, 45.07624 ], [ 7.66894, 45.07623 ], [ 7.66932, 45.0761 ], [ 7.66932, 45.0761 ], [ 7.66932, 45.0761 ], [ 7.66933, 45.0761 ], [ 7.66933, 45.0761 ], [ 7.66933, 45.0761 ], [ 7.66934, 45.0761 ], [ 7.66934, 45.0761 ], [ 7.66934, 45.0761 ], [ 7.66939, 45.07608 ], [ 7.66941, 45.07607 ], [ 7.66937, 45.07601 ], [ 7.66937, 45.07601 ], [ 7.6693, 45.07591 ], [ 7.66922, 45.0758 ], [ 7.66922, 45.0758 ], [ 7.66922, 45.0758 ], [ 7.66922, 45.0758 ], [ 7.66918, 45.07574 ] ] ] } },
{ "type": "Feature", "properties": { "uuid": "3b952b1e-410a-4ab3-94e5-19b878b92d6d", "data_acq": "2017-12-31 00:00:00", "data_agg": "2017-12-31 00:00:00", "data_fin": "9999-12-31 00:00:00", "ente_for": "REGIONE PIEMONTE", "ente_prod": "ARPA PIEMONTE", "modo_prod": "banche dati esterne - geometrie da catasto, altezza volumi da ARPA PIEMONTE (DSM-DTM,LAS)", "sc_acq": "1:10000", "un_vol_av": "16", "un_vol_por": "al suolo", "un_vol_qe": "", "un_vol_ex": "altezza", "source": "BDTRE un_vol" }, "geometry": { "type": "Polygon", "coordinates": [ [ [ 7.66611, 45.08322 ], [ 7.6662, 45.08336 ], [ 7.66622, 45.08339 ], [ 7.66622, 45.08339 ], [ 7.66626, 45.08345 ], [ 7.66604, 45.08351 ], [ 7.66604, 45.08351 ], [ 7.66599, 45.08343 ], [ 7.66613, 45.08338 ], [ 7.66613, 45.08338 ], [ 7.66605, 45.08326 ], [ 7.66604, 45.08326 ], [ 7.66603, 45.08325 ], [ 7.66605, 45.08325 ], [ 7.66605, 45.08325 ], [ 7.66604, 45.08324 ], [ 7.66611, 45.08322 ] ] ] } },
{ "type": "Feature", "properties": { "uuid": "29363cf6-7b5e-4980-9246-613585ceb59e", "data_acq": "2017-12-31 00:00:00", "data_agg": "2017-12-31 00:00:00", "data_fin": "9999-12-31 00:00:00", "ente_for": "REGIONE PIEMONTE", "ente_prod": "ARPA PIEMONTE", "modo_prod": "banche dati esterne - geometrie da catasto, altezza volumi da ARPA PIEMONTE (DSM-DTM,LAS)", "sc_acq": "1:10000", "un_vol_av": "18", "un_vol_por": "al suolo", "un_vol_qe": "", "un_vol_ex": "altezza", "source": "BDTRE un_vol" }, "geometry": { "type": "Polygon", "coordinates": [ [ [ 7.66775, 45.07892 ], [ 7.66766, 45.07885 ], [ 7.66757, 45.0788 ], [ 7.66746, 45.07873 ], [ 7.66715, 45.07897 ], [ 7.66724, 45.07903 ], [ 7.6673, 45.07907 ], [ 7.66733, 45.07909 ], [ 7.66734, 45.07909 ], [ 7.66735, 45.0791 ], [ 7.66736, 45.0791 ], [ 7.66741, 45.07906 ], [ 7.66732, 45.079 ], [ 7.66732, 45.079 ], [ 7.66734, 45.07897 ], [ 7.66735, 45.07898 ], [ 7.66744, 45.07892 ], [ 7.66749, 45.07888 ], [ 7.66748, 45.07887 ], [ 7.66748, 45.07887 ], [ 7.66751, 45.07885 ], [ 7.66751, 45.07885 ], [ 7.66763, 45.07892 ], [ 7.66755, 45.07899 ], [ 7.66761, 45.07903 ], [ 7.66763, 45.07901 ], [ 7.66767, 45.07898 ], [ 7.66771, 45.07894 ], [ 7.66774, 45.07892 ], [ 7.66775, 45.07892 ] ] ] } },
{ "type": "Feature", "properties": { "uuid": "cc2b0080-9f48-48a0-b22a-bf1c77c6e90d", "data_acq": "2017-12-31 00:00:00", "data_agg": "2017-12-31 00:00:00", "data_fin": "9999-12-31 00:00:00", "ente_for": "REGIONE PIEMONTE", "ente_prod": "ARPA PIEMONTE", "modo_prod": "banche dati esterne - geometrie da catasto, altezza volumi da ARPA PIEMONTE (DSM-DTM,LAS)", "sc_acq": "1:10000", "un_vol_av": "19", "un_vol_por": "al suolo", "un_vol_qe": "", "un_vol_ex": "altezza", "source": "BDTRE un_vol" }, "geometry": { "type": "Polygon", "coordinates": [ [ [ 7.67552, 45.08258 ], [ 7.67554, 45.08258 ], [ 7.67566, 45.08276 ], [ 7.67543, 45.08284 ], [ 7.67537, 45.08274 ], [ 7.67546, 45.08271 ], [ 7.67546, 45.0827 ], [ 7.67541, 45.08262 ], [ 7.67552, 45.08258 ] ] ] } },
{ "type": "Feature", "properties": { "uuid": "5ad8df75-8fe6-48c6-9465-371520dc1a5b", "data_acq": "2017-12-31 00:00:00", "data_agg": "2017-12-31 00:00:00", "data_fin": "9999-12-31 00:00:00", "ente_for": "REGIONE PIEMONTE", "ente_prod": "ARPA PIEMONTE", "modo_prod": "banche dati esterne - geometrie da catasto, altezza volumi da ARPA PIEMONTE (DSM-DTM,LAS)", "sc_acq": "1:10000", "un_vol_av": "17", "un_vol_por": "al suolo", "un_vol_qe": "", "un_vol_ex": "altezza", "source": "BDTRE un_vol" }, "geometry": { "type": "Polygon", "coordinates": [ [ [ 7.68322, 45.08459 ], [ 7.68318, 45.08457 ], [ 7.68311, 45.08459 ], [ 7.68296, 45.08464 ], [ 7.68296, 45.08465 ], [ 7.68297, 45.08465 ], [ 7.68298, 45.08465 ], [ 7.683, 45.08465 ], [ 7.68294, 45.08471 ], [ 7.68288, 45.08469 ], [ 7.68288, 45.08467 ], [ 7.68287, 45.08467 ], [ 7.68279, 45.0847 ], [ 7.68303, 45.08481 ], [ 7.68322, 45.08459 ] ] ] } },
{ "type": "Feature", "properties": { "uuid": "8ac55847-6d98-45ed-8d6e-658e38aeb79b", "data_acq": "2017-12-31 00:00:00", "data_agg": "2017-12-31 00:00:00", "data_fin": "9999-12-31 00:00:00", "ente_for": "REGIONE PIEMONTE", "ente_prod": "ARPA PIEMONTE", "modo_prod": "banche dati esterne - geometrie da catasto, altezza volumi da ARPA PIEMONTE (DSM-DTM,LAS)", "sc_acq": "1:10000", "un_vol_av": "9", "un_vol_por": "al suolo", "un_vol_qe": "", "un_vol_ex": "altezza", "source": "BDTRE un_vol" }, "geometry": { "type": "Polygon", "coordinates": [ [ [ 7.68137, 45.06933 ], [ 7.68115, 45.0694 ], [ 7.6811, 45.06942 ], [ 7.6811, 45.06943 ], [ 7.68125, 45.06961 ], [ 7.68142, 45.06956 ], [ 7.68167, 45.06947 ], [ 7.68156, 45.06932 ], [ 7.68153, 45.06933 ], [ 7.68148, 45.06935 ], [ 7.68146, 45.06932 ], [ 7.68144, 45.0693 ], [ 7.68137, 45.06933 ] ] ] } },
{ "type": "Feature", "properties": { "uuid": "3853623f-82d5-4b48-9601-0164acf45b23", "data_acq": "2017-12-31 00:00:00", "data_agg": "2017-12-31 00:00:00", "data_fin": "9999-12-31 00:00:00", "ente_for": "REGIONE PIEMONTE", "ente_prod": "ARPA PIEMONTE", "modo_prod": "banche dati esterne - geometrie da catasto, altezza volumi da ARPA PIEMONTE (DSM-DTM,LAS)", "sc_acq": "1:10000", "un_vol_av": "17", "un_vol_por": "al suolo", "un_vol_qe": "", "un_vol_ex": "altezza", "source": "BDTRE un_vol" }, "geometry": { "type": "Polygon", "coordinates": [ [ [ 7.68482, 45.0777 ], [ 7.68485, 45.07773 ], [ 7.68494, 45.07788 ], [ 7.68486, 45.07791 ], [ 7.68484, 45.07788 ], [ 7.68475, 45.0779 ], [ 7.68465, 45.07775 ], [ 7.68482, 45.0777 ] ] ] } },
{ "type": "Feature", "properties": { "uuid": "03afaf51-ea24-48f1-9630-c1b0b6f2b80a", "data_acq": "2017-12-31 00:00:00", "data_agg": "2017-12-31 00:00:00", "data_fin": "9999-12-31 00:00:00", "ente_for": "REGIONE PIEMONTE", "ente_prod": "ARPA PIEMONTE", "modo_prod": "banche dati esterne - geometrie da catasto, altezza volumi da ARPA PIEMONTE (DSM-DTM,LAS)", "sc_acq": "1:10000", "un_vol_av": "19", "un_vol_por": "al suolo", "un_vol_qe": "", "un_vol_ex": "altezza", "source": "BDTRE un_vol" }, "geometry": { "type": "Polygon", "coordinates": [ [ [ 7.66877, 45.07449 ], [ 7.66877, 45.0745 ], [ 7.66877, 45.0745 ], [ 7.66879, 45.07452 ], [ 7.6688, 45.07455 ], [ 7.66881, 45.07455 ], [ 7.66881, 45.07455 ], [ 7.66884, 45.07459 ], [ 7.66893, 45.07472 ], [ 7.66917, 45.07464 ], [ 7.66925, 45.07461 ], [ 7.66937, 45.07457 ], [ 7.66942, 45.07455 ], [ 7.66926, 45.07432 ], [ 7.66926, 45.07432 ], [ 7.66925, 45.0743 ], [ 7.66924, 45.07429 ], [ 7.66924, 45.07429 ], [ 7.66923, 45.07427 ], [ 7.66915, 45.0743 ], [ 7.66918, 45.07434 ], [ 7.66918, 45.07435 ], [ 7.66877, 45.07449 ], [ 7.66877, 45.07449 ] ] ] } },
{ "type": "Feature", "properties": { "uuid": "437f727c-9869-4a03-995b-92f22e2c1ffb", "data_acq": "2017-12-31 00:00:00", "data_agg": "2017-12-31 00:00:00", "data_fin": "9999-12-31 00:00:00", "ente_for": "REGIONE PIEMONTE", "ente_prod": "ARPA PIEMONTE", "modo_prod": "banche dati esterne - geometrie da catasto, altezza volumi da ARPA PIEMONTE (DSM-DTM,LAS)", "sc_acq": "1:10000", "un_vol_av": "18", "un_vol_por": "al suolo", "un_vol_qe": "", "un_vol_ex": "altezza", "source": "BDTRE un_vol" }, "geometry": { "type": "Polygon", "coordinates": [ [ [ 7.67847, 45.06982 ], [ 7.67845, 45.0698 ], [ 7.67846, 45.06979 ], [ 7.67842, 45.06974 ], [ 7.67852, 45.0697 ], [ 7.67852, 45.06969 ], [ 7.67852, 45.06969 ], [ 7.67851, 45.06967 ], [ 7.6785, 45.06967 ], [ 7.67848, 45.06963 ], [ 7.6785, 45.06962 ], [ 7.6785, 45.06962 ], [ 7.67855, 45.0696 ], [ 7.67857, 45.06963 ], [ 7.67859, 45.06966 ], [ 7.67861, 45.0697 ], [ 7.67863, 45.06974 ], [ 7.67872, 45.06986 ], [ 7.67854, 45.06992 ], [ 7.67847, 45.06982 ] ] ] } },
{ "type": "Feature", "properties": { "uuid": "3ff0e961-b3a1-4714-90e4-5338e19722e4", "data_acq": "2017-12-31 00:00:00", "data_agg": "2017-12-31 00:00:00", "data_fin": "9999-12-31 00:00:00", "ente_for": "REGIONE PIEMONTE", "ente_prod": "ARPA PIEMONTE", "modo_prod": "banche dati esterne - geometrie da catasto, altezza volumi da ARPA PIEMONTE (DSM-DTM,LAS)", "sc_acq": "1:10000", "un_vol_av": "20", "un_vol_por": "al suolo", "un_vol_qe": "", "un_vol_ex": "altezza", "source": "BDTRE un_vol" }, "geometry": { "type": "Polygon", "coordinates": [ [ [ 7.67905, 45.07105 ], [ 7.67919, 45.071 ], [ 7.67918, 45.07099 ], [ 7.67917, 45.07099 ], [ 7.67916, 45.07097 ], [ 7.67923, 45.07095 ], [ 7.67921, 45.07091 ], [ 7.6792, 45.07092 ], [ 7.67915, 45.07086 ], [ 7.67907, 45.07088 ], [ 7.67903, 45.0709 ], [ 7.67896, 45.07092 ], [ 7.67903, 45.07102 ], [ 7.67905, 45.07105 ] ] ] } },
{ "type": "Feature", "properties": { "uuid": "7ada6257-16b2-42f3-9a11-97bf7819b6e5", "data_acq": "2017-12-31 00:00:00", "data_agg": "2017-12-31 00:00:00", "data_fin": "9999-12-31 00:00:00", "ente_for": "REGIONE PIEMONTE", "ente_prod": "ARPA PIEMONTE", "modo_prod": "banche dati esterne - geometrie da catasto, altezza volumi da ARPA PIEMONTE (DSM-DTM,LAS)", "sc_acq": "1:10000", "un_vol_av": "8", "un_vol_por": "al suolo", "un_vol_qe": "", "un_vol_ex": "altezza", "source": "BDTRE un_vol" }, "geometry": { "type": "Polygon", "coordinates": [ [ [ 7.68475, 45.08331 ], [ 7.6847, 45.08336 ], [ 7.68479, 45.08337 ], [ 7.68477, 45.08345 ], [ 7.68476, 45.08344 ], [ 7.68452, 45.0834 ], [ 7.68464, 45.0833 ], [ 7.68465, 45.0833 ], [ 7.68475, 45.08331 ] ] ] } },
{ "type": "Feature", "properties": { "uuid": "4ecd1a3d-cc36-4930-b86c-19eea2b42de3", "data_acq": "2017-12-31 00:00:00", "data_agg": "2017-12-31 00:00:00", "data_fin": "9999-12-31 00:00:00", "ente_for": "REGIONE PIEMONTE", "ente_prod": "ARPA PIEMONTE", "modo_prod": "banche dati esterne - geometrie da catasto, altezza volumi da ARPA PIEMONTE (DSM-DTM,LAS)", "sc_acq": "1:10000", "un_vol_av": "9", "un_vol_por": "al suolo", "un_vol_qe": "", "un_vol_ex": "altezza", "source": "BDTRE un_vol" }, "geometry": { "type": "Polygon", "coordinates": [ [ [ 7.67878, 45.0839 ], [ 7.67865, 45.08395 ], [ 7.67872, 45.08405 ], [ 7.67875, 45.0841 ], [ 7.67889, 45.08405 ], [ 7.67878, 45.0839 ] ] ] } },
{ "type": "Feature", "properties": { "uuid": "100c8b94-7486-4e4c-ab98-fb54157acaeb", "data_acq": "2017-12-31 00:00:00", "data_agg": "2017-12-31 00:00:00", "data_fin": "9999-12-31 00:00:00", "ente_for": "REGIONE PIEMONTE", "ente_prod": "ARPA PIEMONTE", "modo_prod": "banche dati esterne - geometrie da catasto, altezza volumi da ARPA PIEMONTE (DSM-DTM,LAS)", "sc_acq": "1:10000", "un_vol_av": "18", "un_vol_por": "al suolo", "un_vol_qe": "", "un_vol_ex": "altezza", "source": "BDTRE un_vol" }, "geometry": { "type": "Polygon", "coordinates": [ [ [ 7.67666, 45.06523 ], [ 7.6766, 45.06513 ], [ 7.67646, 45.06494 ], [ 7.67641, 45.06495 ], [ 7.67633, 45.06498 ], [ 7.67628, 45.065 ], [ 7.67618, 45.06504 ], [ 7.67626, 45.06514 ], [ 7.67629, 45.06513 ], [ 7.67629, 45.06512 ], [ 7.67638, 45.06509 ], [ 7.67638, 45.06509 ], [ 7.67642, 45.06513 ], [ 7.6764, 45.06514 ], [ 7.67644, 45.06518 ], [ 7.67644, 45.06518 ], [ 7.67645, 45.06518 ], [ 7.67648, 45.06522 ], [ 7.67638, 45.06526 ], [ 7.67637, 45.06525 ], [ 7.67634, 45.06526 ], [ 7.67638, 45.06533 ], [ 7.67666, 45.06523 ] ] ] } },
{ "type": "Feature", "properties": { "uuid": "b43043d7-5914-4d53-8dba-144f4edb20c5", "data_acq": "2017-12-31 00:00:00", "data_agg": "2017-12-31 00:00:00", "data_fin": "9999-12-31 00:00:00", "ente_for": "REGIONE PIEMONTE", "ente_prod": "ARPA PIEMONTE", "modo_prod": "banche dati esterne - geometrie da catasto, altezza volumi da ARPA PIEMONTE (DSM-DTM,LAS)", "sc_acq": "1:10000", "un_vol_av": "11", "un_vol_por": "al suolo", "un_vol_qe": "", "un_vol_ex": "altezza", "source": "BDTRE un_vol" }, "geometry": { "type": "Polygon", "coordinates": [ [ [ 7.67801, 45.08172 ], [ 7.67789, 45.08176 ], [ 7.67787, 45.08177 ], [ 7.67788, 45.08178 ], [ 7.67788, 45.08178 ], [ 7.67789, 45.08178 ], [ 7.67789, 45.08178 ], [ 7.67795, 45.08186 ], [ 7.67792, 45.08187 ], [ 7.67792, 45.08186 ], [ 7.6779, 45.08187 ], [ 7.67792, 45.08189 ], [ 7.67797, 45.08196 ], [ 7.67814, 45.08191 ], [ 7.67801, 45.08172 ] ] ] } },
{ "type": "Feature", "properties": { "uuid": "77fa9e27-bf55-4204-8ca5-3a805208c2f9", "data_acq": "2017-12-31 00:00:00", "data_agg": "2017-12-31 00:00:00", "data_fin": "9999-12-31 00:00:00", "ente_for": "REGIONE PIEMONTE", "ente_prod": "ARPA PIEMONTE", "modo_prod": "banche dati esterne - geometrie da catasto, altezza volumi da ARPA PIEMONTE (DSM-DTM,LAS)", "sc_acq": "1:10000", "un_vol_av": "15", "un_vol_por": "al suolo", "un_vol_qe": "", "un_vol_ex": "altezza", "source": "BDTRE un_vol" }, "geometry": { "type": "Polygon", "coordinates": [ [ [ 7.67105, 45.0751 ], [ 7.67108, 45.07509 ], [ 7.67123, 45.07503 ], [ 7.6714, 45.07498 ], [ 7.67142, 45.07497 ], [ 7.67148, 45.07507 ], [ 7.67149, 45.07507 ], [ 7.6715, 45.07509 ], [ 7.67156, 45.07518 ], [ 7.67156, 45.07518 ], [ 7.67154, 45.07519 ], [ 7.67154, 45.07518 ], [ 7.67149, 45.0752 ], [ 7.67143, 45.07512 ], [ 7.67147, 45.0751 ], [ 7.67146, 45.07508 ], [ 7.67126, 45.07515 ], [ 7.67127, 45.07515 ], [ 7.67123, 45.07517 ], [ 7.67122, 45.07516 ], [ 7.67119, 45.07517 ], [ 7.67125, 45.07527 ], [ 7.67125, 45.07527 ], [ 7.67128, 45.07529 ], [ 7.67157, 45.07519 ], [ 7.67158, 45.07521 ], [ 7.67161, 45.07525 ], [ 7.67147, 45.0753 ], [ 7.67145, 45.0753 ], [ 7.67124, 45.07538 ], [ 7.67105, 45.0751 ] ] ] } },
{ "type": "Feature", "properties": { "uuid": "e0592c1e-73ee-4247-b7cc-8afb8593b397", "data_acq": "2017-12-31 00:00:00", "data_agg": "2017-12-31 00:00:00", "data_fin": "9999-12-31 00:00:00", "ente_for": "REGIONE PIEMONTE", "ente_prod": "ARPA PIEMONTE", "modo_prod": "banche dati esterne - geometrie da catasto, altezza volumi da ARPA PIEMONTE (DSM-DTM,LAS)", "sc_acq": "1:10000", "un_vol_av": "11", "un_vol_por": "al suolo", "un_vol_qe": "", "un_vol_ex": "altezza", "source": "BDTRE un_vol" }, "geometry": { "type": "Polygon", "coordinates": [ [ [ 7.67816, 45.06817 ], [ 7.67827, 45.06813 ], [ 7.67845, 45.06837 ], [ 7.67799, 45.06854 ], [ 7.67791, 45.06843 ], [ 7.67796, 45.06842 ], [ 7.67786, 45.06828 ], [ 7.67798, 45.06824 ], [ 7.67808, 45.06837 ], [ 7.67823, 45.06831 ], [ 7.67818, 45.06824 ], [ 7.67817, 45.06825 ], [ 7.67814, 45.06821 ], [ 7.67816, 45.06821 ], [ 7.67814, 45.06818 ], [ 7.67814, 45.06818 ], [ 7.67816, 45.06817 ] ] ] } },
{ "type": "Feature", "properties": { "uuid": "f514840c-bd93-4ef0-9724-4fc51bc4080d", "data_acq": "2017-12-31 00:00:00", "data_agg": "2017-12-31 00:00:00", "data_fin": "9999-12-31 00:00:00", "ente_for": "REGIONE PIEMONTE", "ente_prod": "ARPA PIEMONTE", "modo_prod": "banche dati esterne - geometrie da catasto, altezza volumi da ARPA PIEMONTE (DSM-DTM,LAS)", "sc_acq": "1:10000", "un_vol_av": "28", "un_vol_por": "al suolo", "un_vol_qe": "", "un_vol_ex": "altezza", "source": "BDTRE un_vol" }, "geometry": { "type": "Polygon", "coordinates": [ [ [ 7.67682, 45.07247 ], [ 7.67686, 45.07251 ], [ 7.67685, 45.07251 ], [ 7.67688, 45.07256 ], [ 7.6769, 45.07255 ], [ 7.67692, 45.07255 ], [ 7.67692, 45.07256 ], [ 7.67693, 45.07257 ], [ 7.67694, 45.07258 ], [ 7.67696, 45.07262 ], [ 7.67699, 45.07261 ], [ 7.6771, 45.07256 ], [ 7.6771, 45.07256 ], [ 7.67701, 45.07242 ], [ 7.67697, 45.07241 ], [ 7.6769, 45.07244 ], [ 7.67682, 45.07247 ] ] ] } },
{ "type": "Feature", "properties": { "uuid": "9887a3dc-ee3d-4de3-b000-19e011af0d95", "data_acq": "2017-12-31 00:00:00", "data_agg": "2017-12-31 00:00:00", "data_fin": "9999-12-31 00:00:00", "ente_for": "REGIONE PIEMONTE", "ente_prod": "ARPA PIEMONTE", "modo_prod": "banche dati esterne - geometrie da catasto, altezza volumi da ARPA PIEMONTE (DSM-DTM,LAS)", "sc_acq": "1:10000", "un_vol_av": "12", "un_vol_por": "al suolo", "un_vol_qe": "", "un_vol_ex": "altezza", "source": "BDTRE un_vol" }, "geometry": { "type": "Polygon", "coordinates": [ [ [ 7.68361, 45.08004 ], [ 7.68363, 45.08008 ], [ 7.6838, 45.08006 ], [ 7.68381, 45.0801 ], [ 7.6838, 45.0801 ], [ 7.68381, 45.08013 ], [ 7.68381, 45.08013 ], [ 7.68383, 45.08022 ], [ 7.68383, 45.08023 ], [ 7.68384, 45.08026 ], [ 7.68367, 45.08029 ], [ 7.68367, 45.08029 ], [ 7.68366, 45.08029 ], [ 7.68365, 45.08027 ], [ 7.68366, 45.08026 ], [ 7.68364, 45.08019 ], [ 7.68361, 45.08009 ], [ 7.68361, 45.08009 ], [ 7.68324, 45.08014 ], [ 7.68322, 45.08009 ], [ 7.68332, 45.08008 ], [ 7.68347, 45.08006 ], [ 7.68361, 45.08004 ] ] ] } },
{ "type": "Feature", "properties": { "uuid": "06107d2f-40cd-4db5-aba3-982d53a2a158", "data_acq": "2017-12-31 00:00:00", "data_agg": "2017-12-31 00:00:00", "data_fin": "9999-12-31 00:00:00", "ente_for": "REGIONE PIEMONTE", "ente_prod": "ARPA PIEMONTE", "modo_prod": "banche dati esterne - geometrie da catasto, altezza volumi da ARPA PIEMONTE (DSM-DTM,LAS)", "sc_acq": "1:10000", "un_vol_av": "18", "un_vol_por": "al suolo", "un_vol_qe": "", "un_vol_ex": "altezza", "source": "BDTRE un_vol" }, "geometry": { "type": "Polygon", "coordinates": [ [ [ 7.69136, 45.06536 ], [ 7.6913, 45.06538 ], [ 7.69093, 45.06552 ], [ 7.69089, 45.06546 ], [ 7.69085, 45.06541 ], [ 7.69087, 45.0654 ], [ 7.69087, 45.06541 ], [ 7.69093, 45.06539 ], [ 7.69102, 45.06536 ], [ 7.6911, 45.06533 ], [ 7.69106, 45.06527 ], [ 7.69111, 45.06525 ], [ 7.69115, 45.06531 ], [ 7.69124, 45.06528 ], [ 7.69124, 45.06528 ], [ 7.69128, 45.06533 ], [ 7.69132, 45.06531 ], [ 7.69136, 45.06536 ] ] ] } },
{ "type": "Feature", "properties": { "uuid": "5d55fdce-800f-4299-a590-58690ac6722d", "data_acq": "2017-12-31 00:00:00", "data_agg": "2017-12-31 00:00:00", "data_fin": "9999-12-31 00:00:00", "ente_for": "REGIONE PIEMONTE", "ente_prod": "ARPA PIEMONTE", "modo_prod": "banche dati esterne - geometrie da catasto, altezza volumi da ARPA PIEMONTE (DSM-DTM,LAS)", "sc_acq": "1:10000", "un_vol_av": "24", "un_vol_por": "al suolo", "un_vol_qe": "", "un_vol_ex": "altezza", "source": "BDTRE un_vol" }, "geometry": { "type": "Polygon", "coordinates": [ [ [ 7.67503, 45.07848 ], [ 7.67487, 45.07854 ], [ 7.67488, 45.07856 ], [ 7.67486, 45.07861 ], [ 7.67552, 45.07877 ], [ 7.67569, 45.07864 ], [ 7.67558, 45.07848 ], [ 7.67547, 45.07833 ], [ 7.6754, 45.07835 ], [ 7.67535, 45.07837 ], [ 7.67533, 45.07837 ], [ 7.67533, 45.07837 ], [ 7.67537, 45.07842 ], [ 7.67548, 45.07859 ], [ 7.67545, 45.07862 ], [ 7.67506, 45.07853 ], [ 7.67503, 45.07848 ], [ 7.67503, 45.07848 ] ] ] } },
{ "type": "Feature", "properties": { "uuid": "c986aa34-b049-421e-8925-7fab47db4c3c", "data_acq": "2017-12-31 00:00:00", "data_agg": "2017-12-31 00:00:00", "data_fin": "9999-12-31 00:00:00", "ente_for": "REGIONE PIEMONTE", "ente_prod": "ARPA PIEMONTE", "modo_prod": "banche dati esterne - geometrie da catasto, altezza volumi da ARPA PIEMONTE (DSM-DTM,LAS)", "sc_acq": "1:10000", "un_vol_av": "10", "un_vol_por": "al suolo", "un_vol_qe": "", "un_vol_ex": "altezza", "source": "BDTRE un_vol" }, "geometry": { "type": "Polygon", "coordinates": [ [ [ 7.68694, 45.07942 ], [ 7.68694, 45.07943 ], [ 7.68691, 45.07945 ], [ 7.6869, 45.07946 ], [ 7.68686, 45.07944 ], [ 7.68688, 45.07943 ], [ 7.68693, 45.07941 ], [ 7.68693, 45.07942 ], [ 7.68694, 45.07942 ] ] ] } },
{ "type": "Feature", "properties": { "uuid": "0d3e06f2-5c75-49f6-a270-4caa3ce8c617", "data_acq": "2017-12-31 00:00:00", "data_agg": "2017-12-31 00:00:00", "data_fin": "9999-12-31 00:00:00", "ente_for": "REGIONE PIEMONTE", "ente_prod": "ARPA PIEMONTE", "modo_prod": "banche dati esterne - geometrie da catasto, altezza volumi da ARPA PIEMONTE (DSM-DTM,LAS)", "sc_acq": "1:10000", "un_vol_av": "8", "un_vol_por": "al suolo", "un_vol_qe": "", "un_vol_ex": "altezza", "source": "BDTRE un_vol" }, "geometry": { "type": "Polygon", "coordinates": [ [ [ 7.69374, 45.07166 ], [ 7.69395, 45.07177 ], [ 7.69392, 45.0718 ], [ 7.6937, 45.0717 ], [ 7.69374, 45.07166 ] ] ] } },
{ "type": "Feature", "properties": { "uuid": "bf9be23c-e2a0-4a92-a4d4-2e55b4af7fbe", "data_acq": "2017-12-31 00:00:00", "data_agg": "2017-12-31 00:00:00", "data_fin": "9999-12-31 00:00:00", "ente_for": "REGIONE PIEMONTE", "ente_prod": "ARPA PIEMONTE", "modo_prod": "banche dati esterne - geometrie da catasto, altezza volumi da ARPA PIEMONTE (DSM-DTM,LAS)", "sc_acq": "1:10000", "un_vol_av": "14", "un_vol_por": "al suolo", "un_vol_qe": "", "un_vol_ex": "altezza", "source": "BDTRE un_vol" }, "geometry": { "type": "Polygon", "coordinates": [ [ [ 7.66524, 45.07891 ], [ 7.66528, 45.07883 ], [ 7.66529, 45.07882 ], [ 7.66529, 45.07882 ], [ 7.66529, 45.07881 ], [ 7.66531, 45.0788 ], [ 7.66533, 45.0788 ], [ 7.66533, 45.07881 ], [ 7.66535, 45.07881 ], [ 7.66541, 45.07891 ], [ 7.66527, 45.07895 ], [ 7.66527, 45.07895 ], [ 7.66526, 45.07895 ], [ 7.66525, 45.07895 ], [ 7.66524, 45.07893 ], [ 7.66524, 45.07893 ], [ 7.66525, 45.07892 ], [ 7.66524, 45.07891 ] ] ] } },
{ "type": "Feature", "properties": { "uuid": "1572c578-210a-48e4-8e42-a0873c64e50c", "data_acq": "2017-12-31 00:00:00", "data_agg": "2017-12-31 00:00:00", "data_fin": "9999-12-31 00:00:00", "ente_for": "REGIONE PIEMONTE", "ente_prod": "ARPA PIEMONTE", "modo_prod": "banche dati esterne - geometrie da catasto, altezza volumi da ARPA PIEMONTE (DSM-DTM,LAS)", "sc_acq": "1:10000", "un_vol_av": "15", "un_vol_por": "al suolo", "un_vol_qe": "", "un_vol_ex": "altezza", "source": "BDTRE un_vol" }, "geometry": { "type": "Polygon", "coordinates": [ [ [ 7.67981, 45.07524 ], [ 7.67981, 45.07524 ], [ 7.67985, 45.07529 ], [ 7.67999, 45.07523 ], [ 7.67995, 45.07519 ], [ 7.67995, 45.07519 ], [ 7.67995, 45.07519 ], [ 7.67987, 45.07522 ], [ 7.67982, 45.07515 ], [ 7.67976, 45.07507 ], [ 7.67985, 45.07504 ], [ 7.67991, 45.07511 ], [ 7.67991, 45.07512 ], [ 7.6799, 45.07512 ], [ 7.67991, 45.07514 ], [ 7.67991, 45.07514 ], [ 7.67998, 45.07511 ], [ 7.67989, 45.07498 ], [ 7.67984, 45.07492 ], [ 7.67983, 45.07492 ], [ 7.67983, 45.07492 ], [ 7.67973, 45.07496 ], [ 7.67965, 45.07498 ], [ 7.67963, 45.07499 ], [ 7.67963, 45.07499 ], [ 7.67969, 45.07507 ], [ 7.67966, 45.07508 ], [ 7.67972, 45.07516 ], [ 7.67972, 45.07516 ], [ 7.67973, 45.07516 ], [ 7.67975, 45.07518 ], [ 7.67981, 45.07524 ] ] ] } },
{ "type": "Feature", "properties": { "uuid": "4b8d3fbc-4ed5-48e3-9e29-5581270b649b", "data_acq": "2017-12-31 00:00:00", "data_agg": "2017-12-31 00:00:00", "data_fin": "9999-12-31 00:00:00", "ente_for": "REGIONE PIEMONTE", "ente_prod": "ARPA PIEMONTE", "modo_prod": "banche dati esterne - geometrie da catasto, altezza volumi da ARPA PIEMONTE (DSM-DTM,LAS)", "sc_acq": "1:10000", "un_vol_av": "25", "un_vol_por": "al suolo", "un_vol_qe": "", "un_vol_ex": "altezza", "source": "BDTRE un_vol" }, "geometry": { "type": "Polygon", "coordinates": [ [ [ 7.6829, 45.08494 ], [ 7.68277, 45.08508 ], [ 7.68269, 45.08517 ], [ 7.68264, 45.08522 ], [ 7.68251, 45.08516 ], [ 7.68255, 45.08512 ], [ 7.68254, 45.08511 ], [ 7.68256, 45.08509 ], [ 7.68257, 45.0851 ], [ 7.68258, 45.08508 ], [ 7.68257, 45.08508 ], [ 7.68259, 45.08506 ], [ 7.6826, 45.08506 ], [ 7.68265, 45.08502 ], [ 7.68269, 45.08498 ], [ 7.68267, 45.08497 ], [ 7.68269, 45.08495 ], [ 7.6827, 45.08496 ], [ 7.68271, 45.08494 ], [ 7.6827, 45.08494 ], [ 7.68272, 45.08492 ], [ 7.68273, 45.08493 ], [ 7.68277, 45.08488 ], [ 7.68288, 45.08493 ], [ 7.6829, 45.08494 ] ] ] } },
{ "type": "Feature", "properties": { "uuid": "bdabcbc3-0292-41ac-8185-1beb61276494", "data_acq": "2017-12-31 00:00:00", "data_agg": "2017-12-31 00:00:00", "data_fin": "9999-12-31 00:00:00", "ente_for": "REGIONE PIEMONTE", "ente_prod": "ARPA PIEMONTE", "modo_prod": "banche dati esterne - geometrie da catasto, altezza volumi da ARPA PIEMONTE (DSM-DTM,LAS)", "sc_acq": "1:10000", "un_vol_av": "16", "un_vol_por": "al suolo", "un_vol_qe": "", "un_vol_ex": "altezza", "source": "BDTRE un_vol" }, "geometry": { "type": "Polygon", "coordinates": [ [ [ 7.66823, 45.06951 ], [ 7.66841, 45.06945 ], [ 7.66841, 45.06944 ], [ 7.6684, 45.06944 ], [ 7.66831, 45.06931 ], [ 7.66841, 45.06928 ], [ 7.66838, 45.06923 ], [ 7.66832, 45.06925 ], [ 7.6683, 45.06926 ], [ 7.66809, 45.06933 ], [ 7.6681, 45.06934 ], [ 7.66811, 45.06936 ], [ 7.66816, 45.06942 ], [ 7.66822, 45.06951 ], [ 7.66823, 45.06951 ] ] ] } },
{ "type": "Feature", "properties": { "uuid": "116d7e87-2871-4939-a6a7-625dd1991780", "data_acq": "2017-12-31 00:00:00", "data_agg": "2017-12-31 00:00:00", "data_fin": "9999-12-31 00:00:00", "ente_for": "REGIONE PIEMONTE", "ente_prod": "ARPA PIEMONTE", "modo_prod": "banche dati esterne - geometrie da catasto, altezza volumi da ARPA PIEMONTE (DSM-DTM,LAS)", "sc_acq": "1:10000", "un_vol_av": "15", "un_vol_por": "al suolo", "un_vol_qe": "", "un_vol_ex": "altezza", "source": "BDTRE un_vol" }, "geometry": { "type": "Polygon", "coordinates": [ [ [ 7.67433, 45.08082 ], [ 7.67445, 45.08099 ], [ 7.6741, 45.08109 ], [ 7.6741, 45.08109 ], [ 7.6741, 45.08109 ], [ 7.67395, 45.08099 ], [ 7.67394, 45.08099 ], [ 7.674, 45.08095 ], [ 7.67406, 45.08099 ], [ 7.67418, 45.08096 ], [ 7.6743, 45.08092 ], [ 7.6743, 45.08092 ], [ 7.67429, 45.0809 ], [ 7.67427, 45.08091 ], [ 7.67427, 45.0809 ], [ 7.67428, 45.0809 ], [ 7.67427, 45.08089 ], [ 7.67424, 45.08085 ], [ 7.67433, 45.08082 ] ] ] } },
{ "type": "Feature", "properties": { "uuid": "ab21f43a-2985-4b79-a985-db8690facffe", "data_acq": "2017-12-31 00:00:00", "data_agg": "2017-12-31 00:00:00", "data_fin": "9999-12-31 00:00:00", "ente_for": "REGIONE PIEMONTE", "ente_prod": "ARPA PIEMONTE", "modo_prod": "banche dati esterne - geometrie da catasto, altezza volumi da ARPA PIEMONTE (DSM-DTM,LAS)", "sc_acq": "1:10000", "un_vol_av": "22", "un_vol_por": "al suolo", "un_vol_qe": "", "un_vol_ex": "altezza", "source": "BDTRE un_vol" }, "geometry": { "type": "Polygon", "coordinates": [ [ [ 7.67802, 45.0747 ], [ 7.67794, 45.07458 ], [ 7.67782, 45.07462 ], [ 7.67777, 45.07455 ], [ 7.67778, 45.07455 ], [ 7.67777, 45.07454 ], [ 7.67776, 45.07454 ], [ 7.67776, 45.07454 ], [ 7.67761, 45.07459 ], [ 7.67769, 45.07471 ], [ 7.67775, 45.07479 ], [ 7.67794, 45.07473 ], [ 7.67797, 45.07471 ], [ 7.67802, 45.0747 ] ] ] } },
{ "type": "Feature", "properties": { "uuid": "58350025-0d2f-4ee5-b1f3-6b883921b090", "data_acq": "2017-12-31 00:00:00", "data_agg": "2017-12-31 00:00:00", "data_fin": "9999-12-31 00:00:00", "ente_for": "REGIONE PIEMONTE", "ente_prod": "ARPA PIEMONTE", "modo_prod": "banche dati esterne - geometrie da catasto, altezza volumi da ARPA PIEMONTE (DSM-DTM,LAS)", "sc_acq": "1:10000", "un_vol_av": "24", "un_vol_por": "al suolo", "un_vol_qe": "", "un_vol_ex": "altezza", "source": "BDTRE un_vol" }, "geometry": { "type": "Polygon", "coordinates": [ [ [ 7.6683, 45.08352 ], [ 7.6681, 45.08359 ], [ 7.66818, 45.0837 ], [ 7.66825, 45.0838 ], [ 7.66829, 45.08379 ], [ 7.66838, 45.08376 ], [ 7.6684, 45.08375 ], [ 7.6684, 45.08375 ], [ 7.6684, 45.08375 ], [ 7.66856, 45.08369 ], [ 7.66872, 45.08364 ], [ 7.66867, 45.08355 ], [ 7.66861, 45.08347 ], [ 7.66849, 45.08353 ], [ 7.66853, 45.08359 ], [ 7.66847, 45.08361 ], [ 7.66846, 45.0836 ], [ 7.66833, 45.08365 ], [ 7.66828, 45.08358 ], [ 7.66836, 45.08356 ], [ 7.66835, 45.08354 ], [ 7.66833, 45.08351 ], [ 7.6683, 45.08352 ] ] ] } },
{ "type": "Feature", "properties": { "uuid": "6729cf10-7d19-4f66-b60d-2cbe2d2ebc12", "data_acq": "2017-12-31 00:00:00", "data_agg": "2017-12-31 00:00:00", "data_fin": "9999-12-31 00:00:00", "ente_for": "REGIONE PIEMONTE", "ente_prod": "ARPA PIEMONTE", "modo_prod": "banche dati esterne - geometrie da catasto, altezza volumi da ARPA PIEMONTE (DSM-DTM,LAS)", "sc_acq": "1:10000", "un_vol_av": "12", "un_vol_por": "al suolo", "un_vol_qe": "", "un_vol_ex": "altezza", "source": "BDTRE un_vol" }, "geometry": { "type": "Polygon", "coordinates": [ [ [ 7.692, 45.06941 ], [ 7.69199, 45.0694 ], [ 7.69194, 45.06942 ], [ 7.69214, 45.0697 ], [ 7.69242, 45.0696 ], [ 7.69221, 45.0693 ], [ 7.69215, 45.06932 ], [ 7.69221, 45.06941 ], [ 7.69216, 45.06942 ], [ 7.69218, 45.06945 ], [ 7.69217, 45.06945 ], [ 7.69217, 45.06945 ], [ 7.69219, 45.06946 ], [ 7.69219, 45.06946 ], [ 7.69224, 45.06944 ], [ 7.69229, 45.06952 ], [ 7.69212, 45.06958 ], [ 7.69207, 45.06951 ], [ 7.69209, 45.0695 ], [ 7.69208, 45.06948 ], [ 7.69206, 45.06949 ], [ 7.692, 45.06941 ] ] ] } },
{ "type": "Feature", "properties": { "uuid": "999a7c03-56f6-4ba3-8887-b9d5a40abaac", "data_acq": "2017-12-31 00:00:00", "data_agg": "2017-12-31 00:00:00", "data_fin": "9999-12-31 00:00:00", "ente_for": "REGIONE PIEMONTE", "ente_prod": "ARPA PIEMONTE", "modo_prod": "banche dati esterne - geometrie da catasto, altezza volumi da ARPA PIEMONTE (DSM-DTM,LAS)", "sc_acq": "1:10000", "un_vol_av": "16", "un_vol_por": "al suolo", "un_vol_qe": "", "un_vol_ex": "altezza", "source": "BDTRE un_vol" }, "geometry": { "type": "Polygon", "coordinates": [ [ [ 7.68797, 45.06693 ], [ 7.68783, 45.06673 ], [ 7.68804, 45.06665 ], [ 7.68811, 45.06676 ], [ 7.68811, 45.06676 ], [ 7.68815, 45.06682 ], [ 7.68818, 45.06686 ], [ 7.68818, 45.06686 ], [ 7.68797, 45.06693 ] ], [ [ 7.68805, 45.06677 ], [ 7.68798, 45.0668 ], [ 7.68802, 45.06686 ], [ 7.68804, 45.06686 ], [ 7.68804, 45.06685 ], [ 7.68805, 45.06685 ], [ 7.68806, 45.06685 ], [ 7.68812, 45.06683 ], [ 7.68808, 45.06678 ], [ 7.68805, 45.06677 ], [ 7.68805, 45.06677 ] ] ] } },
{ "type": "Feature", "properties": { "uuid": "148439db-b001-4a53-a73b-0ae31576720a", "data_acq": "2017-12-31 00:00:00", "data_agg": "2017-12-31 00:00:00", "data_fin": "9999-12-31 00:00:00", "ente_for": "REGIONE PIEMONTE", "ente_prod": "ARPA PIEMONTE", "modo_prod": "banche dati esterne - geometrie da catasto, altezza volumi da ARPA PIEMONTE (DSM-DTM,LAS)", "sc_acq": "1:10000", "un_vol_av": "20", "un_vol_por": "al suolo", "un_vol_qe": "", "un_vol_ex": "altezza", "source": "BDTRE un_vol" }, "geometry": { "type": "Polygon", "coordinates": [ [ [ 7.67756, 45.07063 ], [ 7.67766, 45.07077 ], [ 7.67761, 45.07078 ], [ 7.67764, 45.07083 ], [ 7.6775, 45.07088 ], [ 7.67736, 45.07093 ], [ 7.67711, 45.07059 ], [ 7.67715, 45.07057 ], [ 7.67722, 45.07055 ], [ 7.67726, 45.07054 ], [ 7.67734, 45.07051 ], [ 7.67745, 45.07047 ], [ 7.67756, 45.07063 ] ] ] } },
{ "type": "Feature", "properties": { "uuid": "f52ae1d8-ec48-4507-b63c-087081a3a0f8", "data_acq": "2017-12-31 00:00:00", "data_agg": "2017-12-31 00:00:00", "data_fin": "9999-12-31 00:00:00", "ente_for": "REGIONE PIEMONTE", "ente_prod": "ARPA PIEMONTE", "modo_prod": "banche dati esterne - geometrie da catasto, altezza volumi da ARPA PIEMONTE (DSM-DTM,LAS)", "sc_acq": "1:10000", "un_vol_av": "21", "un_vol_por": "al suolo", "un_vol_qe": "", "un_vol_ex": "altezza", "source": "BDTRE un_vol" }, "geometry": { "type": "Polygon", "coordinates": [ [ [ 7.69274, 45.07275 ], [ 7.69248, 45.07283 ], [ 7.69242, 45.07273 ], [ 7.69261, 45.07267 ], [ 7.69267, 45.07265 ], [ 7.69274, 45.07275 ] ] ] } },
{ "type": "Feature", "properties": { "uuid": "2a5d14ae-4261-49f2-a5ff-d3521eea3317", "data_acq": "2017-12-31 00:00:00", "data_agg": "2017-12-31 00:00:00", "data_fin": "9999-12-31 00:00:00", "ente_for": "REGIONE PIEMONTE", "ente_prod": "ARPA PIEMONTE", "modo_prod": "banche dati esterne - geometrie da catasto, altezza volumi da ARPA PIEMONTE (DSM-DTM,LAS)", "sc_acq": "1:10000", "un_vol_av": "21", "un_vol_por": "al suolo", "un_vol_qe": "", "un_vol_ex": "altezza", "source": "BDTRE un_vol" }, "geometry": { "type": "Polygon", "coordinates": [ [ [ 7.66963, 45.07326 ], [ 7.66974, 45.07342 ], [ 7.66974, 45.07341 ], [ 7.67025, 45.07323 ], [ 7.67032, 45.07334 ], [ 7.67037, 45.07332 ], [ 7.67038, 45.07334 ], [ 7.67031, 45.07337 ], [ 7.67033, 45.07341 ], [ 7.67033, 45.07341 ], [ 7.67044, 45.07337 ], [ 7.67042, 45.07333 ], [ 7.67042, 45.07333 ], [ 7.67042, 45.07333 ], [ 7.67035, 45.07323 ], [ 7.67033, 45.0732 ], [ 7.67023, 45.07304 ], [ 7.67022, 45.07304 ], [ 7.67022, 45.07305 ], [ 7.66963, 45.07326 ] ] ] } },
{ "type": "Feature", "properties": { "uuid": "781f33a4-7a01-4b25-8ea3-19f7b1fc2b1c", "data_acq": "2017-12-31 00:00:00", "data_agg": "2017-12-31 00:00:00", "data_fin": "9999-12-31 00:00:00", "ente_for": "REGIONE PIEMONTE", "ente_prod": "ARPA PIEMONTE", "modo_prod": "banche dati esterne - geometrie da catasto, altezza volumi da ARPA PIEMONTE (DSM-DTM,LAS)", "sc_acq": "1:10000", "un_vol_av": "15", "un_vol_por": "al suolo", "un_vol_qe": "", "un_vol_ex": "altezza", "source": "BDTRE un_vol" }, "geometry": { "type": "Polygon", "coordinates": [ [ [ 7.68631, 45.07858 ], [ 7.68607, 45.07866 ], [ 7.68607, 45.07866 ], [ 7.68592, 45.07843 ], [ 7.68592, 45.07843 ], [ 7.68606, 45.07843 ], [ 7.68607, 45.07845 ], [ 7.68603, 45.07847 ], [ 7.68607, 45.07853 ], [ 7.68623, 45.07849 ], [ 7.68623, 45.07848 ], [ 7.68624, 45.07847 ], [ 7.68631, 45.07858 ] ] ] } },
{ "type": "Feature", "properties": { "uuid": "2d04566a-9d42-4e35-af11-1cee273aa93b", "data_acq": "2017-12-31 00:00:00", "data_agg": "2017-12-31 00:00:00", "data_fin": "9999-12-31 00:00:00", "ente_for": "REGIONE PIEMONTE", "ente_prod": "ARPA PIEMONTE", "modo_prod": "banche dati esterne - geometrie da catasto, altezza volumi da ARPA PIEMONTE (DSM-DTM,LAS)", "sc_acq": "1:10000", "un_vol_av": "8", "un_vol_por": "al suolo", "un_vol_qe": "", "un_vol_ex": "altezza", "source": "BDTRE un_vol" }, "geometry": { "type": "Polygon", "coordinates": [ [ [ 7.66762, 45.07861 ], [ 7.66762, 45.07861 ], [ 7.66773, 45.07852 ], [ 7.66778, 45.07855 ], [ 7.66775, 45.07858 ], [ 7.66781, 45.07862 ], [ 7.66777, 45.07865 ], [ 7.66777, 45.07865 ], [ 7.66776, 45.07865 ], [ 7.66773, 45.07868 ], [ 7.66762, 45.07861 ] ] ] } },
{ "type": "Feature", "properties": { "uuid": "11d4098a-c0a8-401b-858d-25de79fe715d", "data_acq": "2017-12-31 00:00:00", "data_agg": "2017-12-31 00:00:00", "data_fin": "9999-12-31 00:00:00", "ente_for": "REGIONE PIEMONTE", "ente_prod": "ARPA PIEMONTE", "modo_prod": "banche dati esterne - geometrie da catasto, altezza volumi da ARPA PIEMONTE (DSM-DTM,LAS)", "sc_acq": "1:10000", "un_vol_av": "6", "un_vol_por": "al suolo", "un_vol_qe": "", "un_vol_ex": "altezza", "source": "BDTRE un_vol" }, "geometry": { "type": "Polygon", "coordinates": [ [ [ 7.67832, 45.08405 ], [ 7.67821, 45.0839 ], [ 7.67841, 45.08384 ], [ 7.67843, 45.08388 ], [ 7.67838, 45.08389 ], [ 7.67843, 45.08396 ], [ 7.67851, 45.08394 ], [ 7.6785, 45.08393 ], [ 7.67851, 45.08392 ], [ 7.67855, 45.08398 ], [ 7.67849, 45.08399 ], [ 7.67849, 45.08399 ], [ 7.67845, 45.08401 ], [ 7.67832, 45.08405 ] ] ] } },
{ "type": "Feature", "properties": { "uuid": "216ade86-20fb-4a10-859c-864dc77aec00", "data_acq": "2017-12-31 00:00:00", "data_agg": "2017-12-31 00:00:00", "data_fin": "9999-12-31 00:00:00", "ente_for": "REGIONE PIEMONTE", "ente_prod": "ARPA PIEMONTE", "modo_prod": "banche dati esterne - geometrie da catasto, altezza volumi da ARPA PIEMONTE (DSM-DTM,LAS)", "sc_acq": "1:10000", "un_vol_av": "17", "un_vol_por": "al suolo", "un_vol_qe": "", "un_vol_ex": "altezza", "source": "BDTRE un_vol" }, "geometry": { "type": "Polygon", "coordinates": [ [ [ 7.6948, 45.07802 ], [ 7.69467, 45.07797 ], [ 7.69484, 45.07779 ], [ 7.69496, 45.07785 ], [ 7.69485, 45.07797 ], [ 7.69484, 45.07797 ], [ 7.69482, 45.07799 ], [ 7.6948, 45.07802 ] ] ] } },
{ "type": "Feature", "properties": { "uuid": "f5b5a57a-8d3b-42d7-9f06-bc5010c6f7f6", "data_acq": "2017-12-31 00:00:00", "data_agg": "2017-12-31 00:00:00", "data_fin": "9999-12-31 00:00:00", "ente_for": "REGIONE PIEMONTE", "ente_prod": "ARPA PIEMONTE", "modo_prod": "banche dati esterne - geometrie da catasto, altezza volumi da ARPA PIEMONTE (DSM-DTM,LAS)", "sc_acq": "1:10000", "un_vol_av": "11", "un_vol_por": "al suolo", "un_vol_qe": "", "un_vol_ex": "altezza", "source": "BDTRE un_vol" }, "geometry": { "type": "Polygon", "coordinates": [ [ [ 7.6661, 45.08373 ], [ 7.66611, 45.08375 ], [ 7.66614, 45.08382 ], [ 7.66614, 45.08382 ], [ 7.66604, 45.08385 ], [ 7.66598, 45.08376 ], [ 7.66582, 45.08381 ], [ 7.66581, 45.08381 ], [ 7.66575, 45.08372 ], [ 7.66588, 45.08368 ], [ 7.66602, 45.08364 ], [ 7.66602, 45.08364 ], [ 7.66604, 45.08363 ], [ 7.66605, 45.08363 ], [ 7.66606, 45.08362 ], [ 7.6661, 45.08372 ], [ 7.6661, 45.08373 ] ] ] } },
{ "type": "Feature", "properties": { "uuid": "1cb262f9-fc0b-440d-8722-1ae9f81f46b1", "data_acq": "2017-12-31 00:00:00", "data_agg": "2017-12-31 00:00:00", "data_fin": "9999-12-31 00:00:00", "ente_for": "REGIONE PIEMONTE", "ente_prod": "ARPA PIEMONTE", "modo_prod": "banche dati esterne - geometrie da catasto, altezza volumi da ARPA PIEMONTE (DSM-DTM,LAS)", "sc_acq": "1:10000", "un_vol_av": "21", "un_vol_por": "al suolo", "un_vol_qe": "", "un_vol_ex": "altezza", "source": "BDTRE un_vol" }, "geometry": { "type": "Polygon", "coordinates": [ [ [ 7.66663, 45.08004 ], [ 7.66657, 45.08008 ], [ 7.66658, 45.0801 ], [ 7.66659, 45.08011 ], [ 7.66662, 45.08015 ], [ 7.66667, 45.08013 ], [ 7.66668, 45.08014 ], [ 7.6665, 45.08021 ], [ 7.66642, 45.08009 ], [ 7.66641, 45.08008 ], [ 7.66639, 45.08006 ], [ 7.66642, 45.08004 ], [ 7.66645, 45.08002 ], [ 7.66648, 45.08 ], [ 7.66648, 45.07999 ], [ 7.66652, 45.07996 ], [ 7.66657, 45.08 ], [ 7.66663, 45.08004 ] ] ] } },
{ "type": "Feature", "properties": { "uuid": "f389b0ca-bb55-4fe9-8c77-488750c11c36", "data_acq": "2017-12-31 00:00:00", "data_agg": "2017-12-31 00:00:00", "data_fin": "9999-12-31 00:00:00", "ente_for": "REGIONE PIEMONTE", "ente_prod": "ARPA PIEMONTE", "modo_prod": "banche dati esterne - geometrie da catasto, altezza volumi da ARPA PIEMONTE (DSM-DTM,LAS)", "sc_acq": "1:10000", "un_vol_av": "17", "un_vol_por": "al suolo", "un_vol_qe": "", "un_vol_ex": "altezza", "source": "BDTRE un_vol" }, "geometry": { "type": "Polygon", "coordinates": [ [ [ 7.68681, 45.06749 ], [ 7.68693, 45.06766 ], [ 7.68707, 45.06788 ], [ 7.68688, 45.06795 ], [ 7.68686, 45.06796 ], [ 7.68677, 45.06783 ], [ 7.68672, 45.06775 ], [ 7.68671, 45.06774 ], [ 7.6866, 45.06757 ], [ 7.68681, 45.06749 ] ], [ [ 7.68672, 45.06769 ], [ 7.68674, 45.06771 ], [ 7.68675, 45.0677 ], [ 7.68676, 45.06772 ], [ 7.68675, 45.06772 ], [ 7.68681, 45.06781 ], [ 7.68691, 45.06778 ], [ 7.68683, 45.06766 ], [ 7.68683, 45.06766 ], [ 7.68672, 45.06769 ] ] ] } },
{ "type": "Feature", "properties": { "uuid": "37d2816f-77e0-4cad-8f90-989194f94cc5", "data_acq": "2017-12-31 00:00:00", "data_agg": "2017-12-31 00:00:00", "data_fin": "9999-12-31 00:00:00", "ente_for": "REGIONE PIEMONTE", "ente_prod": "ARPA PIEMONTE", "modo_prod": "banche dati esterne - geometrie da catasto, altezza volumi da ARPA PIEMONTE (DSM-DTM,LAS)", "sc_acq": "1:10000", "un_vol_av": "18", "un_vol_por": "al suolo", "un_vol_qe": "", "un_vol_ex": "altezza", "source": "BDTRE un_vol" }, "geometry": { "type": "Polygon", "coordinates": [ [ [ 7.68029, 45.07631 ], [ 7.68028, 45.07631 ], [ 7.68013, 45.0764 ], [ 7.68002, 45.07646 ], [ 7.68002, 45.07646 ], [ 7.67993, 45.07635 ], [ 7.67989, 45.07629 ], [ 7.67997, 45.07627 ], [ 7.6801, 45.07623 ], [ 7.68017, 45.0763 ], [ 7.68026, 45.07627 ], [ 7.68029, 45.07631 ] ], [ [ 7.68011, 45.07633 ], [ 7.68008, 45.0763 ], [ 7.67998, 45.07634 ], [ 7.68002, 45.07638 ], [ 7.6801, 45.07635 ], [ 7.6801, 45.07634 ], [ 7.68011, 45.07633 ] ] ] } },
{ "type": "Feature", "properties": { "uuid": "3f8b4c75-f648-4397-aee9-1ff671f2c299", "data_acq": "2017-12-31 00:00:00", "data_agg": "2017-12-31 00:00:00", "data_fin": "9999-12-31 00:00:00", "ente_for": "REGIONE PIEMONTE", "ente_prod": "ARPA PIEMONTE", "modo_prod": "banche dati esterne - geometrie da catasto, altezza volumi da ARPA PIEMONTE (DSM-DTM,LAS)", "sc_acq": "1:10000", "un_vol_av": "16", "un_vol_por": "al suolo", "un_vol_qe": "", "un_vol_ex": "altezza", "source": "BDTRE un_vol" }, "geometry": { "type": "Polygon", "coordinates": [ [ [ 7.6758, 45.06589 ], [ 7.67576, 45.0659 ], [ 7.67567, 45.06593 ], [ 7.67547, 45.066 ], [ 7.67546, 45.06601 ], [ 7.67543, 45.06602 ], [ 7.67538, 45.06594 ], [ 7.67532, 45.06586 ], [ 7.67523, 45.06574 ], [ 7.67538, 45.06568 ], [ 7.67542, 45.06567 ], [ 7.67545, 45.06572 ], [ 7.67552, 45.06582 ], [ 7.6757, 45.06575 ], [ 7.6758, 45.06589 ] ] ] } },
{ "type": "Feature", "properties": { "uuid": "d4013904-856c-4d19-bcfd-6a9a8fa0bc88", "data_acq": "2017-12-31 00:00:00", "data_agg": "2017-12-31 00:00:00", "data_fin": "9999-12-31 00:00:00", "ente_for": "REGIONE PIEMONTE", "ente_prod": "ARPA PIEMONTE", "modo_prod": "banche dati esterne - geometrie da catasto, altezza volumi da ARPA PIEMONTE (DSM-DTM,LAS)", "sc_acq": "1:10000", "un_vol_av": "21", "un_vol_por": "al suolo", "un_vol_qe": "", "un_vol_ex": "altezza", "source": "BDTRE un_vol" }, "geometry": { "type": "Polygon", "coordinates": [ [ [ 7.69107, 45.06925 ], [ 7.69093, 45.06905 ], [ 7.69123, 45.06894 ], [ 7.69135, 45.06909 ], [ 7.69129, 45.06913 ], [ 7.69125, 45.06906 ], [ 7.69124, 45.06906 ], [ 7.69117, 45.06909 ], [ 7.69118, 45.06909 ], [ 7.69117, 45.06909 ], [ 7.69117, 45.0691 ], [ 7.69115, 45.06911 ], [ 7.69119, 45.06916 ], [ 7.69116, 45.06918 ], [ 7.69119, 45.06921 ], [ 7.69107, 45.06925 ] ] ] } },
{ "type": "Feature", "properties": { "uuid": "43397143-3da1-4351-b2bc-3c05175aff9c", "data_acq": "2017-12-31 00:00:00", "data_agg": "2017-12-31 00:00:00", "data_fin": "9999-12-31 00:00:00", "ente_for": "REGIONE PIEMONTE", "ente_prod": "ARPA PIEMONTE", "modo_prod": "banche dati esterne - geometrie da catasto, altezza volumi da ARPA PIEMONTE (DSM-DTM,LAS)", "sc_acq": "1:10000", "un_vol_av": "19", "un_vol_por": "al suolo", "un_vol_qe": "", "un_vol_ex": "altezza", "source": "BDTRE un_vol" }, "geometry": { "type": "Polygon", "coordinates": [ [ [ 7.66704, 45.08466 ], [ 7.6669, 45.08469 ], [ 7.66689, 45.08469 ], [ 7.66683, 45.08459 ], [ 7.66658, 45.08466 ], [ 7.66649, 45.08469 ], [ 7.66655, 45.08479 ], [ 7.66647, 45.08482 ], [ 7.66636, 45.08463 ], [ 7.66662, 45.08455 ], [ 7.66663, 45.08455 ], [ 7.66689, 45.08447 ], [ 7.6669, 45.08446 ], [ 7.66691, 45.08446 ], [ 7.66695, 45.08453 ], [ 7.66704, 45.08466 ] ] ] } },
{ "type": "Feature", "properties": { "uuid": "f565b2c9-37f7-4838-951c-7344b2bfb78a", "data_acq": "2017-12-31 00:00:00", "data_agg": "2017-12-31 00:00:00", "data_fin": "9999-12-31 00:00:00", "ente_for": "REGIONE PIEMONTE", "ente_prod": "ARPA PIEMONTE", "modo_prod": "banche dati esterne - geometrie da catasto, altezza volumi da ARPA PIEMONTE (DSM-DTM,LAS)", "sc_acq": "1:10000", "un_vol_av": "11", "un_vol_por": "al suolo", "un_vol_qe": "", "un_vol_ex": "altezza", "source": "BDTRE un_vol" }, "geometry": { "type": "Polygon", "coordinates": [ [ [ 7.68331, 45.07892 ], [ 7.68325, 45.07889 ], [ 7.68332, 45.07879 ], [ 7.6833, 45.07878 ], [ 7.68336, 45.07873 ], [ 7.68341, 45.07872 ], [ 7.68342, 45.07872 ], [ 7.68347, 45.0787 ], [ 7.68351, 45.07869 ], [ 7.68352, 45.0787 ], [ 7.68351, 45.0787 ], [ 7.68352, 45.07873 ], [ 7.68346, 45.07877 ], [ 7.68331, 45.07892 ] ] ] } },
{ "type": "Feature", "properties": { "uuid": "1d538b5b-ab81-4b2b-9973-7e3f8e751d9b", "data_acq": "2017-12-31 00:00:00", "data_agg": "2017-12-31 00:00:00", "data_fin": "9999-12-31 00:00:00", "ente_for": "REGIONE PIEMONTE", "ente_prod": "ARPA PIEMONTE", "modo_prod": "banche dati esterne - geometrie da catasto, altezza volumi da ARPA PIEMONTE (DSM-DTM,LAS)", "sc_acq": "1:10000", "un_vol_av": "16", "un_vol_por": "al suolo", "un_vol_qe": "", "un_vol_ex": "altezza", "source": "BDTRE un_vol" }, "geometry": { "type": "Polygon", "coordinates": [ [ [ 7.67792, 45.07288 ], [ 7.67788, 45.0729 ], [ 7.67783, 45.07291 ], [ 7.67773, 45.07295 ], [ 7.6777, 45.07297 ], [ 7.67756, 45.07302 ], [ 7.67761, 45.0731 ], [ 7.67766, 45.07317 ], [ 7.67771, 45.07323 ], [ 7.67781, 45.07336 ], [ 7.67786, 45.07333 ], [ 7.67795, 45.0733 ], [ 7.67799, 45.07328 ], [ 7.67798, 45.07326 ], [ 7.67793, 45.07327 ], [ 7.67789, 45.07321 ], [ 7.67802, 45.07316 ], [ 7.678, 45.07313 ], [ 7.67807, 45.07311 ], [ 7.67803, 45.07304 ], [ 7.67801, 45.07305 ], [ 7.67793, 45.0729 ], [ 7.67792, 45.07289 ], [ 7.67792, 45.07289 ], [ 7.67792, 45.07288 ], [ 7.67792, 45.07288 ] ], [ [ 7.67772, 45.07303 ], [ 7.6778, 45.07301 ], [ 7.67781, 45.07301 ], [ 7.67782, 45.07301 ], [ 7.67782, 45.07301 ], [ 7.67782, 45.073 ], [ 7.67788, 45.07298 ], [ 7.67793, 45.07307 ], [ 7.67778, 45.07312 ], [ 7.67772, 45.07303 ] ] ] } },
{ "type": "Feature", "properties": { "uuid": "bf9ea422-08ea-46dc-b9b8-534fb753f888", "data_acq": "2017-12-31 00:00:00", "data_agg": "2017-12-31 00:00:00", "data_fin": "9999-12-31 00:00:00", "ente_for": "REGIONE PIEMONTE", "ente_prod": "ARPA PIEMONTE", "modo_prod": "banche dati esterne - geometrie da catasto, altezza volumi da ARPA PIEMONTE (DSM-DTM,LAS)", "sc_acq": "1:10000", "un_vol_av": "23", "un_vol_por": "al suolo", "un_vol_qe": "", "un_vol_ex": "altezza", "source": "BDTRE un_vol" }, "geometry": { "type": "Polygon", "coordinates": [ [ [ 7.68271, 45.07233 ], [ 7.68258, 45.07238 ], [ 7.68259, 45.07239 ], [ 7.6826, 45.07239 ], [ 7.68261, 45.07241 ], [ 7.68261, 45.07241 ], [ 7.68252, 45.07244 ], [ 7.6825, 45.07241 ], [ 7.68249, 45.07241 ], [ 7.68246, 45.07242 ], [ 7.68247, 45.07242 ], [ 7.68247, 45.07243 ], [ 7.68248, 45.07244 ], [ 7.68248, 45.07244 ], [ 7.68249, 45.07245 ], [ 7.68254, 45.07254 ], [ 7.68261, 45.07252 ], [ 7.6828, 45.07246 ], [ 7.68271, 45.07233 ] ] ] } },
{ "type": "Feature", "properties": { "uuid": "4234d4a1-555e-4af6-9fd6-e262ad30dc65", "data_acq": "2017-12-31 00:00:00", "data_agg": "2017-12-31 00:00:00", "data_fin": "9999-12-31 00:00:00", "ente_for": "REGIONE PIEMONTE", "ente_prod": "ARPA PIEMONTE", "modo_prod": "banche dati esterne - geometrie da catasto, altezza volumi da ARPA PIEMONTE (DSM-DTM,LAS)", "sc_acq": "1:10000", "un_vol_av": "16", "un_vol_por": "al suolo", "un_vol_qe": "", "un_vol_ex": "altezza", "source": "BDTRE un_vol" }, "geometry": { "type": "Polygon", "coordinates": [ [ [ 7.68783, 45.06759 ], [ 7.68757, 45.06769 ], [ 7.68749, 45.06758 ], [ 7.6875, 45.06757 ], [ 7.68745, 45.06749 ], [ 7.68745, 45.06749 ], [ 7.68738, 45.06739 ], [ 7.68759, 45.06731 ], [ 7.68759, 45.06732 ], [ 7.68765, 45.06741 ], [ 7.68772, 45.0675 ], [ 7.68773, 45.06749 ], [ 7.68776, 45.06753 ], [ 7.68779, 45.06752 ], [ 7.68783, 45.06759 ] ] ] } },
{ "type": "Feature", "properties": { "uuid": "13f96207-468a-461a-9517-7cfbd53405c9", "data_acq": "2017-12-31 00:00:00", "data_agg": "2017-12-31 00:00:00", "data_fin": "9999-12-31 00:00:00", "ente_for": "REGIONE PIEMONTE", "ente_prod": "ARPA PIEMONTE", "modo_prod": "banche dati esterne - geometrie da catasto, altezza volumi da ARPA PIEMONTE (DSM-DTM,LAS)", "sc_acq": "1:10000", "un_vol_av": "17", "un_vol_por": "al suolo", "un_vol_qe": "", "un_vol_ex": "altezza", "source": "BDTRE un_vol" }, "geometry": { "type": "Polygon", "coordinates": [ [ [ 7.68507, 45.07749 ], [ 7.68492, 45.07754 ], [ 7.68489, 45.0775 ], [ 7.68484, 45.07751 ], [ 7.68481, 45.07746 ], [ 7.685, 45.0774 ], [ 7.68502, 45.07735 ], [ 7.68506, 45.07728 ], [ 7.6852, 45.07732 ], [ 7.6852, 45.07732 ], [ 7.68513, 45.07745 ], [ 7.68513, 45.07745 ], [ 7.68512, 45.07748 ], [ 7.68507, 45.07749 ] ] ] } },
{ "type": "Feature", "properties": { "uuid": "1ce41650-9ebd-4904-bc03-5af7a46c21c5", "data_acq": "2017-12-31 00:00:00", "data_agg": "2017-12-31 00:00:00", "data_fin": "9999-12-31 00:00:00", "ente_for": "REGIONE PIEMONTE", "ente_prod": "ARPA PIEMONTE", "modo_prod": "banche dati esterne - geometrie da catasto, altezza volumi da ARPA PIEMONTE (DSM-DTM,LAS)", "sc_acq": "1:10000", "un_vol_av": "14", "un_vol_por": "al suolo", "un_vol_qe": "", "un_vol_ex": "altezza", "source": "BDTRE un_vol" }, "geometry": { "type": "Polygon", "coordinates": [ [ [ 7.69135, 45.06625 ], [ 7.69128, 45.06616 ], [ 7.69121, 45.06607 ], [ 7.69121, 45.06607 ], [ 7.69117, 45.06602 ], [ 7.69101, 45.06608 ], [ 7.69105, 45.06613 ], [ 7.69117, 45.06609 ], [ 7.69122, 45.06616 ], [ 7.69105, 45.06623 ], [ 7.691, 45.06617 ], [ 7.69101, 45.06616 ], [ 7.69101, 45.06615 ], [ 7.69097, 45.06616 ], [ 7.69095, 45.06617 ], [ 7.69097, 45.06621 ], [ 7.69105, 45.06632 ], [ 7.69108, 45.06636 ], [ 7.69135, 45.06625 ] ] ] } },
{ "type": "Feature", "properties": { "uuid": "54c9730c-346b-4e0e-8105-19afbb722eb5", "data_acq": "2017-12-31 00:00:00", "data_agg": "2017-12-31 00:00:00", "data_fin": "9999-12-31 00:00:00", "ente_for": "REGIONE PIEMONTE", "ente_prod": "ARPA PIEMONTE", "modo_prod": "banche dati esterne - geometrie da catasto, altezza volumi da ARPA PIEMONTE (DSM-DTM,LAS)", "sc_acq": "1:10000", "un_vol_av": "21", "un_vol_por": "al suolo", "un_vol_qe": "", "un_vol_ex": "altezza", "source": "BDTRE un_vol" }, "geometry": { "type": "Polygon", "coordinates": [ [ [ 7.67022, 45.07866 ], [ 7.67038, 45.0786 ], [ 7.67037, 45.0786 ], [ 7.67036, 45.0786 ], [ 7.67025, 45.07844 ], [ 7.67037, 45.07839 ], [ 7.67029, 45.07829 ], [ 7.67014, 45.07834 ], [ 7.67002, 45.07838 ], [ 7.67011, 45.07851 ], [ 7.67022, 45.07866 ] ] ] } },
{ "type": "Feature", "properties": { "uuid": "f11b4e9c-08b1-469d-9099-9cc6930e9e0e", "data_acq": "2017-12-31 00:00:00", "data_agg": "2017-12-31 00:00:00", "data_fin": "9999-12-31 00:00:00", "ente_for": "REGIONE PIEMONTE", "ente_prod": "ARPA PIEMONTE", "modo_prod": "banche dati esterne - geometrie da catasto, altezza volumi da ARPA PIEMONTE (DSM-DTM,LAS)", "sc_acq": "1:10000", "un_vol_av": "19", "un_vol_por": "al suolo", "un_vol_qe": "", "un_vol_ex": "altezza", "source": "BDTRE un_vol" }, "geometry": { "type": "Polygon", "coordinates": [ [ [ 7.68555, 45.07845 ], [ 7.68547, 45.07833 ], [ 7.68566, 45.07827 ], [ 7.68578, 45.07844 ], [ 7.68567, 45.07848 ], [ 7.68564, 45.07843 ], [ 7.68562, 45.07843 ], [ 7.68562, 45.07843 ], [ 7.68555, 45.07845 ] ] ] } },
{ "type": "Feature", "properties": { "uuid": "adb00974-6c29-4402-8692-8835201dfdb2", "data_acq": "2017-12-31 00:00:00", "data_agg": "2017-12-31 00:00:00", "data_fin": "9999-12-31 00:00:00", "ente_for": "REGIONE PIEMONTE", "ente_prod": "ARPA PIEMONTE", "modo_prod": "banche dati esterne - geometrie da catasto, altezza volumi da ARPA PIEMONTE (DSM-DTM,LAS)", "sc_acq": "1:10000", "un_vol_av": "12", "un_vol_por": "al suolo", "un_vol_qe": "", "un_vol_ex": "altezza", "source": "BDTRE un_vol" }, "geometry": { "type": "Polygon", "coordinates": [ [ [ 7.67987, 45.0644 ], [ 7.67986, 45.06445 ], [ 7.67985, 45.06445 ], [ 7.67988, 45.06452 ], [ 7.67991, 45.06457 ], [ 7.67989, 45.06458 ], [ 7.67988, 45.06459 ], [ 7.6799, 45.06462 ], [ 7.67992, 45.06463 ], [ 7.67994, 45.06462 ], [ 7.67996, 45.06464 ], [ 7.67996, 45.06464 ], [ 7.67997, 45.06465 ], [ 7.67992, 45.06467 ], [ 7.67991, 45.06466 ], [ 7.67989, 45.06465 ], [ 7.67987, 45.06466 ], [ 7.67975, 45.0647 ], [ 7.67968, 45.06472 ], [ 7.67958, 45.06476 ], [ 7.67951, 45.06478 ], [ 7.67949, 45.06476 ], [ 7.67945, 45.06478 ], [ 7.67938, 45.0648 ], [ 7.67941, 45.06484 ], [ 7.67945, 45.0649 ], [ 7.67945, 45.0649 ], [ 7.67952, 45.065 ], [ 7.67953, 45.065 ], [ 7.67975, 45.06492 ], [ 7.67976, 45.06492 ], [ 7.67983, 45.0649 ], [ 7.67999, 45.06484 ], [ 7.67999, 45.06484 ], [ 7.67999, 45.06483 ], [ 7.67999, 45.06483 ], [ 7.68, 45.06483 ], [ 7.68003, 45.06482 ], [ 7.68006, 45.06481 ], [ 7.68006, 45.06481 ], [ 7.68007, 45.06481 ], [ 7.68007, 45.06481 ], [ 7.68007, 45.06481 ], [ 7.68008, 45.06481 ], [ 7.68015, 45.06478 ], [ 7.68022, 45.06476 ], [ 7.6803, 45.06473 ], [ 7.68021, 45.0646 ], [ 7.68019, 45.06457 ], [ 7.68013, 45.0645 ], [ 7.68006, 45.06439 ], [ 7.68005, 45.0644 ], [ 7.68005, 45.0644 ], [ 7.68003, 45.06437 ], [ 7.68002, 45.06434 ], [ 7.67997, 45.06436 ], [ 7.67987, 45.0644 ] ] ] } },
{ "type": "Feature", "properties": { "uuid": "d8faeff9-a91d-40ac-98f2-a17f38850927", "data_acq": "2017-12-31 00:00:00", "data_agg": "2017-12-31 00:00:00", "data_fin": "9999-12-31 00:00:00", "ente_for": "REGIONE PIEMONTE", "ente_prod": "ARPA PIEMONTE", "modo_prod": "banche dati esterne - geometrie da catasto, altezza volumi da ARPA PIEMONTE (DSM-DTM,LAS)", "sc_acq": "1:10000", "un_vol_av": "3", "un_vol_por": "al suolo", "un_vol_qe": "", "un_vol_ex": "altezza", "source": "BDTRE un_vol" }, "geometry": { "type": "Polygon", "coordinates": [ [ [ 7.67714, 45.06505 ], [ 7.67708, 45.06508 ], [ 7.67701, 45.0651 ], [ 7.67704, 45.06514 ], [ 7.67705, 45.06514 ], [ 7.67707, 45.06513 ], [ 7.6771, 45.06512 ], [ 7.67711, 45.06512 ], [ 7.67714, 45.06511 ], [ 7.67717, 45.0651 ], [ 7.67716, 45.06508 ], [ 7.67715, 45.06507 ], [ 7.67714, 45.06505 ] ] ] } },
{ "type": "Feature", "properties": { "uuid": "02581290-f482-4569-b33c-24e432296ff4", "data_acq": "2017-12-31 00:00:00", "data_agg": "2017-12-31 00:00:00", "data_fin": "9999-12-31 00:00:00", "ente_for": "REGIONE PIEMONTE", "ente_prod": "ARPA PIEMONTE", "modo_prod": "banche dati esterne - geometrie da catasto, altezza volumi da ARPA PIEMONTE (DSM-DTM,LAS)", "sc_acq": "1:10000", "un_vol_av": "4", "un_vol_por": "al suolo", "un_vol_qe": "", "un_vol_ex": "altezza", "source": "BDTRE un_vol" }, "geometry": { "type": "Polygon", "coordinates": [ [ [ 7.68616, 45.0826 ], [ 7.68612, 45.08261 ], [ 7.68602, 45.0825 ], [ 7.68607, 45.08248 ], [ 7.68607, 45.08249 ], [ 7.68609, 45.08251 ], [ 7.68612, 45.08255 ], [ 7.68616, 45.0826 ] ] ] } },
{ "type": "Feature", "properties": { "uuid": "853000c0-0ca0-49c0-8012-ba271e7180d8", "data_acq": "2017-12-31 00:00:00", "data_agg": "2017-12-31 00:00:00", "data_fin": "9999-12-31 00:00:00", "ente_for": "REGIONE PIEMONTE", "ente_prod": "ARPA PIEMONTE", "modo_prod": "banche dati esterne - geometrie da catasto, altezza volumi da ARPA PIEMONTE (DSM-DTM,LAS)", "sc_acq": "1:10000", "un_vol_av": "3", "un_vol_por": "al suolo", "un_vol_qe": "", "un_vol_ex": "altezza", "source": "BDTRE un_vol" }, "geometry": { "type": "Polygon", "coordinates": [ [ [ 7.67412, 45.08231 ], [ 7.6741, 45.08229 ], [ 7.67409, 45.08229 ], [ 7.67407, 45.08225 ], [ 7.67411, 45.08224 ], [ 7.67415, 45.08231 ], [ 7.67412, 45.08231 ] ] ] } },
{ "type": "Feature", "properties": { "uuid": "25cae9f4-b158-49da-93f7-d96346f7d91b", "data_acq": "2017-12-31 00:00:00", "data_agg": "2017-12-31 00:00:00", "data_fin": "9999-12-31 00:00:00", "ente_for": "REGIONE PIEMONTE", "ente_prod": "ARPA PIEMONTE", "modo_prod": "banche dati esterne - geometrie da catasto, altezza volumi da ARPA PIEMONTE (DSM-DTM,LAS)", "sc_acq": "1:10000", "un_vol_av": "3", "un_vol_por": "al suolo", "un_vol_qe": "", "un_vol_ex": "altezza", "source": "BDTRE un_vol" }, "geometry": { "type": "Polygon", "coordinates": [ [ [ 7.67393, 45.08082 ], [ 7.67402, 45.08076 ], [ 7.67405, 45.08075 ], [ 7.67408, 45.08079 ], [ 7.67398, 45.08086 ], [ 7.67393, 45.08082 ] ] ] } },
{ "type": "Feature", "properties": { "uuid": "b326421a-9149-49fc-9a59-ce34614301a3", "data_acq": "2017-12-31 00:00:00", "data_agg": "2017-12-31 00:00:00", "data_fin": "9999-12-31 00:00:00", "ente_for": "REGIONE PIEMONTE", "ente_prod": "ARPA PIEMONTE", "modo_prod": "banche dati esterne - geometrie da catasto, altezza volumi da ARPA PIEMONTE (DSM-DTM,LAS)", "sc_acq": "1:10000", "un_vol_av": "4", "un_vol_por": "al suolo", "un_vol_qe": "", "un_vol_ex": "altezza", "source": "BDTRE un_vol" }, "geometry": { "type": "Polygon", "coordinates": [ [ [ 7.68124, 45.07131 ], [ 7.68126, 45.07134 ], [ 7.68138, 45.0713 ], [ 7.68133, 45.07122 ], [ 7.68121, 45.07126 ], [ 7.68121, 45.07126 ], [ 7.68125, 45.07131 ], [ 7.68124, 45.07131 ] ] ] } },
{ "type": "Feature", "properties": { "uuid": "52f32196-5585-4314-994b-48dd90664ccb", "data_acq": "2017-12-31 00:00:00", "data_agg": "2017-12-31 00:00:00", "data_fin": "9999-12-31 00:00:00", "ente_for": "REGIONE PIEMONTE", "ente_prod": "ARPA PIEMONTE", "modo_prod": "banche dati esterne - geometrie da catasto, altezza volumi da ARPA PIEMONTE (DSM-DTM,LAS)", "sc_acq": "1:10000", "un_vol_av": "4", "un_vol_por": "al suolo", "un_vol_qe": "", "un_vol_ex": "altezza", "source": "BDTRE un_vol" }, "geometry": { "type": "Polygon", "coordinates": [ [ [ 7.69163, 45.08097 ], [ 7.69167, 45.08098 ], [ 7.69167, 45.08099 ], [ 7.69163, 45.08103 ], [ 7.69159, 45.08101 ], [ 7.69163, 45.08097 ] ] ] } },
{ "type": "Feature", "properties": { "uuid": "68d13185-7117-4a1f-a42f-74d44fbe4b9b", "data_acq": "2017-12-31 00:00:00", "data_agg": "2017-12-31 00:00:00", "data_fin": "9999-12-31 00:00:00", "ente_for": "REGIONE PIEMONTE", "ente_prod": "ARPA PIEMONTE", "modo_prod": "banche dati esterne - geometrie da catasto, altezza volumi da ARPA PIEMONTE (DSM-DTM,LAS)", "sc_acq": "1:10000", "un_vol_av": "3", "un_vol_por": "al suolo", "un_vol_qe": "", "un_vol_ex": "altezza", "source": "BDTRE un_vol" }, "geometry": { "type": "Polygon", "coordinates": [ [ [ 7.6652, 45.08343 ], [ 7.66518, 45.08339 ], [ 7.66514, 45.0834 ], [ 7.66517, 45.08344 ], [ 7.66517, 45.08344 ], [ 7.6652, 45.08343 ], [ 7.6652, 45.08343 ] ] ] } },
{ "type": "Feature", "properties": { "uuid": "a0b9b1f2-c8e4-4e09-986f-1e65e6c4f09e", "data_acq": "2017-12-31 00:00:00", "data_agg": "2017-12-31 00:00:00", "data_fin": "9999-12-31 00:00:00", "ente_for": "REGIONE PIEMONTE", "ente_prod": "ARPA PIEMONTE", "modo_prod": "banche dati esterne - geometrie da catasto, altezza volumi da ARPA PIEMONTE (DSM-DTM,LAS)", "sc_acq": "1:10000", "un_vol_av": "3", "un_vol_por": "al suolo", "un_vol_qe": "", "un_vol_ex": "altezza", "source": "BDTRE un_vol" }, "geometry": { "type": "Polygon", "coordinates": [ [ [ 7.67202, 45.06808 ], [ 7.67206, 45.06813 ], [ 7.672, 45.06815 ], [ 7.672, 45.06815 ], [ 7.67197, 45.0681 ], [ 7.67201, 45.06809 ], [ 7.67202, 45.06808 ] ] ] } },
{ "type": "Feature", "properties": { "uuid": "6918768c-4d17-44f4-ac0e-054a71c05ff3", "data_acq": "2017-12-31 00:00:00", "data_agg": "2017-12-31 00:00:00", "data_fin": "9999-12-31 00:00:00", "ente_for": "REGIONE PIEMONTE", "ente_prod": "ARPA PIEMONTE", "modo_prod": "banche dati esterne - geometrie da catasto, altezza volumi da ARPA PIEMONTE (DSM-DTM,LAS)", "sc_acq": "1:10000", "un_vol_av": "3", "un_vol_por": "al suolo", "un_vol_qe": "", "un_vol_ex": "altezza", "source": "BDTRE un_vol" }, "geometry": { "type": "Polygon", "coordinates": [ [ [ 7.67577, 45.07157 ], [ 7.67571, 45.07159 ], [ 7.67581, 45.07172 ], [ 7.67586, 45.0717 ], [ 7.67577, 45.07157 ] ] ] } },
{ "type": "Feature", "properties": { "uuid": "2a7798c5-03ed-4976-8134-38dc6cb74c52", "data_acq": "2017-12-31 00:00:00", "data_agg": "2017-12-31 00:00:00", "data_fin": "9999-12-31 00:00:00", "ente_for": "REGIONE PIEMONTE", "ente_prod": "ARPA PIEMONTE", "modo_prod": "banche dati esterne - geometrie da catasto, altezza volumi da ARPA PIEMONTE (DSM-DTM,LAS)", "sc_acq": "1:10000", "un_vol_av": "3", "un_vol_por": "al suolo", "un_vol_qe": "", "un_vol_ex": "altezza", "source": "BDTRE un_vol" }, "geometry": { "type": "Polygon", "coordinates": [ [ [ 7.68651, 45.07888 ], [ 7.68655, 45.07887 ], [ 7.68658, 45.07891 ], [ 7.68654, 45.07892 ], [ 7.68653, 45.07891 ], [ 7.68651, 45.07888 ] ] ] } },
{ "type": "Feature", "properties": { "uuid": "7ec81d75-b0ae-48ae-8817-1c5b67e9f110", "data_acq": "2017-12-31 00:00:00", "data_agg": "2017-12-31 00:00:00", "data_fin": "9999-12-31 00:00:00", "ente_for": "REGIONE PIEMONTE", "ente_prod": "ARPA PIEMONTE", "modo_prod": "banche dati esterne - geometrie da catasto, altezza volumi da ARPA PIEMONTE (DSM-DTM,LAS)", "sc_acq": "1:10000", "un_vol_av": "5", "un_vol_por": "al suolo", "un_vol_qe": "", "un_vol_ex": "altezza", "source": "BDTRE un_vol" }, "geometry": { "type": "Polygon", "coordinates": [ [ [ 7.66896, 45.06887 ], [ 7.66898, 45.06887 ], [ 7.66899, 45.06889 ], [ 7.66906, 45.06886 ], [ 7.66903, 45.06882 ], [ 7.66899, 45.06883 ], [ 7.66894, 45.06885 ], [ 7.66895, 45.06886 ], [ 7.66896, 45.06887 ], [ 7.66896, 45.06887 ] ] ] } },
{ "type": "Feature", "properties": { "uuid": "386f4719-f041-4c25-9847-3ae37a9233ce", "data_acq": "2017-12-31 00:00:00", "data_agg": "2017-12-31 00:00:00", "data_fin": "9999-12-31 00:00:00", "ente_for": "REGIONE PIEMONTE", "ente_prod": "ARPA PIEMONTE", "modo_prod": "banche dati esterne - geometrie da catasto, altezza volumi da ARPA PIEMONTE (DSM-DTM,LAS)", "sc_acq": "1:10000", "un_vol_av": "3", "un_vol_por": "al suolo", "un_vol_qe": "", "un_vol_ex": "altezza", "source": "BDTRE un_vol" }, "geometry": { "type": "Polygon", "coordinates": [ [ [ 7.69329, 45.07298 ], [ 7.69325, 45.07299 ], [ 7.69324, 45.07298 ], [ 7.69321, 45.07294 ], [ 7.69325, 45.07292 ], [ 7.69329, 45.07298 ] ] ] } },
{ "type": "Feature", "properties": { "uuid": "63d84e7f-740f-426a-a38a-4b55d71ae82b", "data_acq": "2017-12-31 00:00:00", "data_agg": "2017-12-31 00:00:00", "data_fin": "9999-12-31 00:00:00", "ente_for": "REGIONE PIEMONTE", "ente_prod": "ARPA PIEMONTE", "modo_prod": "banche dati esterne - geometrie da catasto, altezza volumi da ARPA PIEMONTE (DSM-DTM,LAS)", "sc_acq": "1:10000", "un_vol_av": "3", "un_vol_por": "al suolo", "un_vol_qe": "", "un_vol_ex": "altezza", "source": "BDTRE un_vol" }, "geometry": { "type": "Polygon", "coordinates": [ [ [ 7.69154, 45.08126 ], [ 7.69154, 45.08126 ], [ 7.69151, 45.08127 ], [ 7.69151, 45.08127 ], [ 7.69149, 45.08124 ], [ 7.69152, 45.08123 ], [ 7.69152, 45.08123 ], [ 7.69154, 45.08126 ] ] ] } },
{ "type": "Feature", "properties": { "uuid": "fffe3c9f-0421-419f-bf3a-530d60ab92b2", "data_acq": "2017-12-31 00:00:00", "data_agg": "2017-12-31 00:00:00", "data_fin": "9999-12-31 00:00:00", "ente_for": "REGIONE PIEMONTE", "ente_prod": "ARPA PIEMONTE", "modo_prod": "banche dati esterne - geometrie da catasto, altezza volumi da ARPA PIEMONTE (DSM-DTM,LAS)", "sc_acq": "1:10000", "un_vol_av": "8", "un_vol_por": "al suolo", "un_vol_qe": "", "un_vol_ex": "altezza", "source": "BDTRE un_vol" }, "geometry": { "type": "Polygon", "coordinates": [ [ [ 7.67578, 45.06832 ], [ 7.67583, 45.0683 ], [ 7.67583, 45.0683 ], [ 7.67584, 45.0683 ], [ 7.67588, 45.06835 ], [ 7.67587, 45.06836 ], [ 7.67588, 45.06838 ], [ 7.67584, 45.0684 ], [ 7.67578, 45.06832 ] ] ] } },
{ "type": "Feature", "properties": { "uuid": "74d25ceb-9975-45c6-bd28-5a55d1c9d7fb", "data_acq": "2017-12-31 00:00:00", "data_agg": "2017-12-31 00:00:00", "data_fin": "9999-12-31 00:00:00", "ente_for": "REGIONE PIEMONTE", "ente_prod": "ARPA PIEMONTE", "modo_prod": "banche dati esterne - geometrie da catasto, altezza volumi da ARPA PIEMONTE (DSM-DTM,LAS)", "sc_acq": "1:10000", "un_vol_av": "14", "un_vol_por": "al suolo", "un_vol_qe": "", "un_vol_ex": "altezza", "source": "BDTRE un_vol" }, "geometry": { "type": "Polygon", "coordinates": [ [ [ 7.676, 45.0662 ], [ 7.67606, 45.06618 ], [ 7.67617, 45.06632 ], [ 7.6761, 45.06634 ], [ 7.67607, 45.0663 ], [ 7.67602, 45.06623 ], [ 7.676, 45.0662 ] ] ] } },
{ "type": "Feature", "properties": { "uuid": "df782530-026a-4c36-9259-378e12d121a2", "data_acq": "2017-12-31 00:00:00", "data_agg": "2017-12-31 00:00:00", "data_fin": "9999-12-31 00:00:00", "ente_for": "REGIONE PIEMONTE", "ente_prod": "ARPA PIEMONTE", "modo_prod": "banche dati esterne - geometrie da catasto, altezza volumi da ARPA PIEMONTE (DSM-DTM,LAS)", "sc_acq": "1:10000", "un_vol_av": "4", "un_vol_por": "al suolo", "un_vol_qe": "", "un_vol_ex": "altezza", "source": "BDTRE un_vol" }, "geometry": { "type": "Polygon", "coordinates": [ [ [ 7.68991, 45.08354 ], [ 7.68989, 45.08357 ], [ 7.68985, 45.08357 ], [ 7.68987, 45.08352 ], [ 7.68988, 45.08348 ], [ 7.68992, 45.08349 ], [ 7.68991, 45.08354 ] ] ] } },
{ "type": "Feature", "properties": { "uuid": "3f286162-ee02-49da-a373-b153fe9ef476", "data_acq": "2017-12-31 00:00:00", "data_agg": "2017-12-31 00:00:00", "data_fin": "9999-12-31 00:00:00", "ente_for": "REGIONE PIEMONTE", "ente_prod": "ARPA PIEMONTE", "modo_prod": "banche dati esterne - geometrie da catasto, altezza volumi da ARPA PIEMONTE (DSM-DTM,LAS)", "sc_acq": "1:10000", "un_vol_av": "4", "un_vol_por": "al suolo", "un_vol_qe": "", "un_vol_ex": "altezza", "source": "BDTRE un_vol" }, "geometry": { "type": "Polygon", "coordinates": [ [ [ 7.67845, 45.0835 ], [ 7.67846, 45.08352 ], [ 7.67841, 45.08353 ], [ 7.67843, 45.08355 ], [ 7.67841, 45.08358 ], [ 7.67839, 45.08358 ], [ 7.67835, 45.08353 ], [ 7.67845, 45.0835 ] ] ] } },
{ "type": "Feature", "properties": { "uuid": "c5fc9752-e683-4019-becf-246c9d09a13c", "data_acq": "2017-12-31 00:00:00", "data_agg": "2017-12-31 00:00:00", "data_fin": "9999-12-31 00:00:00", "ente_for": "REGIONE PIEMONTE", "ente_prod": "ARPA PIEMONTE", "modo_prod": "banche dati esterne - geometrie da catasto, altezza volumi da ARPA PIEMONTE (DSM-DTM,LAS)", "sc_acq": "1:10000", "un_vol_av": "9", "un_vol_por": "al suolo", "un_vol_qe": "", "un_vol_ex": "altezza", "source": "BDTRE un_vol" }, "geometry": { "type": "Polygon", "coordinates": [ [ [ 7.67518, 45.06728 ], [ 7.67523, 45.06734 ], [ 7.67526, 45.06738 ], [ 7.67532, 45.06736 ], [ 7.67525, 45.06726 ], [ 7.67518, 45.06728 ] ] ] } },
{ "type": "Feature", "properties": { "uuid": "ed0d00c6-d211-4341-8394-4707c6029d3c", "data_acq": "2017-12-31 00:00:00", "data_agg": "2017-12-31 00:00:00", "data_fin": "9999-12-31 00:00:00", "ente_for": "REGIONE PIEMONTE", "ente_prod": "ARPA PIEMONTE", "modo_prod": "banche dati esterne - geometrie da catasto, altezza volumi da ARPA PIEMONTE (DSM-DTM,LAS)", "sc_acq": "1:10000", "un_vol_av": "4", "un_vol_por": "al suolo", "un_vol_qe": "", "un_vol_ex": "altezza", "source": "BDTRE un_vol" }, "geometry": { "type": "Polygon", "coordinates": [ [ [ 7.68991, 45.08318 ], [ 7.68973, 45.08315 ], [ 7.68963, 45.08299 ], [ 7.6897, 45.08297 ], [ 7.68979, 45.0831 ], [ 7.68981, 45.08312 ], [ 7.68987, 45.08313 ], [ 7.68986, 45.08316 ], [ 7.68986, 45.08316 ], [ 7.68992, 45.08317 ], [ 7.68991, 45.08318 ], [ 7.68991, 45.08318 ] ] ] } },
{ "type": "Feature", "properties": { "uuid": "f8a667d6-2726-4c3f-b072-116c91f7be66", "data_acq": "2017-12-31 00:00:00", "data_agg": "2017-12-31 00:00:00", "data_fin": "9999-12-31 00:00:00", "ente_for": "REGIONE PIEMONTE", "ente_prod": "ARPA PIEMONTE", "modo_prod": "banche dati esterne - geometrie da catasto, altezza volumi da ARPA PIEMONTE (DSM-DTM,LAS)", "sc_acq": "1:10000", "un_vol_av": "5", "un_vol_por": "al suolo", "un_vol_qe": "", "un_vol_ex": "altezza", "source": "BDTRE un_vol" }, "geometry": { "type": "Polygon", "coordinates": [ [ [ 7.68473, 45.06502 ], [ 7.68471, 45.06499 ], [ 7.68477, 45.06497 ], [ 7.68479, 45.06499 ], [ 7.68473, 45.06502 ] ] ] } },
{ "type": "Feature", "properties": { "uuid": "fb65d8d1-f5fe-4278-917c-940a4ebeeb03", "data_acq": "2017-12-31 00:00:00", "data_agg": "2017-12-31 00:00:00", "data_fin": "9999-12-31 00:00:00", "ente_for": "REGIONE PIEMONTE", "ente_prod": "ARPA PIEMONTE", "modo_prod": "banche dati esterne - geometrie da catasto, altezza volumi da ARPA PIEMONTE (DSM-DTM,LAS)", "sc_acq": "1:10000", "un_vol_av": "10", "un_vol_por": "al suolo", "un_vol_qe": "", "un_vol_ex": "altezza", "source": "BDTRE un_vol" }, "geometry": { "type": "Polygon", "coordinates": [ [ [ 7.66569, 45.06903 ], [ 7.66563, 45.06895 ], [ 7.66558, 45.06896 ], [ 7.66561, 45.069 ], [ 7.66564, 45.06905 ], [ 7.66569, 45.06903 ] ] ] } },
{ "type": "Feature", "properties": { "uuid": "ef6c7af0-2e68-4c02-9b85-feeea5c78899", "data_acq": "2017-12-31 00:00:00", "data_agg": "2017-12-31 00:00:00", "data_fin": "9999-12-31 00:00:00", "ente_for": "REGIONE PIEMONTE", "ente_prod": "ARPA PIEMONTE", "modo_prod": "banche dati esterne - geometrie da catasto, altezza volumi da ARPA PIEMONTE (DSM-DTM,LAS)", "sc_acq": "1:10000", "un_vol_av": "3", "un_vol_por": "al suolo", "un_vol_qe": "", "un_vol_ex": "altezza", "source": "BDTRE un_vol" }, "geometry": { "type": "Polygon", "coordinates": [ [ [ 7.67194, 45.06806 ], [ 7.67197, 45.0681 ], [ 7.67201, 45.06809 ], [ 7.67198, 45.06805 ], [ 7.67197, 45.06805 ], [ 7.67196, 45.06805 ], [ 7.67194, 45.06806 ] ] ] } },
{ "type": "Feature", "properties": { "uuid": "bbf02c22-3eeb-4df7-8cb7-f39965df6c40", "data_acq": "2017-12-31 00:00:00", "data_agg": "2017-12-31 00:00:00", "data_fin": "9999-12-31 00:00:00", "ente_for": "REGIONE PIEMONTE", "ente_prod": "ARPA PIEMONTE", "modo_prod": "banche dati esterne - geometrie da catasto, altezza volumi da ARPA PIEMONTE (DSM-DTM,LAS)", "sc_acq": "1:10000", "un_vol_av": "4", "un_vol_por": "al suolo", "un_vol_qe": "", "un_vol_ex": "altezza", "source": "BDTRE un_vol" }, "geometry": { "type": "Polygon", "coordinates": [ [ [ 7.66981, 45.08201 ], [ 7.66973, 45.08204 ], [ 7.66975, 45.08206 ], [ 7.66976, 45.08208 ], [ 7.66985, 45.08205 ], [ 7.66985, 45.08204 ], [ 7.66986, 45.08203 ], [ 7.66986, 45.08203 ], [ 7.66981, 45.08201 ] ] ] } },
{ "type": "Feature", "properties": { "uuid": "d282ed91-ef73-418c-8920-50136099716f", "data_acq": "2019-11-30 00:00:00", "data_agg": "2019-11-30 00:00:00", "data_fin": "9999-12-31 00:00:00", "ente_for": "REGIONE PIEMONTE", "ente_prod": "REGIONE PIEMONTE", "modo_prod": "banche dati esterne - catasto", "sc_acq": "1:2000", "un_vol_av": "", "un_vol_por": "al suolo", "un_vol_qe": "", "un_vol_ex": "", "source": "BDTRE un_vol" }, "geometry": { "type": "Polygon", "coordinates": [ [ [ 7.68749, 45.07873 ], [ 7.68749, 45.07873 ], [ 7.68746, 45.07869 ], [ 7.68738, 45.07872 ], [ 7.68739, 45.07874 ], [ 7.6874, 45.07876 ], [ 7.68749, 45.07873 ] ] ] } },
{ "type": "Feature", "properties": { "uuid": "de4eb907-5470-46f2-9244-a01358f9e247", "data_acq": "2017-12-31 00:00:00", "data_agg": "2017-12-31 00:00:00", "data_fin": "9999-12-31 00:00:00", "ente_for": "REGIONE PIEMONTE", "ente_prod": "ARPA PIEMONTE", "modo_prod": "banche dati esterne - geometrie da catasto, altezza volumi da ARPA PIEMONTE (DSM-DTM,LAS)", "sc_acq": "1:10000", "un_vol_av": "3", "un_vol_por": "al suolo", "un_vol_qe": "", "un_vol_ex": "altezza", "source": "BDTRE un_vol" }, "geometry": { "type": "Polygon", "coordinates": [ [ [ 7.67986, 45.08231 ], [ 7.67979, 45.08232 ], [ 7.67978, 45.08231 ], [ 7.67977, 45.08228 ], [ 7.67984, 45.08227 ], [ 7.67986, 45.08231 ] ] ] } },
{ "type": "Feature", "properties": { "uuid": "017f4f60-0d1c-4b02-9f95-a99996b362e8", "data_acq": "2017-12-31 00:00:00", "data_agg": "2017-12-31 00:00:00", "data_fin": "9999-12-31 00:00:00", "ente_for": "REGIONE PIEMONTE", "ente_prod": "ARPA PIEMONTE", "modo_prod": "banche dati esterne - geometrie da catasto, altezza volumi da ARPA PIEMONTE (DSM-DTM,LAS)", "sc_acq": "1:10000", "un_vol_av": "6", "un_vol_por": "al suolo", "un_vol_qe": "", "un_vol_ex": "altezza", "source": "BDTRE un_vol" }, "geometry": { "type": "Polygon", "coordinates": [ [ [ 7.67572, 45.06556 ], [ 7.6756, 45.0656 ], [ 7.6755, 45.06547 ], [ 7.67558, 45.06545 ], [ 7.67565, 45.06555 ], [ 7.6757, 45.06553 ], [ 7.67572, 45.06556 ] ] ] } },
{ "type": "Feature", "properties": { "uuid": "418ceec3-1818-4d8b-9862-e7122765a31a", "data_acq": "2017-12-31 00:00:00", "data_agg": "2017-12-31 00:00:00", "data_fin": "9999-12-31 00:00:00", "ente_for": "REGIONE PIEMONTE", "ente_prod": "ARPA PIEMONTE", "modo_prod": "banche dati esterne - geometrie da catasto, altezza volumi da ARPA PIEMONTE (DSM-DTM,LAS)", "sc_acq": "1:10000", "un_vol_av": "3", "un_vol_por": "al suolo", "un_vol_qe": "", "un_vol_ex": "altezza", "source": "BDTRE un_vol" }, "geometry": { "type": "Polygon", "coordinates": [ [ [ 7.66545, 45.07339 ], [ 7.66549, 45.07344 ], [ 7.66553, 45.07343 ], [ 7.66551, 45.07339 ], [ 7.66546, 45.07338 ], [ 7.66545, 45.07339 ] ] ] } },
{ "type": "Feature", "properties": { "uuid": "265a259a-dd84-48b9-8f08-3c8dd0537050", "data_acq": "2017-12-31 00:00:00", "data_agg": "2017-12-31 00:00:00", "data_fin": "9999-12-31 00:00:00", "ente_for": "REGIONE PIEMONTE", "ente_prod": "ARPA PIEMONTE", "modo_prod": "banche dati esterne - geometrie da catasto, altezza volumi da ARPA PIEMONTE (DSM-DTM,LAS)", "sc_acq": "1:10000", "un_vol_av": "3", "un_vol_por": "al suolo", "un_vol_qe": "", "un_vol_ex": "altezza", "source": "BDTRE un_vol" }, "geometry": { "type": "Polygon", "coordinates": [ [ [ 7.67587, 45.07673 ], [ 7.67588, 45.07675 ], [ 7.67595, 45.07673 ], [ 7.67601, 45.07671 ], [ 7.67597, 45.07666 ], [ 7.67587, 45.07652 ], [ 7.67581, 45.07654 ], [ 7.67575, 45.07656 ], [ 7.67578, 45.07661 ], [ 7.67581, 45.07666 ], [ 7.67587, 45.07673 ] ] ] } },
{ "type": "Feature", "properties": { "uuid": "f0f9d275-3a6c-4471-bd45-a66d94727782", "data_acq": "2017-12-31 00:00:00", "data_agg": "2017-12-31 00:00:00", "data_fin": "9999-12-31 00:00:00", "ente_for": "REGIONE PIEMONTE", "ente_prod": "ARPA PIEMONTE", "modo_prod": "banche dati esterne - geometrie da catasto, altezza volumi da ARPA PIEMONTE (DSM-DTM,LAS)", "sc_acq": "1:10000", "un_vol_av": "3", "un_vol_por": "al suolo", "un_vol_qe": "", "un_vol_ex": "altezza", "source": "BDTRE un_vol" }, "geometry": { "type": "Polygon", "coordinates": [ [ [ 7.67239, 45.06996 ], [ 7.6724, 45.06998 ], [ 7.67246, 45.06996 ], [ 7.67244, 45.06993 ], [ 7.67238, 45.06995 ], [ 7.67238, 45.06995 ], [ 7.67239, 45.06996 ] ] ] } },
{ "type": "Feature", "properties": { "uuid": "96055d68-b0c7-4c56-863e-4922e248e16f", "data_acq": "2017-12-31 00:00:00", "data_agg": "2017-12-31 00:00:00", "data_fin": "9999-12-31 00:00:00", "ente_for": "REGIONE PIEMONTE", "ente_prod": "ARPA PIEMONTE", "modo_prod": "banche dati esterne - geometrie da catasto, altezza volumi da ARPA PIEMONTE (DSM-DTM,LAS)", "sc_acq": "1:10000", "un_vol_av": "3", "un_vol_por": "al suolo", "un_vol_qe": "", "un_vol_ex": "altezza", "source": "BDTRE un_vol" }, "geometry": { "type": "Polygon", "coordinates": [ [ [ 7.67188, 45.06785 ], [ 7.67181, 45.06788 ], [ 7.67178, 45.06783 ], [ 7.67185, 45.06781 ], [ 7.67188, 45.06785 ] ] ] } },
{ "type": "Feature", "properties": { "uuid": "c465d2c7-5009-4807-a00b-3cfb8588a32f", "data_acq": "2017-12-31 00:00:00", "data_agg": "2017-12-31 00:00:00", "data_fin": "9999-12-31 00:00:00", "ente_for": "REGIONE PIEMONTE", "ente_prod": "ARPA PIEMONTE", "modo_prod": "banche dati esterne - geometrie da catasto, altezza volumi da ARPA PIEMONTE (DSM-DTM,LAS)", "sc_acq": "1:10000", "un_vol_av": "4", "un_vol_por": "al suolo", "un_vol_qe": "", "un_vol_ex": "altezza", "source": "BDTRE un_vol" }, "geometry": { "type": "Polygon", "coordinates": [ [ [ 7.6666, 45.08122 ], [ 7.66662, 45.08125 ], [ 7.66663, 45.08127 ], [ 7.66664, 45.08128 ], [ 7.66664, 45.08129 ], [ 7.66664, 45.08129 ], [ 7.66681, 45.08122 ], [ 7.66677, 45.08116 ], [ 7.66669, 45.08119 ], [ 7.6666, 45.08122 ] ] ] } },
{ "type": "Feature", "properties": { "uuid": "04cf3748-fb58-4e9c-91f7-995150489911", "data_acq": "2017-12-31 00:00:00", "data_agg": "2017-12-31 00:00:00", "data_fin": "9999-12-31 00:00:00", "ente_for": "REGIONE PIEMONTE", "ente_prod": "ARPA PIEMONTE", "modo_prod": "banche dati esterne - geometrie da catasto, altezza volumi da ARPA PIEMONTE (DSM-DTM,LAS)", "sc_acq": "1:10000", "un_vol_av": "5", "un_vol_por": "al suolo", "un_vol_qe": "", "un_vol_ex": "altezza", "source": "BDTRE un_vol" }, "geometry": { "type": "Polygon", "coordinates": [ [ [ 7.68638, 45.082 ], [ 7.68639, 45.08199 ], [ 7.68647, 45.082 ], [ 7.68649, 45.08203 ], [ 7.6865, 45.08203 ], [ 7.68652, 45.08206 ], [ 7.68644, 45.08209 ], [ 7.68638, 45.082 ] ] ] } },
{ "type": "Feature", "properties": { "uuid": "cd03d73f-ece3-4d84-987d-0e35cda720f2", "data_acq": "2017-12-31 00:00:00", "data_agg": "2017-12-31 00:00:00", "data_fin": "9999-12-31 00:00:00", "ente_for": "REGIONE PIEMONTE", "ente_prod": "ARPA PIEMONTE", "modo_prod": "banche dati esterne - geometrie da catasto, altezza volumi da ARPA PIEMONTE (DSM-DTM,LAS)", "sc_acq": "1:10000", "un_vol_av": "3", "un_vol_por": "al suolo", "un_vol_qe": "", "un_vol_ex": "altezza", "source": "BDTRE un_vol" }, "geometry": { "type": "Polygon", "coordinates": [ [ [ 7.66587, 45.07403 ], [ 7.6659, 45.07408 ], [ 7.66585, 45.07409 ], [ 7.66581, 45.07405 ], [ 7.66583, 45.07405 ], [ 7.66587, 45.07403 ] ] ] } },
{ "type": "Feature", "properties": { "uuid": "e5580922-0813-4d96-a5c1-c8a5a6b0bc33", "data_acq": "2017-12-31 00:00:00", "data_agg": "2017-12-31 00:00:00", "data_fin": "9999-12-31 00:00:00", "ente_for": "REGIONE PIEMONTE", "ente_prod": "ARPA PIEMONTE", "modo_prod": "banche dati esterne - geometrie da catasto, altezza volumi da ARPA PIEMONTE (DSM-DTM,LAS)", "sc_acq": "1:10000", "un_vol_av": "7", "un_vol_por": "al suolo", "un_vol_qe": "", "un_vol_ex": "altezza", "source": "BDTRE un_vol" }, "geometry": { "type": "Polygon", "coordinates": [ [ [ 7.67651, 45.07324 ], [ 7.67673, 45.07316 ], [ 7.67667, 45.07307 ], [ 7.67665, 45.07307 ], [ 7.67664, 45.07307 ], [ 7.67664, 45.07306 ], [ 7.67664, 45.07306 ], [ 7.67662, 45.07302 ], [ 7.67659, 45.07303 ], [ 7.67663, 45.0731 ], [ 7.67658, 45.07312 ], [ 7.67658, 45.07312 ], [ 7.67645, 45.07317 ], [ 7.67646, 45.07317 ], [ 7.67648, 45.07321 ], [ 7.67651, 45.07324 ] ] ] } },
{ "type": "Feature", "properties": { "uuid": "2819d9c7-b780-4439-b8b9-0b9174ca91b0", "data_acq": "2017-12-31 00:00:00", "data_agg": "2017-12-31 00:00:00", "data_fin": "9999-12-31 00:00:00", "ente_for": "REGIONE PIEMONTE", "ente_prod": "ARPA PIEMONTE", "modo_prod": "banche dati esterne - geometrie da catasto, altezza volumi da ARPA PIEMONTE (DSM-DTM,LAS)", "sc_acq": "1:10000", "un_vol_av": "3", "un_vol_por": "al suolo", "un_vol_qe": "", "un_vol_ex": "altezza", "source": "BDTRE un_vol" }, "geometry": { "type": "Polygon", "coordinates": [ [ [ 7.67329, 45.0826 ], [ 7.67332, 45.08264 ], [ 7.67329, 45.08265 ], [ 7.67326, 45.08261 ], [ 7.67329, 45.0826 ] ] ] } },
{ "type": "Feature", "properties": { "uuid": "e3d80323-d00d-4562-a300-952112279bed", "data_acq": "2017-12-31 00:00:00", "data_agg": "2017-12-31 00:00:00", "data_fin": "9999-12-31 00:00:00", "ente_for": "REGIONE PIEMONTE", "ente_prod": "ARPA PIEMONTE", "modo_prod": "banche dati esterne - geometrie da catasto, altezza volumi da ARPA PIEMONTE (DSM-DTM,LAS)", "sc_acq": "1:10000", "un_vol_av": "3", "un_vol_por": "al suolo", "un_vol_qe": "", "un_vol_ex": "altezza", "source": "BDTRE un_vol" }, "geometry": { "type": "Polygon", "coordinates": [ [ [ 7.674, 45.07944 ], [ 7.67397, 45.0794 ], [ 7.67392, 45.07932 ], [ 7.67389, 45.07938 ], [ 7.67389, 45.0794 ], [ 7.67396, 45.07949 ], [ 7.67402, 45.07947 ], [ 7.674, 45.07944 ] ] ] } },
{ "type": "Feature", "properties": { "uuid": "b6cf22cf-2010-42fd-a735-aff96a216e4e", "data_acq": "2017-12-31 00:00:00", "data_agg": "2017-12-31 00:00:00", "data_fin": "9999-12-31 00:00:00", "ente_for": "REGIONE PIEMONTE", "ente_prod": "ARPA PIEMONTE", "modo_prod": "banche dati esterne - geometrie da catasto, altezza volumi da ARPA PIEMONTE (DSM-DTM,LAS)", "sc_acq": "1:10000", "un_vol_av": "3", "un_vol_por": "al suolo", "un_vol_qe": "", "un_vol_ex": "altezza", "source": "BDTRE un_vol" }, "geometry": { "type": "Polygon", "coordinates": [ [ [ 7.66972, 45.08444 ], [ 7.66974, 45.08447 ], [ 7.66968, 45.08449 ], [ 7.66968, 45.08448 ], [ 7.66967, 45.08446 ], [ 7.66972, 45.08444 ] ] ] } },
{ "type": "Feature", "properties": { "uuid": "e7868000-a781-4166-b923-d06ab5211e42", "data_acq": "2017-12-31 00:00:00", "data_agg": "2017-12-31 00:00:00", "data_fin": "9999-12-31 00:00:00", "ente_for": "REGIONE PIEMONTE", "ente_prod": "ARPA PIEMONTE", "modo_prod": "banche dati esterne - geometrie da catasto, altezza volumi da ARPA PIEMONTE (DSM-DTM,LAS)", "sc_acq": "1:10000", "un_vol_av": "3", "un_vol_por": "al suolo", "un_vol_qe": "", "un_vol_ex": "altezza", "source": "BDTRE un_vol" }, "geometry": { "type": "Polygon", "coordinates": [ [ [ 7.69303, 45.07829 ], [ 7.693, 45.07831 ], [ 7.69294, 45.07829 ], [ 7.69297, 45.07826 ], [ 7.69303, 45.07829 ] ] ] } },
{ "type": "Feature", "properties": { "uuid": "f32b1a12-7a73-42cf-a76a-9e6b56b2a3a1", "data_acq": "2017-12-31 00:00:00", "data_agg": "2017-12-31 00:00:00", "data_fin": "9999-12-31 00:00:00", "ente_for": "REGIONE PIEMONTE", "ente_prod": "ARPA PIEMONTE", "modo_prod": "banche dati esterne - geometrie da catasto, altezza volumi da ARPA PIEMONTE (DSM-DTM,LAS)", "sc_acq": "1:10000", "un_vol_av": "4", "un_vol_por": "al suolo", "un_vol_qe": "", "un_vol_ex": "altezza", "source": "BDTRE un_vol" }, "geometry": { "type": "Polygon", "coordinates": [ [ [ 7.67386, 45.08064 ], [ 7.6738, 45.08059 ], [ 7.67381, 45.08059 ], [ 7.67383, 45.08058 ], [ 7.67389, 45.08056 ], [ 7.67393, 45.08061 ], [ 7.67386, 45.08064 ], [ 7.67386, 45.08064 ] ] ] } },
{ "type": "Feature", "properties": { "uuid": "005591a4-54b2-4dda-a07a-43f6d4cc983f", "data_acq": "2017-12-31 00:00:00", "data_agg": "2017-12-31 00:00:00", "data_fin": "9999-12-31 00:00:00", "ente_for": "REGIONE PIEMONTE", "ente_prod": "ARPA PIEMONTE", "modo_prod": "banche dati esterne - geometrie da catasto, altezza volumi da ARPA PIEMONTE (DSM-DTM,LAS)", "sc_acq": "1:10000", "un_vol_av": "13", "un_vol_por": "al suolo", "un_vol_qe": "", "un_vol_ex": "altezza", "source": "BDTRE un_vol" }, "geometry": { "type": "Polygon", "coordinates": [ [ [ 7.67799, 45.07654 ], [ 7.67799, 45.07654 ], [ 7.67802, 45.07657 ], [ 7.67802, 45.07657 ], [ 7.67802, 45.07657 ], [ 7.67806, 45.07656 ], [ 7.67805, 45.07655 ], [ 7.67808, 45.07654 ], [ 7.6781, 45.07653 ], [ 7.67808, 45.07651 ], [ 7.67799, 45.07654 ], [ 7.67799, 45.07654 ] ] ] } },
{ "type": "Feature", "properties": { "uuid": "2eacc7c6-ec68-42a7-9269-b0d08fc02cc8", "data_acq": "2017-12-31 00:00:00", "data_agg": "2017-12-31 00:00:00", "data_fin": "9999-12-31 00:00:00", "ente_for": "REGIONE PIEMONTE", "ente_prod": "ARPA PIEMONTE", "modo_prod": "banche dati esterne - geometrie da catasto, altezza volumi da ARPA PIEMONTE (DSM-DTM,LAS)", "sc_acq": "1:10000", "un_vol_av": "3", "un_vol_por": "al suolo", "un_vol_qe": "", "un_vol_ex": "altezza", "source": "BDTRE un_vol" }, "geometry": { "type": "Polygon", "coordinates": [ [ [ 7.66893, 45.06884 ], [ 7.66894, 45.06885 ], [ 7.66899, 45.06883 ], [ 7.66896, 45.06879 ], [ 7.66892, 45.06881 ], [ 7.66892, 45.06882 ], [ 7.66893, 45.06882 ], [ 7.66893, 45.06884 ] ] ] } },
{ "type": "Feature", "properties": { "uuid": "89bfe331-f473-4216-8a00-34472f2a8865", "data_acq": "2017-12-31 00:00:00", "data_agg": "2017-12-31 00:00:00", "data_fin": "9999-12-31 00:00:00", "ente_for": "REGIONE PIEMONTE", "ente_prod": "ARPA PIEMONTE", "modo_prod": "banche dati esterne - geometrie da catasto, altezza volumi da ARPA PIEMONTE (DSM-DTM,LAS)", "sc_acq": "1:10000", "un_vol_av": "3", "un_vol_por": "al suolo", "un_vol_qe": "", "un_vol_ex": "altezza", "source": "BDTRE un_vol" }, "geometry": { "type": "Polygon", "coordinates": [ [ [ 7.68052, 45.08344 ], [ 7.68039, 45.08348 ], [ 7.68051, 45.0835 ], [ 7.68054, 45.08351 ], [ 7.6806, 45.08352 ], [ 7.68061, 45.08348 ], [ 7.68054, 45.08347 ], [ 7.68052, 45.08344 ] ] ] } },
{ "type": "Feature", "properties": { "uuid": "152b43be-084b-48f9-910f-90a1ff3d32de", "data_acq": "2017-12-31 00:00:00", "data_agg": "2017-12-31 00:00:00", "data_fin": "9999-12-31 00:00:00", "ente_for": "REGIONE PIEMONTE", "ente_prod": "ARPA PIEMONTE", "modo_prod": "banche dati esterne - geometrie da catasto, altezza volumi da ARPA PIEMONTE (DSM-DTM,LAS)", "sc_acq": "1:10000", "un_vol_av": "14", "un_vol_por": "al suolo", "un_vol_qe": "", "un_vol_ex": "altezza", "source": "BDTRE un_vol" }, "geometry": { "type": "Polygon", "coordinates": [ [ [ 7.67099, 45.08186 ], [ 7.67097, 45.08183 ], [ 7.67096, 45.08181 ], [ 7.67094, 45.08181 ], [ 7.67091, 45.08185 ], [ 7.67094, 45.08188 ], [ 7.671, 45.08187 ], [ 7.67099, 45.08186 ] ] ] } },
{ "type": "Feature", "properties": { "uuid": "dac22d49-df3e-4152-93f9-904d87ad8d36", "data_acq": "2017-12-31 00:00:00", "data_agg": "2017-12-31 00:00:00", "data_fin": "9999-12-31 00:00:00", "ente_for": "REGIONE PIEMONTE", "ente_prod": "ARPA PIEMONTE", "modo_prod": "banche dati esterne - geometrie da catasto, altezza volumi da ARPA PIEMONTE (DSM-DTM,LAS)", "sc_acq": "1:10000", "un_vol_av": "4", "un_vol_por": "al suolo", "un_vol_qe": "", "un_vol_ex": "altezza", "source": "BDTRE un_vol" }, "geometry": { "type": "Polygon", "coordinates": [ [ [ 7.67482, 45.0828 ], [ 7.67486, 45.08279 ], [ 7.67487, 45.0828 ], [ 7.67488, 45.08281 ], [ 7.67483, 45.08282 ], [ 7.67482, 45.0828 ] ] ] } },
{ "type": "Feature", "properties": { "uuid": "5b411009-75d2-4d00-9988-22d147626e7a", "data_acq": "2017-12-31 00:00:00", "data_agg": "2017-12-31 00:00:00", "data_fin": "9999-12-31 00:00:00", "ente_for": "REGIONE PIEMONTE", "ente_prod": "ARPA PIEMONTE", "modo_prod": "banche dati esterne - geometrie da catasto, altezza volumi da ARPA PIEMONTE (DSM-DTM,LAS)", "sc_acq": "1:10000", "un_vol_av": "5", "un_vol_por": "al suolo", "un_vol_qe": "", "un_vol_ex": "altezza", "source": "BDTRE un_vol" }, "geometry": { "type": "Polygon", "coordinates": [ [ [ 7.66797, 45.0807 ], [ 7.66803, 45.08068 ], [ 7.66806, 45.08073 ], [ 7.66803, 45.08074 ], [ 7.66808, 45.08082 ], [ 7.66801, 45.08085 ], [ 7.668, 45.08081 ], [ 7.66798, 45.08076 ], [ 7.66799, 45.08075 ], [ 7.66797, 45.0807 ] ] ] } },
{ "type": "Feature", "properties": { "uuid": "53588c41-071e-4a19-ac79-e0a62d2ccb33", "data_acq": "2017-12-31 00:00:00", "data_agg": "2017-12-31 00:00:00", "data_fin": "9999-12-31 00:00:00", "ente_for": "REGIONE PIEMONTE", "ente_prod": "ARPA PIEMONTE", "modo_prod": "banche dati esterne - geometrie da catasto, altezza volumi da ARPA PIEMONTE (DSM-DTM,LAS)", "sc_acq": "1:10000", "un_vol_av": "3", "un_vol_por": "al suolo", "un_vol_qe": "", "un_vol_ex": "altezza", "source": "BDTRE un_vol" }, "geometry": { "type": "Polygon", "coordinates": [ [ [ 7.66688, 45.07542 ], [ 7.66692, 45.07547 ], [ 7.66702, 45.07543 ], [ 7.66699, 45.07538 ], [ 7.66688, 45.07542 ] ] ] } },
{ "type": "Feature", "properties": { "uuid": "659114fd-4a85-421f-bd11-20da03ebc978", "data_acq": "2017-12-31 00:00:00", "data_agg": "2017-12-31 00:00:00", "data_fin": "9999-12-31 00:00:00", "ente_for": "REGIONE PIEMONTE", "ente_prod": "ARPA PIEMONTE", "modo_prod": "banche dati esterne - geometrie da catasto, altezza volumi da ARPA PIEMONTE (DSM-DTM,LAS)", "sc_acq": "1:10000", "un_vol_av": "4", "un_vol_por": "al suolo", "un_vol_qe": "", "un_vol_ex": "altezza", "source": "BDTRE un_vol" }, "geometry": { "type": "Polygon", "coordinates": [ [ [ 7.67104, 45.07669 ], [ 7.67112, 45.07666 ], [ 7.67121, 45.0768 ], [ 7.67114, 45.07682 ], [ 7.67111, 45.07678 ], [ 7.67104, 45.07669 ] ] ] } },
{ "type": "Feature", "properties": { "uuid": "fb75d3ae-7fd4-44e4-b7f5-f7e6e8425419", "data_acq": "2017-12-31 00:00:00", "data_agg": "2017-12-31 00:00:00", "data_fin": "9999-12-31 00:00:00", "ente_for": "REGIONE PIEMONTE", "ente_prod": "ARPA PIEMONTE", "modo_prod": "banche dati esterne - geometrie da catasto, altezza volumi da ARPA PIEMONTE (DSM-DTM,LAS)", "sc_acq": "1:10000", "un_vol_av": "3", "un_vol_por": "al suolo", "un_vol_qe": "", "un_vol_ex": "altezza", "source": "BDTRE un_vol" }, "geometry": { "type": "Polygon", "coordinates": [ [ [ 7.67208, 45.06957 ], [ 7.67205, 45.06953 ], [ 7.67201, 45.06955 ], [ 7.67201, 45.06956 ], [ 7.67203, 45.06956 ], [ 7.67205, 45.06958 ], [ 7.67208, 45.06957 ] ] ] } },
{ "type": "Feature", "properties": { "uuid": "dcb70d19-36eb-42f9-9e8f-321c516114bb", "data_acq": "2017-12-31 00:00:00", "data_agg": "2017-12-31 00:00:00", "data_fin": "9999-12-31 00:00:00", "ente_for": "REGIONE PIEMONTE", "ente_prod": "ARPA PIEMONTE", "modo_prod": "banche dati esterne - geometrie da catasto, altezza volumi da ARPA PIEMONTE (DSM-DTM,LAS)", "sc_acq": "1:10000", "un_vol_av": "3", "un_vol_por": "al suolo", "un_vol_qe": "", "un_vol_ex": "altezza", "source": "BDTRE un_vol" }, "geometry": { "type": "Polygon", "coordinates": [ [ [ 7.67508, 45.08322 ], [ 7.67512, 45.08321 ], [ 7.67514, 45.08324 ], [ 7.6751, 45.08325 ], [ 7.67508, 45.08322 ] ] ] } },
{ "type": "Feature", "properties": { "uuid": "98679576-f17e-4b31-b81f-1d21e5bd7e97", "data_acq": "2017-12-31 00:00:00", "data_agg": "2017-12-31 00:00:00", "data_fin": "9999-12-31 00:00:00", "ente_for": "REGIONE PIEMONTE", "ente_prod": "ARPA PIEMONTE", "modo_prod": "banche dati esterne - geometrie da catasto, altezza volumi da ARPA PIEMONTE (DSM-DTM,LAS)", "sc_acq": "1:10000", "un_vol_av": "3", "un_vol_por": "al suolo", "un_vol_qe": "", "un_vol_ex": "altezza", "source": "BDTRE un_vol" }, "geometry": { "type": "Polygon", "coordinates": [ [ [ 7.66811, 45.08086 ], [ 7.66815, 45.08085 ], [ 7.66814, 45.08083 ], [ 7.66813, 45.08081 ], [ 7.66809, 45.08082 ], [ 7.66811, 45.08086 ] ] ] } },
{ "type": "Feature", "properties": { "uuid": "85e87f18-5253-47df-a1ac-a65273019c9f", "data_acq": "2017-12-31 00:00:00", "data_agg": "2017-12-31 00:00:00", "data_fin": "9999-12-31 00:00:00", "ente_for": "REGIONE PIEMONTE", "ente_prod": "ARPA PIEMONTE", "modo_prod": "banche dati esterne - geometrie da catasto, altezza volumi da ARPA PIEMONTE (DSM-DTM,LAS)", "sc_acq": "1:10000", "un_vol_av": "3", "un_vol_por": "al suolo", "un_vol_qe": "", "un_vol_ex": "altezza", "source": "BDTRE un_vol" }, "geometry": { "type": "Polygon", "coordinates": [ [ [ 7.69198, 45.07292 ], [ 7.69196, 45.07293 ], [ 7.69196, 45.07293 ], [ 7.69192, 45.0729 ], [ 7.6919, 45.07289 ], [ 7.69192, 45.07287 ], [ 7.69198, 45.07291 ], [ 7.69199, 45.07292 ], [ 7.69198, 45.07292 ] ] ] } },
{ "type": "Feature", "properties": { "uuid": "e8742841-6dc9-4cdc-adcf-5358365c5268", "data_acq": "2017-12-31 00:00:00", "data_agg": "2017-12-31 00:00:00", "data_fin": "9999-12-31 00:00:00", "ente_for": "REGIONE PIEMONTE", "ente_prod": "ARPA PIEMONTE", "modo_prod": "banche dati esterne - geometrie da catasto, altezza volumi da ARPA PIEMONTE (DSM-DTM,LAS)", "sc_acq": "1:10000", "un_vol_av": "6", "un_vol_por": "al suolo", "un_vol_qe": "", "un_vol_ex": "altezza", "source": "BDTRE un_vol" }, "geometry": { "type": "Polygon", "coordinates": [ [ [ 7.6728, 45.06646 ], [ 7.67281, 45.06645 ], [ 7.67281, 45.06645 ], [ 7.67284, 45.0665 ], [ 7.67284, 45.0665 ], [ 7.67274, 45.06653 ], [ 7.67271, 45.06649 ], [ 7.6728, 45.06646 ] ] ] } },
{ "type": "Feature", "properties": { "uuid": "08b70fdb-1df2-4e7b-926b-28a965d8845e", "data_acq": "2017-12-31 00:00:00", "data_agg": "2017-12-31 00:00:00", "data_fin": "9999-12-31 00:00:00", "ente_for": "REGIONE PIEMONTE", "ente_prod": "ARPA PIEMONTE", "modo_prod": "banche dati esterne - geometrie da catasto, altezza volumi da ARPA PIEMONTE (DSM-DTM,LAS)", "sc_acq": "1:10000", "un_vol_av": "3", "un_vol_por": "al suolo", "un_vol_qe": "", "un_vol_ex": "altezza", "source": "BDTRE un_vol" }, "geometry": { "type": "Polygon", "coordinates": [ [ [ 7.66551, 45.08164 ], [ 7.66544, 45.08155 ], [ 7.66537, 45.08158 ], [ 7.66545, 45.08167 ], [ 7.66551, 45.08164 ] ] ] } },
{ "type": "Feature", "properties": { "uuid": "ef319aaf-00a5-4cdf-86c4-81531836abdd", "data_acq": "2017-12-31 00:00:00", "data_agg": "2017-12-31 00:00:00", "data_fin": "9999-12-31 00:00:00", "ente_for": "REGIONE PIEMONTE", "ente_prod": "ARPA PIEMONTE", "modo_prod": "banche dati esterne - geometrie da catasto, altezza volumi da ARPA PIEMONTE (DSM-DTM,LAS)", "sc_acq": "1:10000", "un_vol_av": "5", "un_vol_por": "al suolo", "un_vol_qe": "", "un_vol_ex": "altezza", "source": "BDTRE un_vol" }, "geometry": { "type": "Polygon", "coordinates": [ [ [ 7.66694, 45.08357 ], [ 7.66688, 45.08359 ], [ 7.66687, 45.08357 ], [ 7.66685, 45.08354 ], [ 7.66691, 45.08352 ], [ 7.66693, 45.08356 ], [ 7.66693, 45.08356 ], [ 7.66694, 45.08357 ] ] ] } },
{ "type": "Feature", "properties": { "uuid": "c3e6a9da-1f42-4235-8bc1-726743c4bbb4", "data_acq": "2017-12-31 00:00:00", "data_agg": "2017-12-31 00:00:00", "data_fin": "9999-12-31 00:00:00", "ente_for": "REGIONE PIEMONTE", "ente_prod": "ARPA PIEMONTE", "modo_prod": "banche dati esterne - geometrie da catasto, altezza volumi da ARPA PIEMONTE (DSM-DTM,LAS)", "sc_acq": "1:10000", "un_vol_av": "4", "un_vol_por": "al suolo", "un_vol_qe": "", "un_vol_ex": "altezza", "source": "BDTRE un_vol" }, "geometry": { "type": "Polygon", "coordinates": [ [ [ 7.66651, 45.06875 ], [ 7.6665, 45.06874 ], [ 7.6665, 45.06873 ], [ 7.66645, 45.06876 ], [ 7.66649, 45.06881 ], [ 7.66654, 45.06879 ], [ 7.66653, 45.06878 ], [ 7.66653, 45.06878 ], [ 7.66651, 45.06875 ] ] ] } },
{ "type": "Feature", "properties": { "uuid": "7db07e1b-8d6e-4e5d-9ff8-3d43d3edc43a", "data_acq": "2017-12-31 00:00:00", "data_agg": "2017-12-31 00:00:00", "data_fin": "9999-12-31 00:00:00", "ente_for": "REGIONE PIEMONTE", "ente_prod": "ARPA PIEMONTE", "modo_prod": "banche dati esterne - geometrie da catasto, altezza volumi da ARPA PIEMONTE (DSM-DTM,LAS)", "sc_acq": "1:10000", "un_vol_av": "", "un_vol_por": "al suolo", "un_vol_qe": "", "un_vol_ex": "altezza", "source": "BDTRE un_vol" }, "geometry": { "type": "Polygon", "coordinates": [ [ [ 7.69087, 45.07366 ], [ 7.6909, 45.07368 ], [ 7.69087, 45.0737 ], [ 7.69086, 45.07372 ], [ 7.69086, 45.07372 ], [ 7.69086, 45.07371 ], [ 7.69084, 45.0737 ], [ 7.69084, 45.0737 ], [ 7.69083, 45.07371 ], [ 7.69083, 45.07371 ], [ 7.69083, 45.07371 ], [ 7.6908, 45.0737 ], [ 7.69081, 45.07369 ], [ 7.69086, 45.07364 ], [ 7.69086, 45.07364 ], [ 7.69089, 45.07365 ], [ 7.69087, 45.07366 ] ] ] } },
{ "type": "Feature", "properties": { "uuid": "3c12f3d1-1a0a-48b6-9b10-42e317664fe9", "data_acq": "2017-12-31 00:00:00", "data_agg": "2017-12-31 00:00:00", "data_fin": "9999-12-31 00:00:00", "ente_for": "REGIONE PIEMONTE", "ente_prod": "ARPA PIEMONTE", "modo_prod": "banche dati esterne - geometrie da catasto, altezza volumi da ARPA PIEMONTE (DSM-DTM,LAS)", "sc_acq": "1:10000", "un_vol_av": "4", "un_vol_por": "al suolo", "un_vol_qe": "", "un_vol_ex": "altezza", "source": "BDTRE un_vol" }, "geometry": { "type": "Polygon", "coordinates": [ [ [ 7.66555, 45.07466 ], [ 7.66559, 45.07472 ], [ 7.66555, 45.07474 ], [ 7.66551, 45.07468 ], [ 7.66555, 45.07466 ] ] ] } },
{ "type": "Feature", "properties": { "uuid": "f7b65c9d-fe74-4a07-9515-0e913fe9aa86", "data_acq": "2017-12-31 00:00:00", "data_agg": "2017-12-31 00:00:00", "data_fin": "9999-12-31 00:00:00", "ente_for": "REGIONE PIEMONTE", "ente_prod": "ARPA PIEMONTE", "modo_prod": "banche dati esterne - geometrie da catasto, altezza volumi da ARPA PIEMONTE (DSM-DTM,LAS)", "sc_acq": "1:10000", "un_vol_av": "6", "un_vol_por": "al suolo", "un_vol_qe": "", "un_vol_ex": "altezza", "source": "BDTRE un_vol" }, "geometry": { "type": "Polygon", "coordinates": [ [ [ 7.6734, 45.06563 ], [ 7.67346, 45.06571 ], [ 7.67345, 45.06571 ], [ 7.67338, 45.06574 ], [ 7.67333, 45.06566 ], [ 7.67333, 45.06566 ], [ 7.6734, 45.06563 ] ] ] } },
{ "type": "Feature", "properties": { "uuid": "024a6f65-d5ac-4d74-9e08-4d5c8e218ff4", "data_acq": "2017-12-31 00:00:00", "data_agg": "2017-12-31 00:00:00", "data_fin": "9999-12-31 00:00:00", "ente_for": "REGIONE PIEMONTE", "ente_prod": "ARPA PIEMONTE", "modo_prod": "banche dati esterne - geometrie da catasto, altezza volumi da ARPA PIEMONTE (DSM-DTM,LAS)", "sc_acq": "1:10000", "un_vol_av": "3", "un_vol_por": "al suolo", "un_vol_qe": "", "un_vol_ex": "altezza", "source": "BDTRE un_vol" }, "geometry": { "type": "Polygon", "coordinates": [ [ [ 7.6744, 45.08356 ], [ 7.67442, 45.08356 ], [ 7.67442, 45.08356 ], [ 7.67445, 45.08359 ], [ 7.67445, 45.0836 ], [ 7.67443, 45.0836 ], [ 7.6744, 45.08356 ] ] ] } },
{ "type": "Feature", "properties": { "uuid": "ea381bd6-1524-44ae-a867-7c4f1c8497da", "data_acq": "2017-12-31 00:00:00", "data_agg": "2017-12-31 00:00:00", "data_fin": "9999-12-31 00:00:00", "ente_for": "REGIONE PIEMONTE", "ente_prod": "ARPA PIEMONTE", "modo_prod": "banche dati esterne - geometrie da catasto, altezza volumi da ARPA PIEMONTE (DSM-DTM,LAS)", "sc_acq": "1:10000", "un_vol_av": "3", "un_vol_por": "al suolo", "un_vol_qe": "", "un_vol_ex": "altezza", "source": "BDTRE un_vol" }, "geometry": { "type": "Polygon", "coordinates": [ [ [ 7.67289, 45.07775 ], [ 7.67296, 45.07782 ], [ 7.67296, 45.07782 ], [ 7.67289, 45.07784 ], [ 7.67284, 45.07777 ], [ 7.67289, 45.07775 ] ] ] } },
{ "type": "Feature", "properties": { "uuid": "be7d0c75-01ce-4b89-947f-4769865ae26f", "data_acq": "2017-12-31 00:00:00", "data_agg": "2017-12-31 00:00:00", "data_fin": "9999-12-31 00:00:00", "ente_for": "REGIONE PIEMONTE", "ente_prod": "ARPA PIEMONTE", "modo_prod": "banche dati esterne - geometrie da catasto, altezza volumi da ARPA PIEMONTE (DSM-DTM,LAS)", "sc_acq": "1:10000", "un_vol_av": "4", "un_vol_por": "al suolo", "un_vol_qe": "", "un_vol_ex": "altezza", "source": "BDTRE un_vol" }, "geometry": { "type": "Polygon", "coordinates": [ [ [ 7.67173, 45.07745 ], [ 7.6718, 45.07745 ], [ 7.67179, 45.07749 ], [ 7.67179, 45.07749 ], [ 7.67161, 45.07749 ], [ 7.67144, 45.07754 ], [ 7.67144, 45.0775 ], [ 7.67149, 45.07748 ], [ 7.6715, 45.07747 ], [ 7.67159, 45.07744 ], [ 7.67173, 45.07745 ] ] ] } },
{ "type": "Feature", "properties": { "uuid": "6aa7a425-97f0-4be8-99f7-e174f63535b6", "data_acq": "2017-12-31 00:00:00", "data_agg": "2017-12-31 00:00:00", "data_fin": "9999-12-31 00:00:00", "ente_for": "REGIONE PIEMONTE", "ente_prod": "ARPA PIEMONTE", "modo_prod": "banche dati esterne - geometrie da catasto, altezza volumi da ARPA PIEMONTE (DSM-DTM,LAS)", "sc_acq": "1:10000", "un_vol_av": "8", "un_vol_por": "al suolo", "un_vol_qe": "", "un_vol_ex": "altezza", "source": "BDTRE un_vol" }, "geometry": { "type": "Polygon", "coordinates": [ [ [ 7.66571, 45.07497 ], [ 7.6657, 45.07496 ], [ 7.66574, 45.07492 ], [ 7.66577, 45.07494 ], [ 7.66576, 45.07495 ], [ 7.66581, 45.07498 ], [ 7.66582, 45.07499 ], [ 7.66575, 45.07502 ], [ 7.66571, 45.07497 ] ] ] } },
{ "type": "Feature", "properties": { "uuid": "07586ee1-860f-451a-803c-de5889cd973a", "data_acq": "2017-12-31 00:00:00", "data_agg": "2017-12-31 00:00:00", "data_fin": "9999-12-31 00:00:00", "ente_for": "REGIONE PIEMONTE", "ente_prod": "ARPA PIEMONTE", "modo_prod": "banche dati esterne - geometrie da catasto, altezza volumi da ARPA PIEMONTE (DSM-DTM,LAS)", "sc_acq": "1:10000", "un_vol_av": "5", "un_vol_por": "al suolo", "un_vol_qe": "", "un_vol_ex": "altezza", "source": "BDTRE un_vol" }, "geometry": { "type": "Polygon", "coordinates": [ [ [ 7.67457, 45.07936 ], [ 7.67457, 45.07936 ], [ 7.67455, 45.07932 ], [ 7.67452, 45.07933 ], [ 7.67453, 45.07934 ], [ 7.67454, 45.07936 ], [ 7.67455, 45.07937 ], [ 7.67457, 45.07936 ] ] ] } },
{ "type": "Feature", "properties": { "uuid": "eae305d4-99ac-4578-9170-3ed319451a48", "data_acq": "2017-12-31 00:00:00", "data_agg": "2017-12-31 00:00:00", "data_fin": "9999-12-31 00:00:00", "ente_for": "REGIONE PIEMONTE", "ente_prod": "ARPA PIEMONTE", "modo_prod": "banche dati esterne - geometrie da catasto, altezza volumi da ARPA PIEMONTE (DSM-DTM,LAS)", "sc_acq": "1:10000", "un_vol_av": "7", "un_vol_por": "al suolo", "un_vol_qe": "", "un_vol_ex": "altezza", "source": "BDTRE un_vol" }, "geometry": { "type": "Polygon", "coordinates": [ [ [ 7.66591, 45.06895 ], [ 7.66595, 45.069 ], [ 7.66603, 45.06897 ], [ 7.66604, 45.06897 ], [ 7.666, 45.06892 ], [ 7.66595, 45.06893 ], [ 7.66591, 45.06895 ] ] ] } },
{ "type": "Feature", "properties": { "uuid": "073efa34-6d95-48c1-8e86-a6cfedb80d6c", "data_acq": "2017-12-31 00:00:00", "data_agg": "2017-12-31 00:00:00", "data_fin": "9999-12-31 00:00:00", "ente_for": "REGIONE PIEMONTE", "ente_prod": "ARPA PIEMONTE", "modo_prod": "banche dati esterne - geometrie da catasto, altezza volumi da ARPA PIEMONTE (DSM-DTM,LAS)", "sc_acq": "1:10000", "un_vol_av": "5", "un_vol_por": "al suolo", "un_vol_qe": "", "un_vol_ex": "altezza", "source": "BDTRE un_vol" }, "geometry": { "type": "Polygon", "coordinates": [ [ [ 7.67714, 45.07957 ], [ 7.67717, 45.07962 ], [ 7.67711, 45.07964 ], [ 7.67711, 45.07963 ], [ 7.67708, 45.07959 ], [ 7.67714, 45.07957 ] ] ] } },
{ "type": "Feature", "properties": { "uuid": "d3a0aff0-7498-46c7-b84f-97239416eba2", "data_acq": "2017-12-31 00:00:00", "data_agg": "2017-12-31 00:00:00", "data_fin": "9999-12-31 00:00:00", "ente_for": "REGIONE PIEMONTE", "ente_prod": "ARPA PIEMONTE", "modo_prod": "banche dati esterne - geometrie da catasto, altezza volumi da ARPA PIEMONTE (DSM-DTM,LAS)", "sc_acq": "1:10000", "un_vol_av": "4", "un_vol_por": "al suolo", "un_vol_qe": "", "un_vol_ex": "altezza", "source": "BDTRE un_vol" }, "geometry": { "type": "Polygon", "coordinates": [ [ [ 7.69435, 45.07255 ], [ 7.69442, 45.07253 ], [ 7.69446, 45.07259 ], [ 7.69439, 45.07261 ], [ 7.69435, 45.07255 ] ] ] } },
{ "type": "Feature", "properties": { "uuid": "4ce1c406-abd9-46f8-aff4-19c686d652a1", "data_acq": "2017-12-31 00:00:00", "data_agg": "2017-12-31 00:00:00", "data_fin": "9999-12-31 00:00:00", "ente_for": "REGIONE PIEMONTE", "ente_prod": "ARPA PIEMONTE", "modo_prod": "banche dati esterne - geometrie da catasto, altezza volumi da ARPA PIEMONTE (DSM-DTM,LAS)", "sc_acq": "1:10000", "un_vol_av": "12", "un_vol_por": "al suolo", "un_vol_qe": "", "un_vol_ex": "altezza", "source": "BDTRE un_vol" }, "geometry": { "type": "Polygon", "coordinates": [ [ [ 7.6654, 45.06913 ], [ 7.66537, 45.06908 ], [ 7.66536, 45.06908 ], [ 7.66531, 45.0691 ], [ 7.66534, 45.06915 ], [ 7.66534, 45.06915 ], [ 7.6654, 45.06913 ] ] ] } },
{ "type": "Feature", "properties": { "uuid": "2a6666a9-e204-44c7-83a9-f973d2ce3f82", "data_acq": "2017-12-31 00:00:00", "data_agg": "2017-12-31 00:00:00", "data_fin": "9999-12-31 00:00:00", "ente_for": "REGIONE PIEMONTE", "ente_prod": "ARPA PIEMONTE", "modo_prod": "banche dati esterne - geometrie da catasto, altezza volumi da ARPA PIEMONTE (DSM-DTM,LAS)", "sc_acq": "1:10000", "un_vol_av": "5", "un_vol_por": "al suolo", "un_vol_qe": "", "un_vol_ex": "altezza", "source": "BDTRE un_vol" }, "geometry": { "type": "Polygon", "coordinates": [ [ [ 7.67654, 45.07292 ], [ 7.67657, 45.07296 ], [ 7.67654, 45.07297 ], [ 7.67651, 45.07293 ], [ 7.67654, 45.07292 ] ] ] } },
{ "type": "Feature", "properties": { "uuid": "14463912-1674-4682-9431-dac71649ab02", "data_acq": "2017-12-31 00:00:00", "data_agg": "2017-12-31 00:00:00", "data_fin": "9999-12-31 00:00:00", "ente_for": "REGIONE PIEMONTE", "ente_prod": "ARPA PIEMONTE", "modo_prod": "banche dati esterne - geometrie da catasto, altezza volumi da ARPA PIEMONTE (DSM-DTM,LAS)", "sc_acq": "1:10000", "un_vol_av": "3", "un_vol_por": "al suolo", "un_vol_qe": "", "un_vol_ex": "altezza", "source": "BDTRE un_vol" }, "geometry": { "type": "Polygon", "coordinates": [ [ [ 7.67932, 45.08241 ], [ 7.6793, 45.08238 ], [ 7.67934, 45.08237 ], [ 7.67933, 45.08236 ], [ 7.67941, 45.08234 ], [ 7.67942, 45.08239 ], [ 7.67932, 45.08241 ] ] ] } },
{ "type": "Feature", "properties": { "uuid": "213178a2-83cc-4ca2-9493-43090e7ba55b", "data_acq": "2017-12-31 00:00:00", "data_agg": "2017-12-31 00:00:00", "data_fin": "9999-12-31 00:00:00", "ente_for": "REGIONE PIEMONTE", "ente_prod": "ARPA PIEMONTE", "modo_prod": "banche dati esterne - geometrie da catasto, altezza volumi da ARPA PIEMONTE (DSM-DTM,LAS)", "sc_acq": "1:10000", "un_vol_av": "3", "un_vol_por": "al suolo", "un_vol_qe": "", "un_vol_ex": "altezza", "source": "BDTRE un_vol" }, "geometry": { "type": "Polygon", "coordinates": [ [ [ 7.67236, 45.06868 ], [ 7.67242, 45.06866 ], [ 7.67248, 45.06874 ], [ 7.67242, 45.06876 ], [ 7.67241, 45.06875 ], [ 7.6724, 45.06874 ], [ 7.67238, 45.06871 ], [ 7.67236, 45.06868 ] ] ] } },
{ "type": "Feature", "properties": { "uuid": "b694f75f-727c-4ec7-a709-7d269cad170b", "data_acq": "2017-12-31 00:00:00", "data_agg": "2017-12-31 00:00:00", "data_fin": "9999-12-31 00:00:00", "ente_for": "REGIONE PIEMONTE", "ente_prod": "ARPA PIEMONTE", "modo_prod": "banche dati esterne - geometrie da catasto, altezza volumi da ARPA PIEMONTE (DSM-DTM,LAS)", "sc_acq": "1:10000", "un_vol_av": "3", "un_vol_por": "al suolo", "un_vol_qe": "", "un_vol_ex": "altezza", "source": "BDTRE un_vol" }, "geometry": { "type": "Polygon", "coordinates": [ [ [ 7.68987, 45.08352 ], [ 7.68988, 45.08348 ], [ 7.68978, 45.08347 ], [ 7.68978, 45.08348 ], [ 7.68977, 45.08351 ], [ 7.68979, 45.0835 ], [ 7.68987, 45.08352 ] ] ] } },
{ "type": "Feature", "properties": { "uuid": "a5e54a9c-7c54-472c-a477-6394796d494c", "data_acq": "2017-12-31 00:00:00", "data_agg": "2017-12-31 00:00:00", "data_fin": "9999-12-31 00:00:00", "ente_for": "REGIONE PIEMONTE", "ente_prod": "ARPA PIEMONTE", "modo_prod": "banche dati esterne - geometrie da catasto, altezza volumi da ARPA PIEMONTE (DSM-DTM,LAS)", "sc_acq": "1:10000", "un_vol_av": "5", "un_vol_por": "al suolo", "un_vol_qe": "", "un_vol_ex": "altezza", "source": "BDTRE un_vol" }, "geometry": { "type": "Polygon", "coordinates": [ [ [ 7.66735, 45.06997 ], [ 7.66735, 45.06997 ], [ 7.66731, 45.06992 ], [ 7.66738, 45.0699 ], [ 7.66742, 45.06995 ], [ 7.66735, 45.06997 ] ] ] } },
{ "type": "Feature", "properties": { "uuid": "81b16a56-85ff-4788-afae-7d868da5e66c", "data_acq": "2017-12-31 00:00:00", "data_agg": "2017-12-31 00:00:00", "data_fin": "9999-12-31 00:00:00", "ente_for": "REGIONE PIEMONTE", "ente_prod": "ARPA PIEMONTE", "modo_prod": "banche dati esterne - geometrie da catasto, altezza volumi da ARPA PIEMONTE (DSM-DTM,LAS)", "sc_acq": "1:10000", "un_vol_av": "4", "un_vol_por": "al suolo", "un_vol_qe": "", "un_vol_ex": "altezza", "source": "BDTRE un_vol" }, "geometry": { "type": "Polygon", "coordinates": [ [ [ 7.69356, 45.07206 ], [ 7.6936, 45.0721 ], [ 7.69358, 45.07211 ], [ 7.69356, 45.07214 ], [ 7.69356, 45.07214 ], [ 7.69358, 45.07216 ], [ 7.69351, 45.07218 ], [ 7.69348, 45.07212 ], [ 7.69351, 45.0721 ], [ 7.69354, 45.07208 ], [ 7.69356, 45.07206 ] ] ] } },
{ "type": "Feature", "properties": { "uuid": "c4f021e4-aaf1-4b52-aa2c-6327d5f67a05", "data_acq": "2017-12-31 00:00:00", "data_agg": "2017-12-31 00:00:00", "data_fin": "9999-12-31 00:00:00", "ente_for": "REGIONE PIEMONTE", "ente_prod": "ARPA PIEMONTE", "modo_prod": "banche dati esterne - geometrie da catasto, altezza volumi da ARPA PIEMONTE (DSM-DTM,LAS)", "sc_acq": "1:10000", "un_vol_av": "4", "un_vol_por": "al suolo", "un_vol_qe": "", "un_vol_ex": "altezza", "source": "BDTRE un_vol" }, "geometry": { "type": "Polygon", "coordinates": [ [ [ 7.69232, 45.07266 ], [ 7.69239, 45.07269 ], [ 7.69239, 45.0727 ], [ 7.69237, 45.07272 ], [ 7.69234, 45.07271 ], [ 7.69234, 45.07272 ], [ 7.69231, 45.0727 ], [ 7.69231, 45.07269 ], [ 7.69229, 45.07268 ], [ 7.69232, 45.07266 ] ] ] } },
{ "type": "Feature", "properties": { "uuid": "6e20aa6d-ddcf-4ef5-bdf2-fef2b67ec33d", "data_acq": "2017-12-31 00:00:00", "data_agg": "2017-12-31 00:00:00", "data_fin": "9999-12-31 00:00:00", "ente_for": "REGIONE PIEMONTE", "ente_prod": "ARPA PIEMONTE", "modo_prod": "banche dati esterne - geometrie da catasto, altezza volumi da ARPA PIEMONTE (DSM-DTM,LAS)", "sc_acq": "1:10000", "un_vol_av": "3", "un_vol_por": "al suolo", "un_vol_qe": "", "un_vol_ex": "altezza", "source": "BDTRE un_vol" }, "geometry": { "type": "Polygon", "coordinates": [ [ [ 7.66936, 45.0838 ], [ 7.66941, 45.08383 ], [ 7.66937, 45.08387 ], [ 7.66931, 45.08385 ], [ 7.66935, 45.0838 ], [ 7.66936, 45.0838 ] ] ] } },
{ "type": "Feature", "properties": { "uuid": "84a73004-e905-4eef-987d-815830a1ff77", "data_acq": "2017-12-31 00:00:00", "data_agg": "2017-12-31 00:00:00", "data_fin": "9999-12-31 00:00:00", "ente_for": "REGIONE PIEMONTE", "ente_prod": "ARPA PIEMONTE", "modo_prod": "banche dati esterne - geometrie da catasto, altezza volumi da ARPA PIEMONTE (DSM-DTM,LAS)", "sc_acq": "1:10000", "un_vol_av": "5", "un_vol_por": "al suolo", "un_vol_qe": "", "un_vol_ex": "altezza", "source": "BDTRE un_vol" }, "geometry": { "type": "Polygon", "coordinates": [ [ [ 7.69008, 45.06707 ], [ 7.69014, 45.06704 ], [ 7.69014, 45.06704 ], [ 7.69022, 45.06715 ], [ 7.69032, 45.06729 ], [ 7.69036, 45.06727 ], [ 7.69037, 45.06727 ], [ 7.69041, 45.06732 ], [ 7.6903, 45.06736 ], [ 7.6903, 45.06736 ], [ 7.69026, 45.06731 ], [ 7.69026, 45.06731 ], [ 7.69025, 45.06731 ], [ 7.69025, 45.06731 ], [ 7.69008, 45.06707 ] ] ] } },
{ "type": "Feature", "properties": { "uuid": "d8316825-56d9-46ed-a0e8-c7c6faa856cb", "data_acq": "2017-12-31 00:00:00", "data_agg": "2017-12-31 00:00:00", "data_fin": "9999-12-31 00:00:00", "ente_for": "REGIONE PIEMONTE", "ente_prod": "ARPA PIEMONTE", "modo_prod": "banche dati esterne - geometrie da catasto, altezza volumi da ARPA PIEMONTE (DSM-DTM,LAS)", "sc_acq": "1:10000", "un_vol_av": "11", "un_vol_por": "al suolo", "un_vol_qe": "", "un_vol_ex": "altezza", "source": "BDTRE un_vol" }, "geometry": { "type": "Polygon", "coordinates": [ [ [ 7.6665, 45.06572 ], [ 7.66653, 45.06576 ], [ 7.6666, 45.06573 ], [ 7.66657, 45.06569 ], [ 7.6665, 45.06572 ] ] ] } },
{ "type": "Feature", "properties": { "uuid": "fdeace28-c0a8-459a-a990-1d7160cf2540", "data_acq": "2017-12-31 00:00:00", "data_agg": "2017-12-31 00:00:00", "data_fin": "9999-12-31 00:00:00", "ente_for": "REGIONE PIEMONTE", "ente_prod": "ARPA PIEMONTE", "modo_prod": "banche dati esterne - geometrie da catasto, altezza volumi da ARPA PIEMONTE (DSM-DTM,LAS)", "sc_acq": "1:10000", "un_vol_av": "3", "un_vol_por": "al suolo", "un_vol_qe": "", "un_vol_ex": "altezza", "source": "BDTRE un_vol" }, "geometry": { "type": "Polygon", "coordinates": [ [ [ 7.66833, 45.08075 ], [ 7.66835, 45.08077 ], [ 7.66836, 45.08079 ], [ 7.66837, 45.0808 ], [ 7.66831, 45.08082 ], [ 7.66828, 45.08077 ], [ 7.66833, 45.08075 ] ] ] } },
{ "type": "Feature", "properties": { "uuid": "a601a1fb-acaa-4eae-b266-2a7580e471af", "data_acq": "2017-12-31 00:00:00", "data_agg": "2017-12-31 00:00:00", "data_fin": "9999-12-31 00:00:00", "ente_for": "REGIONE PIEMONTE", "ente_prod": "ARPA PIEMONTE", "modo_prod": "banche dati esterne - geometrie da catasto, altezza volumi da ARPA PIEMONTE (DSM-DTM,LAS)", "sc_acq": "1:10000", "un_vol_av": "5", "un_vol_por": "al suolo", "un_vol_qe": "", "un_vol_ex": "altezza", "source": "BDTRE un_vol" }, "geometry": { "type": "Polygon", "coordinates": [ [ [ 7.69083, 45.06535 ], [ 7.69085, 45.06538 ], [ 7.69084, 45.06538 ], [ 7.69079, 45.0654 ], [ 7.69077, 45.06537 ], [ 7.69083, 45.06535 ] ] ] } },
{ "type": "Feature", "properties": { "uuid": "b8c85e77-8275-4512-b78f-f80edd3e8d2d", "data_acq": "2017-12-31 00:00:00", "data_agg": "2017-12-31 00:00:00", "data_fin": "9999-12-31 00:00:00", "ente_for": "REGIONE PIEMONTE", "ente_prod": "ARPA PIEMONTE", "modo_prod": "banche dati esterne - geometrie da catasto, altezza volumi da ARPA PIEMONTE (DSM-DTM,LAS)", "sc_acq": "1:10000", "un_vol_av": "3", "un_vol_por": "al suolo", "un_vol_qe": "", "un_vol_ex": "altezza", "source": "BDTRE un_vol" }, "geometry": { "type": "Polygon", "coordinates": [ [ [ 7.66941, 45.07904 ], [ 7.66934, 45.07897 ], [ 7.66927, 45.079 ], [ 7.66935, 45.07907 ], [ 7.66941, 45.07904 ] ] ] } },
{ "type": "Feature", "properties": { "uuid": "afdc4bcb-1827-4705-8284-f4729d520f58", "data_acq": "2017-12-31 00:00:00", "data_agg": "2017-12-31 00:00:00", "data_fin": "9999-12-31 00:00:00", "ente_for": "REGIONE PIEMONTE", "ente_prod": "ARPA PIEMONTE", "modo_prod": "banche dati esterne - geometrie da catasto, altezza volumi da ARPA PIEMONTE (DSM-DTM,LAS)", "sc_acq": "1:10000", "un_vol_av": "3", "un_vol_por": "al suolo", "un_vol_qe": "", "un_vol_ex": "altezza", "source": "BDTRE un_vol" }, "geometry": { "type": "Polygon", "coordinates": [ [ [ 7.67454, 45.08376 ], [ 7.67451, 45.08377 ], [ 7.67448, 45.08373 ], [ 7.67451, 45.08372 ], [ 7.67454, 45.08376 ] ] ] } },
{ "type": "Feature", "properties": { "uuid": "a9affbfe-337e-4821-a0fa-40e7ebacc2c9", "data_acq": "2017-12-31 00:00:00", "data_agg": "2017-12-31 00:00:00", "data_fin": "9999-12-31 00:00:00", "ente_for": "REGIONE PIEMONTE", "ente_prod": "ARPA PIEMONTE", "modo_prod": "banche dati esterne - geometrie da catasto, altezza volumi da ARPA PIEMONTE (DSM-DTM,LAS)", "sc_acq": "1:10000", "un_vol_av": "12", "un_vol_por": "al suolo", "un_vol_qe": "", "un_vol_ex": "altezza", "source": "BDTRE un_vol" }, "geometry": { "type": "Polygon", "coordinates": [ [ [ 7.66654, 45.08296 ], [ 7.66664, 45.08294 ], [ 7.66667, 45.08299 ], [ 7.66661, 45.08301 ], [ 7.66657, 45.08302 ], [ 7.66654, 45.08296 ] ] ] } },
{ "type": "Feature", "properties": { "uuid": "d3d536bc-75cd-4e68-ac46-10fa5e5da620", "data_acq": "2017-12-31 00:00:00", "data_agg": "2017-12-31 00:00:00", "data_fin": "9999-12-31 00:00:00", "ente_for": "REGIONE PIEMONTE", "ente_prod": "ARPA PIEMONTE", "modo_prod": "banche dati esterne - geometrie da catasto, altezza volumi da ARPA PIEMONTE (DSM-DTM,LAS)", "sc_acq": "1:10000", "un_vol_av": "3", "un_vol_por": "al suolo", "un_vol_qe": "", "un_vol_ex": "altezza", "source": "BDTRE un_vol" }, "geometry": { "type": "Polygon", "coordinates": [ [ [ 7.69458, 45.0726 ], [ 7.69456, 45.07261 ], [ 7.69457, 45.07262 ], [ 7.69443, 45.07266 ], [ 7.69439, 45.07261 ], [ 7.69446, 45.07259 ], [ 7.69452, 45.07257 ], [ 7.69455, 45.07256 ], [ 7.69458, 45.0726 ] ] ] } },
{ "type": "Feature", "properties": { "uuid": "de553ff1-3844-4160-858f-298f0f7cb23c", "data_acq": "2017-12-31 00:00:00", "data_agg": "2017-12-31 00:00:00", "data_fin": "9999-12-31 00:00:00", "ente_for": "REGIONE PIEMONTE", "ente_prod": "ARPA PIEMONTE", "modo_prod": "banche dati esterne - geometrie da catasto, altezza volumi da ARPA PIEMONTE (DSM-DTM,LAS)", "sc_acq": "1:10000", "un_vol_av": "5", "un_vol_por": "al suolo", "un_vol_qe": "", "un_vol_ex": "altezza", "source": "BDTRE un_vol" }, "geometry": { "type": "Polygon", "coordinates": [ [ [ 7.67472, 45.07509 ], [ 7.6747, 45.0751 ], [ 7.67471, 45.07511 ], [ 7.67466, 45.07512 ], [ 7.6747, 45.07516 ], [ 7.6747, 45.07516 ], [ 7.67475, 45.07514 ], [ 7.67475, 45.07514 ], [ 7.67472, 45.07509 ] ] ] } },
{ "type": "Feature", "properties": { "uuid": "83f3d8c5-da47-4b49-a255-a27e1727bec7", "data_acq": "2017-12-31 00:00:00", "data_agg": "2017-12-31 00:00:00", "data_fin": "9999-12-31 00:00:00", "ente_for": "REGIONE PIEMONTE", "ente_prod": "ARPA PIEMONTE", "modo_prod": "banche dati esterne - geometrie da catasto, altezza volumi da ARPA PIEMONTE (DSM-DTM,LAS)", "sc_acq": "1:10000", "un_vol_av": "3", "un_vol_por": "al suolo", "un_vol_qe": "", "un_vol_ex": "altezza", "source": "BDTRE un_vol" }, "geometry": { "type": "Polygon", "coordinates": [ [ [ 7.66517, 45.0741 ], [ 7.66517, 45.0741 ], [ 7.66519, 45.07411 ], [ 7.66514, 45.07413 ], [ 7.66513, 45.07414 ], [ 7.66512, 45.07411 ], [ 7.66517, 45.0741 ] ] ] } },
{ "type": "Feature", "properties": { "uuid": "cd7167f7-d0d3-494c-b6e8-631764a06af1", "data_acq": "2017-12-31 00:00:00", "data_agg": "2017-12-31 00:00:00", "data_fin": "9999-12-31 00:00:00", "ente_for": "REGIONE PIEMONTE", "ente_prod": "ARPA PIEMONTE", "modo_prod": "banche dati esterne - geometrie da catasto, altezza volumi da ARPA PIEMONTE (DSM-DTM,LAS)", "sc_acq": "1:10000", "un_vol_av": "6", "un_vol_por": "al suolo", "un_vol_qe": "", "un_vol_ex": "altezza", "source": "BDTRE un_vol" }, "geometry": { "type": "Polygon", "coordinates": [ [ [ 7.68421, 45.06701 ], [ 7.68417, 45.06695 ], [ 7.6842, 45.06694 ], [ 7.68414, 45.06685 ], [ 7.68402, 45.06669 ], [ 7.68406, 45.06668 ], [ 7.68413, 45.06679 ], [ 7.68429, 45.06673 ], [ 7.68444, 45.06668 ], [ 7.68451, 45.06678 ], [ 7.68458, 45.06687 ], [ 7.68449, 45.0669 ], [ 7.68436, 45.06695 ], [ 7.68423, 45.067 ], [ 7.68421, 45.06701 ] ] ] } },
{ "type": "Feature", "properties": { "uuid": "af86f0dc-a007-4327-9f6c-5951ef954096", "data_acq": "2017-12-31 00:00:00", "data_agg": "2017-12-31 00:00:00", "data_fin": "9999-12-31 00:00:00", "ente_for": "REGIONE PIEMONTE", "ente_prod": "ARPA PIEMONTE", "modo_prod": "banche dati esterne - geometrie da catasto, altezza volumi da ARPA PIEMONTE (DSM-DTM,LAS)", "sc_acq": "1:10000", "un_vol_av": "3", "un_vol_por": "al suolo", "un_vol_qe": "", "un_vol_ex": "altezza", "source": "BDTRE un_vol" }, "geometry": { "type": "Polygon", "coordinates": [ [ [ 7.67478, 45.08267 ], [ 7.67475, 45.08268 ], [ 7.67472, 45.08264 ], [ 7.67475, 45.08263 ], [ 7.67476, 45.08263 ], [ 7.67478, 45.08267 ] ] ] } },
{ "type": "Feature", "properties": { "uuid": "93296698-87f6-43e7-8e93-67d154ec5018", "data_acq": "2017-12-31 00:00:00", "data_agg": "2017-12-31 00:00:00", "data_fin": "9999-12-31 00:00:00", "ente_for": "REGIONE PIEMONTE", "ente_prod": "ARPA PIEMONTE", "modo_prod": "banche dati esterne - geometrie da catasto, altezza volumi da ARPA PIEMONTE (DSM-DTM,LAS)", "sc_acq": "1:10000", "un_vol_av": "4", "un_vol_por": "al suolo", "un_vol_qe": "", "un_vol_ex": "altezza", "source": "BDTRE un_vol" }, "geometry": { "type": "Polygon", "coordinates": [ [ [ 7.67474, 45.0667 ], [ 7.67475, 45.06673 ], [ 7.6747, 45.06675 ], [ 7.67468, 45.06672 ], [ 7.67474, 45.0667 ] ] ] } },
{ "type": "Feature", "properties": { "uuid": "0a20f049-d229-4e0d-b1e7-6f4b68829b6f", "data_acq": "2017-12-31 00:00:00", "data_agg": "2017-12-31 00:00:00", "data_fin": "9999-12-31 00:00:00", "ente_for": "REGIONE PIEMONTE", "ente_prod": "ARPA PIEMONTE", "modo_prod": "banche dati esterne - geometrie da catasto, altezza volumi da ARPA PIEMONTE (DSM-DTM,LAS)", "sc_acq": "1:10000", "un_vol_av": "4", "un_vol_por": "al suolo", "un_vol_qe": "", "un_vol_ex": "altezza", "source": "BDTRE un_vol" }, "geometry": { "type": "Polygon", "coordinates": [ [ [ 7.66606, 45.07594 ], [ 7.66606, 45.07601 ], [ 7.66597, 45.07601 ], [ 7.66597, 45.07595 ], [ 7.66599, 45.07595 ], [ 7.666, 45.07595 ], [ 7.66604, 45.07594 ], [ 7.66606, 45.07594 ], [ 7.66606, 45.07594 ] ] ] } },
{ "type": "Feature", "properties": { "uuid": "a53d03d6-daad-4b17-91c4-7b44791b9bff", "data_acq": "2017-12-31 00:00:00", "data_agg": "2017-12-31 00:00:00", "data_fin": "9999-12-31 00:00:00", "ente_for": "REGIONE PIEMONTE", "ente_prod": "ARPA PIEMONTE", "modo_prod": "banche dati esterne - geometrie da catasto, altezza volumi da ARPA PIEMONTE (DSM-DTM,LAS)", "sc_acq": "1:10000", "un_vol_av": "4", "un_vol_por": "al suolo", "un_vol_qe": "", "un_vol_ex": "altezza", "source": "BDTRE un_vol" }, "geometry": { "type": "Polygon", "coordinates": [ [ [ 7.67694, 45.08271 ], [ 7.67689, 45.08273 ], [ 7.67683, 45.08263 ], [ 7.67688, 45.08261 ], [ 7.67688, 45.08261 ], [ 7.67693, 45.08268 ], [ 7.67692, 45.08268 ], [ 7.67694, 45.08271 ] ] ] } },
{ "type": "Feature", "properties": { "uuid": "de39ad11-13ab-42d0-99dd-610c09926b57", "data_acq": "2017-12-31 00:00:00", "data_agg": "2017-12-31 00:00:00", "data_fin": "9999-12-31 00:00:00", "ente_for": "REGIONE PIEMONTE", "ente_prod": "ARPA PIEMONTE", "modo_prod": "banche dati esterne - geometrie da catasto, altezza volumi da ARPA PIEMONTE (DSM-DTM,LAS)", "sc_acq": "1:10000", "un_vol_av": "5", "un_vol_por": "al suolo", "un_vol_qe": "", "un_vol_ex": "altezza", "source": "BDTRE un_vol" }, "geometry": { "type": "Polygon", "coordinates": [ [ [ 7.66569, 45.06903 ], [ 7.66576, 45.069 ], [ 7.66579, 45.06904 ], [ 7.66572, 45.06906 ], [ 7.66574, 45.06909 ], [ 7.66569, 45.06911 ], [ 7.66566, 45.06907 ], [ 7.66564, 45.06905 ], [ 7.66569, 45.06903 ] ] ] } },
{ "type": "Feature", "properties": { "uuid": "9b4a8844-9e09-447c-aee9-23bbb941b3a2", "data_acq": "2017-12-31 00:00:00", "data_agg": "2017-12-31 00:00:00", "data_fin": "9999-12-31 00:00:00", "ente_for": "REGIONE PIEMONTE", "ente_prod": "ARPA PIEMONTE", "modo_prod": "banche dati esterne - geometrie da catasto, altezza volumi da ARPA PIEMONTE (DSM-DTM,LAS)", "sc_acq": "1:10000", "un_vol_av": "3", "un_vol_por": "al suolo", "un_vol_qe": "", "un_vol_ex": "altezza", "source": "BDTRE un_vol" }, "geometry": { "type": "Polygon", "coordinates": [ [ [ 7.66625, 45.08403 ], [ 7.6663, 45.08401 ], [ 7.66636, 45.08411 ], [ 7.66629, 45.08413 ], [ 7.66629, 45.08413 ], [ 7.66625, 45.08403 ] ] ] } },
{ "type": "Feature", "properties": { "uuid": "76211b45-ee18-46d1-8427-cdf0ed1385b1", "data_acq": "2017-12-31 00:00:00", "data_agg": "2017-12-31 00:00:00", "data_fin": "9999-12-31 00:00:00", "ente_for": "REGIONE PIEMONTE", "ente_prod": "ARPA PIEMONTE", "modo_prod": "banche dati esterne - geometrie da catasto, altezza volumi da ARPA PIEMONTE (DSM-DTM,LAS)", "sc_acq": "1:10000", "un_vol_av": "9", "un_vol_por": "al suolo", "un_vol_qe": "", "un_vol_ex": "altezza", "source": "BDTRE un_vol" }, "geometry": { "type": "Polygon", "coordinates": [ [ [ 7.6661, 45.06578 ], [ 7.66613, 45.06583 ], [ 7.66617, 45.06582 ], [ 7.66613, 45.06577 ], [ 7.6661, 45.06578 ] ] ] } },
{ "type": "Feature", "properties": { "uuid": "e5ea4c95-0056-44c1-85c6-47bc12281ab8", "data_acq": "2017-12-31 00:00:00", "data_agg": "2017-12-31 00:00:00", "data_fin": "9999-12-31 00:00:00", "ente_for": "REGIONE PIEMONTE", "ente_prod": "ARPA PIEMONTE", "modo_prod": "banche dati esterne - geometrie da catasto, altezza volumi da ARPA PIEMONTE (DSM-DTM,LAS)", "sc_acq": "1:10000", "un_vol_av": "3", "un_vol_por": "al suolo", "un_vol_qe": "", "un_vol_ex": "altezza", "source": "BDTRE un_vol" }, "geometry": { "type": "Polygon", "coordinates": [ [ [ 7.66774, 45.08154 ], [ 7.66767, 45.08157 ], [ 7.66764, 45.08152 ], [ 7.66771, 45.0815 ], [ 7.66772, 45.08151 ], [ 7.66774, 45.08154 ] ] ] } },
{ "type": "Feature", "properties": { "uuid": "3b031e64-e196-4b19-8a89-0a90f236aa58", "data_acq": "2017-12-31 00:00:00", "data_agg": "2017-12-31 00:00:00", "data_fin": "9999-12-31 00:00:00", "ente_for": "REGIONE PIEMONTE", "ente_prod": "ARPA PIEMONTE", "modo_prod": "banche dati esterne - geometrie da catasto, altezza volumi da ARPA PIEMONTE (DSM-DTM,LAS)", "sc_acq": "1:10000", "un_vol_av": "4", "un_vol_por": "al suolo", "un_vol_qe": "", "un_vol_ex": "altezza", "source": "BDTRE un_vol" }, "geometry": { "type": "Polygon", "coordinates": [ [ [ 7.6845, 45.08372 ], [ 7.68452, 45.08375 ], [ 7.68447, 45.08376 ], [ 7.68445, 45.08374 ], [ 7.6845, 45.08372 ] ] ] } },
{ "type": "Feature", "properties": { "uuid": "4479f0ec-44b1-4f10-bf57-5682181a0644", "data_acq": "2017-12-31 00:00:00", "data_agg": "2017-12-31 00:00:00", "data_fin": "9999-12-31 00:00:00", "ente_for": "REGIONE PIEMONTE", "ente_prod": "ARPA PIEMONTE", "modo_prod": "banche dati esterne - geometrie da catasto, altezza volumi da ARPA PIEMONTE (DSM-DTM,LAS)", "sc_acq": "1:10000", "un_vol_av": "3", "un_vol_por": "al suolo", "un_vol_qe": "", "un_vol_ex": "altezza", "source": "BDTRE un_vol" }, "geometry": { "type": "Polygon", "coordinates": [ [ [ 7.68003, 45.08222 ], [ 7.68007, 45.08221 ], [ 7.68009, 45.08226 ], [ 7.68005, 45.08227 ], [ 7.68003, 45.08222 ] ] ] } },
{ "type": "Feature", "properties": { "uuid": "493d37e5-2db3-4ff9-83d9-bacbfcef4a54", "data_acq": "2017-12-31 00:00:00", "data_agg": "2017-12-31 00:00:00", "data_fin": "9999-12-31 00:00:00", "ente_for": "REGIONE PIEMONTE", "ente_prod": "ARPA PIEMONTE", "modo_prod": "banche dati esterne - geometrie da catasto, altezza volumi da ARPA PIEMONTE (DSM-DTM,LAS)", "sc_acq": "1:10000", "un_vol_av": "4", "un_vol_por": "al suolo", "un_vol_qe": "", "un_vol_ex": "altezza", "source": "BDTRE un_vol" }, "geometry": { "type": "Polygon", "coordinates": [ [ [ 7.68339, 45.0656 ], [ 7.68346, 45.06557 ], [ 7.68349, 45.06559 ], [ 7.6835, 45.06561 ], [ 7.68342, 45.06564 ], [ 7.68339, 45.0656 ] ] ] } },
{ "type": "Feature", "properties": { "uuid": "2ce44fd0-3e38-40fd-99fe-746c2cb771e9", "data_acq": "2017-12-31 00:00:00", "data_agg": "2017-12-31 00:00:00", "data_fin": "9999-12-31 00:00:00", "ente_for": "REGIONE PIEMONTE", "ente_prod": "ARPA PIEMONTE", "modo_prod": "banche dati esterne - geometrie da catasto, altezza volumi da ARPA PIEMONTE (DSM-DTM,LAS)", "sc_acq": "1:10000", "un_vol_av": "3", "un_vol_por": "al suolo", "un_vol_qe": "", "un_vol_ex": "altezza", "source": "BDTRE un_vol" }, "geometry": { "type": "Polygon", "coordinates": [ [ [ 7.69105, 45.07473 ], [ 7.69099, 45.07476 ], [ 7.69097, 45.07473 ], [ 7.69103, 45.07471 ], [ 7.69105, 45.07473 ] ] ] } },
{ "type": "Feature", "properties": { "uuid": "627c97c3-27bf-4434-9a66-20f5f0f18cc3", "data_acq": "2017-12-31 00:00:00", "data_agg": "2017-12-31 00:00:00", "data_fin": "9999-12-31 00:00:00", "ente_for": "REGIONE PIEMONTE", "ente_prod": "ARPA PIEMONTE", "modo_prod": "banche dati esterne - geometrie da catasto, altezza volumi da ARPA PIEMONTE (DSM-DTM,LAS)", "sc_acq": "1:10000", "un_vol_av": "3", "un_vol_por": "al suolo", "un_vol_qe": "", "un_vol_ex": "altezza", "source": "BDTRE un_vol" }, "geometry": { "type": "Polygon", "coordinates": [ [ [ 7.6661, 45.07815 ], [ 7.66617, 45.07813 ], [ 7.6662, 45.07817 ], [ 7.66613, 45.07819 ], [ 7.6661, 45.07815 ] ] ] } },
{ "type": "Feature", "properties": { "uuid": "16b0b32f-e61b-401a-ae29-a7dbe54f61af", "data_acq": "2017-12-31 00:00:00", "data_agg": "2017-12-31 00:00:00", "data_fin": "9999-12-31 00:00:00", "ente_for": "REGIONE PIEMONTE", "ente_prod": "ARPA PIEMONTE", "modo_prod": "banche dati esterne - geometrie da catasto, altezza volumi da ARPA PIEMONTE (DSM-DTM,LAS)", "sc_acq": "1:10000", "un_vol_av": "6", "un_vol_por": "al suolo", "un_vol_qe": "", "un_vol_ex": "altezza", "source": "BDTRE un_vol" }, "geometry": { "type": "Polygon", "coordinates": [ [ [ 7.69081, 45.06582 ], [ 7.69085, 45.06588 ], [ 7.69085, 45.06588 ], [ 7.69082, 45.06589 ], [ 7.69077, 45.06583 ], [ 7.69081, 45.06582 ] ] ] } },
{ "type": "Feature", "properties": { "uuid": "6e33d34d-1420-412b-9990-a8e34f0c619f", "data_acq": "2017-12-31 00:00:00", "data_agg": "2017-12-31 00:00:00", "data_fin": "9999-12-31 00:00:00", "ente_for": "REGIONE PIEMONTE", "ente_prod": "ARPA PIEMONTE", "modo_prod": "banche dati esterne - geometrie da catasto, altezza volumi da ARPA PIEMONTE (DSM-DTM,LAS)", "sc_acq": "1:10000", "un_vol_av": "5", "un_vol_por": "al suolo", "un_vol_qe": "", "un_vol_ex": "altezza", "source": "BDTRE un_vol" }, "geometry": { "type": "Polygon", "coordinates": [ [ [ 7.66599, 45.07536 ], [ 7.66599, 45.07536 ], [ 7.66593, 45.07538 ], [ 7.66587, 45.0754 ], [ 7.66586, 45.07539 ], [ 7.66585, 45.07537 ], [ 7.66589, 45.07535 ], [ 7.66589, 45.07535 ], [ 7.66589, 45.07535 ], [ 7.6659, 45.07534 ], [ 7.6659, 45.07534 ], [ 7.66586, 45.07528 ], [ 7.66584, 45.07525 ], [ 7.66579, 45.07518 ], [ 7.66584, 45.07516 ], [ 7.66585, 45.07517 ], [ 7.66585, 45.07517 ], [ 7.66589, 45.07523 ], [ 7.66592, 45.07526 ], [ 7.66596, 45.07532 ], [ 7.66599, 45.07536 ] ] ] } },
{ "type": "Feature", "properties": { "uuid": "e17c7f80-6401-48b9-b4c0-08365a65f753", "data_acq": "2017-12-31 00:00:00", "data_agg": "2017-12-31 00:00:00", "data_fin": "9999-12-31 00:00:00", "ente_for": "REGIONE PIEMONTE", "ente_prod": "ARPA PIEMONTE", "modo_prod": "banche dati esterne - geometrie da catasto, altezza volumi da ARPA PIEMONTE (DSM-DTM,LAS)", "sc_acq": "1:10000", "un_vol_av": "3", "un_vol_por": "al suolo", "un_vol_qe": "", "un_vol_ex": "altezza", "source": "BDTRE un_vol" }, "geometry": { "type": "Polygon", "coordinates": [ [ [ 7.67234, 45.06864 ], [ 7.67232, 45.06862 ], [ 7.6723, 45.0686 ], [ 7.67234, 45.06859 ], [ 7.67236, 45.06863 ], [ 7.67234, 45.06864 ] ] ] } },
{ "type": "Feature", "properties": { "uuid": "03613620-5c6e-47c7-8aa9-1c317fd425dd", "data_acq": "2017-12-31 00:00:00", "data_agg": "2017-12-31 00:00:00", "data_fin": "9999-12-31 00:00:00", "ente_for": "REGIONE PIEMONTE", "ente_prod": "ARPA PIEMONTE", "modo_prod": "banche dati esterne - geometrie da catasto, altezza volumi da ARPA PIEMONTE (DSM-DTM,LAS)", "sc_acq": "1:10000", "un_vol_av": "3", "un_vol_por": "al suolo", "un_vol_qe": "", "un_vol_ex": "altezza", "source": "BDTRE un_vol" }, "geometry": { "type": "Polygon", "coordinates": [ [ [ 7.66634, 45.07715 ], [ 7.66634, 45.07715 ], [ 7.66626, 45.07715 ], [ 7.66626, 45.0772 ], [ 7.66634, 45.0772 ], [ 7.66634, 45.07715 ] ] ] } },
{ "type": "Feature", "properties": { "uuid": "432406d5-7b45-4bd5-a3ff-cab3ca1ff224", "data_acq": "2017-12-31 00:00:00", "data_agg": "2017-12-31 00:00:00", "data_fin": "9999-12-31 00:00:00", "ente_for": "REGIONE PIEMONTE", "ente_prod": "ARPA PIEMONTE", "modo_prod": "banche dati esterne - geometrie da catasto, altezza volumi da ARPA PIEMONTE (DSM-DTM,LAS)", "sc_acq": "1:10000", "un_vol_av": "3", "un_vol_por": "al suolo", "un_vol_qe": "", "un_vol_ex": "altezza", "source": "BDTRE un_vol" }, "geometry": { "type": "Polygon", "coordinates": [ [ [ 7.69331, 45.08189 ], [ 7.69336, 45.08184 ], [ 7.6934, 45.08179 ], [ 7.69345, 45.08181 ], [ 7.69343, 45.08184 ], [ 7.69343, 45.08185 ], [ 7.69339, 45.08189 ], [ 7.69339, 45.0819 ], [ 7.69339, 45.08191 ], [ 7.6934, 45.08194 ], [ 7.69341, 45.08195 ], [ 7.69351, 45.082 ], [ 7.69348, 45.08204 ], [ 7.69334, 45.08198 ], [ 7.69332, 45.08191 ], [ 7.69331, 45.08189 ] ] ] } },
{ "type": "Feature", "properties": { "uuid": "5aaf7d24-b90b-4295-9d56-2593e401edd2", "data_acq": "2017-12-31 00:00:00", "data_agg": "2017-12-31 00:00:00", "data_fin": "9999-12-31 00:00:00", "ente_for": "REGIONE PIEMONTE", "ente_prod": "ARPA PIEMONTE", "modo_prod": "banche dati esterne - geometrie da catasto, altezza volumi da ARPA PIEMONTE (DSM-DTM,LAS)", "sc_acq": "1:10000", "un_vol_av": "3", "un_vol_por": "al suolo", "un_vol_qe": "", "un_vol_ex": "altezza", "source": "BDTRE un_vol" }, "geometry": { "type": "Polygon", "coordinates": [ [ [ 7.67465, 45.08275 ], [ 7.67464, 45.08275 ], [ 7.67464, 45.08274 ], [ 7.67466, 45.08273 ], [ 7.67466, 45.08274 ], [ 7.6748, 45.0827 ], [ 7.67483, 45.08274 ], [ 7.67468, 45.08279 ], [ 7.67465, 45.08275 ] ] ] } },
{ "type": "Feature", "properties": { "uuid": "f50d1cb0-ed72-469c-bdf2-debd25f0d021", "data_acq": "2017-12-31 00:00:00", "data_agg": "2017-12-31 00:00:00", "data_fin": "9999-12-31 00:00:00", "ente_for": "REGIONE PIEMONTE", "ente_prod": "ARPA PIEMONTE", "modo_prod": "banche dati esterne - geometrie da catasto, altezza volumi da ARPA PIEMONTE (DSM-DTM,LAS)", "sc_acq": "1:10000", "un_vol_av": "4", "un_vol_por": "al suolo", "un_vol_qe": "", "un_vol_ex": "altezza", "source": "BDTRE un_vol" }, "geometry": { "type": "Polygon", "coordinates": [ [ [ 7.66737, 45.07701 ], [ 7.66738, 45.07702 ], [ 7.66738, 45.07702 ], [ 7.6674, 45.07702 ], [ 7.66778, 45.07694 ], [ 7.6679, 45.07692 ], [ 7.6679, 45.07691 ], [ 7.66791, 45.0769 ], [ 7.6679, 45.0769 ], [ 7.66789, 45.0769 ], [ 7.66789, 45.07688 ], [ 7.6674, 45.07697 ], [ 7.66737, 45.07698 ], [ 7.66737, 45.07701 ] ] ] } },
{ "type": "Feature", "properties": { "uuid": "9547cc82-e9c5-4c20-9f6a-853997d3accd", "data_acq": "2017-12-31 00:00:00", "data_agg": "2017-12-31 00:00:00", "data_fin": "9999-12-31 00:00:00", "ente_for": "REGIONE PIEMONTE", "ente_prod": "ARPA PIEMONTE", "modo_prod": "banche dati esterne - geometrie da catasto, altezza volumi da ARPA PIEMONTE (DSM-DTM,LAS)", "sc_acq": "1:10000", "un_vol_av": "8", "un_vol_por": "al suolo", "un_vol_qe": "", "un_vol_ex": "altezza", "source": "BDTRE un_vol" }, "geometry": { "type": "Polygon", "coordinates": [ [ [ 7.67335, 45.07406 ], [ 7.67338, 45.0741 ], [ 7.67323, 45.07415 ], [ 7.6732, 45.07411 ], [ 7.67335, 45.07406 ] ] ] } },
{ "type": "Feature", "properties": { "uuid": "2a7f62ed-f41a-4767-84dd-1b48bb4b6fc1", "data_acq": "2017-12-31 00:00:00", "data_agg": "2017-12-31 00:00:00", "data_fin": "9999-12-31 00:00:00", "ente_for": "REGIONE PIEMONTE", "ente_prod": "ARPA PIEMONTE", "modo_prod": "banche dati esterne - geometrie da catasto, altezza volumi da ARPA PIEMONTE (DSM-DTM,LAS)", "sc_acq": "1:10000", "un_vol_av": "3", "un_vol_por": "al suolo", "un_vol_qe": "", "un_vol_ex": "altezza", "source": "BDTRE un_vol" }, "geometry": { "type": "Polygon", "coordinates": [ [ [ 7.67131, 45.07463 ], [ 7.67134, 45.07466 ], [ 7.67136, 45.0747 ], [ 7.67137, 45.07469 ], [ 7.67138, 45.07468 ], [ 7.67139, 45.07467 ], [ 7.67139, 45.07467 ], [ 7.67138, 45.07466 ], [ 7.67138, 45.07465 ], [ 7.67139, 45.07464 ], [ 7.6714, 45.07464 ], [ 7.6714, 45.07463 ], [ 7.67146, 45.07461 ], [ 7.67145, 45.0746 ], [ 7.67144, 45.07458 ], [ 7.67144, 45.07458 ], [ 7.67131, 45.07462 ], [ 7.67131, 45.07463 ] ] ] } },
{ "type": "Feature", "properties": { "uuid": "69bb50c6-4315-42ae-bd31-0f0651864417", "data_acq": "2017-12-31 00:00:00", "data_agg": "2017-12-31 00:00:00", "data_fin": "9999-12-31 00:00:00", "ente_for": "REGIONE PIEMONTE", "ente_prod": "ARPA PIEMONTE", "modo_prod": "banche dati esterne - geometrie da catasto, altezza volumi da ARPA PIEMONTE (DSM-DTM,LAS)", "sc_acq": "1:10000", "un_vol_av": "7", "un_vol_por": "al suolo", "un_vol_qe": "", "un_vol_ex": "altezza", "source": "BDTRE un_vol" }, "geometry": { "type": "Polygon", "coordinates": [ [ [ 7.66831, 45.06539 ], [ 7.66834, 45.06543 ], [ 7.66827, 45.06546 ], [ 7.66824, 45.06541 ], [ 7.66831, 45.06539 ] ] ] } },
{ "type": "Feature", "properties": { "uuid": "be49c132-140a-482a-afae-f7299381d017", "data_acq": "2017-12-31 00:00:00", "data_agg": "2017-12-31 00:00:00", "data_fin": "9999-12-31 00:00:00", "ente_for": "REGIONE PIEMONTE", "ente_prod": "ARPA PIEMONTE", "modo_prod": "banche dati esterne - geometrie da catasto, altezza volumi da ARPA PIEMONTE (DSM-DTM,LAS)", "sc_acq": "1:10000", "un_vol_av": "4", "un_vol_por": "al suolo", "un_vol_qe": "", "un_vol_ex": "altezza", "source": "BDTRE un_vol" }, "geometry": { "type": "Polygon", "coordinates": [ [ [ 7.69155, 45.08143 ], [ 7.69148, 45.08146 ], [ 7.69145, 45.08141 ], [ 7.69152, 45.08139 ], [ 7.69155, 45.08143 ] ] ] } },
{ "type": "Feature", "properties": { "uuid": "c7d7b015-5e78-481a-a7c2-b4e5e70b6dc0", "data_acq": "2017-12-31 00:00:00", "data_agg": "2017-12-31 00:00:00", "data_fin": "9999-12-31 00:00:00", "ente_for": "REGIONE PIEMONTE", "ente_prod": "ARPA PIEMONTE", "modo_prod": "banche dati esterne - geometrie da catasto, altezza volumi da ARPA PIEMONTE (DSM-DTM,LAS)", "sc_acq": "1:10000", "un_vol_av": "4", "un_vol_por": "al suolo", "un_vol_qe": "", "un_vol_ex": "altezza", "source": "BDTRE un_vol" }, "geometry": { "type": "Polygon", "coordinates": [ [ [ 7.67224, 45.07431 ], [ 7.67227, 45.0743 ], [ 7.67229, 45.07434 ], [ 7.67223, 45.07436 ], [ 7.67223, 45.07436 ], [ 7.67221, 45.07435 ], [ 7.67218, 45.07434 ], [ 7.67217, 45.07433 ], [ 7.67217, 45.07433 ], [ 7.67224, 45.07431 ] ] ] } },
{ "type": "Feature", "properties": { "uuid": "81629054-8263-4c1f-a6f7-9fc5d4d55acf", "data_acq": "2017-12-31 00:00:00", "data_agg": "2017-12-31 00:00:00", "data_fin": "9999-12-31 00:00:00", "ente_for": "REGIONE PIEMONTE", "ente_prod": "ARPA PIEMONTE", "modo_prod": "banche dati esterne - geometrie da catasto, altezza volumi da ARPA PIEMONTE (DSM-DTM,LAS)", "sc_acq": "1:10000", "un_vol_av": "3", "un_vol_por": "al suolo", "un_vol_qe": "", "un_vol_ex": "altezza", "source": "BDTRE un_vol" }, "geometry": { "type": "Polygon", "coordinates": [ [ [ 7.677, 45.08279 ], [ 7.67694, 45.08281 ], [ 7.67701, 45.08291 ], [ 7.67706, 45.08299 ], [ 7.67709, 45.08303 ], [ 7.67711, 45.08303 ], [ 7.67709, 45.083 ], [ 7.67712, 45.08299 ], [ 7.67711, 45.08297 ], [ 7.67712, 45.08296 ], [ 7.67706, 45.08288 ], [ 7.677, 45.08279 ] ] ] } },
{ "type": "Feature", "properties": { "uuid": "7d2fbdd6-2d65-4548-adce-7b088657aeae", "data_acq": "2017-12-31 00:00:00", "data_agg": "2017-12-31 00:00:00", "data_fin": "9999-12-31 00:00:00", "ente_for": "REGIONE PIEMONTE", "ente_prod": "ARPA PIEMONTE", "modo_prod": "banche dati esterne - geometrie da catasto, altezza volumi da ARPA PIEMONTE (DSM-DTM,LAS)", "sc_acq": "1:10000", "un_vol_av": "5", "un_vol_por": "al suolo", "un_vol_qe": "", "un_vol_ex": "altezza", "source": "BDTRE un_vol" }, "geometry": { "type": "Polygon", "coordinates": [ [ [ 7.66849, 45.08226 ], [ 7.66827, 45.08233 ], [ 7.66827, 45.08233 ], [ 7.66821, 45.08224 ], [ 7.66819, 45.08221 ], [ 7.66821, 45.08221 ], [ 7.66822, 45.08223 ], [ 7.66826, 45.08222 ], [ 7.66829, 45.08226 ], [ 7.66832, 45.08227 ], [ 7.6684, 45.08224 ], [ 7.6684, 45.08222 ], [ 7.66839, 45.0822 ], [ 7.66844, 45.08219 ], [ 7.66847, 45.08223 ], [ 7.66849, 45.08226 ] ] ] } },
{ "type": "Feature", "properties": { "uuid": "32fc0587-ade7-4909-8514-1005c5a60192", "data_acq": "2017-12-31 00:00:00", "data_agg": "2017-12-31 00:00:00", "data_fin": "9999-12-31 00:00:00", "ente_for": "REGIONE PIEMONTE", "ente_prod": "ARPA PIEMONTE", "modo_prod": "banche dati esterne - geometrie da catasto, altezza volumi da ARPA PIEMONTE (DSM-DTM,LAS)", "sc_acq": "1:10000", "un_vol_av": "3", "un_vol_por": "al suolo", "un_vol_qe": "", "un_vol_ex": "altezza", "source": "BDTRE un_vol" }, "geometry": { "type": "Polygon", "coordinates": [ [ [ 7.66774, 45.08154 ], [ 7.66772, 45.08151 ], [ 7.66779, 45.08148 ], [ 7.66785, 45.08157 ], [ 7.66778, 45.08159 ], [ 7.66774, 45.08154 ] ] ] } },
{ "type": "Feature", "properties": { "uuid": "2eb3198d-b819-4a3d-9f8d-2c2fdade82d8", "data_acq": "2017-12-31 00:00:00", "data_agg": "2017-12-31 00:00:00", "data_fin": "9999-12-31 00:00:00", "ente_for": "REGIONE PIEMONTE", "ente_prod": "ARPA PIEMONTE", "modo_prod": "banche dati esterne - geometrie da catasto, altezza volumi da ARPA PIEMONTE (DSM-DTM,LAS)", "sc_acq": "1:10000", "un_vol_av": "3", "un_vol_por": "al suolo", "un_vol_qe": "", "un_vol_ex": "altezza", "source": "BDTRE un_vol" }, "geometry": { "type": "Polygon", "coordinates": [ [ [ 7.66585, 45.07517 ], [ 7.6659, 45.07515 ], [ 7.6659, 45.07515 ], [ 7.66591, 45.07515 ], [ 7.66588, 45.07511 ], [ 7.66582, 45.07513 ], [ 7.66584, 45.07515 ], [ 7.66584, 45.07516 ], [ 7.66584, 45.07516 ], [ 7.66585, 45.07517 ], [ 7.66585, 45.07517 ] ] ] } },
{ "type": "Feature", "properties": { "uuid": "85f62c53-76bf-418d-b03b-5478eae3bf9a", "data_acq": "2017-12-31 00:00:00", "data_agg": "2017-12-31 00:00:00", "data_fin": "9999-12-31 00:00:00", "ente_for": "REGIONE PIEMONTE", "ente_prod": "ARPA PIEMONTE", "modo_prod": "banche dati esterne - geometrie da catasto, altezza volumi da ARPA PIEMONTE (DSM-DTM,LAS)", "sc_acq": "1:10000", "un_vol_av": "4", "un_vol_por": "al suolo", "un_vol_qe": "", "un_vol_ex": "altezza", "source": "BDTRE un_vol" }, "geometry": { "type": "Polygon", "coordinates": [ [ [ 7.67123, 45.06828 ], [ 7.67115, 45.06831 ], [ 7.67111, 45.06826 ], [ 7.67119, 45.06823 ], [ 7.67123, 45.06828 ] ] ] } },
{ "type": "Feature", "properties": { "uuid": "f5f1b507-9d51-473d-9240-8fb3440c75d4", "data_acq": "2017-12-31 00:00:00", "data_agg": "2017-12-31 00:00:00", "data_fin": "9999-12-31 00:00:00", "ente_for": "REGIONE PIEMONTE", "ente_prod": "ARPA PIEMONTE", "modo_prod": "banche dati esterne - geometrie da catasto, altezza volumi da ARPA PIEMONTE (DSM-DTM,LAS)", "sc_acq": "1:10000", "un_vol_av": "3", "un_vol_por": "al suolo", "un_vol_qe": "", "un_vol_ex": "altezza", "source": "BDTRE un_vol" }, "geometry": { "type": "Polygon", "coordinates": [ [ [ 7.66636, 45.08135 ], [ 7.66646, 45.08132 ], [ 7.66657, 45.08129 ], [ 7.66659, 45.08128 ], [ 7.66663, 45.08127 ], [ 7.66663, 45.08127 ], [ 7.66663, 45.08127 ], [ 7.66662, 45.08125 ], [ 7.6666, 45.08122 ], [ 7.66632, 45.0813 ], [ 7.66636, 45.08135 ] ] ] } },
{ "type": "Feature", "properties": { "uuid": "57c1742d-b5c4-41bc-84fa-a6ab72d6dc28", "data_acq": "2017-12-31 00:00:00", "data_agg": "2017-12-31 00:00:00", "data_fin": "9999-12-31 00:00:00", "ente_for": "REGIONE PIEMONTE", "ente_prod": "ARPA PIEMONTE", "modo_prod": "banche dati esterne - geometrie da catasto, altezza volumi da ARPA PIEMONTE (DSM-DTM,LAS)", "sc_acq": "1:10000", "un_vol_av": "5", "un_vol_por": "al suolo", "un_vol_qe": "", "un_vol_ex": "altezza", "source": "BDTRE un_vol" }, "geometry": { "type": "Polygon", "coordinates": [ [ [ 7.6717, 45.06896 ], [ 7.67167, 45.06892 ], [ 7.67166, 45.06891 ], [ 7.67174, 45.06888 ], [ 7.67175, 45.06889 ], [ 7.67175, 45.06889 ], [ 7.67178, 45.06893 ], [ 7.67178, 45.06893 ], [ 7.6717, 45.06896 ] ] ] } },
{ "type": "Feature", "properties": { "uuid": "cf312878-d327-48bf-8b82-d082752254aa", "data_acq": "2017-12-31 00:00:00", "data_agg": "2017-12-31 00:00:00", "data_fin": "9999-12-31 00:00:00", "ente_for": "REGIONE PIEMONTE", "ente_prod": "ARPA PIEMONTE", "modo_prod": "banche dati esterne - geometrie da catasto, altezza volumi da ARPA PIEMONTE (DSM-DTM,LAS)", "sc_acq": "1:10000", "un_vol_av": "3", "un_vol_por": "al suolo", "un_vol_qe": "", "un_vol_ex": "altezza", "source": "BDTRE un_vol" }, "geometry": { "type": "Polygon", "coordinates": [ [ [ 7.6874, 45.07876 ], [ 7.68739, 45.07874 ], [ 7.68733, 45.07876 ], [ 7.68738, 45.07886 ], [ 7.68741, 45.07888 ], [ 7.68741, 45.07888 ], [ 7.68743, 45.07887 ], [ 7.68743, 45.07887 ], [ 7.68747, 45.0789 ], [ 7.68754, 45.07892 ], [ 7.68754, 45.07892 ], [ 7.68754, 45.07888 ], [ 7.68746, 45.07885 ], [ 7.6874, 45.07876 ] ] ] } },
{ "type": "Feature", "properties": { "uuid": "61df8a44-313c-40b0-81ce-9a09f444d014", "data_acq": "2017-12-31 00:00:00", "data_agg": "2017-12-31 00:00:00", "data_fin": "9999-12-31 00:00:00", "ente_for": "REGIONE PIEMONTE", "ente_prod": "ARPA PIEMONTE", "modo_prod": "banche dati esterne - geometrie da catasto, altezza volumi da ARPA PIEMONTE (DSM-DTM,LAS)", "sc_acq": "1:10000", "un_vol_av": "3", "un_vol_por": "al suolo", "un_vol_qe": "", "un_vol_ex": "altezza", "source": "BDTRE un_vol" }, "geometry": { "type": "Polygon", "coordinates": [ [ [ 7.66614, 45.0682 ], [ 7.66616, 45.06823 ], [ 7.66617, 45.06824 ], [ 7.66617, 45.06825 ], [ 7.66617, 45.06825 ], [ 7.66618, 45.06826 ], [ 7.66623, 45.06824 ], [ 7.66623, 45.06824 ], [ 7.6662, 45.06818 ], [ 7.66617, 45.06819 ], [ 7.66614, 45.0682 ] ] ] } },
{ "type": "Feature", "properties": { "uuid": "86ec527b-ad84-4919-af73-95d7a0041c79", "data_acq": "2017-12-31 00:00:00", "data_agg": "2017-12-31 00:00:00", "data_fin": "9999-12-31 00:00:00", "ente_for": "REGIONE PIEMONTE", "ente_prod": "ARPA PIEMONTE", "modo_prod": "banche dati esterne - geometrie da catasto, altezza volumi da ARPA PIEMONTE (DSM-DTM,LAS)", "sc_acq": "1:10000", "un_vol_av": "3", "un_vol_por": "al suolo", "un_vol_qe": "", "un_vol_ex": "altezza", "source": "BDTRE un_vol" }, "geometry": { "type": "Polygon", "coordinates": [ [ [ 7.66589, 45.07523 ], [ 7.66585, 45.07517 ], [ 7.6659, 45.07515 ], [ 7.66593, 45.07518 ], [ 7.66592, 45.07519 ], [ 7.66592, 45.07519 ], [ 7.66592, 45.0752 ], [ 7.66593, 45.07521 ], [ 7.66592, 45.07521 ], [ 7.66589, 45.07523 ] ] ] } },
{ "type": "Feature", "properties": { "uuid": "9a95bddc-b709-4049-b2d7-3abc1a8be15f", "data_acq": "2017-12-31 00:00:00", "data_agg": "2017-12-31 00:00:00", "data_fin": "9999-12-31 00:00:00", "ente_for": "REGIONE PIEMONTE", "ente_prod": "ARPA PIEMONTE", "modo_prod": "banche dati esterne - geometrie da catasto, altezza volumi da ARPA PIEMONTE (DSM-DTM,LAS)", "sc_acq": "1:10000", "un_vol_av": "5", "un_vol_por": "al suolo", "un_vol_qe": "", "un_vol_ex": "altezza", "source": "BDTRE un_vol" }, "geometry": { "type": "Polygon", "coordinates": [ [ [ 7.66566, 45.06907 ], [ 7.66559, 45.0691 ], [ 7.66557, 45.06907 ], [ 7.66564, 45.06905 ], [ 7.66566, 45.06907 ] ] ] } },
{ "type": "Feature", "properties": { "uuid": "c1ec097d-465f-4076-8fe9-ff4f6eabd51e", "data_acq": "2017-12-31 00:00:00", "data_agg": "2017-12-31 00:00:00", "data_fin": "9999-12-31 00:00:00", "ente_for": "REGIONE PIEMONTE", "ente_prod": "ARPA PIEMONTE", "modo_prod": "banche dati esterne - geometrie da catasto, altezza volumi da ARPA PIEMONTE (DSM-DTM,LAS)", "sc_acq": "1:10000", "un_vol_av": "4", "un_vol_por": "al suolo", "un_vol_qe": "", "un_vol_ex": "altezza", "source": "BDTRE un_vol" }, "geometry": { "type": "Polygon", "coordinates": [ [ [ 7.66505, 45.07876 ], [ 7.66502, 45.07872 ], [ 7.66501, 45.07872 ], [ 7.66486, 45.07877 ], [ 7.66486, 45.07877 ], [ 7.66489, 45.07881 ], [ 7.66505, 45.07876 ] ] ] } },
{ "type": "Feature", "properties": { "uuid": "dfc6fe62-a741-43f6-bb61-e91b62b5dda9", "data_acq": "2017-12-31 00:00:00", "data_agg": "2017-12-31 00:00:00", "data_fin": "9999-12-31 00:00:00", "ente_for": "REGIONE PIEMONTE", "ente_prod": "ARPA PIEMONTE", "modo_prod": "banche dati esterne - geometrie da catasto, altezza volumi da ARPA PIEMONTE (DSM-DTM,LAS)", "sc_acq": "1:10000", "un_vol_av": "3", "un_vol_por": "al suolo", "un_vol_qe": "", "un_vol_ex": "altezza", "source": "BDTRE un_vol" }, "geometry": { "type": "Polygon", "coordinates": [ [ [ 7.66725, 45.06769 ], [ 7.66727, 45.06771 ], [ 7.66733, 45.06768 ], [ 7.66729, 45.06763 ], [ 7.66723, 45.06766 ], [ 7.66723, 45.06766 ], [ 7.66725, 45.06769 ] ] ] } },
{ "type": "Feature", "properties": { "uuid": "7154447a-2d05-4112-a98f-d77f098f6d1e", "data_acq": "2017-12-31 00:00:00", "data_agg": "2017-12-31 00:00:00", "data_fin": "9999-12-31 00:00:00", "ente_for": "REGIONE PIEMONTE", "ente_prod": "ARPA PIEMONTE", "modo_prod": "banche dati esterne - geometrie da catasto, altezza volumi da ARPA PIEMONTE (DSM-DTM,LAS)", "sc_acq": "1:10000", "un_vol_av": "5", "un_vol_por": "al suolo", "un_vol_qe": "", "un_vol_ex": "altezza", "source": "BDTRE un_vol" }, "geometry": { "type": "Polygon", "coordinates": [ [ [ 7.6812, 45.07115 ], [ 7.68115, 45.07116 ], [ 7.68117, 45.0712 ], [ 7.68129, 45.07116 ], [ 7.68126, 45.07112 ], [ 7.6812, 45.07115 ] ] ] } },
{ "type": "Feature", "properties": { "uuid": "12fc3393-e6c3-4380-a18b-885cb361faa7", "data_acq": "2017-12-31 00:00:00", "data_agg": "2017-12-31 00:00:00", "data_fin": "9999-12-31 00:00:00", "ente_for": "REGIONE PIEMONTE", "ente_prod": "ARPA PIEMONTE", "modo_prod": "banche dati esterne - geometrie da catasto, altezza volumi da ARPA PIEMONTE (DSM-DTM,LAS)", "sc_acq": "1:10000", "un_vol_av": "3", "un_vol_por": "al suolo", "un_vol_qe": "", "un_vol_ex": "altezza", "source": "BDTRE un_vol" }, "geometry": { "type": "Polygon", "coordinates": [ [ [ 7.69339, 45.08391 ], [ 7.69334, 45.08389 ], [ 7.69338, 45.08384 ], [ 7.69343, 45.08386 ], [ 7.69339, 45.08391 ] ] ] } },
{ "type": "Feature", "properties": { "uuid": "79fdc0e7-daf3-430d-9e5f-0dc600e2748a", "data_acq": "2017-12-31 00:00:00", "data_agg": "2017-12-31 00:00:00", "data_fin": "9999-12-31 00:00:00", "ente_for": "REGIONE PIEMONTE", "ente_prod": "ARPA PIEMONTE", "modo_prod": "banche dati esterne - geometrie da catasto, altezza volumi da ARPA PIEMONTE (DSM-DTM,LAS)", "sc_acq": "1:10000", "un_vol_av": "3", "un_vol_por": "al suolo", "un_vol_qe": "", "un_vol_ex": "altezza", "source": "BDTRE un_vol" }, "geometry": { "type": "Polygon", "coordinates": [ [ [ 7.66642, 45.06629 ], [ 7.66644, 45.06631 ], [ 7.66645, 45.06633 ], [ 7.66653, 45.06631 ], [ 7.6665, 45.06626 ], [ 7.66648, 45.06627 ], [ 7.66646, 45.06628 ], [ 7.66642, 45.06629 ] ] ] } },
{ "type": "Feature", "properties": { "uuid": "23425581-a780-4d5b-8d69-a703d3573dbe", "data_acq": "2017-12-31 00:00:00", "data_agg": "2017-12-31 00:00:00", "data_fin": "9999-12-31 00:00:00", "ente_for": "REGIONE PIEMONTE", "ente_prod": "ARPA PIEMONTE", "modo_prod": "banche dati esterne - geometrie da catasto, altezza volumi da ARPA PIEMONTE (DSM-DTM,LAS)", "sc_acq": "1:10000", "un_vol_av": "3", "un_vol_por": "al suolo", "un_vol_qe": "", "un_vol_ex": "altezza", "source": "BDTRE un_vol" }, "geometry": { "type": "Polygon", "coordinates": [ [ [ 7.66742, 45.08447 ], [ 7.66738, 45.08448 ], [ 7.66739, 45.08449 ], [ 7.6674, 45.08451 ], [ 7.66741, 45.08452 ], [ 7.66745, 45.08451 ], [ 7.66742, 45.08447 ] ] ] } },
{ "type": "Feature", "properties": { "uuid": "e5d05aef-d5d1-47da-ad77-d0c87d660392", "data_acq": "2017-12-31 00:00:00", "data_agg": "2017-12-31 00:00:00", "data_fin": "9999-12-31 00:00:00", "ente_for": "REGIONE PIEMONTE", "ente_prod": "ARPA PIEMONTE", "modo_prod": "banche dati esterne - geometrie da catasto, altezza volumi da ARPA PIEMONTE (DSM-DTM,LAS)", "sc_acq": "1:10000", "un_vol_av": "4", "un_vol_por": "al suolo", "un_vol_qe": "", "un_vol_ex": "altezza", "source": "BDTRE un_vol" }, "geometry": { "type": "Polygon", "coordinates": [ [ [ 7.67208, 45.07444 ], [ 7.67203, 45.07438 ], [ 7.67211, 45.07435 ], [ 7.67212, 45.07436 ], [ 7.67211, 45.07439 ], [ 7.67213, 45.07442 ], [ 7.67208, 45.07444 ] ] ] } },
{ "type": "Feature", "properties": { "uuid": "3b87fee7-5867-4c60-9a41-1bcc6546d3a1", "data_acq": "2017-12-31 00:00:00", "data_agg": "2017-12-31 00:00:00", "data_fin": "9999-12-31 00:00:00", "ente_for": "REGIONE PIEMONTE", "ente_prod": "ARPA PIEMONTE", "modo_prod": "banche dati esterne - geometrie da catasto, altezza volumi da ARPA PIEMONTE (DSM-DTM,LAS)", "sc_acq": "1:10000", "un_vol_av": "3", "un_vol_por": "al suolo", "un_vol_qe": "", "un_vol_ex": "altezza", "source": "BDTRE un_vol" }, "geometry": { "type": "Polygon", "coordinates": [ [ [ 7.66648, 45.07809 ], [ 7.66654, 45.07808 ], [ 7.66654, 45.07808 ], [ 7.66651, 45.07803 ], [ 7.66645, 45.07805 ], [ 7.66648, 45.07809 ] ] ] } },
{ "type": "Feature", "properties": { "uuid": "e28a9715-f2d6-49a0-8111-0da5f0073691", "data_acq": "2017-12-31 00:00:00", "data_agg": "2017-12-31 00:00:00", "data_fin": "9999-12-31 00:00:00", "ente_for": "REGIONE PIEMONTE", "ente_prod": "ARPA PIEMONTE", "modo_prod": "banche dati esterne - geometrie da catasto, altezza volumi da ARPA PIEMONTE (DSM-DTM,LAS)", "sc_acq": "1:10000", "un_vol_av": "3", "un_vol_por": "al suolo", "un_vol_qe": "", "un_vol_ex": "altezza", "source": "BDTRE un_vol" }, "geometry": { "type": "Polygon", "coordinates": [ [ [ 7.69339, 45.08213 ], [ 7.69335, 45.08217 ], [ 7.69338, 45.08218 ], [ 7.69334, 45.08223 ], [ 7.69327, 45.0822 ], [ 7.69325, 45.08219 ], [ 7.69333, 45.0821 ], [ 7.69339, 45.08213 ] ] ] } },
{ "type": "Feature", "properties": { "uuid": "896752d1-2a5d-40c4-846a-7516815c3a0e", "data_acq": "2017-12-31 00:00:00", "data_agg": "2017-12-31 00:00:00", "data_fin": "9999-12-31 00:00:00", "ente_for": "REGIONE PIEMONTE", "ente_prod": "ARPA PIEMONTE", "modo_prod": "banche dati esterne - geometrie da catasto, altezza volumi da ARPA PIEMONTE (DSM-DTM,LAS)", "sc_acq": "1:10000", "un_vol_av": "3", "un_vol_por": "al suolo", "un_vol_qe": "", "un_vol_ex": "altezza", "source": "BDTRE un_vol" }, "geometry": { "type": "Polygon", "coordinates": [ [ [ 7.69231, 45.07968 ], [ 7.69233, 45.07966 ], [ 7.69238, 45.07969 ], [ 7.69235, 45.07972 ], [ 7.69234, 45.07973 ], [ 7.69229, 45.0797 ], [ 7.69231, 45.07968 ] ] ] } },
{ "type": "Feature", "properties": { "uuid": "800e6f94-9dbd-47eb-8266-8e67e8f5e6ed", "data_acq": "2017-12-31 00:00:00", "data_agg": "2017-12-31 00:00:00", "data_fin": "9999-12-31 00:00:00", "ente_for": "REGIONE PIEMONTE", "ente_prod": "ARPA PIEMONTE", "modo_prod": "banche dati esterne - geometrie da catasto, altezza volumi da ARPA PIEMONTE (DSM-DTM,LAS)", "sc_acq": "1:10000", "un_vol_av": "3", "un_vol_por": "al suolo", "un_vol_qe": "", "un_vol_ex": "altezza", "source": "BDTRE un_vol" }, "geometry": { "type": "Polygon", "coordinates": [ [ [ 7.66865, 45.06713 ], [ 7.66878, 45.06731 ], [ 7.66873, 45.06733 ], [ 7.6686, 45.06715 ], [ 7.66861, 45.06715 ], [ 7.66865, 45.06713 ] ] ] } },
{ "type": "Feature", "properties": { "uuid": "c5e0d1e5-4ec6-42f5-9f27-c21d97d384ec", "data_acq": "2017-12-31 00:00:00", "data_agg": "2017-12-31 00:00:00", "data_fin": "9999-12-31 00:00:00", "ente_for": "REGIONE PIEMONTE", "ente_prod": "ARPA PIEMONTE", "modo_prod": "banche dati esterne - geometrie da catasto, altezza volumi da ARPA PIEMONTE (DSM-DTM,LAS)", "sc_acq": "1:10000", "un_vol_av": "6", "un_vol_por": "al suolo", "un_vol_qe": "", "un_vol_ex": "altezza", "source": "BDTRE un_vol" }, "geometry": { "type": "Polygon", "coordinates": [ [ [ 7.67129, 45.07312 ], [ 7.6712, 45.07315 ], [ 7.67124, 45.0732 ], [ 7.67143, 45.07313 ], [ 7.67152, 45.0731 ], [ 7.67148, 45.07305 ], [ 7.67129, 45.07312 ] ] ] } },
{ "type": "Feature", "properties": { "uuid": "01bfa2ee-e814-45e0-ad0a-26199ca411e0", "data_acq": "2017-12-31 00:00:00", "data_agg": "2017-12-31 00:00:00", "data_fin": "9999-12-31 00:00:00", "ente_for": "REGIONE PIEMONTE", "ente_prod": "ARPA PIEMONTE", "modo_prod": "banche dati esterne - geometrie da catasto, altezza volumi da ARPA PIEMONTE (DSM-DTM,LAS)", "sc_acq": "1:10000", "un_vol_av": "3", "un_vol_por": "al suolo", "un_vol_qe": "", "un_vol_ex": "altezza", "source": "BDTRE un_vol" }, "geometry": { "type": "Polygon", "coordinates": [ [ [ 7.67986, 45.08231 ], [ 7.67984, 45.08227 ], [ 7.6799, 45.08225 ], [ 7.67995, 45.08232 ], [ 7.67988, 45.08234 ], [ 7.67986, 45.08231 ] ] ] } },
{ "type": "Feature", "properties": { "uuid": "69f2a0b0-75cf-41fd-87c0-dee607eb5e18", "data_acq": "2017-12-31 00:00:00", "data_agg": "2017-12-31 00:00:00", "data_fin": "9999-12-31 00:00:00", "ente_for": "REGIONE PIEMONTE", "ente_prod": "ARPA PIEMONTE", "modo_prod": "banche dati esterne - geometrie da catasto, altezza volumi da ARPA PIEMONTE (DSM-DTM,LAS)", "sc_acq": "1:10000", "un_vol_av": "3", "un_vol_por": "al suolo", "un_vol_qe": "", "un_vol_ex": "altezza", "source": "BDTRE un_vol" }, "geometry": { "type": "Polygon", "coordinates": [ [ [ 7.67083, 45.0748 ], [ 7.67079, 45.07482 ], [ 7.67077, 45.07483 ], [ 7.6708, 45.07487 ], [ 7.6708, 45.07487 ], [ 7.67082, 45.07489 ], [ 7.67082, 45.0749 ], [ 7.67082, 45.0749 ], [ 7.67082, 45.0749 ], [ 7.67088, 45.07488 ], [ 7.67083, 45.0748 ] ] ] } },
{ "type": "Feature", "properties": { "uuid": "ab6607ce-f57f-45b1-82c0-91ea53d8be61", "data_acq": "2017-12-31 00:00:00", "data_agg": "2017-12-31 00:00:00", "data_fin": "9999-12-31 00:00:00", "ente_for": "REGIONE PIEMONTE", "ente_prod": "ARPA PIEMONTE", "modo_prod": "banche dati esterne - geometrie da catasto, altezza volumi da ARPA PIEMONTE (DSM-DTM,LAS)", "sc_acq": "1:10000", "un_vol_av": "10", "un_vol_por": "al suolo", "un_vol_qe": "", "un_vol_ex": "altezza", "source": "BDTRE un_vol" }, "geometry": { "type": "Polygon", "coordinates": [ [ [ 7.66912, 45.06678 ], [ 7.66923, 45.06693 ], [ 7.66915, 45.06696 ], [ 7.6691, 45.06688 ], [ 7.66911, 45.06687 ], [ 7.66906, 45.0668 ], [ 7.66912, 45.06678 ] ] ] } },
{ "type": "Feature", "properties": { "uuid": "95024a0c-3e97-4e4a-a6d1-3b8607094512", "data_acq": "2019-11-30 00:00:00", "data_agg": "2019-11-30 00:00:00", "data_fin": "9999-12-31 00:00:00", "ente_for": "REGIONE PIEMONTE", "ente_prod": "REGIONE PIEMONTE", "modo_prod": "banche dati esterne - catasto", "sc_acq": "1:2000", "un_vol_av": "", "un_vol_por": "al suolo", "un_vol_qe": "", "un_vol_ex": "", "source": "BDTRE un_vol" }, "geometry": { "type": "Polygon", "coordinates": [ [ [ 7.68778, 45.07896 ], [ 7.68779, 45.079 ], [ 7.68772, 45.07897 ], [ 7.68774, 45.07894 ], [ 7.68778, 45.07896 ] ] ] } },
{ "type": "Feature", "properties": { "uuid": "215429cb-1dad-4d62-9acf-5e89bf722c56", "data_acq": "2017-12-31 00:00:00", "data_agg": "2017-12-31 00:00:00", "data_fin": "9999-12-31 00:00:00", "ente_for": "REGIONE PIEMONTE", "ente_prod": "ARPA PIEMONTE", "modo_prod": "banche dati esterne - geometrie da catasto, altezza volumi da ARPA PIEMONTE (DSM-DTM,LAS)", "sc_acq": "1:10000", "un_vol_av": "3", "un_vol_por": "al suolo", "un_vol_qe": "", "un_vol_ex": "altezza", "source": "BDTRE un_vol" }, "geometry": { "type": "Polygon", "coordinates": [ [ [ 7.69224, 45.07436 ], [ 7.69226, 45.0744 ], [ 7.6922, 45.07442 ], [ 7.69217, 45.07438 ], [ 7.69218, 45.07438 ], [ 7.69224, 45.07436 ] ] ] } },
{ "type": "Feature", "properties": { "uuid": "d85fa909-a9e9-42bd-bc6e-76aff131b82e", "data_acq": "2017-12-31 00:00:00", "data_agg": "2017-12-31 00:00:00", "data_fin": "9999-12-31 00:00:00", "ente_for": "REGIONE PIEMONTE", "ente_prod": "ARPA PIEMONTE", "modo_prod": "banche dati esterne - geometrie da catasto, altezza volumi da ARPA PIEMONTE (DSM-DTM,LAS)", "sc_acq": "1:10000", "un_vol_av": "3", "un_vol_por": "al suolo", "un_vol_qe": "", "un_vol_ex": "altezza", "source": "BDTRE un_vol" }, "geometry": { "type": "Polygon", "coordinates": [ [ [ 7.67234, 45.06864 ], [ 7.67232, 45.06862 ], [ 7.67226, 45.06864 ], [ 7.67229, 45.06869 ], [ 7.67232, 45.06868 ], [ 7.67234, 45.06872 ], [ 7.67238, 45.06871 ], [ 7.67236, 45.06868 ], [ 7.67234, 45.06864 ] ] ] } },
{ "type": "Feature", "properties": { "uuid": "d22b4fd3-dc30-4c63-bc4f-785defe2ba82", "data_acq": "2017-12-31 00:00:00", "data_agg": "2017-12-31 00:00:00", "data_fin": "9999-12-31 00:00:00", "ente_for": "REGIONE PIEMONTE", "ente_prod": "ARPA PIEMONTE", "modo_prod": "banche dati esterne - geometrie da catasto, altezza volumi da ARPA PIEMONTE (DSM-DTM,LAS)", "sc_acq": "1:10000", "un_vol_av": "3", "un_vol_por": "al suolo", "un_vol_qe": "", "un_vol_ex": "altezza", "source": "BDTRE un_vol" }, "geometry": { "type": "Polygon", "coordinates": [ [ [ 7.67184, 45.06792 ], [ 7.67178, 45.06794 ], [ 7.67175, 45.0679 ], [ 7.67181, 45.06788 ], [ 7.67184, 45.06792 ] ] ] } },
{ "type": "Feature", "properties": { "uuid": "668b3c6b-7dd3-4622-a1ce-774f476db7b9", "data_acq": "2017-12-31 00:00:00", "data_agg": "2017-12-31 00:00:00", "data_fin": "9999-12-31 00:00:00", "ente_for": "REGIONE PIEMONTE", "ente_prod": "ARPA PIEMONTE", "modo_prod": "banche dati esterne - geometrie da catasto, altezza volumi da ARPA PIEMONTE (DSM-DTM,LAS)", "sc_acq": "1:10000", "un_vol_av": "4", "un_vol_por": "al suolo", "un_vol_qe": "", "un_vol_ex": "altezza", "source": "BDTRE un_vol" }, "geometry": { "type": "Polygon", "coordinates": [ [ [ 7.67621, 45.07226 ], [ 7.67626, 45.07224 ], [ 7.67626, 45.07225 ], [ 7.6763, 45.07231 ], [ 7.67624, 45.07233 ], [ 7.67619, 45.07227 ], [ 7.67621, 45.07226 ] ] ] } },
{ "type": "Feature", "properties": { "uuid": "2501d197-3478-44ea-8ea5-548976deb19a", "data_acq": "2017-12-31 00:00:00", "data_agg": "2017-12-31 00:00:00", "data_fin": "9999-12-31 00:00:00", "ente_for": "REGIONE PIEMONTE", "ente_prod": "ARPA PIEMONTE", "modo_prod": "banche dati esterne - geometrie da catasto, altezza volumi da ARPA PIEMONTE (DSM-DTM,LAS)", "sc_acq": "1:10000", "un_vol_av": "4", "un_vol_por": "al suolo", "un_vol_qe": "", "un_vol_ex": "altezza", "source": "BDTRE un_vol" }, "geometry": { "type": "Polygon", "coordinates": [ [ [ 7.67193, 45.0765 ], [ 7.67195, 45.07651 ], [ 7.67196, 45.07653 ], [ 7.67183, 45.07658 ], [ 7.67183, 45.07658 ], [ 7.67182, 45.07658 ], [ 7.67179, 45.07655 ], [ 7.67193, 45.0765 ] ] ] } },
{ "type": "Feature", "properties": { "uuid": "7ece56f7-67de-4f91-ae7f-3d0eeb622876", "data_acq": "2017-12-31 00:00:00", "data_agg": "2017-12-31 00:00:00", "data_fin": "9999-12-31 00:00:00", "ente_for": "REGIONE PIEMONTE", "ente_prod": "ARPA PIEMONTE", "modo_prod": "banche dati esterne - geometrie da catasto, altezza volumi da ARPA PIEMONTE (DSM-DTM,LAS)", "sc_acq": "1:10000", "un_vol_av": "3", "un_vol_por": "al suolo", "un_vol_qe": "", "un_vol_ex": "altezza", "source": "BDTRE un_vol" }, "geometry": { "type": "Polygon", "coordinates": [ [ [ 7.66604, 45.08062 ], [ 7.666, 45.08058 ], [ 7.66597, 45.08056 ], [ 7.66575, 45.08068 ], [ 7.66578, 45.08072 ], [ 7.66581, 45.0807 ], [ 7.66582, 45.08071 ], [ 7.66599, 45.08062 ], [ 7.666, 45.08063 ], [ 7.66602, 45.08063 ], [ 7.66602, 45.08063 ], [ 7.66604, 45.08062 ] ] ] } },
{ "type": "Feature", "properties": { "uuid": "895ddc96-e4c1-4b3f-8285-62c1ba7f0313", "data_acq": "2017-12-31 00:00:00", "data_agg": "2017-12-31 00:00:00", "data_fin": "9999-12-31 00:00:00", "ente_for": "REGIONE PIEMONTE", "ente_prod": "ARPA PIEMONTE", "modo_prod": "banche dati esterne - geometrie da catasto, altezza volumi da ARPA PIEMONTE (DSM-DTM,LAS)", "sc_acq": "1:10000", "un_vol_av": "3", "un_vol_por": "al suolo", "un_vol_qe": "", "un_vol_ex": "altezza", "source": "BDTRE un_vol" }, "geometry": { "type": "Polygon", "coordinates": [ [ [ 7.68362, 45.07927 ], [ 7.68363, 45.07931 ], [ 7.68356, 45.07932 ], [ 7.68355, 45.07928 ], [ 7.68362, 45.07927 ] ] ] } },
{ "type": "Feature", "properties": { "uuid": "c923715e-4b45-46b0-8fdf-9f81e8bbd667", "data_acq": "2017-12-31 00:00:00", "data_agg": "2017-12-31 00:00:00", "data_fin": "9999-12-31 00:00:00", "ente_for": "REGIONE PIEMONTE", "ente_prod": "ARPA PIEMONTE", "modo_prod": "banche dati esterne - geometrie da catasto, altezza volumi da ARPA PIEMONTE (DSM-DTM,LAS)", "sc_acq": "1:10000", "un_vol_av": "3", "un_vol_por": "al suolo", "un_vol_qe": "", "un_vol_ex": "altezza", "source": "BDTRE un_vol" }, "geometry": { "type": "Polygon", "coordinates": [ [ [ 7.68612, 45.0823 ], [ 7.68626, 45.08226 ], [ 7.68628, 45.08228 ], [ 7.68614, 45.08233 ], [ 7.68612, 45.0823 ] ] ] } },
{ "type": "Feature", "properties": { "uuid": "ac9d38d9-ebd4-444d-846f-ea2deef2174f", "data_acq": "2017-12-31 00:00:00", "data_agg": "2017-12-31 00:00:00", "data_fin": "9999-12-31 00:00:00", "ente_for": "REGIONE PIEMONTE", "ente_prod": "ARPA PIEMONTE", "modo_prod": "banche dati esterne - geometrie da catasto, altezza volumi da ARPA PIEMONTE (DSM-DTM,LAS)", "sc_acq": "1:10000", "un_vol_av": "3", "un_vol_por": "al suolo", "un_vol_qe": "", "un_vol_ex": "altezza", "source": "BDTRE un_vol" }, "geometry": { "type": "Polygon", "coordinates": [ [ [ 7.69452, 45.07257 ], [ 7.69448, 45.07252 ], [ 7.6947, 45.07245 ], [ 7.69472, 45.07248 ], [ 7.69474, 45.07247 ], [ 7.69475, 45.07249 ], [ 7.69473, 45.07249 ], [ 7.69474, 45.0725 ], [ 7.69469, 45.07252 ], [ 7.69461, 45.07255 ], [ 7.69455, 45.07256 ], [ 7.69452, 45.07257 ] ] ] } },
{ "type": "Feature", "properties": { "uuid": "c4961a35-baf8-4b85-a4d2-533b2127876e", "data_acq": "2017-12-31 00:00:00", "data_agg": "2017-12-31 00:00:00", "data_fin": "9999-12-31 00:00:00", "ente_for": "REGIONE PIEMONTE", "ente_prod": "ARPA PIEMONTE", "modo_prod": "banche dati esterne - geometrie da catasto, altezza volumi da ARPA PIEMONTE (DSM-DTM,LAS)", "sc_acq": "1:10000", "un_vol_av": "3", "un_vol_por": "al suolo", "un_vol_qe": "", "un_vol_ex": "altezza", "source": "BDTRE un_vol" }, "geometry": { "type": "Polygon", "coordinates": [ [ [ 7.6938, 45.08237 ], [ 7.6937, 45.08248 ], [ 7.69373, 45.08249 ], [ 7.69375, 45.0825 ], [ 7.69376, 45.0825 ], [ 7.69385, 45.0824 ], [ 7.6938, 45.08237 ] ] ] } },
{ "type": "Feature", "properties": { "uuid": "4edeb836-b238-4e2f-af0f-72795ef15fff", "data_acq": "2017-12-31 00:00:00", "data_agg": "2017-12-31 00:00:00", "data_fin": "9999-12-31 00:00:00", "ente_for": "REGIONE PIEMONTE", "ente_prod": "ARPA PIEMONTE", "modo_prod": "banche dati esterne - geometrie da catasto, altezza volumi da ARPA PIEMONTE (DSM-DTM,LAS)", "sc_acq": "1:10000", "un_vol_av": "3", "un_vol_por": "al suolo", "un_vol_qe": "", "un_vol_ex": "altezza", "source": "BDTRE un_vol" }, "geometry": { "type": "Polygon", "coordinates": [ [ [ 7.67318, 45.08249 ], [ 7.67317, 45.08249 ], [ 7.67313, 45.0825 ], [ 7.67313, 45.0825 ], [ 7.6731, 45.08246 ], [ 7.67319, 45.08243 ], [ 7.67319, 45.08244 ], [ 7.67322, 45.08248 ], [ 7.67318, 45.08249 ] ] ] } },
{ "type": "Feature", "properties": { "uuid": "42e8d85a-c974-4e9c-b06f-9ede4eb431fb", "data_acq": "2017-12-31 00:00:00", "data_agg": "2017-12-31 00:00:00", "data_fin": "9999-12-31 00:00:00", "ente_for": "REGIONE PIEMONTE", "ente_prod": "ARPA PIEMONTE", "modo_prod": "banche dati esterne - geometrie da catasto, altezza volumi da ARPA PIEMONTE (DSM-DTM,LAS)", "sc_acq": "1:10000", "un_vol_av": "3", "un_vol_por": "al suolo", "un_vol_qe": "", "un_vol_ex": "altezza", "source": "BDTRE un_vol" }, "geometry": { "type": "Polygon", "coordinates": [ [ [ 7.69268, 45.084 ], [ 7.69268, 45.084 ], [ 7.69269, 45.08403 ], [ 7.69265, 45.08404 ], [ 7.69252, 45.08408 ], [ 7.69249, 45.08404 ], [ 7.69262, 45.084 ], [ 7.69268, 45.084 ] ] ] } },
{ "type": "Feature", "properties": { "uuid": "f97688ac-bb2c-4826-adbe-7b74f8a978b9", "data_acq": "2017-12-31 00:00:00", "data_agg": "2017-12-31 00:00:00", "data_fin": "9999-12-31 00:00:00", "ente_for": "REGIONE PIEMONTE", "ente_prod": "ARPA PIEMONTE", "modo_prod": "banche dati esterne - geometrie da catasto, altezza volumi da ARPA PIEMONTE (DSM-DTM,LAS)", "sc_acq": "1:10000", "un_vol_av": "5", "un_vol_por": "al suolo", "un_vol_qe": "", "un_vol_ex": "altezza", "source": "BDTRE un_vol" }, "geometry": { "type": "Polygon", "coordinates": [ [ [ 7.69497, 45.0726 ], [ 7.69492, 45.07262 ], [ 7.69492, 45.07262 ], [ 7.6949, 45.07259 ], [ 7.69496, 45.07257 ], [ 7.69497, 45.0726 ] ] ] } },
{ "type": "Feature", "properties": { "uuid": "4a6ee58f-ea31-41f4-a577-6916495704c6", "data_acq": "2017-12-31 00:00:00", "data_agg": "2017-12-31 00:00:00", "data_fin": "9999-12-31 00:00:00", "ente_for": "REGIONE PIEMONTE", "ente_prod": "ARPA PIEMONTE", "modo_prod": "banche dati esterne - geometrie da catasto, altezza volumi da ARPA PIEMONTE (DSM-DTM,LAS)", "sc_acq": "1:10000", "un_vol_av": "3", "un_vol_por": "al suolo", "un_vol_qe": "", "un_vol_ex": "altezza", "source": "BDTRE un_vol" }, "geometry": { "type": "Polygon", "coordinates": [ [ [ 7.67529, 45.08315 ], [ 7.67531, 45.08318 ], [ 7.67527, 45.08319 ], [ 7.67524, 45.08316 ], [ 7.67529, 45.08315 ] ] ] } },
{ "type": "Feature", "properties": { "uuid": "ffbb27fc-bcd8-4c18-85d2-42921ceeedbe", "data_acq": "2017-12-31 00:00:00", "data_agg": "2017-12-31 00:00:00", "data_fin": "9999-12-31 00:00:00", "ente_for": "REGIONE PIEMONTE", "ente_prod": "ARPA PIEMONTE", "modo_prod": "banche dati esterne - geometrie da catasto, altezza volumi da ARPA PIEMONTE (DSM-DTM,LAS)", "sc_acq": "1:10000", "un_vol_av": "3", "un_vol_por": "al suolo", "un_vol_qe": "", "un_vol_ex": "altezza", "source": "BDTRE un_vol" }, "geometry": { "type": "Polygon", "coordinates": [ [ [ 7.6658, 45.07391 ], [ 7.66588, 45.07403 ], [ 7.66587, 45.07403 ], [ 7.66583, 45.07405 ], [ 7.66575, 45.07393 ], [ 7.6658, 45.07391 ] ] ] } },
{ "type": "Feature", "properties": { "uuid": "5ecf11ad-a68f-4072-b1b8-5789e10c03c7", "data_acq": "2017-12-31 00:00:00", "data_agg": "2017-12-31 00:00:00", "data_fin": "9999-12-31 00:00:00", "ente_for": "REGIONE PIEMONTE", "ente_prod": "ARPA PIEMONTE", "modo_prod": "banche dati esterne - geometrie da catasto, altezza volumi da ARPA PIEMONTE (DSM-DTM,LAS)", "sc_acq": "1:10000", "un_vol_av": "7", "un_vol_por": "al suolo", "un_vol_qe": "", "un_vol_ex": "altezza", "source": "BDTRE un_vol" }, "geometry": { "type": "Polygon", "coordinates": [ [ [ 7.66587, 45.06896 ], [ 7.66591, 45.06901 ], [ 7.66595, 45.069 ], [ 7.66591, 45.06895 ], [ 7.66587, 45.06896 ] ] ] } },
{ "type": "Feature", "properties": { "uuid": "cec8cf55-f770-439b-97c7-9fc897c006eb", "data_acq": "2017-12-31 00:00:00", "data_agg": "2017-12-31 00:00:00", "data_fin": "9999-12-31 00:00:00", "ente_for": "REGIONE PIEMONTE", "ente_prod": "ARPA PIEMONTE", "modo_prod": "banche dati esterne - geometrie da catasto, altezza volumi da ARPA PIEMONTE (DSM-DTM,LAS)", "sc_acq": "1:10000", "un_vol_av": "4", "un_vol_por": "al suolo", "un_vol_qe": "", "un_vol_ex": "altezza", "source": "BDTRE un_vol" }, "geometry": { "type": "Polygon", "coordinates": [ [ [ 7.66972, 45.08443 ], [ 7.66972, 45.08444 ], [ 7.66967, 45.08446 ], [ 7.66967, 45.08446 ], [ 7.66966, 45.08447 ], [ 7.66961, 45.08438 ], [ 7.66968, 45.08436 ], [ 7.66969, 45.08439 ], [ 7.66972, 45.08443 ] ] ] } },
{ "type": "Feature", "properties": { "uuid": "3e31e700-8bf7-4217-af07-70288d9ccc3a", "data_acq": "2017-12-31 00:00:00", "data_agg": "2017-12-31 00:00:00", "data_fin": "9999-12-31 00:00:00", "ente_for": "REGIONE PIEMONTE", "ente_prod": "ARPA PIEMONTE", "modo_prod": "banche dati esterne - geometrie da catasto, altezza volumi da ARPA PIEMONTE (DSM-DTM,LAS)", "sc_acq": "1:10000", "un_vol_av": "3", "un_vol_por": "al suolo", "un_vol_qe": "", "un_vol_ex": "altezza", "source": "BDTRE un_vol" }, "geometry": { "type": "Polygon", "coordinates": [ [ [ 7.66816, 45.07937 ], [ 7.66817, 45.07937 ], [ 7.66823, 45.07946 ], [ 7.66816, 45.07948 ], [ 7.66811, 45.0794 ], [ 7.66809, 45.07937 ], [ 7.66816, 45.07937 ] ] ] } },
{ "type": "Feature", "properties": { "uuid": "be5ad9fb-189e-4f13-bf0b-39297785f412", "data_acq": "2017-12-31 00:00:00", "data_agg": "2017-12-31 00:00:00", "data_fin": "9999-12-31 00:00:00", "ente_for": "REGIONE PIEMONTE", "ente_prod": "ARPA PIEMONTE", "modo_prod": "banche dati esterne - geometrie da catasto, altezza volumi da ARPA PIEMONTE (DSM-DTM,LAS)", "sc_acq": "1:10000", "un_vol_av": "3", "un_vol_por": "al suolo", "un_vol_qe": "", "un_vol_ex": "altezza", "source": "BDTRE un_vol" }, "geometry": { "type": "Polygon", "coordinates": [ [ [ 7.69325, 45.08074 ], [ 7.69321, 45.08078 ], [ 7.69317, 45.08075 ], [ 7.6932, 45.08071 ], [ 7.69325, 45.08074 ] ] ] } },
{ "type": "Feature", "properties": { "uuid": "5caf22d2-36c9-4e67-aa97-1d38acf217ca", "data_acq": "2017-12-31 00:00:00", "data_agg": "2017-12-31 00:00:00", "data_fin": "9999-12-31 00:00:00", "ente_for": "REGIONE PIEMONTE", "ente_prod": "ARPA PIEMONTE", "modo_prod": "banche dati esterne - geometrie da catasto, altezza volumi da ARPA PIEMONTE (DSM-DTM,LAS)", "sc_acq": "1:10000", "un_vol_av": "3", "un_vol_por": "al suolo", "un_vol_qe": "", "un_vol_ex": "altezza", "source": "BDTRE un_vol" }, "geometry": { "type": "Polygon", "coordinates": [ [ [ 7.67488, 45.08281 ], [ 7.67491, 45.08286 ], [ 7.67486, 45.08288 ], [ 7.67486, 45.08288 ], [ 7.67484, 45.08285 ], [ 7.67485, 45.08285 ], [ 7.67483, 45.08282 ], [ 7.67488, 45.08281 ] ] ] } },
{ "type": "Feature", "properties": { "uuid": "5e5b6e45-09ea-407c-9c95-021f9496b3e1", "data_acq": "2017-12-31 00:00:00", "data_agg": "2017-12-31 00:00:00", "data_fin": "9999-12-31 00:00:00", "ente_for": "REGIONE PIEMONTE", "ente_prod": "ARPA PIEMONTE", "modo_prod": "banche dati esterne - geometrie da catasto, altezza volumi da ARPA PIEMONTE (DSM-DTM,LAS)", "sc_acq": "1:10000", "un_vol_av": "8", "un_vol_por": "al suolo", "un_vol_qe": "", "un_vol_ex": "altezza", "source": "BDTRE un_vol" }, "geometry": { "type": "Polygon", "coordinates": [ [ [ 7.69151, 45.0658 ], [ 7.69142, 45.06583 ], [ 7.69135, 45.06572 ], [ 7.69129, 45.06563 ], [ 7.69136, 45.06561 ], [ 7.69141, 45.06568 ], [ 7.69144, 45.06572 ], [ 7.69142, 45.06573 ], [ 7.69144, 45.06574 ], [ 7.69149, 45.06576 ], [ 7.69152, 45.06575 ], [ 7.69151, 45.06574 ], [ 7.69159, 45.0657 ], [ 7.69161, 45.06572 ], [ 7.69163, 45.06571 ], [ 7.69165, 45.06574 ], [ 7.69156, 45.06578 ], [ 7.69151, 45.0658 ] ] ] } },
{ "type": "Feature", "properties": { "uuid": "b387e94d-5b20-488e-b9a1-8802c0e2be78", "data_acq": "2017-12-31 00:00:00", "data_agg": "2017-12-31 00:00:00", "data_fin": "9999-12-31 00:00:00", "ente_for": "REGIONE PIEMONTE", "ente_prod": "ARPA PIEMONTE", "modo_prod": "banche dati esterne - geometrie da catasto, altezza volumi da ARPA PIEMONTE (DSM-DTM,LAS)", "sc_acq": "1:10000", "un_vol_av": "3", "un_vol_por": "al suolo", "un_vol_qe": "", "un_vol_ex": "altezza", "source": "BDTRE un_vol" }, "geometry": { "type": "Polygon", "coordinates": [ [ [ 7.67743, 45.07422 ], [ 7.67743, 45.07421 ], [ 7.67743, 45.07421 ], [ 7.6774, 45.07417 ], [ 7.67746, 45.07415 ], [ 7.6775, 45.0742 ], [ 7.67744, 45.07422 ], [ 7.67743, 45.07422 ] ] ] } },
{ "type": "Feature", "properties": { "uuid": "8cd19940-8f59-4354-9071-357c92725b8d", "data_acq": "2017-12-31 00:00:00", "data_agg": "2017-12-31 00:00:00", "data_fin": "9999-12-31 00:00:00", "ente_for": "REGIONE PIEMONTE", "ente_prod": "ARPA PIEMONTE", "modo_prod": "banche dati esterne - geometrie da catasto, altezza volumi da ARPA PIEMONTE (DSM-DTM,LAS)", "sc_acq": "1:10000", "un_vol_av": "3", "un_vol_por": "al suolo", "un_vol_qe": "", "un_vol_ex": "altezza", "source": "BDTRE un_vol" }, "geometry": { "type": "Polygon", "coordinates": [ [ [ 7.66696, 45.0836 ], [ 7.66694, 45.08357 ], [ 7.66693, 45.08356 ], [ 7.66699, 45.08354 ], [ 7.66702, 45.08359 ], [ 7.66696, 45.08361 ], [ 7.66696, 45.0836 ] ] ] } },
{ "type": "Feature", "properties": { "uuid": "3d951c81-d129-41ff-8d49-28370a05554a", "data_acq": "2017-12-31 00:00:00", "data_agg": "2017-12-31 00:00:00", "data_fin": "9999-12-31 00:00:00", "ente_for": "REGIONE PIEMONTE", "ente_prod": "ARPA PIEMONTE", "modo_prod": "banche dati esterne - geometrie da catasto, altezza volumi da ARPA PIEMONTE (DSM-DTM,LAS)", "sc_acq": "1:10000", "un_vol_av": "3", "un_vol_por": "al suolo", "un_vol_qe": "", "un_vol_ex": "altezza", "source": "BDTRE un_vol" }, "geometry": { "type": "Polygon", "coordinates": [ [ [ 7.67236, 45.08099 ], [ 7.67226, 45.08103 ], [ 7.67215, 45.08106 ], [ 7.67212, 45.08102 ], [ 7.67232, 45.08095 ], [ 7.67236, 45.08099 ] ] ] } },
{ "type": "Feature", "properties": { "uuid": "0b5b9387-1321-46bb-bfc6-aff417511c83", "data_acq": "2017-12-31 00:00:00", "data_agg": "2017-12-31 00:00:00", "data_fin": "9999-12-31 00:00:00", "ente_for": "REGIONE PIEMONTE", "ente_prod": "ARPA PIEMONTE", "modo_prod": "banche dati esterne - geometrie da catasto, altezza volumi da ARPA PIEMONTE (DSM-DTM,LAS)", "sc_acq": "1:10000", "un_vol_av": "3", "un_vol_por": "al suolo", "un_vol_qe": "", "un_vol_ex": "altezza", "source": "BDTRE un_vol" }, "geometry": { "type": "Polygon", "coordinates": [ [ [ 7.6654, 45.07775 ], [ 7.66539, 45.07772 ], [ 7.66545, 45.0777 ], [ 7.66547, 45.07773 ], [ 7.6654, 45.07775 ] ] ] } },
{ "type": "Feature", "properties": { "uuid": "d7177e38-de21-49c2-8e12-33cf02eafd14", "data_acq": "2017-12-31 00:00:00", "data_agg": "2017-12-31 00:00:00", "data_fin": "9999-12-31 00:00:00", "ente_for": "REGIONE PIEMONTE", "ente_prod": "ARPA PIEMONTE", "modo_prod": "banche dati esterne - geometrie da catasto, altezza volumi da ARPA PIEMONTE (DSM-DTM,LAS)", "sc_acq": "1:10000", "un_vol_av": "3", "un_vol_por": "al suolo", "un_vol_qe": "", "un_vol_ex": "altezza", "source": "BDTRE un_vol" }, "geometry": { "type": "Polygon", "coordinates": [ [ [ 7.66763, 45.08337 ], [ 7.66769, 45.08335 ], [ 7.66766, 45.08331 ], [ 7.66761, 45.08332 ], [ 7.66763, 45.08337 ] ] ] } },
{ "type": "Feature", "properties": { "uuid": "0778f68c-623b-4b61-8d2b-c81c871e7063", "data_acq": "2017-12-31 00:00:00", "data_agg": "2017-12-31 00:00:00", "data_fin": "9999-12-31 00:00:00", "ente_for": "REGIONE PIEMONTE", "ente_prod": "ARPA PIEMONTE", "modo_prod": "banche dati esterne - geometrie da catasto, altezza volumi da ARPA PIEMONTE (DSM-DTM,LAS)", "sc_acq": "1:10000", "un_vol_av": "3", "un_vol_por": "al suolo", "un_vol_qe": "", "un_vol_ex": "altezza", "source": "BDTRE un_vol" }, "geometry": { "type": "Polygon", "coordinates": [ [ [ 7.66718, 45.08388 ], [ 7.66718, 45.08388 ], [ 7.66722, 45.08395 ], [ 7.66723, 45.08395 ], [ 7.66727, 45.08401 ], [ 7.6672, 45.08404 ], [ 7.6672, 45.08403 ], [ 7.66715, 45.08394 ], [ 7.66714, 45.08392 ], [ 7.66713, 45.0839 ], [ 7.66718, 45.08388 ] ] ] } },
{ "type": "Feature", "properties": { "uuid": "e61a1fba-38f8-402e-9b38-f3c47e8fb1d9", "data_acq": "2017-12-31 00:00:00", "data_agg": "2017-12-31 00:00:00", "data_fin": "9999-12-31 00:00:00", "ente_for": "REGIONE PIEMONTE", "ente_prod": "ARPA PIEMONTE", "modo_prod": "banche dati esterne - geometrie da catasto, altezza volumi da ARPA PIEMONTE (DSM-DTM,LAS)", "sc_acq": "1:10000", "un_vol_av": "4", "un_vol_por": "al suolo", "un_vol_qe": "", "un_vol_ex": "altezza", "source": "BDTRE un_vol" }, "geometry": { "type": "Polygon", "coordinates": [ [ [ 7.67418, 45.08358 ], [ 7.67417, 45.08357 ], [ 7.67415, 45.08353 ], [ 7.67409, 45.08355 ], [ 7.67412, 45.08359 ], [ 7.67414, 45.08359 ], [ 7.67418, 45.08358 ] ] ] } },
{ "type": "Feature", "properties": { "uuid": "0dc7947c-f0c7-42ec-98bb-549690acc975", "data_acq": "2017-12-31 00:00:00", "data_agg": "2017-12-31 00:00:00", "data_fin": "9999-12-31 00:00:00", "ente_for": "REGIONE PIEMONTE", "ente_prod": "ARPA PIEMONTE", "modo_prod": "banche dati esterne - geometrie da catasto, altezza volumi da ARPA PIEMONTE (DSM-DTM,LAS)", "sc_acq": "1:10000", "un_vol_av": "", "un_vol_por": "al suolo", "un_vol_qe": "", "un_vol_ex": "altezza", "source": "BDTRE un_vol" }, "geometry": { "type": "Polygon", "coordinates": [ [ [ 7.66602, 45.07831 ], [ 7.666, 45.07831 ], [ 7.66597, 45.07832 ], [ 7.66597, 45.07833 ], [ 7.66598, 45.07833 ], [ 7.666, 45.07837 ], [ 7.666, 45.07837 ], [ 7.66605, 45.07835 ], [ 7.66602, 45.07831 ] ] ] } },
{ "type": "Feature", "properties": { "uuid": "9ffe37f1-b12f-4eb1-8654-40e39183f27b", "data_acq": "2017-12-31 00:00:00", "data_agg": "2017-12-31 00:00:00", "data_fin": "9999-12-31 00:00:00", "ente_for": "REGIONE PIEMONTE", "ente_prod": "ARPA PIEMONTE", "modo_prod": "banche dati esterne - geometrie da catasto, altezza volumi da ARPA PIEMONTE (DSM-DTM,LAS)", "sc_acq": "1:10000", "un_vol_av": "4", "un_vol_por": "al suolo", "un_vol_qe": "", "un_vol_ex": "altezza", "source": "BDTRE un_vol" }, "geometry": { "type": "Polygon", "coordinates": [ [ [ 7.69011, 45.08455 ], [ 7.69053, 45.08442 ], [ 7.69061, 45.08455 ], [ 7.69058, 45.08456 ], [ 7.69055, 45.08459 ], [ 7.69056, 45.08461 ], [ 7.69024, 45.08471 ], [ 7.69024, 45.08472 ], [ 7.69023, 45.08472 ], [ 7.69011, 45.08455 ] ] ] } },
{ "type": "Feature", "properties": { "uuid": "20d459b8-c848-4445-a188-96c6949ba83b", "data_acq": "2017-12-31 00:00:00", "data_agg": "2017-12-31 00:00:00", "data_fin": "9999-12-31 00:00:00", "ente_for": "REGIONE PIEMONTE", "ente_prod": "ARPA PIEMONTE", "modo_prod": "banche dati esterne - geometrie da catasto, altezza volumi da ARPA PIEMONTE (DSM-DTM,LAS)", "sc_acq": "1:10000", "un_vol_av": "5", "un_vol_por": "al suolo", "un_vol_qe": "", "un_vol_ex": "altezza", "source": "BDTRE un_vol" }, "geometry": { "type": "Polygon", "coordinates": [ [ [ 7.68645, 45.08279 ], [ 7.68641, 45.0828 ], [ 7.6864, 45.08279 ], [ 7.68636, 45.08273 ], [ 7.6864, 45.08271 ], [ 7.68645, 45.08279 ] ] ] } },
{ "type": "Feature", "properties": { "uuid": "8f97e210-7f54-4598-9000-00018d75146e", "data_acq": "2017-12-31 00:00:00", "data_agg": "2017-12-31 00:00:00", "data_fin": "9999-12-31 00:00:00", "ente_for": "REGIONE PIEMONTE", "ente_prod": "ARPA PIEMONTE", "modo_prod": "banche dati esterne - geometrie da catasto, altezza volumi da ARPA PIEMONTE (DSM-DTM,LAS)", "sc_acq": "1:10000", "un_vol_av": "6", "un_vol_por": "al suolo", "un_vol_qe": "", "un_vol_ex": "altezza", "source": "BDTRE un_vol" }, "geometry": { "type": "Polygon", "coordinates": [ [ [ 7.67144, 45.07754 ], [ 7.67144, 45.0775 ], [ 7.67142, 45.07751 ], [ 7.67133, 45.07756 ], [ 7.67142, 45.07758 ], [ 7.67138, 45.07766 ], [ 7.67145, 45.07768 ], [ 7.67146, 45.07768 ], [ 7.67146, 45.07764 ], [ 7.67147, 45.0776 ], [ 7.67145, 45.0776 ], [ 7.67144, 45.0776 ], [ 7.67144, 45.07759 ], [ 7.67144, 45.07754 ] ] ] } },
{ "type": "Feature", "properties": { "uuid": "9d589bb1-8d10-4dab-bf4e-3fbd20dbfcb6", "data_acq": "2017-12-31 00:00:00", "data_agg": "2017-12-31 00:00:00", "data_fin": "9999-12-31 00:00:00", "ente_for": "REGIONE PIEMONTE", "ente_prod": "ARPA PIEMONTE", "modo_prod": "banche dati esterne - geometrie da catasto, altezza volumi da ARPA PIEMONTE (DSM-DTM,LAS)", "sc_acq": "1:10000", "un_vol_av": "3", "un_vol_por": "al suolo", "un_vol_qe": "", "un_vol_ex": "altezza", "source": "BDTRE un_vol" }, "geometry": { "type": "Polygon", "coordinates": [ [ [ 7.67069, 45.07681 ], [ 7.67073, 45.0768 ], [ 7.67076, 45.07685 ], [ 7.67073, 45.07686 ], [ 7.67069, 45.07681 ] ] ] } },
{ "type": "Feature", "properties": { "uuid": "661db612-9d2a-45ca-82e9-76b917e6fe30", "data_acq": "2017-12-31 00:00:00", "data_agg": "2017-12-31 00:00:00", "data_fin": "9999-12-31 00:00:00", "ente_for": "REGIONE PIEMONTE", "ente_prod": "ARPA PIEMONTE", "modo_prod": "banche dati esterne - geometrie da catasto, altezza volumi da ARPA PIEMONTE (DSM-DTM,LAS)", "sc_acq": "1:10000", "un_vol_av": "3", "un_vol_por": "al suolo", "un_vol_qe": "", "un_vol_ex": "altezza", "source": "BDTRE un_vol" }, "geometry": { "type": "Polygon", "coordinates": [ [ [ 7.6765, 45.06949 ], [ 7.67665, 45.06943 ], [ 7.67668, 45.06948 ], [ 7.67668, 45.06948 ], [ 7.67657, 45.06951 ], [ 7.67653, 45.06953 ], [ 7.67651, 45.0695 ], [ 7.6765, 45.06949 ] ] ] } },
{ "type": "Feature", "properties": { "uuid": "3e9dd236-a178-4ddc-ba34-4fb418dd2f41", "data_acq": "2017-12-31 00:00:00", "data_agg": "2017-12-31 00:00:00", "data_fin": "9999-12-31 00:00:00", "ente_for": "REGIONE PIEMONTE", "ente_prod": "ARPA PIEMONTE", "modo_prod": "banche dati esterne - geometrie da catasto, altezza volumi da ARPA PIEMONTE (DSM-DTM,LAS)", "sc_acq": "1:10000", "un_vol_av": "6", "un_vol_por": "al suolo", "un_vol_qe": "", "un_vol_ex": "altezza", "source": "BDTRE un_vol" }, "geometry": { "type": "Polygon", "coordinates": [ [ [ 7.6694, 45.06771 ], [ 7.66946, 45.06768 ], [ 7.66943, 45.06764 ], [ 7.66936, 45.06766 ], [ 7.6694, 45.06771 ] ] ] } },
{ "type": "Feature", "properties": { "uuid": "8937a9d3-c962-4099-95cd-100d20349fe2", "data_acq": "2017-12-31 00:00:00", "data_agg": "2017-12-31 00:00:00", "data_fin": "9999-12-31 00:00:00", "ente_for": "REGIONE PIEMONTE", "ente_prod": "ARPA PIEMONTE", "modo_prod": "banche dati esterne - geometrie da catasto, altezza volumi da ARPA PIEMONTE (DSM-DTM,LAS)", "sc_acq": "1:10000", "un_vol_av": "4", "un_vol_por": "al suolo", "un_vol_qe": "", "un_vol_ex": "altezza", "source": "BDTRE un_vol" }, "geometry": { "type": "Polygon", "coordinates": [ [ [ 7.69224, 45.07436 ], [ 7.69218, 45.07438 ], [ 7.69216, 45.07435 ], [ 7.69218, 45.07434 ], [ 7.69215, 45.0743 ], [ 7.69219, 45.07429 ], [ 7.69222, 45.07434 ], [ 7.69224, 45.07436 ] ] ] } },
{ "type": "Feature", "properties": { "uuid": "d1ca5ed3-cc2a-4b13-870b-87e146fd6f46", "data_acq": "2017-12-31 00:00:00", "data_agg": "2017-12-31 00:00:00", "data_fin": "9999-12-31 00:00:00", "ente_for": "REGIONE PIEMONTE", "ente_prod": "ARPA PIEMONTE", "modo_prod": "banche dati esterne - geometrie da catasto, altezza volumi da ARPA PIEMONTE (DSM-DTM,LAS)", "sc_acq": "1:10000", "un_vol_av": "4", "un_vol_por": "al suolo", "un_vol_qe": "", "un_vol_ex": "altezza", "source": "BDTRE un_vol" }, "geometry": { "type": "Polygon", "coordinates": [ [ [ 7.69254, 45.0678 ], [ 7.69248, 45.06773 ], [ 7.6926, 45.06768 ], [ 7.69265, 45.06776 ], [ 7.69254, 45.0678 ] ] ] } },
{ "type": "Feature", "properties": { "uuid": "aa0a3815-3b4a-4ec8-8011-e6de58cdb2c8", "data_acq": "2017-12-31 00:00:00", "data_agg": "2017-12-31 00:00:00", "data_fin": "9999-12-31 00:00:00", "ente_for": "REGIONE PIEMONTE", "ente_prod": "ARPA PIEMONTE", "modo_prod": "banche dati esterne - geometrie da catasto, altezza volumi da ARPA PIEMONTE (DSM-DTM,LAS)", "sc_acq": "1:10000", "un_vol_av": "3", "un_vol_por": "al suolo", "un_vol_qe": "", "un_vol_ex": "altezza", "source": "BDTRE un_vol" }, "geometry": { "type": "Polygon", "coordinates": [ [ [ 7.67435, 45.07298 ], [ 7.67434, 45.07297 ], [ 7.67432, 45.07294 ], [ 7.67429, 45.07295 ], [ 7.67429, 45.07295 ], [ 7.67422, 45.07297 ], [ 7.67425, 45.07301 ], [ 7.67435, 45.07298 ] ] ] } },
{ "type": "Feature", "properties": { "uuid": "9f32d2e8-58c8-46c6-b39e-b98656b18e99", "data_acq": "2017-12-31 00:00:00", "data_agg": "2017-12-31 00:00:00", "data_fin": "9999-12-31 00:00:00", "ente_for": "REGIONE PIEMONTE", "ente_prod": "ARPA PIEMONTE", "modo_prod": "banche dati esterne - geometrie da catasto, altezza volumi da ARPA PIEMONTE (DSM-DTM,LAS)", "sc_acq": "1:10000", "un_vol_av": "3", "un_vol_por": "al suolo", "un_vol_qe": "", "un_vol_ex": "altezza", "source": "BDTRE un_vol" }, "geometry": { "type": "Polygon", "coordinates": [ [ [ 7.68608, 45.08224 ], [ 7.68622, 45.0822 ], [ 7.68624, 45.08223 ], [ 7.6861, 45.08227 ], [ 7.68608, 45.08224 ] ] ] } },
{ "type": "Feature", "properties": { "uuid": "36056360-14e1-4b89-8d1c-504c372e5058", "data_acq": "2017-12-31 00:00:00", "data_agg": "2017-12-31 00:00:00", "data_fin": "9999-12-31 00:00:00", "ente_for": "REGIONE PIEMONTE", "ente_prod": "ARPA PIEMONTE", "modo_prod": "banche dati esterne - geometrie da catasto, altezza volumi da ARPA PIEMONTE (DSM-DTM,LAS)", "sc_acq": "1:10000", "un_vol_av": "13", "un_vol_por": "al suolo", "un_vol_qe": "", "un_vol_ex": "altezza", "source": "BDTRE un_vol" }, "geometry": { "type": "Polygon", "coordinates": [ [ [ 7.66565, 45.07488 ], [ 7.66568, 45.07485 ], [ 7.66574, 45.07488 ], [ 7.66568, 45.07493 ], [ 7.66565, 45.07488 ] ] ] } },
{ "type": "Feature", "properties": { "uuid": "ab75eecf-7391-4269-a14c-8ce5e2b96bb9", "data_acq": "2017-12-31 00:00:00", "data_agg": "2017-12-31 00:00:00", "data_fin": "9999-12-31 00:00:00", "ente_for": "REGIONE PIEMONTE", "ente_prod": "ARPA PIEMONTE", "modo_prod": "banche dati esterne - geometrie da catasto, altezza volumi da ARPA PIEMONTE (DSM-DTM,LAS)", "sc_acq": "1:10000", "un_vol_av": "4", "un_vol_por": "al suolo", "un_vol_qe": "", "un_vol_ex": "altezza", "source": "BDTRE un_vol" }, "geometry": { "type": "Polygon", "coordinates": [ [ [ 7.66706, 45.07829 ], [ 7.66718, 45.0782 ], [ 7.66723, 45.07823 ], [ 7.66718, 45.07828 ], [ 7.66713, 45.07831 ], [ 7.66711, 45.07832 ], [ 7.66706, 45.07829 ] ] ] } },
{ "type": "Feature", "properties": { "uuid": "d9b75e56-1eb9-4810-a1d6-7dddf521ee1c", "data_acq": "2017-12-31 00:00:00", "data_agg": "2017-12-31 00:00:00", "data_fin": "9999-12-31 00:00:00", "ente_for": "REGIONE PIEMONTE", "ente_prod": "ARPA PIEMONTE", "modo_prod": "banche dati esterne - geometrie da catasto, altezza volumi da ARPA PIEMONTE (DSM-DTM,LAS)", "sc_acq": "1:10000", "un_vol_av": "7", "un_vol_por": "al suolo", "un_vol_qe": "", "un_vol_ex": "altezza", "source": "BDTRE un_vol" }, "geometry": { "type": "Polygon", "coordinates": [ [ [ 7.66949, 45.07087 ], [ 7.66944, 45.07088 ], [ 7.66948, 45.07093 ], [ 7.66952, 45.07091 ], [ 7.66955, 45.0709 ], [ 7.66951, 45.07086 ], [ 7.66949, 45.07087 ] ] ] } },
{ "type": "Feature", "properties": { "uuid": "2ef44d4a-18c5-42f0-851a-18d9fae446c3", "data_acq": "2017-12-31 00:00:00", "data_agg": "2017-12-31 00:00:00", "data_fin": "9999-12-31 00:00:00", "ente_for": "REGIONE PIEMONTE", "ente_prod": "ARPA PIEMONTE", "modo_prod": "banche dati esterne - geometrie da catasto, altezza volumi da ARPA PIEMONTE (DSM-DTM,LAS)", "sc_acq": "1:10000", "un_vol_av": "3", "un_vol_por": "al suolo", "un_vol_qe": "", "un_vol_ex": "altezza", "source": "BDTRE un_vol" }, "geometry": { "type": "Polygon", "coordinates": [ [ [ 7.67929, 45.08392 ], [ 7.6793, 45.08393 ], [ 7.67934, 45.08399 ], [ 7.67929, 45.08401 ], [ 7.67925, 45.08394 ], [ 7.67926, 45.08393 ], [ 7.67929, 45.08392 ] ] ] } },
{ "type": "Feature", "properties": { "uuid": "3596aa33-9d54-4f8b-af41-cfc3a67a32b1", "data_acq": "2017-12-31 00:00:00", "data_agg": "2017-12-31 00:00:00", "data_fin": "9999-12-31 00:00:00", "ente_for": "REGIONE PIEMONTE", "ente_prod": "ARPA PIEMONTE", "modo_prod": "banche dati esterne - geometrie da catasto, altezza volumi da ARPA PIEMONTE (DSM-DTM,LAS)", "sc_acq": "1:10000", "un_vol_av": "3", "un_vol_por": "al suolo", "un_vol_qe": "", "un_vol_ex": "altezza", "source": "BDTRE un_vol" }, "geometry": { "type": "Polygon", "coordinates": [ [ [ 7.67418, 45.07291 ], [ 7.67414, 45.07286 ], [ 7.67414, 45.07286 ], [ 7.67412, 45.07282 ], [ 7.67415, 45.07282 ], [ 7.67415, 45.07282 ], [ 7.67419, 45.07281 ], [ 7.67425, 45.07289 ], [ 7.67418, 45.07291 ] ] ] } },
{ "type": "Feature", "properties": { "uuid": "0ecc2bd4-55b0-46b5-aa44-7d1b602e6158", "data_acq": "2017-12-31 00:00:00", "data_agg": "2017-12-31 00:00:00", "data_fin": "9999-12-31 00:00:00", "ente_for": "REGIONE PIEMONTE", "ente_prod": "ARPA PIEMONTE", "modo_prod": "banche dati esterne - geometrie da catasto, altezza volumi da ARPA PIEMONTE (DSM-DTM,LAS)", "sc_acq": "1:10000", "un_vol_av": "3", "un_vol_por": "al suolo", "un_vol_qe": "", "un_vol_ex": "altezza", "source": "BDTRE un_vol" }, "geometry": { "type": "Polygon", "coordinates": [ [ [ 7.68977, 45.08403 ], [ 7.68978, 45.08401 ], [ 7.6899, 45.08403 ], [ 7.68989, 45.08405 ], [ 7.68977, 45.08403 ] ] ] } },
{ "type": "Feature", "properties": { "uuid": "143414a1-e843-4f96-ba91-855013d62c97", "data_acq": "2017-12-31 00:00:00", "data_agg": "2017-12-31 00:00:00", "data_fin": "9999-12-31 00:00:00", "ente_for": "REGIONE PIEMONTE", "ente_prod": "ARPA PIEMONTE", "modo_prod": "banche dati esterne - geometrie da catasto, altezza volumi da ARPA PIEMONTE (DSM-DTM,LAS)", "sc_acq": "1:10000", "un_vol_av": "4", "un_vol_por": "al suolo", "un_vol_qe": "", "un_vol_ex": "altezza", "source": "BDTRE un_vol" }, "geometry": { "type": "Polygon", "coordinates": [ [ [ 7.66834, 45.06625 ], [ 7.66823, 45.06629 ], [ 7.6682, 45.06624 ], [ 7.6683, 45.0662 ], [ 7.6683, 45.0662 ], [ 7.66831, 45.06621 ], [ 7.66834, 45.06625 ] ] ] } },
{ "type": "Feature", "properties": { "uuid": "4b69b000-fd5e-4a54-9c49-553b129c1f19", "data_acq": "2017-12-31 00:00:00", "data_agg": "2017-12-31 00:00:00", "data_fin": "9999-12-31 00:00:00", "ente_for": "REGIONE PIEMONTE", "ente_prod": "ARPA PIEMONTE", "modo_prod": "banche dati esterne - geometrie da catasto, altezza volumi da ARPA PIEMONTE (DSM-DTM,LAS)", "sc_acq": "1:10000", "un_vol_av": "3", "un_vol_por": "al suolo", "un_vol_qe": "", "un_vol_ex": "altezza", "source": "BDTRE un_vol" }, "geometry": { "type": "Polygon", "coordinates": [ [ [ 7.67194, 45.06806 ], [ 7.67197, 45.0681 ], [ 7.6719, 45.06813 ], [ 7.67187, 45.06808 ], [ 7.67194, 45.06806 ] ] ] } },
{ "type": "Feature", "properties": { "uuid": "cb0b86ff-e39a-4af1-a3aa-47ee18a83a0d", "data_acq": "2017-12-31 00:00:00", "data_agg": "2017-12-31 00:00:00", "data_fin": "9999-12-31 00:00:00", "ente_for": "REGIONE PIEMONTE", "ente_prod": "ARPA PIEMONTE", "modo_prod": "banche dati esterne - geometrie da catasto, altezza volumi da ARPA PIEMONTE (DSM-DTM,LAS)", "sc_acq": "1:10000", "un_vol_av": "", "un_vol_por": "al suolo", "un_vol_qe": "", "un_vol_ex": "altezza", "source": "BDTRE un_vol" }, "geometry": { "type": "Polygon", "coordinates": [ [ [ 7.66551, 45.08164 ], [ 7.66559, 45.08161 ], [ 7.66561, 45.08164 ], [ 7.66558, 45.08165 ], [ 7.6656, 45.08167 ], [ 7.66553, 45.0817 ], [ 7.66543, 45.08174 ], [ 7.66539, 45.0817 ], [ 7.66545, 45.08167 ], [ 7.66551, 45.08164 ] ] ] } },
{ "type": "Feature", "properties": { "uuid": "c6f8a924-932e-4436-9f1f-956b03a04d12", "data_acq": "2017-12-31 00:00:00", "data_agg": "2017-12-31 00:00:00", "data_fin": "9999-12-31 00:00:00", "ente_for": "REGIONE PIEMONTE", "ente_prod": "ARPA PIEMONTE", "modo_prod": "banche dati esterne - geometrie da catasto, altezza volumi da ARPA PIEMONTE (DSM-DTM,LAS)", "sc_acq": "1:10000", "un_vol_av": "4", "un_vol_por": "al suolo", "un_vol_qe": "", "un_vol_ex": "altezza", "source": "BDTRE un_vol" }, "geometry": { "type": "Polygon", "coordinates": [ [ [ 7.67345, 45.08255 ], [ 7.6735, 45.08253 ], [ 7.67353, 45.08256 ], [ 7.67347, 45.08258 ], [ 7.67345, 45.08255 ] ] ] } },
{ "type": "Feature", "properties": { "uuid": "488cecc7-6f86-43c8-8ace-6805c4ba6b68", "data_acq": "2017-12-31 00:00:00", "data_agg": "2017-12-31 00:00:00", "data_fin": "9999-12-31 00:00:00", "ente_for": "REGIONE PIEMONTE", "ente_prod": "ARPA PIEMONTE", "modo_prod": "banche dati esterne - geometrie da catasto, altezza volumi da ARPA PIEMONTE (DSM-DTM,LAS)", "sc_acq": "1:10000", "un_vol_av": "3", "un_vol_por": "al suolo", "un_vol_qe": "", "un_vol_ex": "altezza", "source": "BDTRE un_vol" }, "geometry": { "type": "Polygon", "coordinates": [ [ [ 7.66898, 45.08294 ], [ 7.66917, 45.08286 ], [ 7.66913, 45.08282 ], [ 7.66894, 45.0829 ], [ 7.66898, 45.08294 ], [ 7.66898, 45.08294 ] ] ] } },
{ "type": "Feature", "properties": { "uuid": "4368d71f-6e47-41b0-8a64-fdcdaadcefb7", "data_acq": "2017-12-31 00:00:00", "data_agg": "2017-12-31 00:00:00", "data_fin": "9999-12-31 00:00:00", "ente_for": "REGIONE PIEMONTE", "ente_prod": "ARPA PIEMONTE", "modo_prod": "banche dati esterne - geometrie da catasto, altezza volumi da ARPA PIEMONTE (DSM-DTM,LAS)", "sc_acq": "1:10000", "un_vol_av": "3", "un_vol_por": "al suolo", "un_vol_qe": "", "un_vol_ex": "altezza", "source": "BDTRE un_vol" }, "geometry": { "type": "Polygon", "coordinates": [ [ [ 7.67134, 45.0817 ], [ 7.67129, 45.08167 ], [ 7.67133, 45.08164 ], [ 7.67137, 45.08165 ], [ 7.6714, 45.08168 ], [ 7.67134, 45.0817 ] ] ] } },
{ "type": "Feature", "properties": { "uuid": "99fae45c-0e5f-48e3-a648-8ba74284d23e", "data_acq": "2017-12-31 00:00:00", "data_agg": "2017-12-31 00:00:00", "data_fin": "9999-12-31 00:00:00", "ente_for": "REGIONE PIEMONTE", "ente_prod": "ARPA PIEMONTE", "modo_prod": "banche dati esterne - geometrie da catasto, altezza volumi da ARPA PIEMONTE (DSM-DTM,LAS)", "sc_acq": "1:10000", "un_vol_av": "3", "un_vol_por": "al suolo", "un_vol_qe": "", "un_vol_ex": "altezza", "source": "BDTRE un_vol" }, "geometry": { "type": "Polygon", "coordinates": [ [ [ 7.68133, 45.07115 ], [ 7.68139, 45.07125 ], [ 7.68152, 45.0712 ], [ 7.68146, 45.07111 ], [ 7.68133, 45.07115 ] ] ] } },
{ "type": "Feature", "properties": { "uuid": "43668c06-bee4-498d-a594-990cc4b41b48", "data_acq": "2017-12-31 00:00:00", "data_agg": "2017-12-31 00:00:00", "data_fin": "9999-12-31 00:00:00", "ente_for": "REGIONE PIEMONTE", "ente_prod": "ARPA PIEMONTE", "modo_prod": "banche dati esterne - geometrie da catasto, altezza volumi da ARPA PIEMONTE (DSM-DTM,LAS)", "sc_acq": "1:10000", "un_vol_av": "5", "un_vol_por": "al suolo", "un_vol_qe": "", "un_vol_ex": "altezza", "source": "BDTRE un_vol" }, "geometry": { "type": "Polygon", "coordinates": [ [ [ 7.6661, 45.06821 ], [ 7.66613, 45.06825 ], [ 7.66616, 45.06825 ], [ 7.66617, 45.06824 ], [ 7.66616, 45.06823 ], [ 7.66614, 45.0682 ], [ 7.66613, 45.0682 ], [ 7.6661, 45.06821 ] ] ] } },
{ "type": "Feature", "properties": { "uuid": "0135e9ad-5ea5-48fe-a5a8-16a8b511b647", "data_acq": "2017-12-31 00:00:00", "data_agg": "2017-12-31 00:00:00", "data_fin": "9999-12-31 00:00:00", "ente_for": "REGIONE PIEMONTE", "ente_prod": "ARPA PIEMONTE", "modo_prod": "banche dati esterne - geometrie da catasto, altezza volumi da ARPA PIEMONTE (DSM-DTM,LAS)", "sc_acq": "1:10000", "un_vol_av": "3", "un_vol_por": "al suolo", "un_vol_qe": "", "un_vol_ex": "altezza", "source": "BDTRE un_vol" }, "geometry": { "type": "Polygon", "coordinates": [ [ [ 7.69271, 45.07317 ], [ 7.69276, 45.07325 ], [ 7.69272, 45.07327 ], [ 7.6927, 45.07326 ], [ 7.69268, 45.07326 ], [ 7.69264, 45.0732 ], [ 7.69271, 45.07317 ] ] ] } },
{ "type": "Feature", "properties": { "uuid": "5937e2e5-8b15-4a2f-9cd7-d8a69bc17e3e", "data_acq": "2017-12-31 00:00:00", "data_agg": "2017-12-31 00:00:00", "data_fin": "9999-12-31 00:00:00", "ente_for": "REGIONE PIEMONTE", "ente_prod": "ARPA PIEMONTE", "modo_prod": "banche dati esterne - geometrie da catasto, altezza volumi da ARPA PIEMONTE (DSM-DTM,LAS)", "sc_acq": "1:10000", "un_vol_av": "3", "un_vol_por": "al suolo", "un_vol_qe": "", "un_vol_ex": "altezza", "source": "BDTRE un_vol" }, "geometry": { "type": "Polygon", "coordinates": [ [ [ 7.66945, 45.0809 ], [ 7.66948, 45.08089 ], [ 7.6695, 45.08092 ], [ 7.66947, 45.08093 ], [ 7.66947, 45.08093 ], [ 7.66945, 45.0809 ] ] ] } },
{ "type": "Feature", "properties": { "uuid": "17355b7d-7ed9-4a30-868c-b621d478d33e", "data_acq": "2017-12-31 00:00:00", "data_agg": "2017-12-31 00:00:00", "data_fin": "9999-12-31 00:00:00", "ente_for": "REGIONE PIEMONTE", "ente_prod": "ARPA PIEMONTE", "modo_prod": "banche dati esterne - geometrie da catasto, altezza volumi da ARPA PIEMONTE (DSM-DTM,LAS)", "sc_acq": "1:10000", "un_vol_av": "3", "un_vol_por": "al suolo", "un_vol_qe": "", "un_vol_ex": "altezza", "source": "BDTRE un_vol" }, "geometry": { "type": "Polygon", "coordinates": [ [ [ 7.67714, 45.06505 ], [ 7.6771, 45.065 ], [ 7.67698, 45.06505 ], [ 7.67701, 45.0651 ], [ 7.67708, 45.06508 ], [ 7.67714, 45.06505 ] ] ] } },
{ "type": "Feature", "properties": { "uuid": "a00c9116-c442-43d1-93d2-b235dbb3a062", "data_acq": "2017-12-31 00:00:00", "data_agg": "2017-12-31 00:00:00", "data_fin": "9999-12-31 00:00:00", "ente_for": "REGIONE PIEMONTE", "ente_prod": "ARPA PIEMONTE", "modo_prod": "banche dati esterne - geometrie da catasto, altezza volumi da ARPA PIEMONTE (DSM-DTM,LAS)", "sc_acq": "1:10000", "un_vol_av": "3", "un_vol_por": "al suolo", "un_vol_qe": "", "un_vol_ex": "altezza", "source": "BDTRE un_vol" }, "geometry": { "type": "Polygon", "coordinates": [ [ [ 7.67127, 45.08157 ], [ 7.67125, 45.08159 ], [ 7.67124, 45.08159 ], [ 7.67123, 45.08157 ], [ 7.67126, 45.08153 ], [ 7.67132, 45.08154 ], [ 7.67127, 45.08157 ] ] ] } },
{ "type": "Feature", "properties": { "uuid": "9f745cc8-8184-469c-8037-94b5a0509147", "data_acq": "2017-12-31 00:00:00", "data_agg": "2017-12-31 00:00:00", "data_fin": "9999-12-31 00:00:00", "ente_for": "REGIONE PIEMONTE", "ente_prod": "ARPA PIEMONTE", "modo_prod": "banche dati esterne - geometrie da catasto, altezza volumi da ARPA PIEMONTE (DSM-DTM,LAS)", "sc_acq": "1:10000", "un_vol_av": "3", "un_vol_por": "al suolo", "un_vol_qe": "", "un_vol_ex": "altezza", "source": "BDTRE un_vol" }, "geometry": { "type": "Polygon", "coordinates": [ [ [ 7.69234, 45.07945 ], [ 7.69219, 45.07938 ], [ 7.69229, 45.07928 ], [ 7.69229, 45.07928 ], [ 7.69234, 45.07929 ], [ 7.69234, 45.07931 ], [ 7.69232, 45.07933 ], [ 7.69233, 45.07933 ], [ 7.6923, 45.07937 ], [ 7.69238, 45.07941 ], [ 7.69234, 45.07945 ] ] ] } },
{ "type": "Feature", "properties": { "uuid": "e1c5dba0-8657-45b0-8708-9fd0589b4b0e", "data_acq": "2017-12-31 00:00:00", "data_agg": "2017-12-31 00:00:00", "data_fin": "9999-12-31 00:00:00", "ente_for": "REGIONE PIEMONTE", "ente_prod": "ARPA PIEMONTE", "modo_prod": "banche dati esterne - geometrie da catasto, altezza volumi da ARPA PIEMONTE (DSM-DTM,LAS)", "sc_acq": "1:10000", "un_vol_av": "4", "un_vol_por": "al suolo", "un_vol_qe": "", "un_vol_ex": "altezza", "source": "BDTRE un_vol" }, "geometry": { "type": "Polygon", "coordinates": [ [ [ 7.66661, 45.0783 ], [ 7.66663, 45.07828 ], [ 7.66666, 45.07825 ], [ 7.66677, 45.07831 ], [ 7.66676, 45.07832 ], [ 7.66676, 45.07832 ], [ 7.66676, 45.07832 ], [ 7.66672, 45.07835 ], [ 7.66672, 45.07835 ], [ 7.66671, 45.07836 ], [ 7.66661, 45.0783 ] ] ] } },
{ "type": "Feature", "properties": { "uuid": "6b832b2f-7521-43c1-8a4a-5b4ddf6a45e1", "data_acq": "2017-12-31 00:00:00", "data_agg": "2017-12-31 00:00:00", "data_fin": "9999-12-31 00:00:00", "ente_for": "REGIONE PIEMONTE", "ente_prod": "ARPA PIEMONTE", "modo_prod": "banche dati esterne - geometrie da catasto, altezza volumi da ARPA PIEMONTE (DSM-DTM,LAS)", "sc_acq": "1:10000", "un_vol_av": "3", "un_vol_por": "al suolo", "un_vol_qe": "", "un_vol_ex": "altezza", "source": "BDTRE un_vol" }, "geometry": { "type": "Polygon", "coordinates": [ [ [ 7.69344, 45.08402 ], [ 7.6935, 45.08396 ], [ 7.69354, 45.08397 ], [ 7.69356, 45.08399 ], [ 7.69356, 45.084 ], [ 7.69351, 45.08405 ], [ 7.69344, 45.08402 ] ] ] } },
{ "type": "Feature", "properties": { "uuid": "7b7df952-9482-4cee-b3a2-e6784e01b7ce", "data_acq": "2017-12-31 00:00:00", "data_agg": "2017-12-31 00:00:00", "data_fin": "9999-12-31 00:00:00", "ente_for": "REGIONE PIEMONTE", "ente_prod": "ARPA PIEMONTE", "modo_prod": "banche dati esterne - geometrie da catasto, altezza volumi da ARPA PIEMONTE (DSM-DTM,LAS)", "sc_acq": "1:10000", "un_vol_av": "3", "un_vol_por": "al suolo", "un_vol_qe": "", "un_vol_ex": "altezza", "source": "BDTRE un_vol" }, "geometry": { "type": "Polygon", "coordinates": [ [ [ 7.66786, 45.07786 ], [ 7.66786, 45.07786 ], [ 7.66791, 45.07789 ], [ 7.6679, 45.07789 ], [ 7.66785, 45.07793 ], [ 7.66777, 45.07799 ], [ 7.66773, 45.07796 ], [ 7.66786, 45.07786 ] ] ] } },
{ "type": "Feature", "properties": { "uuid": "1b508a96-bc53-4801-a478-cc4329591a99", "data_acq": "2017-12-31 00:00:00", "data_agg": "2017-12-31 00:00:00", "data_fin": "9999-12-31 00:00:00", "ente_for": "REGIONE PIEMONTE", "ente_prod": "ARPA PIEMONTE", "modo_prod": "banche dati esterne - geometrie da catasto, altezza volumi da ARPA PIEMONTE (DSM-DTM,LAS)", "sc_acq": "1:10000", "un_vol_av": "4", "un_vol_por": "al suolo", "un_vol_qe": "", "un_vol_ex": "altezza", "source": "BDTRE un_vol" }, "geometry": { "type": "Polygon", "coordinates": [ [ [ 7.66967, 45.06859 ], [ 7.6696, 45.06862 ], [ 7.66959, 45.06862 ], [ 7.66958, 45.06861 ], [ 7.66959, 45.06861 ], [ 7.66957, 45.06857 ], [ 7.66964, 45.06855 ], [ 7.66967, 45.06859 ] ] ] } },
{ "type": "Feature", "properties": { "uuid": "f08ae032-7f03-4f9b-809f-edea0488b988", "data_acq": "2017-12-31 00:00:00", "data_agg": "2017-12-31 00:00:00", "data_fin": "9999-12-31 00:00:00", "ente_for": "REGIONE PIEMONTE", "ente_prod": "ARPA PIEMONTE", "modo_prod": "banche dati esterne - geometrie da catasto, altezza volumi da ARPA PIEMONTE (DSM-DTM,LAS)", "sc_acq": "1:10000", "un_vol_av": "3", "un_vol_por": "al suolo", "un_vol_qe": "", "un_vol_ex": "altezza", "source": "BDTRE un_vol" }, "geometry": { "type": "Polygon", "coordinates": [ [ [ 7.6717, 45.06896 ], [ 7.67171, 45.06899 ], [ 7.67173, 45.06901 ], [ 7.67173, 45.06901 ], [ 7.67181, 45.06899 ], [ 7.67178, 45.06893 ], [ 7.6717, 45.06896 ] ] ] } },
{ "type": "Feature", "properties": { "uuid": "55633b6d-5d38-4f67-8609-7c958ef399ad", "data_acq": "2017-12-31 00:00:00", "data_agg": "2017-12-31 00:00:00", "data_fin": "9999-12-31 00:00:00", "ente_for": "REGIONE PIEMONTE", "ente_prod": "ARPA PIEMONTE", "modo_prod": "banche dati esterne - geometrie da catasto, altezza volumi da ARPA PIEMONTE (DSM-DTM,LAS)", "sc_acq": "1:10000", "un_vol_av": "8", "un_vol_por": "al suolo", "un_vol_qe": "", "un_vol_ex": "altezza", "source": "BDTRE un_vol" }, "geometry": { "type": "Polygon", "coordinates": [ [ [ 7.66566, 45.06801 ], [ 7.66573, 45.06798 ], [ 7.66568, 45.06792 ], [ 7.66561, 45.06794 ], [ 7.66566, 45.06801 ] ] ] } },
{ "type": "Feature", "properties": { "uuid": "3d11cf66-75fd-415e-811c-88aa6a001f0e", "data_acq": "2017-12-31 00:00:00", "data_agg": "2017-12-31 00:00:00", "data_fin": "9999-12-31 00:00:00", "ente_for": "REGIONE PIEMONTE", "ente_prod": "ARPA PIEMONTE", "modo_prod": "banche dati esterne - geometrie da catasto, altezza volumi da ARPA PIEMONTE (DSM-DTM,LAS)", "sc_acq": "1:10000", "un_vol_av": "4", "un_vol_por": "al suolo", "un_vol_qe": "", "un_vol_ex": "altezza", "source": "BDTRE un_vol" }, "geometry": { "type": "Polygon", "coordinates": [ [ [ 7.66522, 45.07684 ], [ 7.66521, 45.07689 ], [ 7.66528, 45.07689 ], [ 7.66528, 45.07684 ], [ 7.66522, 45.07684 ], [ 7.66522, 45.07684 ], [ 7.66522, 45.07684 ] ] ] } },
{ "type": "Feature", "properties": { "uuid": "247a3bb7-cf2d-4376-94df-7fcf47ab1484", "data_acq": "2017-12-31 00:00:00", "data_agg": "2017-12-31 00:00:00", "data_fin": "9999-12-31 00:00:00", "ente_for": "REGIONE PIEMONTE", "ente_prod": "ARPA PIEMONTE", "modo_prod": "banche dati esterne - geometrie da catasto, altezza volumi da ARPA PIEMONTE (DSM-DTM,LAS)", "sc_acq": "1:10000", "un_vol_av": "6", "un_vol_por": "al suolo", "un_vol_qe": "", "un_vol_ex": "altezza", "source": "BDTRE un_vol" }, "geometry": { "type": "Polygon", "coordinates": [ [ [ 7.66839, 45.07755 ], [ 7.66847, 45.07752 ], [ 7.66843, 45.07748 ], [ 7.66834, 45.07751 ], [ 7.66836, 45.07752 ], [ 7.66839, 45.07755 ] ] ] } },
{ "type": "Feature", "properties": { "uuid": "23868fdb-4b0e-4721-bb5b-bd1b82373b72", "data_acq": "2017-12-31 00:00:00", "data_agg": "2017-12-31 00:00:00", "data_fin": "9999-12-31 00:00:00", "ente_for": "REGIONE PIEMONTE", "ente_prod": "ARPA PIEMONTE", "modo_prod": "banche dati esterne - geometrie da catasto, altezza volumi da ARPA PIEMONTE (DSM-DTM,LAS)", "sc_acq": "1:10000", "un_vol_av": "3", "un_vol_por": "al suolo", "un_vol_qe": "", "un_vol_ex": "altezza", "source": "BDTRE un_vol" }, "geometry": { "type": "Polygon", "coordinates": [ [ [ 7.69179, 45.0813 ], [ 7.6918, 45.08132 ], [ 7.69174, 45.08134 ], [ 7.69173, 45.08132 ], [ 7.69179, 45.0813 ], [ 7.69179, 45.0813 ] ] ] } },
{ "type": "Feature", "properties": { "uuid": "55f8d359-67ce-457d-be50-411acf5bb563", "data_acq": "2017-12-31 00:00:00", "data_agg": "2017-12-31 00:00:00", "data_fin": "9999-12-31 00:00:00", "ente_for": "REGIONE PIEMONTE", "ente_prod": "ARPA PIEMONTE", "modo_prod": "banche dati esterne - geometrie da catasto, altezza volumi da ARPA PIEMONTE (DSM-DTM,LAS)", "sc_acq": "1:10000", "un_vol_av": "4", "un_vol_por": "al suolo", "un_vol_qe": "", "un_vol_ex": "altezza", "source": "BDTRE un_vol" }, "geometry": { "type": "Polygon", "coordinates": [ [ [ 7.67188, 45.06785 ], [ 7.67181, 45.06788 ], [ 7.67184, 45.06792 ], [ 7.67191, 45.0679 ], [ 7.67188, 45.06785 ] ] ] } },
{ "type": "Feature", "properties": { "uuid": "63253545-765a-4745-88c0-6464d9a2e326", "data_acq": "2017-12-31 00:00:00", "data_agg": "2017-12-31 00:00:00", "data_fin": "9999-12-31 00:00:00", "ente_for": "REGIONE PIEMONTE", "ente_prod": "ARPA PIEMONTE", "modo_prod": "banche dati esterne - geometrie da catasto, altezza volumi da ARPA PIEMONTE (DSM-DTM,LAS)", "sc_acq": "1:10000", "un_vol_av": "3", "un_vol_por": "al suolo", "un_vol_qe": "", "un_vol_ex": "altezza", "source": "BDTRE un_vol" }, "geometry": { "type": "Polygon", "coordinates": [ [ [ 7.67876, 45.08428 ], [ 7.6788, 45.08427 ], [ 7.67882, 45.0843 ], [ 7.67879, 45.08431 ], [ 7.67876, 45.08428 ] ] ] } },
{ "type": "Feature", "properties": { "uuid": "0ce88f18-afcd-499b-914a-5f2fb4c9324a", "data_acq": "2017-12-31 00:00:00", "data_agg": "2017-12-31 00:00:00", "data_fin": "9999-12-31 00:00:00", "ente_for": "REGIONE PIEMONTE", "ente_prod": "ARPA PIEMONTE", "modo_prod": "banche dati esterne - geometrie da catasto, altezza volumi da ARPA PIEMONTE (DSM-DTM,LAS)", "sc_acq": "1:10000", "un_vol_av": "12", "un_vol_por": "al suolo", "un_vol_qe": "", "un_vol_ex": "altezza", "source": "BDTRE un_vol" }, "geometry": { "type": "Polygon", "coordinates": [ [ [ 7.67685, 45.07349 ], [ 7.67688, 45.07352 ], [ 7.67692, 45.07354 ], [ 7.67695, 45.07354 ], [ 7.67696, 45.07354 ], [ 7.67702, 45.07351 ], [ 7.67702, 45.07351 ], [ 7.67702, 45.07351 ], [ 7.67705, 45.0735 ], [ 7.67703, 45.07347 ], [ 7.67701, 45.07343 ], [ 7.67696, 45.07345 ], [ 7.67692, 45.07346 ], [ 7.67692, 45.07346 ], [ 7.67691, 45.07346 ], [ 7.67688, 45.07347 ], [ 7.67686, 45.07348 ], [ 7.67686, 45.07348 ], [ 7.67686, 45.07348 ], [ 7.67685, 45.07349 ] ] ] } },
{ "type": "Feature", "properties": { "uuid": "1c54ead9-955d-4768-8c7a-ceab14010f6d", "data_acq": "2017-12-31 00:00:00", "data_agg": "2017-12-31 00:00:00", "data_fin": "9999-12-31 00:00:00", "ente_for": "REGIONE PIEMONTE", "ente_prod": "ARPA PIEMONTE", "modo_prod": "banche dati esterne - geometrie da catasto, altezza volumi da ARPA PIEMONTE (DSM-DTM,LAS)", "sc_acq": "1:10000", "un_vol_av": "5", "un_vol_por": "al suolo", "un_vol_qe": "", "un_vol_ex": "altezza", "source": "BDTRE un_vol" }, "geometry": { "type": "Polygon", "coordinates": [ [ [ 7.6721, 45.06954 ], [ 7.67208, 45.06952 ], [ 7.67205, 45.06953 ], [ 7.67208, 45.06957 ], [ 7.67211, 45.06956 ], [ 7.6721, 45.06954 ] ] ] } },
{ "type": "Feature", "properties": { "uuid": "4e672c25-1295-4f7f-8375-986c26ed7551", "data_acq": "2019-11-30 00:00:00", "data_agg": "2020-12-31 00:00:00", "data_fin": "9999-12-31 00:00:00", "ente_for": "REGIONE PIEMONTE", "ente_prod": "CSI PIEMONTE", "modo_prod": "elaborazione automatica e verifiche manuali", "sc_acq": "1:5000", "un_vol_av": "", "un_vol_por": "al suolo", "un_vol_qe": "", "un_vol_ex": "altezza", "source": "BDTRE un_vol" }, "geometry": { "type": "Polygon", "coordinates": [ [ [ 7.67955, 45.08299 ], [ 7.6796, 45.08307 ], [ 7.67962, 45.08311 ], [ 7.67964, 45.08314 ], [ 7.67968, 45.0832 ], [ 7.67974, 45.08329 ], [ 7.67983, 45.08327 ], [ 7.67994, 45.08323 ], [ 7.68, 45.08321 ], [ 7.67994, 45.08311 ], [ 7.67988, 45.08313 ], [ 7.67986, 45.08311 ], [ 7.67984, 45.08309 ], [ 7.67982, 45.08307 ], [ 7.67979, 45.08308 ], [ 7.67982, 45.08314 ], [ 7.67983, 45.08313 ], [ 7.67987, 45.0832 ], [ 7.67978, 45.08323 ], [ 7.67976, 45.08321 ], [ 7.6797, 45.08311 ], [ 7.67961, 45.08297 ], [ 7.67955, 45.08299 ] ] ] } },
{ "type": "Feature", "properties": { "uuid": "e30d1713-5fa7-43da-9b3d-4080d372e6c6", "data_acq": "2017-12-31 00:00:00", "data_agg": "2017-12-31 00:00:00", "data_fin": "9999-12-31 00:00:00", "ente_for": "REGIONE PIEMONTE", "ente_prod": "ARPA PIEMONTE", "modo_prod": "banche dati esterne - geometrie da catasto, altezza volumi da ARPA PIEMONTE (DSM-DTM,LAS)", "sc_acq": "1:10000", "un_vol_av": "3", "un_vol_por": "al suolo", "un_vol_qe": "", "un_vol_ex": "altezza", "source": "BDTRE un_vol" }, "geometry": { "type": "Polygon", "coordinates": [ [ [ 7.66674, 45.06606 ], [ 7.66668, 45.06608 ], [ 7.66664, 45.06602 ], [ 7.6667, 45.066 ], [ 7.66674, 45.06606 ] ] ] } },
{ "type": "Feature", "properties": { "uuid": "e22e5d80-69b9-4843-95f8-48600b0e2ee4", "data_acq": "2017-12-31 00:00:00", "data_agg": "2017-12-31 00:00:00", "data_fin": "9999-12-31 00:00:00", "ente_for": "REGIONE PIEMONTE", "ente_prod": "ARPA PIEMONTE", "modo_prod": "banche dati esterne - geometrie da catasto, altezza volumi da ARPA PIEMONTE (DSM-DTM,LAS)", "sc_acq": "1:10000", "un_vol_av": "6", "un_vol_por": "al suolo", "un_vol_qe": "", "un_vol_ex": "altezza", "source": "BDTRE un_vol" }, "geometry": { "type": "Polygon", "coordinates": [ [ [ 7.67068, 45.06727 ], [ 7.67072, 45.06732 ], [ 7.67072, 45.06732 ], [ 7.67064, 45.06735 ], [ 7.67061, 45.06729 ], [ 7.6706, 45.06729 ], [ 7.67068, 45.06727 ] ] ] } },
{ "type": "Feature", "properties": { "uuid": "247f22bc-b2e6-46be-9a6e-54331ad15378", "data_acq": "2017-12-31 00:00:00", "data_agg": "2017-12-31 00:00:00", "data_fin": "9999-12-31 00:00:00", "ente_for": "REGIONE PIEMONTE", "ente_prod": "ARPA PIEMONTE", "modo_prod": "banche dati esterne - geometrie da catasto, altezza volumi da ARPA PIEMONTE (DSM-DTM,LAS)", "sc_acq": "1:10000", "un_vol_av": "3", "un_vol_por": "al suolo", "un_vol_qe": "", "un_vol_ex": "altezza", "source": "BDTRE un_vol" }, "geometry": { "type": "Polygon", "coordinates": [ [ [ 7.67934, 45.08405 ], [ 7.67934, 45.08405 ], [ 7.67937, 45.08403 ], [ 7.67938, 45.08405 ], [ 7.6794, 45.08407 ], [ 7.67936, 45.08408 ], [ 7.67934, 45.08405 ] ] ] } },
{ "type": "Feature", "properties": { "uuid": "c68dbe20-c86d-40d4-9923-809ca17eac58", "data_acq": "2017-12-31 00:00:00", "data_agg": "2017-12-31 00:00:00", "data_fin": "9999-12-31 00:00:00", "ente_for": "REGIONE PIEMONTE", "ente_prod": "ARPA PIEMONTE", "modo_prod": "banche dati esterne - geometrie da catasto, altezza volumi da ARPA PIEMONTE (DSM-DTM,LAS)", "sc_acq": "1:10000", "un_vol_av": "3", "un_vol_por": "al suolo", "un_vol_qe": "", "un_vol_ex": "altezza", "source": "BDTRE un_vol" }, "geometry": { "type": "Polygon", "coordinates": [ [ [ 7.69339, 45.08409 ], [ 7.69344, 45.08402 ], [ 7.69351, 45.08405 ], [ 7.69345, 45.08412 ], [ 7.69339, 45.08409 ] ] ] } },
{ "type": "Feature", "properties": { "uuid": "dbade47f-513f-419c-bd55-0e67748b3f97", "data_acq": "2017-12-31 00:00:00", "data_agg": "2017-12-31 00:00:00", "data_fin": "9999-12-31 00:00:00", "ente_for": "REGIONE PIEMONTE", "ente_prod": "ARPA PIEMONTE", "modo_prod": "banche dati esterne - geometrie da catasto, altezza volumi da ARPA PIEMONTE (DSM-DTM,LAS)", "sc_acq": "1:10000", "un_vol_av": "4", "un_vol_por": "al suolo", "un_vol_qe": "", "un_vol_ex": "altezza", "source": "BDTRE un_vol" }, "geometry": { "type": "Polygon", "coordinates": [ [ [ 7.66941, 45.07267 ], [ 7.66927, 45.07273 ], [ 7.66921, 45.07275 ], [ 7.66919, 45.07275 ], [ 7.66916, 45.07271 ], [ 7.66927, 45.07267 ], [ 7.66938, 45.07263 ], [ 7.66941, 45.07267 ] ] ] } },
{ "type": "Feature", "properties": { "uuid": "335f4cd8-4236-49dd-8b9d-42b16c7e5764", "data_acq": "2017-12-31 00:00:00", "data_agg": "2017-12-31 00:00:00", "data_fin": "9999-12-31 00:00:00", "ente_for": "REGIONE PIEMONTE", "ente_prod": "ARPA PIEMONTE", "modo_prod": "banche dati esterne - geometrie da catasto, altezza volumi da ARPA PIEMONTE (DSM-DTM,LAS)", "sc_acq": "1:10000", "un_vol_av": "3", "un_vol_por": "al suolo", "un_vol_qe": "", "un_vol_ex": "altezza", "source": "BDTRE un_vol" }, "geometry": { "type": "Polygon", "coordinates": [ [ [ 7.69127, 45.07783 ], [ 7.69126, 45.07784 ], [ 7.6912, 45.07791 ], [ 7.69116, 45.0779 ], [ 7.69118, 45.07787 ], [ 7.69117, 45.07784 ], [ 7.69125, 45.07775 ], [ 7.69131, 45.07778 ], [ 7.69127, 45.07783 ] ] ] } },
{ "type": "Feature", "properties": { "uuid": "503095bf-c2b2-4c28-9552-0b647f53e72a", "data_acq": "2017-12-31 00:00:00", "data_agg": "2017-12-31 00:00:00", "data_fin": "9999-12-31 00:00:00", "ente_for": "REGIONE PIEMONTE", "ente_prod": "ARPA PIEMONTE", "modo_prod": "banche dati esterne - geometrie da catasto, altezza volumi da ARPA PIEMONTE (DSM-DTM,LAS)", "sc_acq": "1:10000", "un_vol_av": "3", "un_vol_por": "al suolo", "un_vol_qe": "", "un_vol_ex": "altezza", "source": "BDTRE un_vol" }, "geometry": { "type": "Polygon", "coordinates": [ [ [ 7.67114, 45.07682 ], [ 7.67108, 45.07685 ], [ 7.67097, 45.07689 ], [ 7.6709, 45.07691 ], [ 7.67087, 45.07687 ], [ 7.67111, 45.07678 ], [ 7.67114, 45.07682 ] ] ] } },
{ "type": "Feature", "properties": { "uuid": "f7b0f73c-44fb-4c32-be1b-14a936b0f752", "data_acq": "2017-12-31 00:00:00", "data_agg": "2017-12-31 00:00:00", "data_fin": "9999-12-31 00:00:00", "ente_for": "REGIONE PIEMONTE", "ente_prod": "ARPA PIEMONTE", "modo_prod": "banche dati esterne - geometrie da catasto, altezza volumi da ARPA PIEMONTE (DSM-DTM,LAS)", "sc_acq": "1:10000", "un_vol_av": "4", "un_vol_por": "al suolo", "un_vol_qe": "", "un_vol_ex": "altezza", "source": "BDTRE un_vol" }, "geometry": { "type": "Polygon", "coordinates": [ [ [ 7.69109, 45.08073 ], [ 7.69114, 45.08076 ], [ 7.69105, 45.08086 ], [ 7.69104, 45.08085 ], [ 7.69106, 45.08083 ], [ 7.69102, 45.08081 ], [ 7.69109, 45.08073 ] ] ] } },
{ "type": "Feature", "properties": { "uuid": "f8b450bf-2f33-4f99-a268-44dbd4ec8bd3", "data_acq": "2017-12-31 00:00:00", "data_agg": "2017-12-31 00:00:00", "data_fin": "9999-12-31 00:00:00", "ente_for": "REGIONE PIEMONTE", "ente_prod": "ARPA PIEMONTE", "modo_prod": "banche dati esterne - geometrie da catasto, altezza volumi da ARPA PIEMONTE (DSM-DTM,LAS)", "sc_acq": "1:10000", "un_vol_av": "4", "un_vol_por": "al suolo", "un_vol_qe": "", "un_vol_ex": "altezza", "source": "BDTRE un_vol" }, "geometry": { "type": "Polygon", "coordinates": [ [ [ 7.6892, 45.08046 ], [ 7.68914, 45.08048 ], [ 7.68914, 45.08048 ], [ 7.68905, 45.08034 ], [ 7.6891, 45.08031 ], [ 7.68917, 45.08041 ], [ 7.68917, 45.08042 ], [ 7.6892, 45.08046 ] ] ] } },
{ "type": "Feature", "properties": { "uuid": "d1f1c347-d7a7-4237-8dad-7dece1219c7b", "data_acq": "2017-12-31 00:00:00", "data_agg": "2017-12-31 00:00:00", "data_fin": "9999-12-31 00:00:00", "ente_for": "REGIONE PIEMONTE", "ente_prod": "ARPA PIEMONTE", "modo_prod": "banche dati esterne - geometrie da catasto, altezza volumi da ARPA PIEMONTE (DSM-DTM,LAS)", "sc_acq": "1:10000", "un_vol_av": "3", "un_vol_por": "al suolo", "un_vol_qe": "", "un_vol_ex": "altezza", "source": "BDTRE un_vol" }, "geometry": { "type": "Polygon", "coordinates": [ [ [ 7.67282, 45.07769 ], [ 7.67264, 45.07775 ], [ 7.67264, 45.07775 ], [ 7.67262, 45.07773 ], [ 7.67264, 45.07772 ], [ 7.67263, 45.0777 ], [ 7.67278, 45.07765 ], [ 7.67282, 45.07769 ] ] ] } },
{ "type": "Feature", "properties": { "uuid": "a217c522-9d6e-4efe-a97d-cbc3523f951e", "data_acq": "2017-12-31 00:00:00", "data_agg": "2017-12-31 00:00:00", "data_fin": "9999-12-31 00:00:00", "ente_for": "REGIONE PIEMONTE", "ente_prod": "ARPA PIEMONTE", "modo_prod": "banche dati esterne - geometrie da catasto, altezza volumi da ARPA PIEMONTE (DSM-DTM,LAS)", "sc_acq": "1:10000", "un_vol_av": "3", "un_vol_por": "al suolo", "un_vol_qe": "", "un_vol_ex": "altezza", "source": "BDTRE un_vol" }, "geometry": { "type": "Polygon", "coordinates": [ [ [ 7.67855, 45.08398 ], [ 7.67855, 45.08398 ], [ 7.67861, 45.08396 ], [ 7.67865, 45.08402 ], [ 7.6786, 45.08403 ], [ 7.67862, 45.08406 ], [ 7.67858, 45.08407 ], [ 7.67858, 45.08407 ], [ 7.67857, 45.08406 ], [ 7.67856, 45.08406 ], [ 7.67855, 45.08406 ], [ 7.67855, 45.08406 ], [ 7.67853, 45.08403 ], [ 7.67853, 45.08403 ], [ 7.67852, 45.08403 ], [ 7.67852, 45.08403 ], [ 7.67849, 45.08399 ], [ 7.67855, 45.08398 ] ] ] } },
{ "type": "Feature", "properties": { "uuid": "24b2dce1-fceb-4a29-8f19-c4b6a2f403b9", "data_acq": "2017-12-31 00:00:00", "data_agg": "2017-12-31 00:00:00", "data_fin": "9999-12-31 00:00:00", "ente_for": "REGIONE PIEMONTE", "ente_prod": "ARPA PIEMONTE", "modo_prod": "banche dati esterne - geometrie da catasto, altezza volumi da ARPA PIEMONTE (DSM-DTM,LAS)", "sc_acq": "1:10000", "un_vol_av": "11", "un_vol_por": "al suolo", "un_vol_qe": "", "un_vol_ex": "altezza", "source": "BDTRE un_vol" }, "geometry": { "type": "Polygon", "coordinates": [ [ [ 7.66575, 45.07502 ], [ 7.66567, 45.07505 ], [ 7.66568, 45.07506 ], [ 7.6657, 45.07509 ], [ 7.66571, 45.07509 ], [ 7.66574, 45.07508 ], [ 7.66574, 45.07508 ], [ 7.66575, 45.07509 ], [ 7.66575, 45.07509 ], [ 7.66579, 45.07508 ], [ 7.66575, 45.07502 ] ] ] } },
{ "type": "Feature", "properties": { "uuid": "6df083c1-59fb-4daa-b25e-c2e14c9bf870", "data_acq": "2017-12-31 00:00:00", "data_agg": "2017-12-31 00:00:00", "data_fin": "9999-12-31 00:00:00", "ente_for": "REGIONE PIEMONTE", "ente_prod": "ARPA PIEMONTE", "modo_prod": "banche dati esterne - geometrie da catasto, altezza volumi da ARPA PIEMONTE (DSM-DTM,LAS)", "sc_acq": "1:10000", "un_vol_av": "3", "un_vol_por": "al suolo", "un_vol_qe": "", "un_vol_ex": "altezza", "source": "BDTRE un_vol" }, "geometry": { "type": "Polygon", "coordinates": [ [ [ 7.69178, 45.0813 ], [ 7.69173, 45.08131 ], [ 7.69172, 45.08129 ], [ 7.69177, 45.08128 ], [ 7.69178, 45.0813 ] ] ] } },
{ "type": "Feature", "properties": { "uuid": "e9e3daa9-7a12-4d59-b1ec-a523caad159e", "data_acq": "2017-12-31 00:00:00", "data_agg": "2017-12-31 00:00:00", "data_fin": "9999-12-31 00:00:00", "ente_for": "REGIONE PIEMONTE", "ente_prod": "ARPA PIEMONTE", "modo_prod": "banche dati esterne - geometrie da catasto, altezza volumi da ARPA PIEMONTE (DSM-DTM,LAS)", "sc_acq": "1:10000", "un_vol_av": "3", "un_vol_por": "al suolo", "un_vol_qe": "", "un_vol_ex": "altezza", "source": "BDTRE un_vol" }, "geometry": { "type": "Polygon", "coordinates": [ [ [ 7.67946, 45.08238 ], [ 7.67945, 45.08233 ], [ 7.67948, 45.08233 ], [ 7.67948, 45.08233 ], [ 7.67951, 45.08233 ], [ 7.67951, 45.08232 ], [ 7.67955, 45.08232 ], [ 7.67955, 45.08232 ], [ 7.67959, 45.08232 ], [ 7.67959, 45.08231 ], [ 7.67961, 45.0823 ], [ 7.67963, 45.08234 ], [ 7.67946, 45.08238 ] ] ] } },
{ "type": "Feature", "properties": { "uuid": "94f3ace8-722a-4523-b776-a4755c3955c5", "data_acq": "2017-12-31 00:00:00", "data_agg": "2017-12-31 00:00:00", "data_fin": "9999-12-31 00:00:00", "ente_for": "REGIONE PIEMONTE", "ente_prod": "ARPA PIEMONTE", "modo_prod": "banche dati esterne - geometrie da catasto, altezza volumi da ARPA PIEMONTE (DSM-DTM,LAS)", "sc_acq": "1:10000", "un_vol_av": "3", "un_vol_por": "al suolo", "un_vol_qe": "", "un_vol_ex": "altezza", "source": "BDTRE un_vol" }, "geometry": { "type": "Polygon", "coordinates": [ [ [ 7.68206, 45.07519 ], [ 7.68216, 45.07516 ], [ 7.68219, 45.07521 ], [ 7.68209, 45.07524 ], [ 7.68206, 45.07519 ] ] ] } },
{ "type": "Feature", "properties": { "uuid": "c5b3e964-f9b9-4caf-8808-9f2659a7b13e", "data_acq": "2017-12-31 00:00:00", "data_agg": "2017-12-31 00:00:00", "data_fin": "9999-12-31 00:00:00", "ente_for": "REGIONE PIEMONTE", "ente_prod": "ARPA PIEMONTE", "modo_prod": "banche dati esterne - geometrie da catasto, altezza volumi da ARPA PIEMONTE (DSM-DTM,LAS)", "sc_acq": "1:10000", "un_vol_av": "3", "un_vol_por": "al suolo", "un_vol_qe": "", "un_vol_ex": "altezza", "source": "BDTRE un_vol" }, "geometry": { "type": "Polygon", "coordinates": [ [ [ 7.67245, 45.0688 ], [ 7.67245, 45.0688 ], [ 7.67245, 45.0688 ], [ 7.67248, 45.06879 ], [ 7.67251, 45.06883 ], [ 7.67247, 45.06885 ], [ 7.67246, 45.06882 ], [ 7.67246, 45.06882 ], [ 7.67245, 45.06881 ], [ 7.67245, 45.0688 ] ] ] } },
{ "type": "Feature", "properties": { "uuid": "7b2e8da2-e634-45c1-b3a8-10be6b6de696", "data_acq": "2017-12-31 00:00:00", "data_agg": "2017-12-31 00:00:00", "data_fin": "9999-12-31 00:00:00", "ente_for": "REGIONE PIEMONTE", "ente_prod": "ARPA PIEMONTE", "modo_prod": "banche dati esterne - geometrie da catasto, altezza volumi da ARPA PIEMONTE (DSM-DTM,LAS)", "sc_acq": "1:10000", "un_vol_av": "5", "un_vol_por": "al suolo", "un_vol_qe": "", "un_vol_ex": "altezza", "source": "BDTRE un_vol" }, "geometry": { "type": "Polygon", "coordinates": [ [ [ 7.68638, 45.0823 ], [ 7.68623, 45.08208 ], [ 7.6863, 45.08204 ], [ 7.68645, 45.08228 ], [ 7.68638, 45.0823 ] ] ] } },
{ "type": "Feature", "properties": { "uuid": "ea1fbede-7472-48b0-b1c0-7c95f094ac46", "data_acq": "2017-12-31 00:00:00", "data_agg": "2017-12-31 00:00:00", "data_fin": "9999-12-31 00:00:00", "ente_for": "REGIONE PIEMONTE", "ente_prod": "ARPA PIEMONTE", "modo_prod": "banche dati esterne - geometrie da catasto, altezza volumi da ARPA PIEMONTE (DSM-DTM,LAS)", "sc_acq": "1:10000", "un_vol_av": "3", "un_vol_por": "al suolo", "un_vol_qe": "", "un_vol_ex": "altezza", "source": "BDTRE un_vol" }, "geometry": { "type": "Polygon", "coordinates": [ [ [ 7.69155, 45.08356 ], [ 7.69154, 45.08354 ], [ 7.69153, 45.08351 ], [ 7.69152, 45.08351 ], [ 7.69151, 45.08345 ], [ 7.69147, 45.08332 ], [ 7.6916, 45.0833 ], [ 7.69161, 45.08335 ], [ 7.69154, 45.08336 ], [ 7.69157, 45.08345 ], [ 7.69159, 45.08347 ], [ 7.69169, 45.08345 ], [ 7.69172, 45.08354 ], [ 7.69155, 45.08356 ] ] ] } },
{ "type": "Feature", "properties": { "uuid": "2a3a7aa7-568c-4c8d-b835-3babe19958cb", "data_acq": "2017-12-31 00:00:00", "data_agg": "2017-12-31 00:00:00", "data_fin": "9999-12-31 00:00:00", "ente_for": "REGIONE PIEMONTE", "ente_prod": "ARPA PIEMONTE", "modo_prod": "banche dati esterne - geometrie da catasto, altezza volumi da ARPA PIEMONTE (DSM-DTM,LAS)", "sc_acq": "1:10000", "un_vol_av": "3", "un_vol_por": "al suolo", "un_vol_qe": "", "un_vol_ex": "altezza", "source": "BDTRE un_vol" }, "geometry": { "type": "Polygon", "coordinates": [ [ [ 7.66764, 45.07764 ], [ 7.66767, 45.0777 ], [ 7.66764, 45.07771 ], [ 7.66755, 45.07778 ], [ 7.6675, 45.07775 ], [ 7.66764, 45.07764 ] ] ] } },
{ "type": "Feature", "properties": { "uuid": "3b66d79d-3938-4708-a5ec-8ead47e7889a", "data_acq": "2017-12-31 00:00:00", "data_agg": "2017-12-31 00:00:00", "data_fin": "9999-12-31 00:00:00", "ente_for": "REGIONE PIEMONTE", "ente_prod": "ARPA PIEMONTE", "modo_prod": "banche dati esterne - geometrie da catasto, altezza volumi da ARPA PIEMONTE (DSM-DTM,LAS)", "sc_acq": "1:10000", "un_vol_av": "3", "un_vol_por": "al suolo", "un_vol_qe": "", "un_vol_ex": "altezza", "source": "BDTRE un_vol" }, "geometry": { "type": "Polygon", "coordinates": [ [ [ 7.66902, 45.08299 ], [ 7.66897, 45.08302 ], [ 7.66903, 45.08304 ], [ 7.66906, 45.08301 ], [ 7.66902, 45.08299 ] ] ] } },
{ "type": "Feature", "properties": { "uuid": "8828187b-8a7d-4e91-883e-c2eaf430d97e", "data_acq": "2017-12-31 00:00:00", "data_agg": "2017-12-31 00:00:00", "data_fin": "9999-12-31 00:00:00", "ente_for": "REGIONE PIEMONTE", "ente_prod": "ARPA PIEMONTE", "modo_prod": "banche dati esterne - geometrie da catasto, altezza volumi da ARPA PIEMONTE (DSM-DTM,LAS)", "sc_acq": "1:10000", "un_vol_av": "3", "un_vol_por": "al suolo", "un_vol_qe": "", "un_vol_ex": "altezza", "source": "BDTRE un_vol" }, "geometry": { "type": "Polygon", "coordinates": [ [ [ 7.69488, 45.07257 ], [ 7.69483, 45.07259 ], [ 7.69476, 45.0725 ], [ 7.69482, 45.07248 ], [ 7.69484, 45.0725 ], [ 7.69488, 45.07257 ] ] ] } },
{ "type": "Feature", "properties": { "uuid": "b9cb3d52-7c2c-4c6f-bb87-ca42d160212c", "data_acq": "2017-12-31 00:00:00", "data_agg": "2017-12-31 00:00:00", "data_fin": "9999-12-31 00:00:00", "ente_for": "REGIONE PIEMONTE", "ente_prod": "ARPA PIEMONTE", "modo_prod": "banche dati esterne - geometrie da catasto, altezza volumi da ARPA PIEMONTE (DSM-DTM,LAS)", "sc_acq": "1:10000", "un_vol_av": "3", "un_vol_por": "al suolo", "un_vol_qe": "", "un_vol_ex": "altezza", "source": "BDTRE un_vol" }, "geometry": { "type": "Polygon", "coordinates": [ [ [ 7.66796, 45.08148 ], [ 7.66793, 45.08144 ], [ 7.66788, 45.08145 ], [ 7.66786, 45.08146 ], [ 7.66788, 45.08148 ], [ 7.66792, 45.08149 ], [ 7.66793, 45.08149 ], [ 7.66796, 45.08148 ], [ 7.66796, 45.08148 ] ] ] } },
{ "type": "Feature", "properties": { "uuid": "4fcaa75b-7153-4cd9-816c-b1929a8f91cf", "data_acq": "2017-12-31 00:00:00", "data_agg": "2017-12-31 00:00:00", "data_fin": "9999-12-31 00:00:00", "ente_for": "REGIONE PIEMONTE", "ente_prod": "ARPA PIEMONTE", "modo_prod": "banche dati esterne - geometrie da catasto, altezza volumi da ARPA PIEMONTE (DSM-DTM,LAS)", "sc_acq": "1:10000", "un_vol_av": "3", "un_vol_por": "al suolo", "un_vol_qe": "", "un_vol_ex": "altezza", "source": "BDTRE un_vol" }, "geometry": { "type": "Polygon", "coordinates": [ [ [ 7.68902, 45.0756 ], [ 7.68882, 45.07549 ], [ 7.6886, 45.07569 ], [ 7.68855, 45.07567 ], [ 7.68855, 45.07566 ], [ 7.68855, 45.07566 ], [ 7.68855, 45.07566 ], [ 7.68851, 45.07564 ], [ 7.68869, 45.07546 ], [ 7.68874, 45.07549 ], [ 7.68882, 45.07542 ], [ 7.68885, 45.07544 ], [ 7.68906, 45.07556 ], [ 7.68902, 45.0756 ] ] ] } },
{ "type": "Feature", "properties": { "uuid": "1b16cd93-5580-4c46-8b86-54f723e10b5d", "data_acq": "2017-12-31 00:00:00", "data_agg": "2017-12-31 00:00:00", "data_fin": "9999-12-31 00:00:00", "ente_for": "REGIONE PIEMONTE", "ente_prod": "ARPA PIEMONTE", "modo_prod": "banche dati esterne - geometrie da catasto, altezza volumi da ARPA PIEMONTE (DSM-DTM,LAS)", "sc_acq": "1:10000", "un_vol_av": "3", "un_vol_por": "al suolo", "un_vol_qe": "", "un_vol_ex": "altezza", "source": "BDTRE un_vol" }, "geometry": { "type": "Polygon", "coordinates": [ [ [ 7.67325, 45.08247 ], [ 7.67328, 45.08251 ], [ 7.6732, 45.08253 ], [ 7.6732, 45.08253 ], [ 7.67318, 45.08249 ], [ 7.67322, 45.08248 ], [ 7.67325, 45.08247 ] ] ] } },
{ "type": "Feature", "properties": { "uuid": "108f7aba-af7a-4453-bd71-5d4c15218ab2", "data_acq": "2017-12-31 00:00:00", "data_agg": "2017-12-31 00:00:00", "data_fin": "9999-12-31 00:00:00", "ente_for": "REGIONE PIEMONTE", "ente_prod": "ARPA PIEMONTE", "modo_prod": "banche dati esterne - geometrie da catasto, altezza volumi da ARPA PIEMONTE (DSM-DTM,LAS)", "sc_acq": "1:10000", "un_vol_av": "3", "un_vol_por": "al suolo", "un_vol_qe": "", "un_vol_ex": "altezza", "source": "BDTRE un_vol" }, "geometry": { "type": "Polygon", "coordinates": [ [ [ 7.6675, 45.0847 ], [ 7.66748, 45.08469 ], [ 7.66745, 45.08466 ], [ 7.66741, 45.08467 ], [ 7.66743, 45.08471 ], [ 7.66744, 45.08472 ], [ 7.66745, 45.08471 ], [ 7.66748, 45.0847 ], [ 7.6675, 45.0847 ] ] ] } },
{ "type": "Feature", "properties": { "uuid": "75a6c7eb-1845-45ff-bb59-f6a93536cb14", "data_acq": "2017-12-31 00:00:00", "data_agg": "2017-12-31 00:00:00", "data_fin": "9999-12-31 00:00:00", "ente_for": "REGIONE PIEMONTE", "ente_prod": "ARPA PIEMONTE", "modo_prod": "banche dati esterne - geometrie da catasto, altezza volumi da ARPA PIEMONTE (DSM-DTM,LAS)", "sc_acq": "1:10000", "un_vol_av": "3", "un_vol_por": "al suolo", "un_vol_qe": "", "un_vol_ex": "altezza", "source": "BDTRE un_vol" }, "geometry": { "type": "Polygon", "coordinates": [ [ [ 7.69203, 45.07443 ], [ 7.69209, 45.07441 ], [ 7.69204, 45.07433 ], [ 7.69198, 45.07435 ], [ 7.69203, 45.07443 ] ] ] } },
{ "type": "Feature", "properties": { "uuid": "49323ebb-4b65-4ca0-8a50-dfaa28008f5b", "data_acq": "2017-12-31 00:00:00", "data_agg": "2017-12-31 00:00:00", "data_fin": "9999-12-31 00:00:00", "ente_for": "REGIONE PIEMONTE", "ente_prod": "ARPA PIEMONTE", "modo_prod": "banche dati esterne - geometrie da catasto, altezza volumi da ARPA PIEMONTE (DSM-DTM,LAS)", "sc_acq": "1:10000", "un_vol_av": "5", "un_vol_por": "al suolo", "un_vol_qe": "", "un_vol_ex": "altezza", "source": "BDTRE un_vol" }, "geometry": { "type": "Polygon", "coordinates": [ [ [ 7.66563, 45.08417 ], [ 7.66563, 45.08416 ], [ 7.66561, 45.08414 ], [ 7.66565, 45.08413 ], [ 7.66567, 45.08416 ], [ 7.66563, 45.08417 ] ] ] } },
{ "type": "Feature", "properties": { "uuid": "66eaee43-c2b8-4383-9d45-bb2c06575162", "data_acq": "2017-12-31 00:00:00", "data_agg": "2017-12-31 00:00:00", "data_fin": "9999-12-31 00:00:00", "ente_for": "REGIONE PIEMONTE", "ente_prod": "ARPA PIEMONTE", "modo_prod": "banche dati esterne - geometrie da catasto, altezza volumi da ARPA PIEMONTE (DSM-DTM,LAS)", "sc_acq": "1:10000", "un_vol_av": "3", "un_vol_por": "al suolo", "un_vol_qe": "", "un_vol_ex": "altezza", "source": "BDTRE un_vol" }, "geometry": { "type": "Polygon", "coordinates": [ [ [ 7.69327, 45.08178 ], [ 7.6933, 45.08185 ], [ 7.69331, 45.08189 ], [ 7.69332, 45.08191 ], [ 7.69325, 45.08191 ], [ 7.6932, 45.08178 ], [ 7.69327, 45.08178 ] ] ] } },
{ "type": "Feature", "properties": { "uuid": "f14948f5-1ce3-4928-b733-7aba5c1ed976", "data_acq": "2017-12-31 00:00:00", "data_agg": "2017-12-31 00:00:00", "data_fin": "9999-12-31 00:00:00", "ente_for": "REGIONE PIEMONTE", "ente_prod": "ARPA PIEMONTE", "modo_prod": "banche dati esterne - geometrie da catasto, altezza volumi da ARPA PIEMONTE (DSM-DTM,LAS)", "sc_acq": "1:10000", "un_vol_av": "3", "un_vol_por": "al suolo", "un_vol_qe": "", "un_vol_ex": "altezza", "source": "BDTRE un_vol" }, "geometry": { "type": "Polygon", "coordinates": [ [ [ 7.66595, 45.08439 ], [ 7.66592, 45.08435 ], [ 7.66589, 45.08431 ], [ 7.66591, 45.0843 ], [ 7.66595, 45.08429 ], [ 7.66597, 45.08431 ], [ 7.66601, 45.08437 ], [ 7.66598, 45.08438 ], [ 7.66595, 45.08439 ] ] ] } },
{ "type": "Feature", "properties": { "uuid": "b8610261-795d-4298-8845-ef8a6c3cc824", "data_acq": "2017-12-31 00:00:00", "data_agg": "2017-12-31 00:00:00", "data_fin": "9999-12-31 00:00:00", "ente_for": "REGIONE PIEMONTE", "ente_prod": "ARPA PIEMONTE", "modo_prod": "banche dati esterne - geometrie da catasto, altezza volumi da ARPA PIEMONTE (DSM-DTM,LAS)", "sc_acq": "1:10000", "un_vol_av": "5", "un_vol_por": "al suolo", "un_vol_qe": "", "un_vol_ex": "altezza", "source": "BDTRE un_vol" }, "geometry": { "type": "Polygon", "coordinates": [ [ [ 7.69166, 45.07794 ], [ 7.69169, 45.07795 ], [ 7.69171, 45.07796 ], [ 7.69162, 45.07807 ], [ 7.69157, 45.07804 ], [ 7.69166, 45.07794 ] ] ] } },
{ "type": "Feature", "properties": { "uuid": "2efdc279-0130-4125-8378-acba99ffc218", "data_acq": "2017-12-31 00:00:00", "data_agg": "2017-12-31 00:00:00", "data_fin": "9999-12-31 00:00:00", "ente_for": "REGIONE PIEMONTE", "ente_prod": "ARPA PIEMONTE", "modo_prod": "banche dati esterne - geometrie da catasto, altezza volumi da ARPA PIEMONTE (DSM-DTM,LAS)", "sc_acq": "1:10000", "un_vol_av": "4", "un_vol_por": "al suolo", "un_vol_qe": "", "un_vol_ex": "altezza", "source": "BDTRE un_vol" }, "geometry": { "type": "Polygon", "coordinates": [ [ [ 7.67478, 45.07367 ], [ 7.67478, 45.07367 ], [ 7.67471, 45.0737 ], [ 7.67471, 45.0737 ], [ 7.67475, 45.07375 ], [ 7.67481, 45.07372 ], [ 7.67478, 45.07367 ] ] ] } },
{ "type": "Feature", "properties": { "uuid": "179c0637-55f0-4da7-a655-021350a3b404", "data_acq": "2017-12-31 00:00:00", "data_agg": "2017-12-31 00:00:00", "data_fin": "9999-12-31 00:00:00", "ente_for": "REGIONE PIEMONTE", "ente_prod": "ARPA PIEMONTE", "modo_prod": "banche dati esterne - geometrie da catasto, altezza volumi da ARPA PIEMONTE (DSM-DTM,LAS)", "sc_acq": "1:10000", "un_vol_av": "5", "un_vol_por": "al suolo", "un_vol_qe": "", "un_vol_ex": "altezza", "source": "BDTRE un_vol" }, "geometry": { "type": "Polygon", "coordinates": [ [ [ 7.67534, 45.07074 ], [ 7.67538, 45.07079 ], [ 7.67531, 45.07081 ], [ 7.67528, 45.07076 ], [ 7.67534, 45.07074 ] ] ] } },
{ "type": "Feature", "properties": { "uuid": "b167c655-0b83-41b3-9332-2752e2ae60fd", "data_acq": "2017-12-31 00:00:00", "data_agg": "2017-12-31 00:00:00", "data_fin": "9999-12-31 00:00:00", "ente_for": "REGIONE PIEMONTE", "ente_prod": "ARPA PIEMONTE", "modo_prod": "banche dati esterne - geometrie da catasto, altezza volumi da ARPA PIEMONTE (DSM-DTM,LAS)", "sc_acq": "1:10000", "un_vol_av": "3", "un_vol_por": "al suolo", "un_vol_qe": "", "un_vol_ex": "altezza", "source": "BDTRE un_vol" }, "geometry": { "type": "Polygon", "coordinates": [ [ [ 7.67153, 45.08229 ], [ 7.67154, 45.08229 ], [ 7.67152, 45.08229 ], [ 7.67149, 45.0823 ], [ 7.67144, 45.08232 ], [ 7.67141, 45.08227 ], [ 7.67139, 45.08224 ], [ 7.67136, 45.08218 ], [ 7.6714, 45.08217 ], [ 7.67144, 45.08224 ], [ 7.67145, 45.08224 ], [ 7.67146, 45.08225 ], [ 7.67151, 45.08224 ], [ 7.67153, 45.08229 ] ] ] } },
{ "type": "Feature", "properties": { "uuid": "727eb98f-dd52-4492-a824-c300e54fd4ea", "data_acq": "2017-12-31 00:00:00", "data_agg": "2017-12-31 00:00:00", "data_fin": "9999-12-31 00:00:00", "ente_for": "REGIONE PIEMONTE", "ente_prod": "ARPA PIEMONTE", "modo_prod": "banche dati esterne - geometrie da catasto, altezza volumi da ARPA PIEMONTE (DSM-DTM,LAS)", "sc_acq": "1:10000", "un_vol_av": "3", "un_vol_por": "al suolo", "un_vol_qe": "", "un_vol_ex": "altezza", "source": "BDTRE un_vol" }, "geometry": { "type": "Polygon", "coordinates": [ [ [ 7.66651, 45.07803 ], [ 7.66654, 45.07808 ], [ 7.66657, 45.07807 ], [ 7.6666, 45.07806 ], [ 7.66656, 45.07801 ], [ 7.66651, 45.07803 ], [ 7.66651, 45.07803 ] ] ] } },
{ "type": "Feature", "properties": { "uuid": "915ee783-ab4b-4491-aa9d-cf884c7ee19d", "data_acq": "2017-12-31 00:00:00", "data_agg": "2017-12-31 00:00:00", "data_fin": "9999-12-31 00:00:00", "ente_for": "REGIONE PIEMONTE", "ente_prod": "ARPA PIEMONTE", "modo_prod": "banche dati esterne - geometrie da catasto, altezza volumi da ARPA PIEMONTE (DSM-DTM,LAS)", "sc_acq": "1:10000", "un_vol_av": "3", "un_vol_por": "al suolo", "un_vol_qe": "", "un_vol_ex": "altezza", "source": "BDTRE un_vol" }, "geometry": { "type": "Polygon", "coordinates": [ [ [ 7.6769, 45.08379 ], [ 7.67697, 45.08377 ], [ 7.67699, 45.08381 ], [ 7.67693, 45.08383 ], [ 7.6769, 45.08379 ] ] ] } },
{ "type": "Feature", "properties": { "uuid": "714f636b-a072-4024-aebb-4734dd58304e", "data_acq": "2017-12-31 00:00:00", "data_agg": "2017-12-31 00:00:00", "data_fin": "9999-12-31 00:00:00", "ente_for": "REGIONE PIEMONTE", "ente_prod": "ARPA PIEMONTE", "modo_prod": "banche dati esterne - geometrie da catasto, altezza volumi da ARPA PIEMONTE (DSM-DTM,LAS)", "sc_acq": "1:10000", "un_vol_av": "4", "un_vol_por": "al suolo", "un_vol_qe": "", "un_vol_ex": "altezza", "source": "BDTRE un_vol" }, "geometry": { "type": "Polygon", "coordinates": [ [ [ 7.69412, 45.07197 ], [ 7.69404, 45.07199 ], [ 7.69401, 45.07197 ], [ 7.69401, 45.07197 ], [ 7.69398, 45.07197 ], [ 7.69399, 45.07198 ], [ 7.69392, 45.07199 ], [ 7.69375, 45.07203 ], [ 7.69375, 45.07203 ], [ 7.69372, 45.07198 ], [ 7.69389, 45.07194 ], [ 7.69401, 45.07192 ], [ 7.69409, 45.0719 ], [ 7.6941, 45.07194 ], [ 7.69412, 45.07197 ] ] ] } },
{ "type": "Feature", "properties": { "uuid": "59edf5cb-30be-4245-8b1a-47b022ebeef6", "data_acq": "2017-12-31 00:00:00", "data_agg": "2017-12-31 00:00:00", "data_fin": "9999-12-31 00:00:00", "ente_for": "REGIONE PIEMONTE", "ente_prod": "ARPA PIEMONTE", "modo_prod": "banche dati esterne - geometrie da catasto, altezza volumi da ARPA PIEMONTE (DSM-DTM,LAS)", "sc_acq": "1:10000", "un_vol_av": "6", "un_vol_por": "al suolo", "un_vol_qe": "", "un_vol_ex": "altezza", "source": "BDTRE un_vol" }, "geometry": { "type": "Polygon", "coordinates": [ [ [ 7.67065, 45.07003 ], [ 7.67071, 45.07011 ], [ 7.67065, 45.07013 ], [ 7.67059, 45.07005 ], [ 7.67065, 45.07003 ] ] ] } },
{ "type": "Feature", "properties": { "uuid": "d8433e41-f0ef-43a4-a403-6661850ebb0f", "data_acq": "2017-12-31 00:00:00", "data_agg": "2017-12-31 00:00:00", "data_fin": "9999-12-31 00:00:00", "ente_for": "REGIONE PIEMONTE", "ente_prod": "ARPA PIEMONTE", "modo_prod": "banche dati esterne - geometrie da catasto, altezza volumi da ARPA PIEMONTE (DSM-DTM,LAS)", "sc_acq": "1:10000", "un_vol_av": "3", "un_vol_por": "al suolo", "un_vol_qe": "", "un_vol_ex": "altezza", "source": "BDTRE un_vol" }, "geometry": { "type": "Polygon", "coordinates": [ [ [ 7.67422, 45.07297 ], [ 7.67418, 45.07291 ], [ 7.67411, 45.07294 ], [ 7.67415, 45.07299 ], [ 7.67422, 45.07297 ] ] ] } },
{ "type": "Feature", "properties": { "uuid": "bf98bac7-2b3d-4adc-8c24-43e803ec3413", "data_acq": "2017-12-31 00:00:00", "data_agg": "2017-12-31 00:00:00", "data_fin": "9999-12-31 00:00:00", "ente_for": "REGIONE PIEMONTE", "ente_prod": "ARPA PIEMONTE", "modo_prod": "banche dati esterne - geometrie da catasto, altezza volumi da ARPA PIEMONTE (DSM-DTM,LAS)", "sc_acq": "1:10000", "un_vol_av": "3", "un_vol_por": "al suolo", "un_vol_qe": "", "un_vol_ex": "altezza", "source": "BDTRE un_vol" }, "geometry": { "type": "Polygon", "coordinates": [ [ [ 7.68654, 45.08225 ], [ 7.68645, 45.08211 ], [ 7.68652, 45.08209 ], [ 7.68653, 45.08209 ], [ 7.68659, 45.08218 ], [ 7.68657, 45.08218 ], [ 7.6866, 45.08223 ], [ 7.68654, 45.08225 ] ] ] } },
{ "type": "Feature", "properties": { "uuid": "50149cc3-6a2e-49cb-be8b-6864a2979e6a", "data_acq": "2017-12-31 00:00:00", "data_agg": "2017-12-31 00:00:00", "data_fin": "9999-12-31 00:00:00", "ente_for": "REGIONE PIEMONTE", "ente_prod": "ARPA PIEMONTE", "modo_prod": "banche dati esterne - geometrie da catasto, altezza volumi da ARPA PIEMONTE (DSM-DTM,LAS)", "sc_acq": "1:10000", "un_vol_av": "3", "un_vol_por": "al suolo", "un_vol_qe": "", "un_vol_ex": "altezza", "source": "BDTRE un_vol" }, "geometry": { "type": "Polygon", "coordinates": [ [ [ 7.66498, 45.0751 ], [ 7.66501, 45.07515 ], [ 7.66505, 45.07513 ], [ 7.66505, 45.07513 ], [ 7.66506, 45.07512 ], [ 7.66506, 45.07512 ], [ 7.66507, 45.07511 ], [ 7.66505, 45.07508 ], [ 7.66498, 45.0751 ] ] ] } },
{ "type": "Feature", "properties": { "uuid": "415a155d-a5a6-450e-a6cd-843ad6ece823", "data_acq": "2017-12-31 00:00:00", "data_agg": "2017-12-31 00:00:00", "data_fin": "9999-12-31 00:00:00", "ente_for": "REGIONE PIEMONTE", "ente_prod": "ARPA PIEMONTE", "modo_prod": "banche dati esterne - geometrie da catasto, altezza volumi da ARPA PIEMONTE (DSM-DTM,LAS)", "sc_acq": "1:10000", "un_vol_av": "", "un_vol_por": "al suolo", "un_vol_qe": "", "un_vol_ex": "altezza", "source": "BDTRE un_vol" }, "geometry": { "type": "Polygon", "coordinates": [ [ [ 7.66927, 45.07273 ], [ 7.66921, 45.07275 ], [ 7.66929, 45.07286 ], [ 7.66934, 45.07284 ], [ 7.66935, 45.07284 ], [ 7.66934, 45.07283 ], [ 7.66927, 45.07273 ] ] ] } },
{ "type": "Feature", "properties": { "uuid": "f8c8d801-ad0b-4f9d-ba10-f5dbc2f20422", "data_acq": "2017-12-31 00:00:00", "data_agg": "2017-12-31 00:00:00", "data_fin": "9999-12-31 00:00:00", "ente_for": "REGIONE PIEMONTE", "ente_prod": "ARPA PIEMONTE", "modo_prod": "banche dati esterne - geometrie da catasto, altezza volumi da ARPA PIEMONTE (DSM-DTM,LAS)", "sc_acq": "1:10000", "un_vol_av": "3", "un_vol_por": "al suolo", "un_vol_qe": "", "un_vol_ex": "altezza", "source": "BDTRE un_vol" }, "geometry": { "type": "Polygon", "coordinates": [ [ [ 7.68134, 45.07143 ], [ 7.68144, 45.07139 ], [ 7.68141, 45.07134 ], [ 7.68131, 45.07138 ], [ 7.68132, 45.07141 ], [ 7.68134, 45.07143 ] ] ] } },
{ "type": "Feature", "properties": { "uuid": "f258da49-8a63-41e7-bf98-36c05fbad700", "data_acq": "2017-12-31 00:00:00", "data_agg": "2017-12-31 00:00:00", "data_fin": "9999-12-31 00:00:00", "ente_for": "REGIONE PIEMONTE", "ente_prod": "ARPA PIEMONTE", "modo_prod": "banche dati esterne - geometrie da catasto, altezza volumi da ARPA PIEMONTE (DSM-DTM,LAS)", "sc_acq": "1:10000", "un_vol_av": "6", "un_vol_por": "al suolo", "un_vol_qe": "", "un_vol_ex": "altezza", "source": "BDTRE un_vol" }, "geometry": { "type": "Polygon", "coordinates": [ [ [ 7.6697, 45.0676 ], [ 7.66975, 45.06758 ], [ 7.66979, 45.06763 ], [ 7.6698, 45.06765 ], [ 7.66979, 45.06765 ], [ 7.66978, 45.06765 ], [ 7.66974, 45.06766 ], [ 7.6697, 45.0676 ] ] ] } },
{ "type": "Feature", "properties": { "uuid": "ca72528d-c85e-420c-bce6-e19205e0a7b9", "data_acq": "2017-12-31 00:00:00", "data_agg": "2017-12-31 00:00:00", "data_fin": "9999-12-31 00:00:00", "ente_for": "REGIONE PIEMONTE", "ente_prod": "ARPA PIEMONTE", "modo_prod": "banche dati esterne - geometrie da catasto, altezza volumi da ARPA PIEMONTE (DSM-DTM,LAS)", "sc_acq": "1:10000", "un_vol_av": "3", "un_vol_por": "al suolo", "un_vol_qe": "", "un_vol_ex": "altezza", "source": "BDTRE un_vol" }, "geometry": { "type": "Polygon", "coordinates": [ [ [ 7.68243, 45.08512 ], [ 7.68238, 45.08509 ], [ 7.68247, 45.08499 ], [ 7.6825, 45.08496 ], [ 7.68252, 45.08497 ], [ 7.6825, 45.08499 ], [ 7.68253, 45.08501 ], [ 7.68249, 45.08505 ], [ 7.68243, 45.08512 ] ] ] } },
{ "type": "Feature", "properties": { "uuid": "2a9e708e-df9b-4613-af77-9a1e24bc01b9", "data_acq": "2017-12-31 00:00:00", "data_agg": "2017-12-31 00:00:00", "data_fin": "9999-12-31 00:00:00", "ente_for": "REGIONE PIEMONTE", "ente_prod": "ARPA PIEMONTE", "modo_prod": "banche dati esterne - geometrie da catasto, altezza volumi da ARPA PIEMONTE (DSM-DTM,LAS)", "sc_acq": "1:10000", "un_vol_av": "3", "un_vol_por": "al suolo", "un_vol_qe": "", "un_vol_ex": "altezza", "source": "BDTRE un_vol" }, "geometry": { "type": "Polygon", "coordinates": [ [ [ 7.67134, 45.0817 ], [ 7.67129, 45.08167 ], [ 7.67128, 45.08166 ], [ 7.67112, 45.08172 ], [ 7.67105, 45.08175 ], [ 7.67108, 45.08179 ], [ 7.67118, 45.08176 ], [ 7.67134, 45.0817 ] ] ] } },
{ "type": "Feature", "properties": { "uuid": "5c03d85d-8dcd-4f40-9d50-d78fcbd97fd3", "data_acq": "2017-12-31 00:00:00", "data_agg": "2017-12-31 00:00:00", "data_fin": "9999-12-31 00:00:00", "ente_for": "REGIONE PIEMONTE", "ente_prod": "ARPA PIEMONTE", "modo_prod": "banche dati esterne - geometrie da catasto, altezza volumi da ARPA PIEMONTE (DSM-DTM,LAS)", "sc_acq": "1:10000", "un_vol_av": "3", "un_vol_por": "al suolo", "un_vol_qe": "", "un_vol_ex": "altezza", "source": "BDTRE un_vol" }, "geometry": { "type": "Polygon", "coordinates": [ [ [ 7.69363, 45.07908 ], [ 7.6937, 45.07911 ], [ 7.69365, 45.07917 ], [ 7.69358, 45.07914 ], [ 7.69363, 45.07908 ] ] ] } },
{ "type": "Feature", "properties": { "uuid": "57624441-c9ba-4718-99bf-d6f80757b3bf", "data_acq": "2017-12-31 00:00:00", "data_agg": "2017-12-31 00:00:00", "data_fin": "9999-12-31 00:00:00", "ente_for": "REGIONE PIEMONTE", "ente_prod": "ARPA PIEMONTE", "modo_prod": "banche dati esterne - geometrie da catasto, altezza volumi da ARPA PIEMONTE (DSM-DTM,LAS)", "sc_acq": "1:10000", "un_vol_av": "3", "un_vol_por": "al suolo", "un_vol_qe": "", "un_vol_ex": "altezza", "source": "BDTRE un_vol" }, "geometry": { "type": "Polygon", "coordinates": [ [ [ 7.67044, 45.0806 ], [ 7.67039, 45.08062 ], [ 7.67044, 45.08069 ], [ 7.67049, 45.08067 ], [ 7.67044, 45.0806 ] ] ] } },
{ "type": "Feature", "properties": { "uuid": "6c21bb46-448a-4635-b950-1a2073ed3ae6", "data_acq": "2017-12-31 00:00:00", "data_agg": "2017-12-31 00:00:00", "data_fin": "9999-12-31 00:00:00", "ente_for": "REGIONE PIEMONTE", "ente_prod": "ARPA PIEMONTE", "modo_prod": "banche dati esterne - geometrie da catasto, altezza volumi da ARPA PIEMONTE (DSM-DTM,LAS)", "sc_acq": "1:10000", "un_vol_av": "3", "un_vol_por": "al suolo", "un_vol_qe": "", "un_vol_ex": "altezza", "source": "BDTRE un_vol" }, "geometry": { "type": "Polygon", "coordinates": [ [ [ 7.66898, 45.08294 ], [ 7.66902, 45.08299 ], [ 7.66897, 45.08302 ], [ 7.66885, 45.08311 ], [ 7.66884, 45.08312 ], [ 7.66882, 45.08312 ], [ 7.66882, 45.08312 ], [ 7.66878, 45.08313 ], [ 7.66876, 45.0831 ], [ 7.66876, 45.08309 ], [ 7.66886, 45.08302 ], [ 7.66898, 45.08294 ], [ 7.66898, 45.08294 ] ] ] } },
{ "type": "Feature", "properties": { "uuid": "335469f7-0dfe-4511-8e61-83d1a9abc70f", "data_acq": "2017-12-31 00:00:00", "data_agg": "2017-12-31 00:00:00", "data_fin": "9999-12-31 00:00:00", "ente_for": "REGIONE PIEMONTE", "ente_prod": "ARPA PIEMONTE", "modo_prod": "banche dati esterne - geometrie da catasto, altezza volumi da ARPA PIEMONTE (DSM-DTM,LAS)", "sc_acq": "1:10000", "un_vol_av": "3", "un_vol_por": "al suolo", "un_vol_qe": "", "un_vol_ex": "altezza", "source": "BDTRE un_vol" }, "geometry": { "type": "Polygon", "coordinates": [ [ [ 7.68836, 45.06834 ], [ 7.68836, 45.06833 ], [ 7.68835, 45.06832 ], [ 7.68835, 45.06832 ], [ 7.68834, 45.0683 ], [ 7.6884, 45.06828 ], [ 7.68843, 45.06831 ], [ 7.68836, 45.06834 ] ] ] } },
{ "type": "Feature", "properties": { "uuid": "18d5afed-ac28-4c1e-9953-b17eaf966d6b", "data_acq": "2017-12-31 00:00:00", "data_agg": "2017-12-31 00:00:00", "data_fin": "9999-12-31 00:00:00", "ente_for": "REGIONE PIEMONTE", "ente_prod": "ARPA PIEMONTE", "modo_prod": "banche dati esterne - geometrie da catasto, altezza volumi da ARPA PIEMONTE (DSM-DTM,LAS)", "sc_acq": "1:10000", "un_vol_av": "3", "un_vol_por": "al suolo", "un_vol_qe": "", "un_vol_ex": "altezza", "source": "BDTRE un_vol" }, "geometry": { "type": "Polygon", "coordinates": [ [ [ 7.67083, 45.0748 ], [ 7.67085, 45.0748 ], [ 7.67082, 45.07475 ], [ 7.67069, 45.0748 ], [ 7.67072, 45.07484 ], [ 7.67077, 45.07483 ], [ 7.67079, 45.07482 ], [ 7.67083, 45.0748 ] ] ] } },
{ "type": "Feature", "properties": { "uuid": "9d81c54f-864a-4f4d-ba2a-1d7ef1036055", "data_acq": "2017-12-31 00:00:00", "data_agg": "2017-12-31 00:00:00", "data_fin": "9999-12-31 00:00:00", "ente_for": "REGIONE PIEMONTE", "ente_prod": "ARPA PIEMONTE", "modo_prod": "banche dati esterne - geometrie da catasto, altezza volumi da ARPA PIEMONTE (DSM-DTM,LAS)", "sc_acq": "1:10000", "un_vol_av": "3", "un_vol_por": "al suolo", "un_vol_qe": "", "un_vol_ex": "altezza", "source": "BDTRE un_vol" }, "geometry": { "type": "Polygon", "coordinates": [ [ [ 7.66708, 45.07007 ], [ 7.66709, 45.07006 ], [ 7.66714, 45.07005 ], [ 7.6671, 45.07 ], [ 7.66705, 45.07002 ], [ 7.66708, 45.07007 ] ] ] } },
{ "type": "Feature", "properties": { "uuid": "d014b915-a1b6-4bf9-b19a-4dcf4d21ef75", "data_acq": "2017-12-31 00:00:00", "data_agg": "2017-12-31 00:00:00", "data_fin": "9999-12-31 00:00:00", "ente_for": "REGIONE PIEMONTE", "ente_prod": "ARPA PIEMONTE", "modo_prod": "banche dati esterne - geometrie da catasto, altezza volumi da ARPA PIEMONTE (DSM-DTM,LAS)", "sc_acq": "1:10000", "un_vol_av": "3", "un_vol_por": "al suolo", "un_vol_qe": "", "un_vol_ex": "altezza", "source": "BDTRE un_vol" }, "geometry": { "type": "Polygon", "coordinates": [ [ [ 7.6767, 45.084 ], [ 7.67663, 45.08391 ], [ 7.6767, 45.08388 ], [ 7.67677, 45.08398 ], [ 7.6767, 45.084 ] ] ] } },
{ "type": "Feature", "properties": { "uuid": "3ce700ab-9deb-41dc-beba-49f3e1fe3b5b", "data_acq": "2017-12-31 00:00:00", "data_agg": "2017-12-31 00:00:00", "data_fin": "9999-12-31 00:00:00", "ente_for": "REGIONE PIEMONTE", "ente_prod": "ARPA PIEMONTE", "modo_prod": "banche dati esterne - geometrie da catasto, altezza volumi da ARPA PIEMONTE (DSM-DTM,LAS)", "sc_acq": "1:10000", "un_vol_av": "3", "un_vol_por": "al suolo", "un_vol_qe": "", "un_vol_ex": "altezza", "source": "BDTRE un_vol" }, "geometry": { "type": "Polygon", "coordinates": [ [ [ 7.66779, 45.07781 ], [ 7.6678, 45.07782 ], [ 7.6678, 45.07782 ], [ 7.66767, 45.07792 ], [ 7.66762, 45.07789 ], [ 7.66763, 45.07788 ], [ 7.66766, 45.07786 ], [ 7.66763, 45.07783 ], [ 7.66762, 45.07782 ], [ 7.66763, 45.07781 ], [ 7.66771, 45.07775 ], [ 7.66771, 45.07775 ], [ 7.66779, 45.07781 ] ] ] } },
{ "type": "Feature", "properties": { "uuid": "2f765f9b-c161-4c22-834c-c5ee9177bdc7", "data_acq": "2017-12-31 00:00:00", "data_agg": "2017-12-31 00:00:00", "data_fin": "9999-12-31 00:00:00", "ente_for": "REGIONE PIEMONTE", "ente_prod": "ARPA PIEMONTE", "modo_prod": "banche dati esterne - geometrie da catasto, altezza volumi da ARPA PIEMONTE (DSM-DTM,LAS)", "sc_acq": "1:10000", "un_vol_av": "4", "un_vol_por": "al suolo", "un_vol_qe": "", "un_vol_ex": "altezza", "source": "BDTRE un_vol" }, "geometry": { "type": "Polygon", "coordinates": [ [ [ 7.66893, 45.08223 ], [ 7.66893, 45.08223 ], [ 7.66889, 45.08217 ], [ 7.66887, 45.08213 ], [ 7.66887, 45.08213 ], [ 7.66885, 45.08214 ], [ 7.66881, 45.08215 ], [ 7.66885, 45.08222 ], [ 7.66887, 45.08224 ], [ 7.66893, 45.08223 ] ] ] } },
{ "type": "Feature", "properties": { "uuid": "e4a98d86-ea1b-4086-94eb-b4eaf83fa760", "data_acq": "2017-12-31 00:00:00", "data_agg": "2017-12-31 00:00:00", "data_fin": "9999-12-31 00:00:00", "ente_for": "REGIONE PIEMONTE", "ente_prod": "ARPA PIEMONTE", "modo_prod": "banche dati esterne - geometrie da catasto, altezza volumi da ARPA PIEMONTE (DSM-DTM,LAS)", "sc_acq": "1:10000", "un_vol_av": "4", "un_vol_por": "al suolo", "un_vol_qe": "", "un_vol_ex": "altezza", "source": "BDTRE un_vol" }, "geometry": { "type": "Polygon", "coordinates": [ [ [ 7.68451, 45.08341 ], [ 7.68447, 45.08344 ], [ 7.68437, 45.08336 ], [ 7.68431, 45.08332 ], [ 7.68435, 45.08329 ], [ 7.68442, 45.08333 ], [ 7.68451, 45.08341 ] ] ] } },
{ "type": "Feature", "properties": { "uuid": "9234d968-5ff4-4ed1-a164-a402ec4ec960", "data_acq": "2017-12-31 00:00:00", "data_agg": "2017-12-31 00:00:00", "data_fin": "9999-12-31 00:00:00", "ente_for": "REGIONE PIEMONTE", "ente_prod": "ARPA PIEMONTE", "modo_prod": "banche dati esterne - geometrie da catasto, altezza volumi da ARPA PIEMONTE (DSM-DTM,LAS)", "sc_acq": "1:10000", "un_vol_av": "3", "un_vol_por": "al suolo", "un_vol_qe": "", "un_vol_ex": "altezza", "source": "BDTRE un_vol" }, "geometry": { "type": "Polygon", "coordinates": [ [ [ 7.67457, 45.07349 ], [ 7.67463, 45.07347 ], [ 7.6746, 45.07342 ], [ 7.67453, 45.07344 ], [ 7.67457, 45.07349 ] ] ] } },
{ "type": "Feature", "properties": { "uuid": "c0e943e5-5f1c-4ea1-87ad-1a3e5d78e6a8", "data_acq": "2017-12-31 00:00:00", "data_agg": "2017-12-31 00:00:00", "data_fin": "9999-12-31 00:00:00", "ente_for": "REGIONE PIEMONTE", "ente_prod": "ARPA PIEMONTE", "modo_prod": "banche dati esterne - geometrie da catasto, altezza volumi da ARPA PIEMONTE (DSM-DTM,LAS)", "sc_acq": "1:10000", "un_vol_av": "3", "un_vol_por": "al suolo", "un_vol_qe": "", "un_vol_ex": "altezza", "source": "BDTRE un_vol" }, "geometry": { "type": "Polygon", "coordinates": [ [ [ 7.67216, 45.07276 ], [ 7.6722, 45.07281 ], [ 7.6723, 45.07277 ], [ 7.67227, 45.07273 ], [ 7.67216, 45.07276 ] ] ] } },
{ "type": "Feature", "properties": { "uuid": "8bb1effd-1b6c-48b7-af75-379573d0cf65", "data_acq": "2017-12-31 00:00:00", "data_agg": "2017-12-31 00:00:00", "data_fin": "9999-12-31 00:00:00", "ente_for": "REGIONE PIEMONTE", "ente_prod": "ARPA PIEMONTE", "modo_prod": "banche dati esterne - geometrie da catasto, altezza volumi da ARPA PIEMONTE (DSM-DTM,LAS)", "sc_acq": "1:10000", "un_vol_av": "3", "un_vol_por": "al suolo", "un_vol_qe": "", "un_vol_ex": "altezza", "source": "BDTRE un_vol" }, "geometry": { "type": "Polygon", "coordinates": [ [ [ 7.68667, 45.08236 ], [ 7.68667, 45.08231 ], [ 7.6867, 45.0823 ], [ 7.68673, 45.08234 ], [ 7.68667, 45.08236 ] ] ] } },
{ "type": "Feature", "properties": { "uuid": "eb891719-7b64-4296-8337-2aa63ee924d6", "data_acq": "2017-12-31 00:00:00", "data_agg": "2017-12-31 00:00:00", "data_fin": "9999-12-31 00:00:00", "ente_for": "REGIONE PIEMONTE", "ente_prod": "ARPA PIEMONTE", "modo_prod": "banche dati esterne - geometrie da catasto, altezza volumi da ARPA PIEMONTE (DSM-DTM,LAS)", "sc_acq": "1:10000", "un_vol_av": "4", "un_vol_por": "al suolo", "un_vol_qe": "", "un_vol_ex": "altezza", "source": "BDTRE un_vol" }, "geometry": { "type": "Polygon", "coordinates": [ [ [ 7.66565, 45.07715 ], [ 7.66573, 45.07715 ], [ 7.66574, 45.07712 ], [ 7.66566, 45.07712 ], [ 7.66566, 45.07714 ], [ 7.66565, 45.07715 ] ] ] } },
{ "type": "Feature", "properties": { "uuid": "e7c724b4-0597-4a43-a892-5c6f940704ec", "data_acq": "2017-12-31 00:00:00", "data_agg": "2017-12-31 00:00:00", "data_fin": "9999-12-31 00:00:00", "ente_for": "REGIONE PIEMONTE", "ente_prod": "ARPA PIEMONTE", "modo_prod": "banche dati esterne - geometrie da catasto, altezza volumi da ARPA PIEMONTE (DSM-DTM,LAS)", "sc_acq": "1:10000", "un_vol_av": "14", "un_vol_por": "al suolo", "un_vol_qe": "", "un_vol_ex": "altezza", "source": "BDTRE un_vol" }, "geometry": { "type": "Polygon", "coordinates": [ [ [ 7.66903, 45.06876 ], [ 7.66906, 45.06881 ], [ 7.66906, 45.06881 ], [ 7.66903, 45.06882 ], [ 7.669, 45.06877 ], [ 7.66903, 45.06876 ] ] ] } },
{ "type": "Feature", "properties": { "uuid": "85017da1-bd26-4a50-8b87-1b0272c9b480", "data_acq": "2017-12-31 00:00:00", "data_agg": "2017-12-31 00:00:00", "data_fin": "9999-12-31 00:00:00", "ente_for": "REGIONE PIEMONTE", "ente_prod": "ARPA PIEMONTE", "modo_prod": "banche dati esterne - geometrie da catasto, altezza volumi da ARPA PIEMONTE (DSM-DTM,LAS)", "sc_acq": "1:10000", "un_vol_av": "3", "un_vol_por": "al suolo", "un_vol_qe": "", "un_vol_ex": "altezza", "source": "BDTRE un_vol" }, "geometry": { "type": "Polygon", "coordinates": [ [ [ 7.69375, 45.0825 ], [ 7.69372, 45.08254 ], [ 7.6937, 45.08252 ], [ 7.69372, 45.0825 ], [ 7.69373, 45.08249 ], [ 7.69375, 45.0825 ] ] ] } },
{ "type": "Feature", "properties": { "uuid": "4fb23e74-fede-42b4-9240-e57e081bb80a", "data_acq": "2017-12-31 00:00:00", "data_agg": "2017-12-31 00:00:00", "data_fin": "9999-12-31 00:00:00", "ente_for": "REGIONE PIEMONTE", "ente_prod": "ARPA PIEMONTE", "modo_prod": "banche dati esterne - geometrie da catasto, altezza volumi da ARPA PIEMONTE (DSM-DTM,LAS)", "sc_acq": "1:10000", "un_vol_av": "3", "un_vol_por": "al suolo", "un_vol_qe": "", "un_vol_ex": "altezza", "source": "BDTRE un_vol" }, "geometry": { "type": "Polygon", "coordinates": [ [ [ 7.68441, 45.08349 ], [ 7.68439, 45.08351 ], [ 7.68437, 45.08353 ], [ 7.68427, 45.08345 ], [ 7.68431, 45.08343 ], [ 7.68425, 45.08338 ], [ 7.68429, 45.08336 ], [ 7.68435, 45.08341 ], [ 7.68433, 45.08343 ], [ 7.68441, 45.08349 ] ] ] } },
{ "type": "Feature", "properties": { "uuid": "48f0b1e1-75b7-4b95-ba5c-6bfd1c29b362", "data_acq": "2017-12-31 00:00:00", "data_agg": "2017-12-31 00:00:00", "data_fin": "9999-12-31 00:00:00", "ente_for": "REGIONE PIEMONTE", "ente_prod": "ARPA PIEMONTE", "modo_prod": "banche dati esterne - geometrie da catasto, altezza volumi da ARPA PIEMONTE (DSM-DTM,LAS)", "sc_acq": "1:10000", "un_vol_av": "3", "un_vol_por": "al suolo", "un_vol_qe": "", "un_vol_ex": "altezza", "source": "BDTRE un_vol" }, "geometry": { "type": "Polygon", "coordinates": [ [ [ 7.68376, 45.08067 ], [ 7.68377, 45.08063 ], [ 7.6838, 45.08063 ], [ 7.68382, 45.08068 ], [ 7.68376, 45.08067 ] ] ] } },
{ "type": "Feature", "properties": { "uuid": "c7acac32-9b51-4352-b4e7-e2fc9a458094", "data_acq": "2017-12-31 00:00:00", "data_agg": "2017-12-31 00:00:00", "data_fin": "9999-12-31 00:00:00", "ente_for": "REGIONE PIEMONTE", "ente_prod": "ARPA PIEMONTE", "modo_prod": "banche dati esterne - geometrie da catasto, altezza volumi da ARPA PIEMONTE (DSM-DTM,LAS)", "sc_acq": "1:10000", "un_vol_av": "3", "un_vol_por": "al suolo", "un_vol_qe": "", "un_vol_ex": "altezza", "source": "BDTRE un_vol" }, "geometry": { "type": "Polygon", "coordinates": [ [ [ 7.68001, 45.08293 ], [ 7.67986, 45.08298 ], [ 7.67989, 45.08304 ], [ 7.67982, 45.08306 ], [ 7.67975, 45.08295 ], [ 7.68002, 45.08287 ], [ 7.68005, 45.08291 ], [ 7.68001, 45.08293 ] ] ] } },
{ "type": "Feature", "properties": { "uuid": "b3780e42-9cb7-4b6f-a456-9bdc46e7ad8b", "data_acq": "2017-12-31 00:00:00", "data_agg": "2017-12-31 00:00:00", "data_fin": "9999-12-31 00:00:00", "ente_for": "REGIONE PIEMONTE", "ente_prod": "ARPA PIEMONTE", "modo_prod": "banche dati esterne - geometrie da catasto, altezza volumi da ARPA PIEMONTE (DSM-DTM,LAS)", "sc_acq": "1:10000", "un_vol_av": "3", "un_vol_por": "al suolo", "un_vol_qe": "", "un_vol_ex": "altezza", "source": "BDTRE un_vol" }, "geometry": { "type": "Polygon", "coordinates": [ [ [ 7.66731, 45.08287 ], [ 7.66736, 45.08294 ], [ 7.66738, 45.08294 ], [ 7.6674, 45.08297 ], [ 7.66734, 45.08299 ], [ 7.66727, 45.08288 ], [ 7.66731, 45.08287 ] ] ] } },
{ "type": "Feature", "properties": { "uuid": "d6062473-0772-41f3-ae74-cee1c11c62ad", "data_acq": "2017-12-31 00:00:00", "data_agg": "2017-12-31 00:00:00", "data_fin": "9999-12-31 00:00:00", "ente_for": "REGIONE PIEMONTE", "ente_prod": "ARPA PIEMONTE", "modo_prod": "banche dati esterne - geometrie da catasto, altezza volumi da ARPA PIEMONTE (DSM-DTM,LAS)", "sc_acq": "1:10000", "un_vol_av": "3", "un_vol_por": "al suolo", "un_vol_qe": "", "un_vol_ex": "altezza", "source": "BDTRE un_vol" }, "geometry": { "type": "Polygon", "coordinates": [ [ [ 7.67752, 45.08361 ], [ 7.67758, 45.08359 ], [ 7.67761, 45.08363 ], [ 7.67755, 45.08366 ], [ 7.67752, 45.08361 ] ] ] } },
{ "type": "Feature", "properties": { "uuid": "8c320b7f-f1dd-4eff-9203-c5171086462e", "data_acq": "2017-12-31 00:00:00", "data_agg": "2017-12-31 00:00:00", "data_fin": "9999-12-31 00:00:00", "ente_for": "REGIONE PIEMONTE", "ente_prod": "ARPA PIEMONTE", "modo_prod": "banche dati esterne - geometrie da catasto, altezza volumi da ARPA PIEMONTE (DSM-DTM,LAS)", "sc_acq": "1:10000", "un_vol_av": "4", "un_vol_por": "al suolo", "un_vol_qe": "", "un_vol_ex": "altezza", "source": "BDTRE un_vol" }, "geometry": { "type": "Polygon", "coordinates": [ [ [ 7.67156, 45.07518 ], [ 7.67171, 45.07512 ], [ 7.67168, 45.07507 ], [ 7.67159, 45.07511 ], [ 7.67154, 45.07505 ], [ 7.67148, 45.07507 ], [ 7.67149, 45.07507 ], [ 7.6715, 45.07509 ], [ 7.67156, 45.07518 ] ] ] } },
{ "type": "Feature", "properties": { "uuid": "c8620182-d560-442b-96f3-f53db5b3ca9a", "data_acq": "2017-12-31 00:00:00", "data_agg": "2017-12-31 00:00:00", "data_fin": "9999-12-31 00:00:00", "ente_for": "REGIONE PIEMONTE", "ente_prod": "ARPA PIEMONTE", "modo_prod": "banche dati esterne - geometrie da catasto, altezza volumi da ARPA PIEMONTE (DSM-DTM,LAS)", "sc_acq": "1:10000", "un_vol_av": "11", "un_vol_por": "al suolo", "un_vol_qe": "", "un_vol_ex": "altezza", "source": "BDTRE un_vol" }, "geometry": { "type": "Polygon", "coordinates": [ [ [ 7.67035, 45.07569 ], [ 7.67026, 45.07573 ], [ 7.67028, 45.07576 ], [ 7.67038, 45.07573 ], [ 7.67037, 45.07573 ], [ 7.67035, 45.07569 ] ] ] } },
{ "type": "Feature", "properties": { "uuid": "27848e8e-35f0-4f10-b218-23ce3677b0a9", "data_acq": "2017-12-31 00:00:00", "data_agg": "2017-12-31 00:00:00", "data_fin": "9999-12-31 00:00:00", "ente_for": "REGIONE PIEMONTE", "ente_prod": "ARPA PIEMONTE", "modo_prod": "banche dati esterne - geometrie da catasto, altezza volumi da ARPA PIEMONTE (DSM-DTM,LAS)", "sc_acq": "1:10000", "un_vol_av": "3", "un_vol_por": "al suolo", "un_vol_qe": "", "un_vol_ex": "altezza", "source": "BDTRE un_vol" }, "geometry": { "type": "Polygon", "coordinates": [ [ [ 7.66544, 45.07927 ], [ 7.66541, 45.07923 ], [ 7.66515, 45.07932 ], [ 7.66521, 45.07936 ], [ 7.6653, 45.07933 ], [ 7.66542, 45.07928 ], [ 7.66544, 45.07927 ] ] ] } },
{ "type": "Feature", "properties": { "uuid": "7577f9c6-131b-4e97-994e-d60628419b55", "data_acq": "2017-12-31 00:00:00", "data_agg": "2017-12-31 00:00:00", "data_fin": "9999-12-31 00:00:00", "ente_for": "REGIONE PIEMONTE", "ente_prod": "ARPA PIEMONTE", "modo_prod": "banche dati esterne - geometrie da catasto, altezza volumi da ARPA PIEMONTE (DSM-DTM,LAS)", "sc_acq": "1:10000", "un_vol_av": "4", "un_vol_por": "al suolo", "un_vol_qe": "", "un_vol_ex": "altezza", "source": "BDTRE un_vol" }, "geometry": { "type": "Polygon", "coordinates": [ [ [ 7.67475, 45.07375 ], [ 7.67471, 45.0737 ], [ 7.67465, 45.07372 ], [ 7.67468, 45.07377 ], [ 7.67468, 45.07377 ], [ 7.67475, 45.07375 ] ] ] } },
{ "type": "Feature", "properties": { "uuid": "8ffcf947-8541-4df6-bc5d-8aa150f7915b", "data_acq": "2017-12-31 00:00:00", "data_agg": "2017-12-31 00:00:00", "data_fin": "9999-12-31 00:00:00", "ente_for": "REGIONE PIEMONTE", "ente_prod": "ARPA PIEMONTE", "modo_prod": "banche dati esterne - geometrie da catasto, altezza volumi da ARPA PIEMONTE (DSM-DTM,LAS)", "sc_acq": "1:10000", "un_vol_av": "9", "un_vol_por": "al suolo", "un_vol_qe": "", "un_vol_ex": "altezza", "source": "BDTRE un_vol" }, "geometry": { "type": "Polygon", "coordinates": [ [ [ 7.693, 45.0667 ], [ 7.69298, 45.06668 ], [ 7.69301, 45.06667 ], [ 7.69304, 45.06671 ], [ 7.69301, 45.06672 ], [ 7.69301, 45.06672 ], [ 7.693, 45.0667 ] ] ] } },
{ "type": "Feature", "properties": { "uuid": "1b2ac507-d77f-4395-adec-f901993f46fd", "data_acq": "2017-12-31 00:00:00", "data_agg": "2017-12-31 00:00:00", "data_fin": "9999-12-31 00:00:00", "ente_for": "REGIONE PIEMONTE", "ente_prod": "ARPA PIEMONTE", "modo_prod": "banche dati esterne - geometrie da catasto, altezza volumi da ARPA PIEMONTE (DSM-DTM,LAS)", "sc_acq": "1:10000", "un_vol_av": "5", "un_vol_por": "al suolo", "un_vol_qe": "", "un_vol_ex": "altezza", "source": "BDTRE un_vol" }, "geometry": { "type": "Polygon", "coordinates": [ [ [ 7.67329, 45.08265 ], [ 7.67329, 45.08266 ], [ 7.67324, 45.08267 ], [ 7.67321, 45.08263 ], [ 7.67323, 45.08262 ], [ 7.67326, 45.08261 ], [ 7.67329, 45.08265 ] ] ] } },
{ "type": "Feature", "properties": { "uuid": "2bed6f48-387d-4234-972c-336611517cd5", "data_acq": "2017-12-31 00:00:00", "data_agg": "2017-12-31 00:00:00", "data_fin": "9999-12-31 00:00:00", "ente_for": "REGIONE PIEMONTE", "ente_prod": "ARPA PIEMONTE", "modo_prod": "banche dati esterne - geometrie da catasto, altezza volumi da ARPA PIEMONTE (DSM-DTM,LAS)", "sc_acq": "1:10000", "un_vol_av": "3", "un_vol_por": "al suolo", "un_vol_qe": "", "un_vol_ex": "altezza", "source": "BDTRE un_vol" }, "geometry": { "type": "Polygon", "coordinates": [ [ [ 7.67788, 45.07096 ], [ 7.67795, 45.07094 ], [ 7.67798, 45.07097 ], [ 7.6779, 45.071 ], [ 7.67788, 45.07096 ] ] ] } },
{ "type": "Feature", "properties": { "uuid": "16407fd0-f771-43d7-b8aa-7dafb062a58c", "data_acq": "2017-12-31 00:00:00", "data_agg": "2017-12-31 00:00:00", "data_fin": "9999-12-31 00:00:00", "ente_for": "REGIONE PIEMONTE", "ente_prod": "ARPA PIEMONTE", "modo_prod": "banche dati esterne - geometrie da catasto, altezza volumi da ARPA PIEMONTE (DSM-DTM,LAS)", "sc_acq": "1:10000", "un_vol_av": "3", "un_vol_por": "al suolo", "un_vol_qe": "", "un_vol_ex": "altezza", "source": "BDTRE un_vol" }, "geometry": { "type": "Polygon", "coordinates": [ [ [ 7.67689, 45.0727 ], [ 7.67657, 45.07281 ], [ 7.6766, 45.07285 ], [ 7.67692, 45.07274 ], [ 7.67689, 45.0727 ] ] ] } },
{ "type": "Feature", "properties": { "uuid": "7a8e4e81-ac4e-45f3-8002-90118000cff7", "data_acq": "2017-12-31 00:00:00", "data_agg": "2017-12-31 00:00:00", "data_fin": "9999-12-31 00:00:00", "ente_for": "REGIONE PIEMONTE", "ente_prod": "ARPA PIEMONTE", "modo_prod": "banche dati esterne - geometrie da catasto, altezza volumi da ARPA PIEMONTE (DSM-DTM,LAS)", "sc_acq": "1:10000", "un_vol_av": "3", "un_vol_por": "al suolo", "un_vol_qe": "", "un_vol_ex": "altezza", "source": "BDTRE un_vol" }, "geometry": { "type": "Polygon", "coordinates": [ [ [ 7.66658, 45.075 ], [ 7.66658, 45.07499 ], [ 7.66658, 45.07499 ], [ 7.66658, 45.07499 ], [ 7.66653, 45.07493 ], [ 7.66652, 45.0749 ], [ 7.66646, 45.07493 ], [ 7.66649, 45.07498 ], [ 7.6665, 45.07497 ], [ 7.66653, 45.07502 ], [ 7.66658, 45.075 ], [ 7.66658, 45.075 ] ] ] } },
{ "type": "Feature", "properties": { "uuid": "82949228-7e0c-4c88-9ed4-cfe47713e458", "data_acq": "2017-12-31 00:00:00", "data_agg": "2017-12-31 00:00:00", "data_fin": "9999-12-31 00:00:00", "ente_for": "REGIONE PIEMONTE", "ente_prod": "ARPA PIEMONTE", "modo_prod": "banche dati esterne - geometrie da catasto, altezza volumi da ARPA PIEMONTE (DSM-DTM,LAS)", "sc_acq": "1:10000", "un_vol_av": "3", "un_vol_por": "al suolo", "un_vol_qe": "", "un_vol_ex": "altezza", "source": "BDTRE un_vol" }, "geometry": { "type": "Polygon", "coordinates": [ [ [ 7.66967, 45.06859 ], [ 7.6697, 45.06864 ], [ 7.66964, 45.06866 ], [ 7.6696, 45.06862 ], [ 7.6696, 45.06862 ], [ 7.66967, 45.06859 ] ] ] } },
{ "type": "Feature", "properties": { "uuid": "952ade6c-b344-4ce3-9bac-64b827404299", "data_acq": "2017-12-31 00:00:00", "data_agg": "2017-12-31 00:00:00", "data_fin": "9999-12-31 00:00:00", "ente_for": "REGIONE PIEMONTE", "ente_prod": "ARPA PIEMONTE", "modo_prod": "banche dati esterne - geometrie da catasto, altezza volumi da ARPA PIEMONTE (DSM-DTM,LAS)", "sc_acq": "1:10000", "un_vol_av": "3", "un_vol_por": "al suolo", "un_vol_qe": "", "un_vol_ex": "altezza", "source": "BDTRE un_vol" }, "geometry": { "type": "Polygon", "coordinates": [ [ [ 7.66975, 45.06758 ], [ 7.66979, 45.06763 ], [ 7.66985, 45.06761 ], [ 7.66982, 45.06756 ], [ 7.66982, 45.06756 ], [ 7.66975, 45.06758 ] ] ] } },
{ "type": "Feature", "properties": { "uuid": "c7afb6e9-f871-42b1-a2e8-da2fe75e51ce", "data_acq": "2017-12-31 00:00:00", "data_agg": "2017-12-31 00:00:00", "data_fin": "9999-12-31 00:00:00", "ente_for": "REGIONE PIEMONTE", "ente_prod": "ARPA PIEMONTE", "modo_prod": "banche dati esterne - geometrie da catasto, altezza volumi da ARPA PIEMONTE (DSM-DTM,LAS)", "sc_acq": "1:10000", "un_vol_av": "3", "un_vol_por": "al suolo", "un_vol_qe": "", "un_vol_ex": "altezza", "source": "BDTRE un_vol" }, "geometry": { "type": "Polygon", "coordinates": [ [ [ 7.69072, 45.08264 ], [ 7.69068, 45.08253 ], [ 7.69055, 45.08234 ], [ 7.69055, 45.08233 ], [ 7.69057, 45.08232 ], [ 7.69062, 45.08231 ], [ 7.69063, 45.08232 ], [ 7.69065, 45.08233 ], [ 7.69085, 45.08226 ], [ 7.69091, 45.08235 ], [ 7.6907, 45.08242 ], [ 7.69072, 45.08246 ], [ 7.69073, 45.08246 ], [ 7.69075, 45.08249 ], [ 7.69075, 45.0825 ], [ 7.69076, 45.08252 ], [ 7.69092, 45.08249 ], [ 7.69086, 45.0824 ], [ 7.69092, 45.08237 ], [ 7.69105, 45.08257 ], [ 7.6908, 45.08261 ], [ 7.6908, 45.08263 ], [ 7.69076, 45.08264 ], [ 7.69073, 45.08265 ], [ 7.69072, 45.08264 ] ] ] } },
{ "type": "Feature", "properties": { "uuid": "4db44f39-64d4-479e-ae7c-667da3b0ab9e", "data_acq": "2017-12-31 00:00:00", "data_agg": "2017-12-31 00:00:00", "data_fin": "9999-12-31 00:00:00", "ente_for": "REGIONE PIEMONTE", "ente_prod": "ARPA PIEMONTE", "modo_prod": "banche dati esterne - geometrie da catasto, altezza volumi da ARPA PIEMONTE (DSM-DTM,LAS)", "sc_acq": "1:10000", "un_vol_av": "3", "un_vol_por": "al suolo", "un_vol_qe": "", "un_vol_ex": "altezza", "source": "BDTRE un_vol" }, "geometry": { "type": "Polygon", "coordinates": [ [ [ 7.67493, 45.08332 ], [ 7.67492, 45.08333 ], [ 7.67489, 45.0833 ], [ 7.67488, 45.08328 ], [ 7.6749, 45.08328 ], [ 7.67494, 45.08326 ], [ 7.67497, 45.0833 ], [ 7.67493, 45.08332 ] ] ] } },
{ "type": "Feature", "properties": { "uuid": "ad3dcffb-af30-416d-856d-bf85dffa4434", "data_acq": "2017-12-31 00:00:00", "data_agg": "2017-12-31 00:00:00", "data_fin": "9999-12-31 00:00:00", "ente_for": "REGIONE PIEMONTE", "ente_prod": "ARPA PIEMONTE", "modo_prod": "banche dati esterne - geometrie da catasto, altezza volumi da ARPA PIEMONTE (DSM-DTM,LAS)", "sc_acq": "1:10000", "un_vol_av": "3", "un_vol_por": "al suolo", "un_vol_qe": "", "un_vol_ex": "altezza", "source": "BDTRE un_vol" }, "geometry": { "type": "Polygon", "coordinates": [ [ [ 7.6657, 45.08058 ], [ 7.66586, 45.08049 ], [ 7.66577, 45.08042 ], [ 7.66562, 45.08051 ], [ 7.6657, 45.08058 ] ] ] } },
{ "type": "Feature", "properties": { "uuid": "dafa227b-1d1d-474e-b606-8aa644289b75", "data_acq": "2017-12-31 00:00:00", "data_agg": "2017-12-31 00:00:00", "data_fin": "9999-12-31 00:00:00", "ente_for": "REGIONE PIEMONTE", "ente_prod": "ARPA PIEMONTE", "modo_prod": "banche dati esterne - geometrie da catasto, altezza volumi da ARPA PIEMONTE (DSM-DTM,LAS)", "sc_acq": "1:10000", "un_vol_av": "3", "un_vol_por": "al suolo", "un_vol_qe": "", "un_vol_ex": "altezza", "source": "BDTRE un_vol" }, "geometry": { "type": "Polygon", "coordinates": [ [ [ 7.67288, 45.07689 ], [ 7.67277, 45.07694 ], [ 7.67283, 45.07702 ], [ 7.67288, 45.077 ], [ 7.67294, 45.07698 ], [ 7.67305, 45.07694 ], [ 7.67303, 45.07691 ], [ 7.67299, 45.07685 ], [ 7.67288, 45.07689 ] ] ] } },
{ "type": "Feature", "properties": { "uuid": "ed0c8021-bbf4-433b-aa58-1319397a7ac9", "data_acq": "2017-12-31 00:00:00", "data_agg": "2017-12-31 00:00:00", "data_fin": "9999-12-31 00:00:00", "ente_for": "REGIONE PIEMONTE", "ente_prod": "ARPA PIEMONTE", "modo_prod": "banche dati esterne - geometrie da catasto, altezza volumi da ARPA PIEMONTE (DSM-DTM,LAS)", "sc_acq": "1:10000", "un_vol_av": "7", "un_vol_por": "al suolo", "un_vol_qe": "", "un_vol_ex": "altezza", "source": "BDTRE un_vol" }, "geometry": { "type": "Polygon", "coordinates": [ [ [ 7.68802, 45.08204 ], [ 7.68809, 45.08202 ], [ 7.68812, 45.08207 ], [ 7.68805, 45.08209 ], [ 7.68802, 45.08204 ] ] ] } },
{ "type": "Feature", "properties": { "uuid": "9c8deed8-be64-4a0c-abe6-e40377bfb5a7", "data_acq": "2017-12-31 00:00:00", "data_agg": "2017-12-31 00:00:00", "data_fin": "9999-12-31 00:00:00", "ente_for": "REGIONE PIEMONTE", "ente_prod": "ARPA PIEMONTE", "modo_prod": "banche dati esterne - geometrie da catasto, altezza volumi da ARPA PIEMONTE (DSM-DTM,LAS)", "sc_acq": "1:10000", "un_vol_av": "4", "un_vol_por": "al suolo", "un_vol_qe": "", "un_vol_ex": "altezza", "source": "BDTRE un_vol" }, "geometry": { "type": "Polygon", "coordinates": [ [ [ 7.66688, 45.07542 ], [ 7.66692, 45.07547 ], [ 7.66691, 45.07547 ], [ 7.66691, 45.07547 ], [ 7.66686, 45.07549 ], [ 7.66679, 45.07539 ], [ 7.66685, 45.07537 ], [ 7.66688, 45.07542 ] ] ] } },
{ "type": "Feature", "properties": { "uuid": "15bf6b24-1a76-4ec2-9e32-3228090f6af2", "data_acq": "2017-12-31 00:00:00", "data_agg": "2017-12-31 00:00:00", "data_fin": "9999-12-31 00:00:00", "ente_for": "REGIONE PIEMONTE", "ente_prod": "ARPA PIEMONTE", "modo_prod": "banche dati esterne - geometrie da catasto, altezza volumi da ARPA PIEMONTE (DSM-DTM,LAS)", "sc_acq": "1:10000", "un_vol_av": "5", "un_vol_por": "al suolo", "un_vol_qe": "", "un_vol_ex": "altezza", "source": "BDTRE un_vol" }, "geometry": { "type": "Polygon", "coordinates": [ [ [ 7.67536, 45.06764 ], [ 7.67544, 45.06761 ], [ 7.67552, 45.06773 ], [ 7.67545, 45.06775 ], [ 7.67536, 45.06764 ] ] ] } },
{ "type": "Feature", "properties": { "uuid": "81ea4176-6a30-4ec0-85ba-bed97a420545", "data_acq": "2017-12-31 00:00:00", "data_agg": "2017-12-31 00:00:00", "data_fin": "9999-12-31 00:00:00", "ente_for": "REGIONE PIEMONTE", "ente_prod": "ARPA PIEMONTE", "modo_prod": "banche dati esterne - geometrie da catasto, altezza volumi da ARPA PIEMONTE (DSM-DTM,LAS)", "sc_acq": "1:10000", "un_vol_av": "3", "un_vol_por": "al suolo", "un_vol_qe": "", "un_vol_ex": "altezza", "source": "BDTRE un_vol" }, "geometry": { "type": "Polygon", "coordinates": [ [ [ 7.69269, 45.08417 ], [ 7.69263, 45.08417 ], [ 7.69259, 45.08418 ], [ 7.69257, 45.08415 ], [ 7.69263, 45.08413 ], [ 7.69269, 45.08412 ], [ 7.69269, 45.08417 ] ] ] } },
{ "type": "Feature", "properties": { "uuid": "8426744e-846d-4459-9f54-08da8053d305", "data_acq": "2017-12-31 00:00:00", "data_agg": "2017-12-31 00:00:00", "data_fin": "9999-12-31 00:00:00", "ente_for": "REGIONE PIEMONTE", "ente_prod": "ARPA PIEMONTE", "modo_prod": "banche dati esterne - geometrie da catasto, altezza volumi da ARPA PIEMONTE (DSM-DTM,LAS)", "sc_acq": "1:10000", "un_vol_av": "3", "un_vol_por": "al suolo", "un_vol_qe": "", "un_vol_ex": "altezza", "source": "BDTRE un_vol" }, "geometry": { "type": "Polygon", "coordinates": [ [ [ 7.66682, 45.0801 ], [ 7.66678, 45.08005 ], [ 7.66671, 45.08008 ], [ 7.66674, 45.08012 ], [ 7.66678, 45.08011 ], [ 7.66682, 45.0801 ] ] ] } },
{ "type": "Feature", "properties": { "uuid": "cbdfa206-54d9-447b-aca4-43ce97f26e10", "data_acq": "2017-12-31 00:00:00", "data_agg": "2017-12-31 00:00:00", "data_fin": "9999-12-31 00:00:00", "ente_for": "REGIONE PIEMONTE", "ente_prod": "ARPA PIEMONTE", "modo_prod": "banche dati esterne - geometrie da catasto, altezza volumi da ARPA PIEMONTE (DSM-DTM,LAS)", "sc_acq": "1:10000", "un_vol_av": "3", "un_vol_por": "al suolo", "un_vol_qe": "", "un_vol_ex": "altezza", "source": "BDTRE un_vol" }, "geometry": { "type": "Polygon", "coordinates": [ [ [ 7.67682, 45.06737 ], [ 7.67683, 45.06736 ], [ 7.67684, 45.06736 ], [ 7.67681, 45.06733 ], [ 7.67687, 45.06731 ], [ 7.67678, 45.06719 ], [ 7.67674, 45.0672 ], [ 7.67674, 45.0672 ], [ 7.67671, 45.06721 ], [ 7.67671, 45.06722 ], [ 7.67674, 45.06725 ], [ 7.6768, 45.06735 ], [ 7.67682, 45.06737 ] ] ] } },
{ "type": "Feature", "properties": { "uuid": "0a1b8733-28f6-456a-a447-685b03543dbf", "data_acq": "2017-12-31 00:00:00", "data_agg": "2017-12-31 00:00:00", "data_fin": "9999-12-31 00:00:00", "ente_for": "REGIONE PIEMONTE", "ente_prod": "ARPA PIEMONTE", "modo_prod": "banche dati esterne - geometrie da catasto, altezza volumi da ARPA PIEMONTE (DSM-DTM,LAS)", "sc_acq": "1:10000", "un_vol_av": "7", "un_vol_por": "al suolo", "un_vol_qe": "", "un_vol_ex": "altezza", "source": "BDTRE un_vol" }, "geometry": { "type": "Polygon", "coordinates": [ [ [ 7.68598, 45.06529 ], [ 7.68599, 45.0653 ], [ 7.68609, 45.06544 ], [ 7.68607, 45.06545 ], [ 7.68606, 45.06544 ], [ 7.68601, 45.06546 ], [ 7.68591, 45.06531 ], [ 7.68598, 45.06529 ] ] ] } },
{ "type": "Feature", "properties": { "uuid": "03e658d0-84a6-467d-baf7-4a687c1e1252", "data_acq": "2017-12-31 00:00:00", "data_agg": "2017-12-31 00:00:00", "data_fin": "9999-12-31 00:00:00", "ente_for": "REGIONE PIEMONTE", "ente_prod": "ARPA PIEMONTE", "modo_prod": "banche dati esterne - geometrie da catasto, altezza volumi da ARPA PIEMONTE (DSM-DTM,LAS)", "sc_acq": "1:10000", "un_vol_av": "3", "un_vol_por": "al suolo", "un_vol_qe": "", "un_vol_ex": "altezza", "source": "BDTRE un_vol" }, "geometry": { "type": "Polygon", "coordinates": [ [ [ 7.69331, 45.08226 ], [ 7.69326, 45.08223 ], [ 7.69327, 45.0822 ], [ 7.69334, 45.08223 ], [ 7.69331, 45.08226 ] ] ] } },
{ "type": "Feature", "properties": { "uuid": "6b6fe55d-9cdf-4b82-9101-d223ea94880b", "data_acq": "2017-12-31 00:00:00", "data_agg": "2017-12-31 00:00:00", "data_fin": "9999-12-31 00:00:00", "ente_for": "REGIONE PIEMONTE", "ente_prod": "ARPA PIEMONTE", "modo_prod": "banche dati esterne - geometrie da catasto, altezza volumi da ARPA PIEMONTE (DSM-DTM,LAS)", "sc_acq": "1:10000", "un_vol_av": "4", "un_vol_por": "al suolo", "un_vol_qe": "", "un_vol_ex": "altezza", "source": "BDTRE un_vol" }, "geometry": { "type": "Polygon", "coordinates": [ [ [ 7.69226, 45.08239 ], [ 7.6921, 45.08216 ], [ 7.69245, 45.08204 ], [ 7.69249, 45.08218 ], [ 7.69251, 45.08218 ], [ 7.69251, 45.0822 ], [ 7.6925, 45.08221 ], [ 7.69254, 45.08226 ], [ 7.69255, 45.08229 ], [ 7.69256, 45.08229 ], [ 7.69256, 45.0823 ], [ 7.69256, 45.0823 ], [ 7.69252, 45.08231 ], [ 7.69252, 45.08231 ], [ 7.69226, 45.08239 ] ] ] } },
{ "type": "Feature", "properties": { "uuid": "be6dc672-811f-47df-a11b-55bbb3a4cbcb", "data_acq": "2017-12-31 00:00:00", "data_agg": "2017-12-31 00:00:00", "data_fin": "9999-12-31 00:00:00", "ente_for": "REGIONE PIEMONTE", "ente_prod": "ARPA PIEMONTE", "modo_prod": "banche dati esterne - geometrie da catasto, altezza volumi da ARPA PIEMONTE (DSM-DTM,LAS)", "sc_acq": "1:10000", "un_vol_av": "4", "un_vol_por": "al suolo", "un_vol_qe": "", "un_vol_ex": "altezza", "source": "BDTRE un_vol" }, "geometry": { "type": "Polygon", "coordinates": [ [ [ 7.68053, 45.0715 ], [ 7.68052, 45.0715 ], [ 7.68048, 45.07145 ], [ 7.68051, 45.07144 ], [ 7.68056, 45.07149 ], [ 7.68054, 45.0715 ], [ 7.68053, 45.0715 ] ] ] } },
{ "type": "Feature", "properties": { "uuid": "6e68b049-f41b-4f2e-ba7c-c79968038927", "data_acq": "2017-12-31 00:00:00", "data_agg": "2017-12-31 00:00:00", "data_fin": "9999-12-31 00:00:00", "ente_for": "REGIONE PIEMONTE", "ente_prod": "ARPA PIEMONTE", "modo_prod": "banche dati esterne - geometrie da catasto, altezza volumi da ARPA PIEMONTE (DSM-DTM,LAS)", "sc_acq": "1:10000", "un_vol_av": "3", "un_vol_por": "al suolo", "un_vol_qe": "", "un_vol_ex": "altezza", "source": "BDTRE un_vol" }, "geometry": { "type": "Polygon", "coordinates": [ [ [ 7.67582, 45.08346 ], [ 7.67574, 45.08349 ], [ 7.67572, 45.08346 ], [ 7.6757, 45.08346 ], [ 7.6757, 45.08345 ], [ 7.67576, 45.08343 ], [ 7.67579, 45.08342 ], [ 7.67581, 45.08345 ], [ 7.67582, 45.08346 ] ] ] } },
{ "type": "Feature", "properties": { "uuid": "3e61afba-aac9-4c49-91ab-33808ddc1b35", "data_acq": "2017-12-31 00:00:00", "data_agg": "2017-12-31 00:00:00", "data_fin": "9999-12-31 00:00:00", "ente_for": "REGIONE PIEMONTE", "ente_prod": "ARPA PIEMONTE", "modo_prod": "banche dati esterne - geometrie da catasto, altezza volumi da ARPA PIEMONTE (DSM-DTM,LAS)", "sc_acq": "1:10000", "un_vol_av": "3", "un_vol_por": "al suolo", "un_vol_qe": "", "un_vol_ex": "altezza", "source": "BDTRE un_vol" }, "geometry": { "type": "Polygon", "coordinates": [ [ [ 7.69105, 45.07473 ], [ 7.69108, 45.07478 ], [ 7.69102, 45.0748 ], [ 7.69099, 45.07476 ], [ 7.69105, 45.07473 ] ] ] } },
{ "type": "Feature", "properties": { "uuid": "d4b316e7-a198-4398-8e4f-f1caa02fcd40", "data_acq": "2017-12-31 00:00:00", "data_agg": "2017-12-31 00:00:00", "data_fin": "9999-12-31 00:00:00", "ente_for": "REGIONE PIEMONTE", "ente_prod": "ARPA PIEMONTE", "modo_prod": "banche dati esterne - geometrie da catasto, altezza volumi da ARPA PIEMONTE (DSM-DTM,LAS)", "sc_acq": "1:10000", "un_vol_av": "4", "un_vol_por": "al suolo", "un_vol_qe": "", "un_vol_ex": "altezza", "source": "BDTRE un_vol" }, "geometry": { "type": "Polygon", "coordinates": [ [ [ 7.66911, 45.07842 ], [ 7.66914, 45.07847 ], [ 7.66909, 45.07848 ], [ 7.66906, 45.07844 ], [ 7.66911, 45.07842 ] ] ] } },
{ "type": "Feature", "properties": { "uuid": "aa9c7153-508a-4c41-9421-3359be5eefdb", "data_acq": "2017-12-31 00:00:00", "data_agg": "2017-12-31 00:00:00", "data_fin": "9999-12-31 00:00:00", "ente_for": "REGIONE PIEMONTE", "ente_prod": "ARPA PIEMONTE", "modo_prod": "banche dati esterne - geometrie da catasto, altezza volumi da ARPA PIEMONTE (DSM-DTM,LAS)", "sc_acq": "1:10000", "un_vol_av": "3", "un_vol_por": "al suolo", "un_vol_qe": "", "un_vol_ex": "altezza", "source": "BDTRE un_vol" }, "geometry": { "type": "Polygon", "coordinates": [ [ [ 7.67127, 45.08157 ], [ 7.67125, 45.08159 ], [ 7.67124, 45.08159 ], [ 7.67124, 45.08159 ], [ 7.67122, 45.08161 ], [ 7.67127, 45.08165 ], [ 7.6713, 45.08163 ], [ 7.6713, 45.08162 ], [ 7.67129, 45.08161 ], [ 7.67129, 45.08161 ], [ 7.67129, 45.0816 ], [ 7.6713, 45.0816 ], [ 7.67129, 45.08159 ], [ 7.67129, 45.08158 ], [ 7.67127, 45.08157 ] ] ] } },
{ "type": "Feature", "properties": { "uuid": "749f0dab-6767-443f-9b6c-e09488be8f3a", "data_acq": "2017-12-31 00:00:00", "data_agg": "2017-12-31 00:00:00", "data_fin": "9999-12-31 00:00:00", "ente_for": "REGIONE PIEMONTE", "ente_prod": "ARPA PIEMONTE", "modo_prod": "banche dati esterne - geometrie da catasto, altezza volumi da ARPA PIEMONTE (DSM-DTM,LAS)", "sc_acq": "1:10000", "un_vol_av": "3", "un_vol_por": "al suolo", "un_vol_qe": "", "un_vol_ex": "altezza", "source": "BDTRE un_vol" }, "geometry": { "type": "Polygon", "coordinates": [ [ [ 7.66658, 45.0818 ], [ 7.66659, 45.08182 ], [ 7.6666, 45.08184 ], [ 7.66662, 45.08187 ], [ 7.66662, 45.08188 ], [ 7.66667, 45.08186 ], [ 7.66669, 45.08185 ], [ 7.6667, 45.08185 ], [ 7.66665, 45.08178 ], [ 7.66658, 45.0818 ], [ 7.66658, 45.0818 ] ] ] } },
{ "type": "Feature", "properties": { "uuid": "f76696ea-8286-4e3a-b215-7d990fcb43cf", "data_acq": "2017-12-31 00:00:00", "data_agg": "2017-12-31 00:00:00", "data_fin": "9999-12-31 00:00:00", "ente_for": "REGIONE PIEMONTE", "ente_prod": "ARPA PIEMONTE", "modo_prod": "banche dati esterne - geometrie da catasto, altezza volumi da ARPA PIEMONTE (DSM-DTM,LAS)", "sc_acq": "1:10000", "un_vol_av": "3", "un_vol_por": "al suolo", "un_vol_qe": "", "un_vol_ex": "altezza", "source": "BDTRE un_vol" }, "geometry": { "type": "Polygon", "coordinates": [ [ [ 7.66651, 45.06875 ], [ 7.66658, 45.06874 ], [ 7.66652, 45.06865 ], [ 7.66645, 45.06868 ], [ 7.66647, 45.0687 ], [ 7.6665, 45.06873 ], [ 7.6665, 45.06874 ], [ 7.66651, 45.06875 ] ] ] } },
{ "type": "Feature", "properties": { "uuid": "5d67944f-cc59-4864-85f1-0b8390c018a5", "data_acq": "2017-12-31 00:00:00", "data_agg": "2017-12-31 00:00:00", "data_fin": "9999-12-31 00:00:00", "ente_for": "REGIONE PIEMONTE", "ente_prod": "ARPA PIEMONTE", "modo_prod": "banche dati esterne - geometrie da catasto, altezza volumi da ARPA PIEMONTE (DSM-DTM,LAS)", "sc_acq": "1:10000", "un_vol_av": "3", "un_vol_por": "al suolo", "un_vol_qe": "", "un_vol_ex": "altezza", "source": "BDTRE un_vol" }, "geometry": { "type": "Polygon", "coordinates": [ [ [ 7.66818, 45.0814 ], [ 7.66818, 45.0814 ], [ 7.66796, 45.08148 ], [ 7.66793, 45.08144 ], [ 7.66798, 45.08142 ], [ 7.66807, 45.08139 ], [ 7.66816, 45.08137 ], [ 7.66818, 45.0814 ] ] ] } },
{ "type": "Feature", "properties": { "uuid": "f08c3414-60f2-4e1a-a184-dfa7b2603a1b", "data_acq": "2017-12-31 00:00:00", "data_agg": "2017-12-31 00:00:00", "data_fin": "9999-12-31 00:00:00", "ente_for": "REGIONE PIEMONTE", "ente_prod": "ARPA PIEMONTE", "modo_prod": "banche dati esterne - geometrie da catasto, altezza volumi da ARPA PIEMONTE (DSM-DTM,LAS)", "sc_acq": "1:10000", "un_vol_av": "", "un_vol_por": "al suolo", "un_vol_qe": "", "un_vol_ex": "altezza", "source": "BDTRE un_vol" }, "geometry": { "type": "Polygon", "coordinates": [ [ [ 7.69203, 45.07443 ], [ 7.69203, 45.07443 ], [ 7.69198, 45.07444 ], [ 7.69198, 45.07444 ], [ 7.69193, 45.07437 ], [ 7.69198, 45.07435 ], [ 7.69203, 45.07443 ] ] ] } },
{ "type": "Feature", "properties": { "uuid": "7dce7bf0-f43f-4956-b946-153f3cb63556", "data_acq": "2017-12-31 00:00:00", "data_agg": "2017-12-31 00:00:00", "data_fin": "9999-12-31 00:00:00", "ente_for": "REGIONE PIEMONTE", "ente_prod": "ARPA PIEMONTE", "modo_prod": "banche dati esterne - geometrie da catasto, altezza volumi da ARPA PIEMONTE (DSM-DTM,LAS)", "sc_acq": "1:10000", "un_vol_av": "7", "un_vol_por": "al suolo", "un_vol_qe": "", "un_vol_ex": "altezza", "source": "BDTRE un_vol" }, "geometry": { "type": "Polygon", "coordinates": [ [ [ 7.67671, 45.06721 ], [ 7.67671, 45.06722 ], [ 7.67674, 45.06725 ], [ 7.67667, 45.06727 ], [ 7.67667, 45.06727 ], [ 7.67667, 45.06727 ], [ 7.67664, 45.06722 ], [ 7.6767, 45.0672 ], [ 7.67671, 45.06721 ] ] ] } },
{ "type": "Feature", "properties": { "uuid": "62139b04-0686-4764-8ec3-8011f7f57217", "data_acq": "2017-12-31 00:00:00", "data_agg": "2017-12-31 00:00:00", "data_fin": "9999-12-31 00:00:00", "ente_for": "REGIONE PIEMONTE", "ente_prod": "ARPA PIEMONTE", "modo_prod": "banche dati esterne - geometrie da catasto, altezza volumi da ARPA PIEMONTE (DSM-DTM,LAS)", "sc_acq": "1:10000", "un_vol_av": "7", "un_vol_por": "al suolo", "un_vol_qe": "", "un_vol_ex": "altezza", "source": "BDTRE un_vol" }, "geometry": { "type": "Polygon", "coordinates": [ [ [ 7.68842, 45.06813 ], [ 7.68829, 45.06818 ], [ 7.68826, 45.06814 ], [ 7.6884, 45.06809 ], [ 7.68843, 45.06813 ], [ 7.68842, 45.06813 ] ] ] } },
{ "type": "Feature", "properties": { "uuid": "9bbcf688-387d-4ad2-86e0-e56ab321fc85", "data_acq": "2017-12-31 00:00:00", "data_agg": "2017-12-31 00:00:00", "data_fin": "9999-12-31 00:00:00", "ente_for": "REGIONE PIEMONTE", "ente_prod": "ARPA PIEMONTE", "modo_prod": "banche dati esterne - geometrie da catasto, altezza volumi da ARPA PIEMONTE (DSM-DTM,LAS)", "sc_acq": "1:10000", "un_vol_av": "3", "un_vol_por": "al suolo", "un_vol_qe": "", "un_vol_ex": "altezza", "source": "BDTRE un_vol" }, "geometry": { "type": "Polygon", "coordinates": [ [ [ 7.67405, 45.08092 ], [ 7.67407, 45.08093 ], [ 7.67412, 45.0809 ], [ 7.67409, 45.08087 ], [ 7.67404, 45.0809 ], [ 7.67405, 45.08091 ], [ 7.67405, 45.08091 ], [ 7.67405, 45.08092 ] ] ] } },
{ "type": "Feature", "properties": { "uuid": "325f7769-cc44-4541-a8b4-5df9adc54789", "data_acq": "2017-12-31 00:00:00", "data_agg": "2017-12-31 00:00:00", "data_fin": "9999-12-31 00:00:00", "ente_for": "REGIONE PIEMONTE", "ente_prod": "ARPA PIEMONTE", "modo_prod": "banche dati esterne - geometrie da catasto, altezza volumi da ARPA PIEMONTE (DSM-DTM,LAS)", "sc_acq": "1:10000", "un_vol_av": "4", "un_vol_por": "al suolo", "un_vol_qe": "", "un_vol_ex": "altezza", "source": "BDTRE un_vol" }, "geometry": { "type": "Polygon", "coordinates": [ [ [ 7.6815, 45.0746 ], [ 7.68156, 45.07468 ], [ 7.68158, 45.0747 ], [ 7.68158, 45.07471 ], [ 7.68159, 45.07472 ], [ 7.68169, 45.07469 ], [ 7.68161, 45.07458 ], [ 7.68159, 45.07457 ], [ 7.68159, 45.07457 ], [ 7.6815, 45.0746 ] ] ] } },
{ "type": "Feature", "properties": { "uuid": "6d4a5d2a-520f-4cd5-9079-30654c4b906d", "data_acq": "2017-12-31 00:00:00", "data_agg": "2017-12-31 00:00:00", "data_fin": "9999-12-31 00:00:00", "ente_for": "REGIONE PIEMONTE", "ente_prod": "ARPA PIEMONTE", "modo_prod": "banche dati esterne - geometrie da catasto, altezza volumi da ARPA PIEMONTE (DSM-DTM,LAS)", "sc_acq": "1:10000", "un_vol_av": "6", "un_vol_por": "al suolo", "un_vol_qe": "", "un_vol_ex": "altezza", "source": "BDTRE un_vol" }, "geometry": { "type": "Polygon", "coordinates": [ [ [ 7.66563, 45.07485 ], [ 7.66557, 45.07477 ], [ 7.66562, 45.07475 ], [ 7.66567, 45.07478 ], [ 7.66566, 45.07479 ], [ 7.66568, 45.0748 ], [ 7.66563, 45.07485 ] ] ] } },
{ "type": "Feature", "properties": { "uuid": "9e9ff783-a1d8-4e61-b0be-10923704e285", "data_acq": "2017-12-31 00:00:00", "data_agg": "2017-12-31 00:00:00", "data_fin": "9999-12-31 00:00:00", "ente_for": "REGIONE PIEMONTE", "ente_prod": "ARPA PIEMONTE", "modo_prod": "banche dati esterne - geometrie da catasto, altezza volumi da ARPA PIEMONTE (DSM-DTM,LAS)", "sc_acq": "1:10000", "un_vol_av": "4", "un_vol_por": "al suolo", "un_vol_qe": "", "un_vol_ex": "altezza", "source": "BDTRE un_vol" }, "geometry": { "type": "Polygon", "coordinates": [ [ [ 7.68944, 45.08042 ], [ 7.68939, 45.08048 ], [ 7.68935, 45.08041 ], [ 7.68932, 45.08036 ], [ 7.68938, 45.08034 ], [ 7.6894, 45.08036 ], [ 7.68944, 45.08042 ] ] ] } },
{ "type": "Feature", "properties": { "uuid": "cc62339d-a990-4c0f-84cd-ac16488eb45b", "data_acq": "2017-12-31 00:00:00", "data_agg": "2017-12-31 00:00:00", "data_fin": "9999-12-31 00:00:00", "ente_for": "REGIONE PIEMONTE", "ente_prod": "ARPA PIEMONTE", "modo_prod": "banche dati esterne - geometrie da catasto, altezza volumi da ARPA PIEMONTE (DSM-DTM,LAS)", "sc_acq": "1:10000", "un_vol_av": "3", "un_vol_por": "al suolo", "un_vol_qe": "", "un_vol_ex": "altezza", "source": "BDTRE un_vol" }, "geometry": { "type": "Polygon", "coordinates": [ [ [ 7.6661, 45.07435 ], [ 7.66605, 45.07436 ], [ 7.66598, 45.07427 ], [ 7.66603, 45.07425 ], [ 7.6661, 45.07435 ] ] ] } },
{ "type": "Feature", "properties": { "uuid": "f0446d9a-3487-45d5-a410-a7e4ff8d96ac", "data_acq": "2017-12-31 00:00:00", "data_agg": "2017-12-31 00:00:00", "data_fin": "9999-12-31 00:00:00", "ente_for": "REGIONE PIEMONTE", "ente_prod": "ARPA PIEMONTE", "modo_prod": "banche dati esterne - geometrie da catasto, altezza volumi da ARPA PIEMONTE (DSM-DTM,LAS)", "sc_acq": "1:10000", "un_vol_av": "9", "un_vol_por": "al suolo", "un_vol_qe": "", "un_vol_ex": "altezza", "source": "BDTRE un_vol" }, "geometry": { "type": "Polygon", "coordinates": [ [ [ 7.66564, 45.06905 ], [ 7.66561, 45.069 ], [ 7.66555, 45.06903 ], [ 7.66557, 45.06907 ], [ 7.66564, 45.06905 ] ] ] } },
{ "type": "Feature", "properties": { "uuid": "73829096-eddc-4df7-b648-48fb7a08cbbf", "data_acq": "2017-12-31 00:00:00", "data_agg": "2017-12-31 00:00:00", "data_fin": "9999-12-31 00:00:00", "ente_for": "REGIONE PIEMONTE", "ente_prod": "ARPA PIEMONTE", "modo_prod": "banche dati esterne - geometrie da catasto, altezza volumi da ARPA PIEMONTE (DSM-DTM,LAS)", "sc_acq": "1:10000", "un_vol_av": "4", "un_vol_por": "al suolo", "un_vol_qe": "", "un_vol_ex": "altezza", "source": "BDTRE un_vol" }, "geometry": { "type": "Polygon", "coordinates": [ [ [ 7.69009, 45.08357 ], [ 7.69011, 45.08352 ], [ 7.6901, 45.08352 ], [ 7.69002, 45.0835 ], [ 7.68992, 45.08349 ], [ 7.68991, 45.08354 ], [ 7.69009, 45.08357 ] ] ] } },
{ "type": "Feature", "properties": { "uuid": "9126b625-cef0-4094-a4a9-83e99fbccd31", "data_acq": "2017-12-31 00:00:00", "data_agg": "2017-12-31 00:00:00", "data_fin": "9999-12-31 00:00:00", "ente_for": "REGIONE PIEMONTE", "ente_prod": "ARPA PIEMONTE", "modo_prod": "banche dati esterne - geometrie da catasto, altezza volumi da ARPA PIEMONTE (DSM-DTM,LAS)", "sc_acq": "1:10000", "un_vol_av": "3", "un_vol_por": "al suolo", "un_vol_qe": "", "un_vol_ex": "altezza", "source": "BDTRE un_vol" }, "geometry": { "type": "Polygon", "coordinates": [ [ [ 7.68676, 45.07821 ], [ 7.68677, 45.07823 ], [ 7.6867, 45.07826 ], [ 7.68668, 45.07823 ], [ 7.68671, 45.07822 ], [ 7.6867, 45.0782 ], [ 7.68673, 45.07818 ], [ 7.68676, 45.07821 ] ] ] } },
{ "type": "Feature", "properties": { "uuid": "9ec31ded-d9ed-4edb-82c0-22dcb4c67352", "data_acq": "2017-12-31 00:00:00", "data_agg": "2017-12-31 00:00:00", "data_fin": "9999-12-31 00:00:00", "ente_for": "REGIONE PIEMONTE", "ente_prod": "ARPA PIEMONTE", "modo_prod": "banche dati esterne - geometrie da catasto, altezza volumi da ARPA PIEMONTE (DSM-DTM,LAS)", "sc_acq": "1:10000", "un_vol_av": "3", "un_vol_por": "al suolo", "un_vol_qe": "", "un_vol_ex": "altezza", "source": "BDTRE un_vol" }, "geometry": { "type": "Polygon", "coordinates": [ [ [ 7.67993, 45.07076 ], [ 7.67992, 45.07077 ], [ 7.67988, 45.07078 ], [ 7.67992, 45.07083 ], [ 7.67997, 45.07081 ], [ 7.67995, 45.07078 ], [ 7.67993, 45.07076 ] ] ] } },
{ "type": "Feature", "properties": { "uuid": "cb54c76d-3e3c-4e24-9847-a77e4d19721f", "data_acq": "2017-12-31 00:00:00", "data_agg": "2017-12-31 00:00:00", "data_fin": "9999-12-31 00:00:00", "ente_for": "REGIONE PIEMONTE", "ente_prod": "ARPA PIEMONTE", "modo_prod": "banche dati esterne - geometrie da catasto, altezza volumi da ARPA PIEMONTE (DSM-DTM,LAS)", "sc_acq": "1:10000", "un_vol_av": "7", "un_vol_por": "al suolo", "un_vol_qe": "", "un_vol_ex": "altezza", "source": "BDTRE un_vol" }, "geometry": { "type": "Polygon", "coordinates": [ [ [ 7.67761, 45.08363 ], [ 7.67782, 45.08356 ], [ 7.67789, 45.08368 ], [ 7.67765, 45.08375 ], [ 7.67761, 45.0837 ], [ 7.67759, 45.08371 ], [ 7.67755, 45.08366 ], [ 7.67761, 45.08363 ] ] ] } },
{ "type": "Feature", "properties": { "uuid": "0f9e473c-2b53-433e-bdbf-26101a7af36d", "data_acq": "2017-12-31 00:00:00", "data_agg": "2017-12-31 00:00:00", "data_fin": "9999-12-31 00:00:00", "ente_for": "REGIONE PIEMONTE", "ente_prod": "ARPA PIEMONTE", "modo_prod": "banche dati esterne - geometrie da catasto, altezza volumi da ARPA PIEMONTE (DSM-DTM,LAS)", "sc_acq": "1:10000", "un_vol_av": "13", "un_vol_por": "al suolo", "un_vol_qe": "", "un_vol_ex": "altezza", "source": "BDTRE un_vol" }, "geometry": { "type": "Polygon", "coordinates": [ [ [ 7.68251, 45.0775 ], [ 7.68266, 45.07773 ], [ 7.68235, 45.07798 ], [ 7.68227, 45.07787 ], [ 7.68219, 45.07776 ], [ 7.68213, 45.07767 ], [ 7.68224, 45.07764 ], [ 7.68228, 45.07769 ], [ 7.68234, 45.07779 ], [ 7.68235, 45.07779 ], [ 7.68237, 45.0778 ], [ 7.68248, 45.07772 ], [ 7.68247, 45.07771 ], [ 7.68247, 45.0777 ], [ 7.68245, 45.07768 ], [ 7.68247, 45.07768 ], [ 7.68241, 45.07758 ], [ 7.68241, 45.07758 ], [ 7.68232, 45.07761 ], [ 7.6823, 45.07757 ], [ 7.68251, 45.0775 ] ] ] } },
{ "type": "Feature", "properties": { "uuid": "59747f1f-3f90-4665-a130-6dc83dc20dd0", "data_acq": "2017-12-31 00:00:00", "data_agg": "2017-12-31 00:00:00", "data_fin": "9999-12-31 00:00:00", "ente_for": "REGIONE PIEMONTE", "ente_prod": "ARPA PIEMONTE", "modo_prod": "banche dati esterne - geometrie da catasto, altezza volumi da ARPA PIEMONTE (DSM-DTM,LAS)", "sc_acq": "1:10000", "un_vol_av": "21", "un_vol_por": "al suolo", "un_vol_qe": "", "un_vol_ex": "altezza", "source": "BDTRE un_vol" }, "geometry": { "type": "Polygon", "coordinates": [ [ [ 7.66955, 45.07125 ], [ 7.66957, 45.07127 ], [ 7.66949, 45.0713 ], [ 7.66946, 45.07125 ], [ 7.66928, 45.071 ], [ 7.66945, 45.07094 ], [ 7.66945, 45.07095 ], [ 7.66948, 45.07099 ], [ 7.66947, 45.07099 ], [ 7.66953, 45.07108 ], [ 7.66964, 45.07104 ], [ 7.66965, 45.07105 ], [ 7.66972, 45.07115 ], [ 7.66953, 45.07122 ], [ 7.66955, 45.07125 ] ] ] } },
{ "type": "Feature", "properties": { "uuid": "e83b2eaa-0f90-4b1a-8d3b-b8ae2d245923", "data_acq": "2017-12-31 00:00:00", "data_agg": "2017-12-31 00:00:00", "data_fin": "9999-12-31 00:00:00", "ente_for": "REGIONE PIEMONTE", "ente_prod": "ARPA PIEMONTE", "modo_prod": "banche dati esterne - geometrie da catasto, altezza volumi da ARPA PIEMONTE (DSM-DTM,LAS)", "sc_acq": "1:10000", "un_vol_av": "17", "un_vol_por": "al suolo", "un_vol_qe": "", "un_vol_ex": "altezza", "source": "BDTRE un_vol" }, "geometry": { "type": "Polygon", "coordinates": [ [ [ 7.68142, 45.0777 ], [ 7.68164, 45.07762 ], [ 7.68201, 45.0775 ], [ 7.68208, 45.07761 ], [ 7.68199, 45.07764 ], [ 7.68199, 45.07764 ], [ 7.68194, 45.07766 ], [ 7.68188, 45.07768 ], [ 7.68188, 45.07768 ], [ 7.68185, 45.07769 ], [ 7.68185, 45.07769 ], [ 7.68185, 45.07769 ], [ 7.68184, 45.07768 ], [ 7.68185, 45.07768 ], [ 7.68181, 45.07764 ], [ 7.68155, 45.07773 ], [ 7.68175, 45.07792 ], [ 7.68176, 45.07792 ], [ 7.68177, 45.07793 ], [ 7.68169, 45.07797 ], [ 7.6815, 45.07777 ], [ 7.68142, 45.0777 ] ] ] } },
{ "type": "Feature", "properties": { "uuid": "32a55f63-24d7-4ce1-a936-f358a7c9b922", "data_acq": "2017-12-31 00:00:00", "data_agg": "2017-12-31 00:00:00", "data_fin": "9999-12-31 00:00:00", "ente_for": "REGIONE PIEMONTE", "ente_prod": "ARPA PIEMONTE", "modo_prod": "banche dati esterne - geometrie da catasto, altezza volumi da ARPA PIEMONTE (DSM-DTM,LAS)", "sc_acq": "1:10000", "un_vol_av": "29", "un_vol_por": "al suolo", "un_vol_qe": "", "un_vol_ex": "altezza", "source": "BDTRE un_vol" }, "geometry": { "type": "Polygon", "coordinates": [ [ [ 7.68995, 45.08256 ], [ 7.68984, 45.08238 ], [ 7.69009, 45.0823 ], [ 7.69017, 45.08242 ], [ 7.6901, 45.08245 ], [ 7.6901, 45.08244 ], [ 7.69009, 45.08243 ], [ 7.69009, 45.08243 ], [ 7.69004, 45.08244 ], [ 7.69007, 45.08248 ], [ 7.69, 45.0825 ], [ 7.69002, 45.08254 ], [ 7.68995, 45.08256 ] ] ] } },
{ "type": "Feature", "properties": { "uuid": "69acb1ab-2690-4456-875f-d642f5cf9df8", "data_acq": "2017-12-31 00:00:00", "data_agg": "2017-12-31 00:00:00", "data_fin": "9999-12-31 00:00:00", "ente_for": "REGIONE PIEMONTE", "ente_prod": "ARPA PIEMONTE", "modo_prod": "banche dati esterne - geometrie da catasto, altezza volumi da ARPA PIEMONTE (DSM-DTM,LAS)", "sc_acq": "1:10000", "un_vol_av": "19", "un_vol_por": "al suolo", "un_vol_qe": "", "un_vol_ex": "altezza", "source": "BDTRE un_vol" }, "geometry": { "type": "Polygon", "coordinates": [ [ [ 7.68656, 45.06981 ], [ 7.68631, 45.06945 ], [ 7.6863, 45.06945 ], [ 7.6863, 45.06945 ], [ 7.68614, 45.0695 ], [ 7.6861, 45.06952 ], [ 7.6861, 45.06953 ], [ 7.68603, 45.06956 ], [ 7.68604, 45.06956 ], [ 7.68606, 45.0696 ], [ 7.68612, 45.06967 ], [ 7.68628, 45.06991 ], [ 7.68647, 45.06984 ], [ 7.68649, 45.06984 ], [ 7.6865, 45.06983 ], [ 7.68656, 45.06981 ] ], [ [ 7.68629, 45.0697 ], [ 7.68622, 45.06961 ], [ 7.68632, 45.06958 ], [ 7.68639, 45.06967 ], [ 7.68629, 45.0697 ] ] ] } },
{ "type": "Feature", "properties": { "uuid": "99b7b0dc-9e7e-403f-bf9f-047e0b7a77b4", "data_acq": "2017-12-31 00:00:00", "data_agg": "2017-12-31 00:00:00", "data_fin": "9999-12-31 00:00:00", "ente_for": "REGIONE PIEMONTE", "ente_prod": "ARPA PIEMONTE", "modo_prod": "banche dati esterne - geometrie da catasto, altezza volumi da ARPA PIEMONTE (DSM-DTM,LAS)", "sc_acq": "1:10000", "un_vol_av": "25", "un_vol_por": "al suolo", "un_vol_qe": "", "un_vol_ex": "altezza", "source": "BDTRE un_vol" }, "geometry": { "type": "Polygon", "coordinates": [ [ [ 7.67282, 45.07483 ], [ 7.67285, 45.07487 ], [ 7.67289, 45.07493 ], [ 7.67288, 45.07494 ], [ 7.67291, 45.07498 ], [ 7.67307, 45.07492 ], [ 7.67297, 45.07478 ], [ 7.67282, 45.07483 ] ] ] } },
{ "type": "Feature", "properties": { "uuid": "1ff6c049-d33e-461b-883a-90cb3c4220e0", "data_acq": "2017-12-31 00:00:00", "data_agg": "2017-12-31 00:00:00", "data_fin": "9999-12-31 00:00:00", "ente_for": "REGIONE PIEMONTE", "ente_prod": "ARPA PIEMONTE", "modo_prod": "banche dati esterne - geometrie da catasto, altezza volumi da ARPA PIEMONTE (DSM-DTM,LAS)", "sc_acq": "1:10000", "un_vol_av": "13", "un_vol_por": "al suolo", "un_vol_qe": "", "un_vol_ex": "altezza", "source": "BDTRE un_vol" }, "geometry": { "type": "Polygon", "coordinates": [ [ [ 7.67863, 45.08321 ], [ 7.67863, 45.08316 ], [ 7.67866, 45.08315 ], [ 7.67867, 45.08307 ], [ 7.6784, 45.08316 ], [ 7.67846, 45.08326 ], [ 7.67847, 45.08329 ], [ 7.67856, 45.08344 ], [ 7.67856, 45.08347 ], [ 7.67858, 45.08346 ], [ 7.67863, 45.08321 ] ] ] } },
{ "type": "Feature", "properties": { "uuid": "96caa1f7-643b-4d11-a3fa-76e1c6d332f3", "data_acq": "2017-12-31 00:00:00", "data_agg": "2017-12-31 00:00:00", "data_fin": "9999-12-31 00:00:00", "ente_for": "REGIONE PIEMONTE", "ente_prod": "ARPA PIEMONTE", "modo_prod": "banche dati esterne - geometrie da catasto, altezza volumi da ARPA PIEMONTE (DSM-DTM,LAS)", "sc_acq": "1:10000", "un_vol_av": "13", "un_vol_por": "al suolo", "un_vol_qe": "", "un_vol_ex": "altezza", "source": "BDTRE un_vol" }, "geometry": { "type": "Polygon", "coordinates": [ [ [ 7.68256, 45.06539 ], [ 7.68251, 45.0654 ], [ 7.68252, 45.0654 ], [ 7.68246, 45.06542 ], [ 7.68246, 45.06542 ], [ 7.68234, 45.06526 ], [ 7.68219, 45.06505 ], [ 7.68216, 45.06502 ], [ 7.6823, 45.06496 ], [ 7.68231, 45.06497 ], [ 7.68236, 45.06504 ], [ 7.6824, 45.06509 ], [ 7.68239, 45.06509 ], [ 7.6825, 45.06524 ], [ 7.68268, 45.06518 ], [ 7.68261, 45.06508 ], [ 7.68257, 45.06502 ], [ 7.68266, 45.06499 ], [ 7.68279, 45.06515 ], [ 7.68279, 45.06515 ], [ 7.68277, 45.06516 ], [ 7.68279, 45.06518 ], [ 7.6828, 45.06518 ], [ 7.68287, 45.06527 ], [ 7.68275, 45.06531 ], [ 7.68276, 45.06531 ], [ 7.68271, 45.06533 ], [ 7.68272, 45.06534 ], [ 7.68266, 45.06536 ], [ 7.68266, 45.06535 ], [ 7.68256, 45.06539 ] ] ] } },
{ "type": "Feature", "properties": { "uuid": "5fd9de48-fabf-47b1-b54c-63db60724dc8", "data_acq": "2017-12-31 00:00:00", "data_agg": "2017-12-31 00:00:00", "data_fin": "9999-12-31 00:00:00", "ente_for": "REGIONE PIEMONTE", "ente_prod": "ARPA PIEMONTE", "modo_prod": "banche dati esterne - geometrie da catasto, altezza volumi da ARPA PIEMONTE (DSM-DTM,LAS)", "sc_acq": "1:10000", "un_vol_av": "19", "un_vol_por": "al suolo", "un_vol_qe": "", "un_vol_ex": "altezza", "source": "BDTRE un_vol" }, "geometry": { "type": "Polygon", "coordinates": [ [ [ 7.68705, 45.0696 ], [ 7.68705, 45.06959 ], [ 7.68697, 45.06948 ], [ 7.68732, 45.06935 ], [ 7.68735, 45.0694 ], [ 7.68726, 45.06943 ], [ 7.68726, 45.06943 ], [ 7.68715, 45.06947 ], [ 7.68718, 45.06951 ], [ 7.68729, 45.06947 ], [ 7.68729, 45.06947 ], [ 7.68731, 45.0695 ], [ 7.68732, 45.06951 ], [ 7.68705, 45.0696 ] ] ] } },
{ "type": "Feature", "properties": { "uuid": "4b2f5082-da6e-4d34-a80f-73ca5a55106d", "data_acq": "2017-12-31 00:00:00", "data_agg": "2017-12-31 00:00:00", "data_fin": "9999-12-31 00:00:00", "ente_for": "REGIONE PIEMONTE", "ente_prod": "ARPA PIEMONTE", "modo_prod": "banche dati esterne - geometrie da catasto, altezza volumi da ARPA PIEMONTE (DSM-DTM,LAS)", "sc_acq": "1:10000", "un_vol_av": "31", "un_vol_por": "al suolo", "un_vol_qe": "", "un_vol_ex": "altezza", "source": "BDTRE un_vol" }, "geometry": { "type": "Polygon", "coordinates": [ [ [ 7.69012, 45.06767 ], [ 7.69013, 45.06766 ], [ 7.69, 45.06747 ], [ 7.69, 45.06747 ], [ 7.68986, 45.06728 ], [ 7.68981, 45.06721 ], [ 7.68968, 45.06726 ], [ 7.68966, 45.06723 ], [ 7.68994, 45.06712 ], [ 7.69015, 45.06741 ], [ 7.69016, 45.06741 ], [ 7.69017, 45.06743 ], [ 7.69018, 45.06743 ], [ 7.69025, 45.06753 ], [ 7.69023, 45.06753 ], [ 7.6903, 45.06764 ], [ 7.69016, 45.06769 ], [ 7.69014, 45.0677 ], [ 7.69012, 45.06767 ] ] ] } },
{ "type": "Feature", "properties": { "uuid": "91f82988-8b6d-4722-bcdf-60580ad5aee0", "data_acq": "2017-12-31 00:00:00", "data_agg": "2017-12-31 00:00:00", "data_fin": "9999-12-31 00:00:00", "ente_for": "REGIONE PIEMONTE", "ente_prod": "ARPA PIEMONTE", "modo_prod": "banche dati esterne - geometrie da catasto, altezza volumi da ARPA PIEMONTE (DSM-DTM,LAS)", "sc_acq": "1:10000", "un_vol_av": "21", "un_vol_por": "al suolo", "un_vol_qe": "", "un_vol_ex": "altezza", "source": "BDTRE un_vol" }, "geometry": { "type": "Polygon", "coordinates": [ [ [ 7.68231, 45.06869 ], [ 7.68239, 45.0688 ], [ 7.68236, 45.06881 ], [ 7.68237, 45.06883 ], [ 7.68236, 45.06884 ], [ 7.68235, 45.06884 ], [ 7.68237, 45.06886 ], [ 7.68236, 45.06886 ], [ 7.68236, 45.06887 ], [ 7.68241, 45.06894 ], [ 7.68234, 45.06896 ], [ 7.68228, 45.06887 ], [ 7.68215, 45.06892 ], [ 7.6822, 45.06902 ], [ 7.68226, 45.069 ], [ 7.68227, 45.06902 ], [ 7.68231, 45.06909 ], [ 7.68225, 45.0691 ], [ 7.6822, 45.06912 ], [ 7.68205, 45.06916 ], [ 7.68203, 45.06913 ], [ 7.68201, 45.06909 ], [ 7.682, 45.06908 ], [ 7.682, 45.06907 ], [ 7.68192, 45.06892 ], [ 7.68187, 45.06885 ], [ 7.68192, 45.06883 ], [ 7.68225, 45.06871 ], [ 7.68231, 45.06869 ] ] ] } },
{ "type": "Feature", "properties": { "uuid": "a53e7f06-672b-4995-9aa1-5d3b7210b7c4", "data_acq": "2017-12-31 00:00:00", "data_agg": "2017-12-31 00:00:00", "data_fin": "9999-12-31 00:00:00", "ente_for": "REGIONE PIEMONTE", "ente_prod": "ARPA PIEMONTE", "modo_prod": "banche dati esterne - geometrie da catasto, altezza volumi da ARPA PIEMONTE (DSM-DTM,LAS)", "sc_acq": "1:10000", "un_vol_av": "17", "un_vol_por": "al suolo", "un_vol_qe": "", "un_vol_ex": "altezza", "source": "BDTRE un_vol" }, "geometry": { "type": "Polygon", "coordinates": [ [ [ 7.68389, 45.07264 ], [ 7.68374, 45.07269 ], [ 7.68362, 45.07273 ], [ 7.68356, 45.07263 ], [ 7.68355, 45.0726 ], [ 7.68359, 45.07259 ], [ 7.68359, 45.07259 ], [ 7.68372, 45.07254 ], [ 7.68374, 45.07254 ], [ 7.68375, 45.07255 ], [ 7.68376, 45.07256 ], [ 7.68371, 45.07258 ], [ 7.6837, 45.07257 ], [ 7.68368, 45.07257 ], [ 7.68369, 45.0726 ], [ 7.68369, 45.0726 ], [ 7.68365, 45.07262 ], [ 7.68367, 45.07266 ], [ 7.68382, 45.07261 ], [ 7.6838, 45.07258 ], [ 7.68379, 45.07258 ], [ 7.6838, 45.07258 ], [ 7.68384, 45.07256 ], [ 7.68389, 45.07264 ] ] ] } },
{ "type": "Feature", "properties": { "uuid": "61bb03a0-91b6-463b-ba7a-57e1b7461cb1", "data_acq": "2017-12-31 00:00:00", "data_agg": "2017-12-31 00:00:00", "data_fin": "9999-12-31 00:00:00", "ente_for": "REGIONE PIEMONTE", "ente_prod": "ARPA PIEMONTE", "modo_prod": "banche dati esterne - geometrie da catasto, altezza volumi da ARPA PIEMONTE (DSM-DTM,LAS)", "sc_acq": "1:10000", "un_vol_av": "9", "un_vol_por": "al suolo", "un_vol_qe": "", "un_vol_ex": "altezza", "source": "BDTRE un_vol" }, "geometry": { "type": "Polygon", "coordinates": [ [ [ 7.69176, 45.07879 ], [ 7.69183, 45.07872 ], [ 7.69188, 45.07874 ], [ 7.69182, 45.07882 ], [ 7.69181, 45.07881 ], [ 7.69176, 45.07879 ] ] ] } },
{ "type": "Feature", "properties": { "uuid": "944779bf-d52b-4397-b3b6-60f005b575b8", "data_acq": "2017-12-31 00:00:00", "data_agg": "2017-12-31 00:00:00", "data_fin": "9999-12-31 00:00:00", "ente_for": "REGIONE PIEMONTE", "ente_prod": "ARPA PIEMONTE", "modo_prod": "banche dati esterne - geometrie da catasto, altezza volumi da ARPA PIEMONTE (DSM-DTM,LAS)", "sc_acq": "1:10000", "un_vol_av": "12", "un_vol_por": "al suolo", "un_vol_qe": "", "un_vol_ex": "altezza", "source": "BDTRE un_vol" }, "geometry": { "type": "Polygon", "coordinates": [ [ [ 7.69074, 45.08432 ], [ 7.69075, 45.08431 ], [ 7.69079, 45.0843 ], [ 7.6908, 45.08432 ], [ 7.69075, 45.08434 ], [ 7.69074, 45.08432 ] ] ] } },
{ "type": "Feature", "properties": { "uuid": "b7882807-5951-4c4c-a9e4-4d2fa15cfe78", "data_acq": "2017-12-31 00:00:00", "data_agg": "2017-12-31 00:00:00", "data_fin": "9999-12-31 00:00:00", "ente_for": "REGIONE PIEMONTE", "ente_prod": "ARPA PIEMONTE", "modo_prod": "banche dati esterne - geometrie da catasto, altezza volumi da ARPA PIEMONTE (DSM-DTM,LAS)", "sc_acq": "1:10000", "un_vol_av": "12", "un_vol_por": "al suolo", "un_vol_qe": "", "un_vol_ex": "altezza", "source": "BDTRE un_vol" }, "geometry": { "type": "Polygon", "coordinates": [ [ [ 7.66752, 45.06755 ], [ 7.66736, 45.06761 ], [ 7.66736, 45.06761 ], [ 7.66742, 45.06769 ], [ 7.66741, 45.0677 ], [ 7.66743, 45.06774 ], [ 7.66744, 45.06773 ], [ 7.66753, 45.06785 ], [ 7.66752, 45.06787 ], [ 7.66741, 45.06791 ], [ 7.66748, 45.06802 ], [ 7.66765, 45.06796 ], [ 7.66771, 45.06794 ], [ 7.66774, 45.06793 ], [ 7.66778, 45.06791 ], [ 7.66753, 45.06756 ], [ 7.66752, 45.06755 ], [ 7.66752, 45.06755 ] ] ] } },
{ "type": "Feature", "properties": { "uuid": "a2102ed8-0745-4348-88e1-9fb91f197d23", "data_acq": "2017-12-31 00:00:00", "data_agg": "2017-12-31 00:00:00", "data_fin": "9999-12-31 00:00:00", "ente_for": "REGIONE PIEMONTE", "ente_prod": "ARPA PIEMONTE", "modo_prod": "banche dati esterne - geometrie da catasto, altezza volumi da ARPA PIEMONTE (DSM-DTM,LAS)", "sc_acq": "1:10000", "un_vol_av": "12", "un_vol_por": "al suolo", "un_vol_qe": "", "un_vol_ex": "altezza", "source": "BDTRE un_vol" }, "geometry": { "type": "Polygon", "coordinates": [ [ [ 7.66849, 45.07909 ], [ 7.66834, 45.07917 ], [ 7.66829, 45.0792 ], [ 7.6681, 45.07931 ], [ 7.66805, 45.07934 ], [ 7.66808, 45.07937 ], [ 7.66809, 45.07937 ], [ 7.66816, 45.07937 ], [ 7.66816, 45.07936 ], [ 7.66819, 45.07936 ], [ 7.6682, 45.07935 ], [ 7.66821, 45.07935 ], [ 7.66823, 45.07935 ], [ 7.66822, 45.07934 ], [ 7.66848, 45.07919 ], [ 7.66854, 45.07928 ], [ 7.66853, 45.07928 ], [ 7.66853, 45.07929 ], [ 7.66847, 45.07931 ], [ 7.66847, 45.07935 ], [ 7.66867, 45.07935 ], [ 7.66858, 45.07922 ], [ 7.66849, 45.07909 ] ] ] } },
{ "type": "Feature", "properties": { "uuid": "60f13d34-49be-43d1-a830-c9cd8ce8d659", "data_acq": "2017-12-31 00:00:00", "data_agg": "2017-12-31 00:00:00", "data_fin": "9999-12-31 00:00:00", "ente_for": "REGIONE PIEMONTE", "ente_prod": "ARPA PIEMONTE", "modo_prod": "banche dati esterne - geometrie da catasto, altezza volumi da ARPA PIEMONTE (DSM-DTM,LAS)", "sc_acq": "1:10000", "un_vol_av": "18", "un_vol_por": "al suolo", "un_vol_qe": "", "un_vol_ex": "altezza", "source": "BDTRE un_vol" }, "geometry": { "type": "Polygon", "coordinates": [ [ [ 7.68256, 45.07104 ], [ 7.68256, 45.07104 ], [ 7.68257, 45.07104 ], [ 7.68259, 45.07107 ], [ 7.68254, 45.07109 ], [ 7.68256, 45.07112 ], [ 7.68256, 45.07112 ], [ 7.68261, 45.07118 ], [ 7.68268, 45.07116 ], [ 7.68275, 45.07113 ], [ 7.68275, 45.07113 ], [ 7.68271, 45.07107 ], [ 7.68272, 45.07106 ], [ 7.68271, 45.07105 ], [ 7.6827, 45.07105 ], [ 7.68269, 45.07103 ], [ 7.68271, 45.07102 ], [ 7.68271, 45.07102 ], [ 7.68269, 45.07099 ], [ 7.68266, 45.071 ], [ 7.68266, 45.071 ], [ 7.68256, 45.07104 ] ] ] } },
{ "type": "Feature", "properties": { "uuid": "eb60567a-e911-4778-8957-a2124eec8078", "data_acq": "2019-11-30 00:00:00", "data_agg": "2020-12-31 00:00:00", "data_fin": "9999-12-31 00:00:00", "ente_for": "REGIONE PIEMONTE", "ente_prod": "CSI PIEMONTE", "modo_prod": "elaborazione automatica e verifiche manuali", "sc_acq": "1:5000", "un_vol_av": "15", "un_vol_por": "al suolo", "un_vol_qe": "", "un_vol_ex": "altezza", "source": "BDTRE un_vol" }, "geometry": { "type": "Polygon", "coordinates": [ [ [ 7.66604, 45.0689 ], [ 7.66603, 45.0689 ], [ 7.66602, 45.0689 ], [ 7.66602, 45.06889 ], [ 7.66603, 45.06889 ], [ 7.66604, 45.0689 ] ] ] } },
{ "type": "Feature", "properties": { "uuid": "7f8ff1f1-17ac-4a0b-a45e-dc3611d15bcf", "data_acq": "2017-12-31 00:00:00", "data_agg": "2017-12-31 00:00:00", "data_fin": "9999-12-31 00:00:00", "ente_for": "REGIONE PIEMONTE", "ente_prod": "ARPA PIEMONTE", "modo_prod": "banche dati esterne - geometrie da catasto, altezza volumi da ARPA PIEMONTE (DSM-DTM,LAS)", "sc_acq": "1:10000", "un_vol_av": "17", "un_vol_por": "al suolo", "un_vol_qe": "", "un_vol_ex": "altezza", "source": "BDTRE un_vol" }, "geometry": { "type": "Polygon", "coordinates": [ [ [ 7.69335, 45.08312 ], [ 7.69326, 45.08312 ], [ 7.69307, 45.08313 ], [ 7.69306, 45.08295 ], [ 7.6932, 45.08295 ], [ 7.69323, 45.08295 ], [ 7.69323, 45.08296 ], [ 7.69323, 45.08296 ], [ 7.6932, 45.08296 ], [ 7.69321, 45.08306 ], [ 7.69323, 45.08306 ], [ 7.69323, 45.08305 ], [ 7.69325, 45.08305 ], [ 7.69325, 45.08306 ], [ 7.69335, 45.08306 ], [ 7.69336, 45.08312 ], [ 7.69335, 45.08312 ] ] ] } },
{ "type": "Feature", "properties": { "uuid": "bd9e820b-47a0-4df6-87e5-5d0c6cc46d11", "data_acq": "2017-12-31 00:00:00", "data_agg": "2017-12-31 00:00:00", "data_fin": "9999-12-31 00:00:00", "ente_for": "REGIONE PIEMONTE", "ente_prod": "ARPA PIEMONTE", "modo_prod": "banche dati esterne - geometrie da catasto, altezza volumi da ARPA PIEMONTE (DSM-DTM,LAS)", "sc_acq": "1:10000", "un_vol_av": "17", "un_vol_por": "al suolo", "un_vol_qe": "", "un_vol_ex": "altezza", "source": "BDTRE un_vol" }, "geometry": { "type": "Polygon", "coordinates": [ [ [ 7.68562, 45.06577 ], [ 7.6854, 45.06585 ], [ 7.68511, 45.06596 ], [ 7.68503, 45.06584 ], [ 7.68499, 45.06579 ], [ 7.68492, 45.06568 ], [ 7.68488, 45.06562 ], [ 7.68482, 45.06553 ], [ 7.68486, 45.06551 ], [ 7.68505, 45.06545 ], [ 7.68508, 45.06549 ], [ 7.68509, 45.06548 ], [ 7.6851, 45.06549 ], [ 7.6851, 45.06548 ], [ 7.68511, 45.06549 ], [ 7.68512, 45.06549 ], [ 7.68512, 45.06549 ], [ 7.68517, 45.06548 ], [ 7.68517, 45.06547 ], [ 7.68519, 45.06546 ], [ 7.6852, 45.06545 ], [ 7.68517, 45.06541 ], [ 7.68525, 45.06538 ], [ 7.68527, 45.06537 ], [ 7.68533, 45.06545 ], [ 7.68537, 45.06551 ], [ 7.68543, 45.06549 ], [ 7.68555, 45.06566 ], [ 7.68554, 45.06566 ], [ 7.68562, 45.06577 ] ], [ [ 7.68518, 45.06563 ], [ 7.68507, 45.06567 ], [ 7.68515, 45.06578 ], [ 7.68526, 45.06574 ], [ 7.68524, 45.06571 ], [ 7.6852, 45.06566 ], [ 7.68518, 45.06563 ], [ 7.68518, 45.06563 ] ] ] } },
{ "type": "Feature", "properties": { "uuid": "5eabfda6-1a67-4b76-bf37-4baf586c9954", "data_acq": "2017-12-31 00:00:00", "data_agg": "2017-12-31 00:00:00", "data_fin": "9999-12-31 00:00:00", "ente_for": "REGIONE PIEMONTE", "ente_prod": "ARPA PIEMONTE", "modo_prod": "banche dati esterne - geometrie da catasto, altezza volumi da ARPA PIEMONTE (DSM-DTM,LAS)", "sc_acq": "1:10000", "un_vol_av": "10", "un_vol_por": "al suolo", "un_vol_qe": "", "un_vol_ex": "altezza", "source": "BDTRE un_vol" }, "geometry": { "type": "Polygon", "coordinates": [ [ [ 7.69111, 45.08433 ], [ 7.69096, 45.0841 ], [ 7.69127, 45.084 ], [ 7.69135, 45.08413 ], [ 7.69127, 45.08415 ], [ 7.69122, 45.08407 ], [ 7.69108, 45.08412 ], [ 7.69113, 45.0842 ], [ 7.69119, 45.08418 ], [ 7.6912, 45.08419 ], [ 7.69121, 45.08421 ], [ 7.69126, 45.08428 ], [ 7.69111, 45.08433 ] ] ] } },
{ "type": "Feature", "properties": { "uuid": "6bf46cb5-65d2-4744-be4a-cbcb58482254", "data_acq": "2017-12-31 00:00:00", "data_agg": "2017-12-31 00:00:00", "data_fin": "9999-12-31 00:00:00", "ente_for": "REGIONE PIEMONTE", "ente_prod": "ARPA PIEMONTE", "modo_prod": "banche dati esterne - geometrie da catasto, altezza volumi da ARPA PIEMONTE (DSM-DTM,LAS)", "sc_acq": "1:10000", "un_vol_av": "21", "un_vol_por": "al suolo", "un_vol_qe": "", "un_vol_ex": "altezza", "source": "BDTRE un_vol" }, "geometry": { "type": "Polygon", "coordinates": [ [ [ 7.67679, 45.06927 ], [ 7.67683, 45.06933 ], [ 7.67683, 45.06933 ], [ 7.67684, 45.06934 ], [ 7.67688, 45.0694 ], [ 7.67671, 45.06946 ], [ 7.67671, 45.06946 ], [ 7.67662, 45.06933 ], [ 7.67679, 45.06927 ] ] ] } },
{ "type": "Feature", "properties": { "uuid": "725f891c-2c8b-4b6d-a2e9-2ee3bb316f6e", "data_acq": "2017-12-31 00:00:00", "data_agg": "2017-12-31 00:00:00", "data_fin": "9999-12-31 00:00:00", "ente_for": "REGIONE PIEMONTE", "ente_prod": "ARPA PIEMONTE", "modo_prod": "banche dati esterne - geometrie da catasto, altezza volumi da ARPA PIEMONTE (DSM-DTM,LAS)", "sc_acq": "1:10000", "un_vol_av": "18", "un_vol_por": "al suolo", "un_vol_qe": "", "un_vol_ex": "altezza", "source": "BDTRE un_vol" }, "geometry": { "type": "Polygon", "coordinates": [ [ [ 7.68109, 45.0759 ], [ 7.68118, 45.07589 ], [ 7.6812, 45.07596 ], [ 7.68112, 45.07597 ], [ 7.6811, 45.07595 ], [ 7.68109, 45.0759 ] ] ] } },
{ "type": "Feature", "properties": { "uuid": "1e8bda44-af80-4502-8f89-6899f443332f", "data_acq": "2017-12-31 00:00:00", "data_agg": "2017-12-31 00:00:00", "data_fin": "9999-12-31 00:00:00", "ente_for": "REGIONE PIEMONTE", "ente_prod": "ARPA PIEMONTE", "modo_prod": "banche dati esterne - geometrie da catasto, altezza volumi da ARPA PIEMONTE (DSM-DTM,LAS)", "sc_acq": "1:10000", "un_vol_av": "15", "un_vol_por": "al suolo", "un_vol_qe": "", "un_vol_ex": "altezza", "source": "BDTRE un_vol" }, "geometry": { "type": "Polygon", "coordinates": [ [ [ 7.68395, 45.07897 ], [ 7.68387, 45.07897 ], [ 7.6838, 45.07898 ], [ 7.6838, 45.07893 ], [ 7.68379, 45.0789 ], [ 7.68384, 45.0789 ], [ 7.68383, 45.07886 ], [ 7.68385, 45.07886 ], [ 7.68384, 45.07881 ], [ 7.68374, 45.07881 ], [ 7.68374, 45.07881 ], [ 7.68372, 45.07874 ], [ 7.68391, 45.07872 ], [ 7.68395, 45.07897 ] ] ] } },
{ "type": "Feature", "properties": { "uuid": "e6c09deb-5b82-4422-aec0-35ee5e9201b9", "data_acq": "2017-12-31 00:00:00", "data_agg": "2017-12-31 00:00:00", "data_fin": "9999-12-31 00:00:00", "ente_for": "REGIONE PIEMONTE", "ente_prod": "ARPA PIEMONTE", "modo_prod": "banche dati esterne - geometrie da catasto, altezza volumi da ARPA PIEMONTE (DSM-DTM,LAS)", "sc_acq": "1:10000", "un_vol_av": "17", "un_vol_por": "al suolo", "un_vol_qe": "", "un_vol_ex": "altezza", "source": "BDTRE un_vol" }, "geometry": { "type": "Polygon", "coordinates": [ [ [ 7.69157, 45.08081 ], [ 7.69172, 45.08087 ], [ 7.69163, 45.08097 ], [ 7.6915, 45.08091 ], [ 7.6915, 45.08091 ], [ 7.69149, 45.08091 ], [ 7.69149, 45.08091 ], [ 7.69148, 45.08091 ], [ 7.69149, 45.0809 ], [ 7.69157, 45.08081 ] ] ] } },
{ "type": "Feature", "properties": { "uuid": "e5544996-91c2-4a80-8201-45beb92ba300", "data_acq": "2017-12-31 00:00:00", "data_agg": "2017-12-31 00:00:00", "data_fin": "9999-12-31 00:00:00", "ente_for": "REGIONE PIEMONTE", "ente_prod": "ARPA PIEMONTE", "modo_prod": "banche dati esterne - geometrie da catasto, altezza volumi da ARPA PIEMONTE (DSM-DTM,LAS)", "sc_acq": "1:10000", "un_vol_av": "19", "un_vol_por": "al suolo", "un_vol_qe": "", "un_vol_ex": "altezza", "source": "BDTRE un_vol" }, "geometry": { "type": "Polygon", "coordinates": [ [ [ 7.68952, 45.06872 ], [ 7.68957, 45.06876 ], [ 7.68971, 45.0689 ], [ 7.68982, 45.06885 ], [ 7.68987, 45.0689 ], [ 7.68994, 45.06886 ], [ 7.68998, 45.0689 ], [ 7.68998, 45.0689 ], [ 7.69, 45.06891 ], [ 7.69003, 45.06895 ], [ 7.69026, 45.06883 ], [ 7.69026, 45.06883 ], [ 7.69032, 45.0688 ], [ 7.69025, 45.06874 ], [ 7.69022, 45.0687 ], [ 7.6901, 45.0686 ], [ 7.68998, 45.0685 ], [ 7.68993, 45.06846 ], [ 7.68993, 45.06846 ], [ 7.68954, 45.06871 ], [ 7.68952, 45.06872 ] ], [ [ 7.6898, 45.0687 ], [ 7.68998, 45.06859 ], [ 7.68998, 45.06859 ], [ 7.69008, 45.06867 ], [ 7.69007, 45.06868 ], [ 7.69008, 45.06868 ], [ 7.69008, 45.06868 ], [ 7.69008, 45.06868 ], [ 7.69008, 45.06868 ], [ 7.69012, 45.06871 ], [ 7.68992, 45.06883 ], [ 7.6898, 45.0687 ] ] ] } },
{ "type": "Feature", "properties": { "uuid": "c2a54b74-9bd5-4766-8e59-29bdfa74e4a3", "data_acq": "2017-12-31 00:00:00", "data_agg": "2017-12-31 00:00:00", "data_fin": "9999-12-31 00:00:00", "ente_for": "REGIONE PIEMONTE", "ente_prod": "ARPA PIEMONTE", "modo_prod": "banche dati esterne - geometrie da catasto, altezza volumi da ARPA PIEMONTE (DSM-DTM,LAS)", "sc_acq": "1:10000", "un_vol_av": "25", "un_vol_por": "al suolo", "un_vol_qe": "", "un_vol_ex": "altezza", "source": "BDTRE un_vol" }, "geometry": { "type": "Polygon", "coordinates": [ [ [ 7.69053, 45.08034 ], [ 7.69045, 45.08043 ], [ 7.69044, 45.08044 ], [ 7.69046, 45.08044 ], [ 7.69047, 45.08044 ], [ 7.6906, 45.08049 ], [ 7.69059, 45.0805 ], [ 7.6906, 45.08051 ], [ 7.69069, 45.08041 ], [ 7.69053, 45.08034 ] ] ] } },
{ "type": "Feature", "properties": { "uuid": "23e21181-ae12-46af-bede-394af0c909d8", "data_acq": "2017-12-31 00:00:00", "data_agg": "2017-12-31 00:00:00", "data_fin": "9999-12-31 00:00:00", "ente_for": "REGIONE PIEMONTE", "ente_prod": "ARPA PIEMONTE", "modo_prod": "banche dati esterne - geometrie da catasto, altezza volumi da ARPA PIEMONTE (DSM-DTM,LAS)", "sc_acq": "1:10000", "un_vol_av": "35", "un_vol_por": "al suolo", "un_vol_qe": "", "un_vol_ex": "altezza", "source": "BDTRE un_vol" }, "geometry": { "type": "Polygon", "coordinates": [ [ [ 7.66851, 45.08197 ], [ 7.66858, 45.08207 ], [ 7.66858, 45.08207 ], [ 7.66859, 45.08208 ], [ 7.66859, 45.08208 ], [ 7.66861, 45.08208 ], [ 7.6686, 45.08206 ], [ 7.6686, 45.08206 ], [ 7.66863, 45.08205 ], [ 7.66863, 45.08205 ], [ 7.66863, 45.08206 ], [ 7.66863, 45.08206 ], [ 7.66867, 45.08204 ], [ 7.66867, 45.08204 ], [ 7.6687, 45.08203 ], [ 7.6687, 45.08203 ], [ 7.66871, 45.08204 ], [ 7.66871, 45.08204 ], [ 7.66877, 45.08202 ], [ 7.6687, 45.08191 ], [ 7.66858, 45.08195 ], [ 7.66851, 45.08197 ] ] ] } },
{ "type": "Feature", "properties": { "uuid": "d95a11ad-1e86-430e-9beb-4cd59a1c7097", "data_acq": "2017-12-31 00:00:00", "data_agg": "2017-12-31 00:00:00", "data_fin": "9999-12-31 00:00:00", "ente_for": "REGIONE PIEMONTE", "ente_prod": "ARPA PIEMONTE", "modo_prod": "banche dati esterne - geometrie da catasto, altezza volumi da ARPA PIEMONTE (DSM-DTM,LAS)", "sc_acq": "1:10000", "un_vol_av": "18", "un_vol_por": "al suolo", "un_vol_qe": "", "un_vol_ex": "altezza", "source": "BDTRE un_vol" }, "geometry": { "type": "Polygon", "coordinates": [ [ [ 7.69028, 45.06699 ], [ 7.69025, 45.06695 ], [ 7.69027, 45.06694 ], [ 7.69033, 45.06692 ], [ 7.69036, 45.06696 ], [ 7.6903, 45.06698 ], [ 7.69028, 45.06699 ] ] ] } },
{ "type": "Feature", "properties": { "uuid": "c2a6d8e2-a73f-4c28-b085-a44e15cc7cb2", "data_acq": "2017-12-31 00:00:00", "data_agg": "2017-12-31 00:00:00", "data_fin": "9999-12-31 00:00:00", "ente_for": "REGIONE PIEMONTE", "ente_prod": "ARPA PIEMONTE", "modo_prod": "banche dati esterne - geometrie da catasto, altezza volumi da ARPA PIEMONTE (DSM-DTM,LAS)", "sc_acq": "1:10000", "un_vol_av": "16", "un_vol_por": "al suolo", "un_vol_qe": "", "un_vol_ex": "altezza", "source": "BDTRE un_vol" }, "geometry": { "type": "Polygon", "coordinates": [ [ [ 7.6775, 45.08124 ], [ 7.67744, 45.08115 ], [ 7.67744, 45.08115 ], [ 7.67743, 45.08113 ], [ 7.67742, 45.08112 ], [ 7.67741, 45.08112 ], [ 7.67735, 45.08103 ], [ 7.67748, 45.08098 ], [ 7.67754, 45.08107 ], [ 7.67758, 45.08113 ], [ 7.67759, 45.08114 ], [ 7.6776, 45.08114 ], [ 7.67761, 45.08116 ], [ 7.67761, 45.08116 ], [ 7.67762, 45.08118 ], [ 7.67763, 45.08119 ], [ 7.67763, 45.08119 ], [ 7.67758, 45.08121 ], [ 7.67751, 45.08123 ], [ 7.6775, 45.08124 ] ] ] } },
{ "type": "Feature", "properties": { "uuid": "d6ce820e-62a0-4119-8c8d-0d599d66ad40", "data_acq": "2017-12-31 00:00:00", "data_agg": "2017-12-31 00:00:00", "data_fin": "9999-12-31 00:00:00", "ente_for": "REGIONE PIEMONTE", "ente_prod": "ARPA PIEMONTE", "modo_prod": "banche dati esterne - geometrie da catasto, altezza volumi da ARPA PIEMONTE (DSM-DTM,LAS)", "sc_acq": "1:10000", "un_vol_av": "15", "un_vol_por": "al suolo", "un_vol_qe": "", "un_vol_ex": "altezza", "source": "BDTRE un_vol" }, "geometry": { "type": "Polygon", "coordinates": [ [ [ 7.6824, 45.07184 ], [ 7.6824, 45.07184 ], [ 7.68239, 45.07182 ], [ 7.68239, 45.07182 ], [ 7.68238, 45.0718 ], [ 7.68237, 45.07179 ], [ 7.68232, 45.07172 ], [ 7.68231, 45.0717 ], [ 7.68229, 45.07167 ], [ 7.68229, 45.07167 ], [ 7.68228, 45.07166 ], [ 7.68216, 45.07171 ], [ 7.68219, 45.07175 ], [ 7.68218, 45.07175 ], [ 7.68219, 45.07176 ], [ 7.6822, 45.07176 ], [ 7.68221, 45.07178 ], [ 7.68218, 45.07179 ], [ 7.68222, 45.07185 ], [ 7.68222, 45.07185 ], [ 7.68225, 45.07189 ], [ 7.68229, 45.07188 ], [ 7.68231, 45.07188 ], [ 7.6824, 45.07184 ], [ 7.6824, 45.07184 ] ] ] } },
{ "type": "Feature", "properties": { "uuid": "621a0787-0502-4c7f-ab0b-db1172d41781", "data_acq": "2017-12-31 00:00:00", "data_agg": "2017-12-31 00:00:00", "data_fin": "9999-12-31 00:00:00", "ente_for": "REGIONE PIEMONTE", "ente_prod": "ARPA PIEMONTE", "modo_prod": "banche dati esterne - geometrie da catasto, altezza volumi da ARPA PIEMONTE (DSM-DTM,LAS)", "sc_acq": "1:10000", "un_vol_av": "18", "un_vol_por": "al suolo", "un_vol_qe": "", "un_vol_ex": "altezza", "source": "BDTRE un_vol" }, "geometry": { "type": "Polygon", "coordinates": [ [ [ 7.68123, 45.07446 ], [ 7.68126, 45.07452 ], [ 7.68121, 45.07453 ], [ 7.68122, 45.07454 ], [ 7.68122, 45.07455 ], [ 7.68123, 45.07456 ], [ 7.68125, 45.07459 ], [ 7.6813, 45.07458 ], [ 7.68135, 45.07465 ], [ 7.6815, 45.0746 ], [ 7.68159, 45.07457 ], [ 7.68159, 45.07457 ], [ 7.68166, 45.07454 ], [ 7.68166, 45.07454 ], [ 7.68166, 45.07455 ], [ 7.68166, 45.07455 ], [ 7.68167, 45.07454 ], [ 7.68167, 45.07454 ], [ 7.68167, 45.07454 ], [ 7.68171, 45.07452 ], [ 7.68173, 45.07452 ], [ 7.68167, 45.07441 ], [ 7.68171, 45.0744 ], [ 7.68169, 45.07435 ], [ 7.68168, 45.07434 ], [ 7.68145, 45.0744 ], [ 7.68123, 45.07446 ] ], [ [ 7.68151, 45.07452 ], [ 7.68148, 45.07447 ], [ 7.68149, 45.07447 ], [ 7.68148, 45.07446 ], [ 7.68152, 45.07445 ], [ 7.68152, 45.07445 ], [ 7.68159, 45.07443 ], [ 7.68163, 45.07449 ], [ 7.68151, 45.07452 ] ] ] } },
{ "type": "Feature", "properties": { "uuid": "e5eaa9d0-a06e-4698-8260-ae1667a3a11e", "data_acq": "2017-12-31 00:00:00", "data_agg": "2017-12-31 00:00:00", "data_fin": "9999-12-31 00:00:00", "ente_for": "REGIONE PIEMONTE", "ente_prod": "ARPA PIEMONTE", "modo_prod": "banche dati esterne - geometrie da catasto, altezza volumi da ARPA PIEMONTE (DSM-DTM,LAS)", "sc_acq": "1:10000", "un_vol_av": "22", "un_vol_por": "al suolo", "un_vol_qe": "", "un_vol_ex": "altezza", "source": "BDTRE un_vol" }, "geometry": { "type": "Polygon", "coordinates": [ [ [ 7.68059, 45.07721 ], [ 7.68052, 45.07711 ], [ 7.68067, 45.07706 ], [ 7.68068, 45.07709 ], [ 7.68071, 45.07713 ], [ 7.68075, 45.07712 ], [ 7.68077, 45.07714 ], [ 7.68078, 45.07713 ], [ 7.68079, 45.07714 ], [ 7.68059, 45.07721 ] ] ] } },
{ "type": "Feature", "properties": { "uuid": "7b0069fa-9279-41f8-a8c4-408c4c32d3c5", "data_acq": "2017-12-31 00:00:00", "data_agg": "2017-12-31 00:00:00", "data_fin": "9999-12-31 00:00:00", "ente_for": "REGIONE PIEMONTE", "ente_prod": "ARPA PIEMONTE", "modo_prod": "banche dati esterne - geometrie da catasto, altezza volumi da ARPA PIEMONTE (DSM-DTM,LAS)", "sc_acq": "1:10000", "un_vol_av": "21", "un_vol_por": "al suolo", "un_vol_qe": "", "un_vol_ex": "altezza", "source": "BDTRE un_vol" }, "geometry": { "type": "Polygon", "coordinates": [ [ [ 7.66937, 45.07874 ], [ 7.66934, 45.0787 ], [ 7.66934, 45.0787 ], [ 7.66932, 45.07868 ], [ 7.66932, 45.07867 ], [ 7.6693, 45.07863 ], [ 7.6694, 45.0786 ], [ 7.66944, 45.07858 ], [ 7.66945, 45.07858 ], [ 7.66952, 45.07868 ], [ 7.66952, 45.07869 ], [ 7.66952, 45.07869 ], [ 7.66937, 45.07874 ] ] ] } },
{ "type": "Feature", "properties": { "uuid": "c4689a18-49d6-4a6c-9d8b-b5fdf320fe98", "data_acq": "2017-12-31 00:00:00", "data_agg": "2017-12-31 00:00:00", "data_fin": "9999-12-31 00:00:00", "ente_for": "REGIONE PIEMONTE", "ente_prod": "ARPA PIEMONTE", "modo_prod": "banche dati esterne - geometrie da catasto, altezza volumi da ARPA PIEMONTE (DSM-DTM,LAS)", "sc_acq": "1:10000", "un_vol_av": "19", "un_vol_por": "al suolo", "un_vol_qe": "", "un_vol_ex": "altezza", "source": "BDTRE un_vol" }, "geometry": { "type": "Polygon", "coordinates": [ [ [ 7.69116, 45.07447 ], [ 7.69116, 45.07447 ], [ 7.69128, 45.07466 ], [ 7.69114, 45.07471 ], [ 7.6911, 45.07464 ], [ 7.6911, 45.07464 ], [ 7.69109, 45.07462 ], [ 7.69106, 45.07463 ], [ 7.69106, 45.07464 ], [ 7.69101, 45.07465 ], [ 7.69101, 45.07465 ], [ 7.69095, 45.07467 ], [ 7.69096, 45.07468 ], [ 7.69094, 45.07468 ], [ 7.69093, 45.07467 ], [ 7.69086, 45.07457 ], [ 7.69116, 45.07447 ] ] ] } },
{ "type": "Feature", "properties": { "uuid": "9d03f252-1530-4601-81d1-9bd6efc94fda", "data_acq": "2017-12-31 00:00:00", "data_agg": "2017-12-31 00:00:00", "data_fin": "9999-12-31 00:00:00", "ente_for": "REGIONE PIEMONTE", "ente_prod": "ARPA PIEMONTE", "modo_prod": "banche dati esterne - geometrie da catasto, altezza volumi da ARPA PIEMONTE (DSM-DTM,LAS)", "sc_acq": "1:10000", "un_vol_av": "17", "un_vol_por": "al suolo", "un_vol_qe": "", "un_vol_ex": "altezza", "source": "BDTRE un_vol" }, "geometry": { "type": "Polygon", "coordinates": [ [ [ 7.6802, 45.07516 ], [ 7.68031, 45.07531 ], [ 7.68031, 45.07531 ], [ 7.68027, 45.07533 ], [ 7.68021, 45.07536 ], [ 7.6802, 45.07534 ], [ 7.68017, 45.07536 ], [ 7.68017, 45.07535 ], [ 7.68013, 45.07531 ], [ 7.68009, 45.07526 ], [ 7.68007, 45.07523 ], [ 7.68005, 45.07521 ], [ 7.6802, 45.07516 ] ] ] } },
{ "type": "Feature", "properties": { "uuid": "e08f95dc-3878-4f45-a1c7-5c49d358f36c", "data_acq": "2017-12-31 00:00:00", "data_agg": "2017-12-31 00:00:00", "data_fin": "9999-12-31 00:00:00", "ente_for": "REGIONE PIEMONTE", "ente_prod": "ARPA PIEMONTE", "modo_prod": "banche dati esterne - geometrie da catasto, altezza volumi da ARPA PIEMONTE (DSM-DTM,LAS)", "sc_acq": "1:10000", "un_vol_av": "21", "un_vol_por": "al suolo", "un_vol_qe": "", "un_vol_ex": "altezza", "source": "BDTRE un_vol" }, "geometry": { "type": "Polygon", "coordinates": [ [ [ 7.66561, 45.07977 ], [ 7.66575, 45.07971 ], [ 7.66563, 45.07963 ], [ 7.66561, 45.07962 ], [ 7.66559, 45.07961 ], [ 7.66558, 45.07962 ], [ 7.66559, 45.07963 ], [ 7.66559, 45.07963 ], [ 7.66548, 45.07971 ], [ 7.66528, 45.07959 ], [ 7.66522, 45.07964 ], [ 7.66524, 45.07965 ], [ 7.66535, 45.07972 ], [ 7.66551, 45.07982 ], [ 7.66556, 45.0798 ], [ 7.66558, 45.07979 ], [ 7.66561, 45.07977 ] ] ] } },
{ "type": "Feature", "properties": { "uuid": "14fdb81e-a4d6-4905-81b8-e54450707c4e", "data_acq": "2017-12-31 00:00:00", "data_agg": "2017-12-31 00:00:00", "data_fin": "9999-12-31 00:00:00", "ente_for": "REGIONE PIEMONTE", "ente_prod": "ARPA PIEMONTE", "modo_prod": "banche dati esterne - geometrie da catasto, altezza volumi da ARPA PIEMONTE (DSM-DTM,LAS)", "sc_acq": "1:10000", "un_vol_av": "19", "un_vol_por": "al suolo", "un_vol_qe": "", "un_vol_ex": "altezza", "source": "BDTRE un_vol" }, "geometry": { "type": "Polygon", "coordinates": [ [ [ 7.68132, 45.07587 ], [ 7.68153, 45.07583 ], [ 7.68164, 45.07581 ], [ 7.68164, 45.07582 ], [ 7.6817, 45.07591 ], [ 7.68162, 45.07594 ], [ 7.68162, 45.07594 ], [ 7.6816, 45.07594 ], [ 7.68159, 45.07591 ], [ 7.6816, 45.0759 ], [ 7.68159, 45.07588 ], [ 7.68141, 45.07593 ], [ 7.68138, 45.07594 ], [ 7.68136, 45.07594 ], [ 7.68135, 45.07594 ], [ 7.68132, 45.07587 ] ] ] } },
{ "type": "Feature", "properties": { "uuid": "6fbbba22-0cb2-4c91-a458-ddf0f60d08fa", "data_acq": "2017-12-31 00:00:00", "data_agg": "2017-12-31 00:00:00", "data_fin": "9999-12-31 00:00:00", "ente_for": "REGIONE PIEMONTE", "ente_prod": "ARPA PIEMONTE", "modo_prod": "banche dati esterne - geometrie da catasto, altezza volumi da ARPA PIEMONTE (DSM-DTM,LAS)", "sc_acq": "1:10000", "un_vol_av": "18", "un_vol_por": "al suolo", "un_vol_qe": "", "un_vol_ex": "altezza", "source": "BDTRE un_vol" }, "geometry": { "type": "Polygon", "coordinates": [ [ [ 7.66673, 45.08208 ], [ 7.66668, 45.08199 ], [ 7.66667, 45.08197 ], [ 7.66666, 45.08195 ], [ 7.66664, 45.08195 ], [ 7.66666, 45.08199 ], [ 7.66646, 45.08205 ], [ 7.66649, 45.0821 ], [ 7.6665, 45.08211 ], [ 7.66652, 45.08214 ], [ 7.66652, 45.08215 ], [ 7.66673, 45.08208 ] ] ] } },
{ "type": "Feature", "properties": { "uuid": "530b294d-e702-4ac5-be3c-5d34e3dccc09", "data_acq": "2017-12-31 00:00:00", "data_agg": "2017-12-31 00:00:00", "data_fin": "9999-12-31 00:00:00", "ente_for": "REGIONE PIEMONTE", "ente_prod": "ARPA PIEMONTE", "modo_prod": "banche dati esterne - geometrie da catasto, altezza volumi da ARPA PIEMONTE (DSM-DTM,LAS)", "sc_acq": "1:10000", "un_vol_av": "19", "un_vol_por": "al suolo", "un_vol_qe": "", "un_vol_ex": "altezza", "source": "BDTRE un_vol" }, "geometry": { "type": "Polygon", "coordinates": [ [ [ 7.66795, 45.07734 ], [ 7.66797, 45.07734 ], [ 7.66806, 45.0773 ], [ 7.66817, 45.07727 ], [ 7.66817, 45.07727 ], [ 7.66825, 45.07738 ], [ 7.66823, 45.07739 ], [ 7.66823, 45.07738 ], [ 7.66811, 45.07742 ], [ 7.66811, 45.07742 ], [ 7.66812, 45.07742 ], [ 7.66811, 45.07743 ], [ 7.6681, 45.07742 ], [ 7.66808, 45.07743 ], [ 7.66815, 45.07752 ], [ 7.66831, 45.07747 ], [ 7.66834, 45.07751 ], [ 7.66823, 45.07757 ], [ 7.66814, 45.07761 ], [ 7.66813, 45.0776 ], [ 7.66812, 45.07759 ], [ 7.6681, 45.07756 ], [ 7.66795, 45.07734 ] ] ] } },
{ "type": "Feature", "properties": { "uuid": "9bec107c-89cb-4a00-b6de-41d94945ade9", "data_acq": "2017-12-31 00:00:00", "data_agg": "2017-12-31 00:00:00", "data_fin": "9999-12-31 00:00:00", "ente_for": "REGIONE PIEMONTE", "ente_prod": "ARPA PIEMONTE", "modo_prod": "banche dati esterne - geometrie da catasto, altezza volumi da ARPA PIEMONTE (DSM-DTM,LAS)", "sc_acq": "1:10000", "un_vol_av": "21", "un_vol_por": "al suolo", "un_vol_qe": "", "un_vol_ex": "altezza", "source": "BDTRE un_vol" }, "geometry": { "type": "Polygon", "coordinates": [ [ [ 7.67346, 45.0782 ], [ 7.6734, 45.07812 ], [ 7.67335, 45.07805 ], [ 7.67329, 45.07797 ], [ 7.67307, 45.07804 ], [ 7.67284, 45.07812 ], [ 7.67284, 45.07812 ], [ 7.67284, 45.07812 ], [ 7.67284, 45.07813 ], [ 7.67284, 45.07813 ], [ 7.67285, 45.07814 ], [ 7.67286, 45.07814 ], [ 7.67286, 45.07814 ], [ 7.67306, 45.07819 ], [ 7.67306, 45.07819 ], [ 7.67307, 45.07817 ], [ 7.67307, 45.07817 ], [ 7.67321, 45.07812 ], [ 7.67323, 45.07813 ], [ 7.67329, 45.07822 ], [ 7.67328, 45.07824 ], [ 7.67328, 45.07824 ], [ 7.67339, 45.07827 ], [ 7.67349, 45.07829 ], [ 7.6735, 45.07829 ], [ 7.6735, 45.07829 ], [ 7.6735, 45.07829 ], [ 7.67351, 45.07829 ], [ 7.67351, 45.07828 ], [ 7.67351, 45.07828 ], [ 7.67351, 45.07827 ], [ 7.67346, 45.0782 ], [ 7.67346, 45.0782 ] ] ] } },
{ "type": "Feature", "properties": { "uuid": "3478d84c-1dcb-4cdc-a088-0f68ad639606", "data_acq": "2017-12-31 00:00:00", "data_agg": "2017-12-31 00:00:00", "data_fin": "9999-12-31 00:00:00", "ente_for": "REGIONE PIEMONTE", "ente_prod": "ARPA PIEMONTE", "modo_prod": "banche dati esterne - geometrie da catasto, altezza volumi da ARPA PIEMONTE (DSM-DTM,LAS)", "sc_acq": "1:10000", "un_vol_av": "8", "un_vol_por": "al suolo", "un_vol_qe": "", "un_vol_ex": "altezza", "source": "BDTRE un_vol" }, "geometry": { "type": "Polygon", "coordinates": [ [ [ 7.6665, 45.08187 ], [ 7.6664, 45.0819 ], [ 7.66636, 45.08192 ], [ 7.66637, 45.08192 ], [ 7.6664, 45.08196 ], [ 7.6664, 45.08197 ], [ 7.6664, 45.08197 ], [ 7.6664, 45.08198 ], [ 7.66644, 45.08202 ], [ 7.6665, 45.082 ], [ 7.66646, 45.08194 ], [ 7.66649, 45.08193 ], [ 7.66649, 45.08194 ], [ 7.66651, 45.08194 ], [ 7.6665, 45.08193 ], [ 7.66657, 45.08191 ], [ 7.66659, 45.08194 ], [ 7.66664, 45.08192 ], [ 7.66662, 45.08188 ], [ 7.66662, 45.08187 ], [ 7.6666, 45.08184 ], [ 7.66652, 45.08186 ], [ 7.6665, 45.08187 ] ] ] } },
{ "type": "Feature", "properties": { "uuid": "50ba87bb-e494-4373-b83d-d10c909f697d", "data_acq": "2017-12-31 00:00:00", "data_agg": "2017-12-31 00:00:00", "data_fin": "9999-12-31 00:00:00", "ente_for": "REGIONE PIEMONTE", "ente_prod": "ARPA PIEMONTE", "modo_prod": "banche dati esterne - geometrie da catasto, altezza volumi da ARPA PIEMONTE (DSM-DTM,LAS)", "sc_acq": "1:10000", "un_vol_av": "23", "un_vol_por": "al suolo", "un_vol_qe": "", "un_vol_ex": "altezza", "source": "BDTRE un_vol" }, "geometry": { "type": "Polygon", "coordinates": [ [ [ 7.68215, 45.07281 ], [ 7.68224, 45.07278 ], [ 7.68234, 45.07275 ], [ 7.68241, 45.0729 ], [ 7.68234, 45.07292 ], [ 7.68233, 45.0729 ], [ 7.68234, 45.0729 ], [ 7.68234, 45.0729 ], [ 7.68233, 45.07288 ], [ 7.6823, 45.07289 ], [ 7.6823, 45.07289 ], [ 7.68232, 45.07293 ], [ 7.68231, 45.07293 ], [ 7.68223, 45.07295 ], [ 7.68215, 45.07281 ] ] ] } },
{ "type": "Feature", "properties": { "uuid": "9dfedcc9-49fc-40dc-8136-519448425558", "data_acq": "2017-12-31 00:00:00", "data_agg": "2017-12-31 00:00:00", "data_fin": "9999-12-31 00:00:00", "ente_for": "REGIONE PIEMONTE", "ente_prod": "ARPA PIEMONTE", "modo_prod": "banche dati esterne - geometrie da catasto, altezza volumi da ARPA PIEMONTE (DSM-DTM,LAS)", "sc_acq": "1:10000", "un_vol_av": "21", "un_vol_por": "al suolo", "un_vol_qe": "", "un_vol_ex": "altezza", "source": "BDTRE un_vol" }, "geometry": { "type": "Polygon", "coordinates": [ [ [ 7.67822, 45.07392 ], [ 7.67819, 45.07388 ], [ 7.67818, 45.07385 ], [ 7.67813, 45.07379 ], [ 7.6781, 45.07375 ], [ 7.6781, 45.07375 ], [ 7.67811, 45.07374 ], [ 7.67831, 45.07367 ], [ 7.67835, 45.07371 ], [ 7.67838, 45.0737 ], [ 7.67841, 45.07374 ], [ 7.67842, 45.07375 ], [ 7.67848, 45.07383 ], [ 7.6784, 45.07386 ], [ 7.67834, 45.07377 ], [ 7.67824, 45.07381 ], [ 7.67829, 45.07388 ], [ 7.6783, 45.07387 ], [ 7.67831, 45.07389 ], [ 7.67822, 45.07392 ] ] ] } },
{ "type": "Feature", "properties": { "uuid": "adaedffa-edc7-4c67-9153-f3143b8e6e00", "data_acq": "2017-12-31 00:00:00", "data_agg": "2017-12-31 00:00:00", "data_fin": "9999-12-31 00:00:00", "ente_for": "REGIONE PIEMONTE", "ente_prod": "ARPA PIEMONTE", "modo_prod": "banche dati esterne - geometrie da catasto, altezza volumi da ARPA PIEMONTE (DSM-DTM,LAS)", "sc_acq": "1:10000", "un_vol_av": "9", "un_vol_por": "al suolo", "un_vol_qe": "", "un_vol_ex": "altezza", "source": "BDTRE un_vol" }, "geometry": { "type": "Polygon", "coordinates": [ [ [ 7.67446, 45.07913 ], [ 7.67441, 45.07913 ], [ 7.67441, 45.07913 ], [ 7.67439, 45.07917 ], [ 7.67442, 45.07918 ], [ 7.67451, 45.07931 ], [ 7.67451, 45.07932 ], [ 7.67453, 45.07932 ], [ 7.67453, 45.07931 ], [ 7.67457, 45.07929 ], [ 7.67446, 45.07913 ] ] ] } },
{ "type": "Feature", "properties": { "uuid": "1a3f8281-c3d2-4f0d-9193-609a32275db5", "data_acq": "2017-12-31 00:00:00", "data_agg": "2017-12-31 00:00:00", "data_fin": "9999-12-31 00:00:00", "ente_for": "REGIONE PIEMONTE", "ente_prod": "ARPA PIEMONTE", "modo_prod": "banche dati esterne - geometrie da catasto, altezza volumi da ARPA PIEMONTE (DSM-DTM,LAS)", "sc_acq": "1:10000", "un_vol_av": "21", "un_vol_por": "al suolo", "un_vol_qe": "", "un_vol_ex": "altezza", "source": "BDTRE un_vol" }, "geometry": { "type": "Polygon", "coordinates": [ [ [ 7.66564, 45.07764 ], [ 7.6658, 45.07788 ], [ 7.66579, 45.0779 ], [ 7.66556, 45.07798 ], [ 7.66549, 45.07788 ], [ 7.66549, 45.07788 ], [ 7.66549, 45.07787 ], [ 7.66553, 45.07785 ], [ 7.66553, 45.07785 ], [ 7.66552, 45.07784 ], [ 7.66556, 45.07782 ], [ 7.66557, 45.07784 ], [ 7.66559, 45.07783 ], [ 7.66559, 45.07783 ], [ 7.66554, 45.07776 ], [ 7.6655, 45.07768 ], [ 7.66564, 45.07764 ] ] ] } },
{ "type": "Feature", "properties": { "uuid": "c8f15dcc-94db-492c-a288-cdd9d012dc07", "data_acq": "2017-12-31 00:00:00", "data_agg": "2017-12-31 00:00:00", "data_fin": "9999-12-31 00:00:00", "ente_for": "REGIONE PIEMONTE", "ente_prod": "ARPA PIEMONTE", "modo_prod": "banche dati esterne - geometrie da catasto, altezza volumi da ARPA PIEMONTE (DSM-DTM,LAS)", "sc_acq": "1:10000", "un_vol_av": "5", "un_vol_por": "al suolo", "un_vol_qe": "", "un_vol_ex": "altezza", "source": "BDTRE un_vol" }, "geometry": { "type": "Polygon", "coordinates": [ [ [ 7.66655, 45.08114 ], [ 7.66655, 45.08114 ], [ 7.66655, 45.08114 ], [ 7.66655, 45.08114 ], [ 7.66654, 45.08112 ], [ 7.66653, 45.08111 ], [ 7.66653, 45.0811 ], [ 7.66651, 45.08107 ], [ 7.6665, 45.08106 ], [ 7.66659, 45.08103 ], [ 7.66659, 45.08104 ], [ 7.66665, 45.08113 ], [ 7.66669, 45.08119 ], [ 7.6666, 45.08122 ], [ 7.66655, 45.08114 ] ] ] } },
{ "type": "Feature", "properties": { "uuid": "766c9a86-758d-47aa-9f26-75c7a58d51ad", "data_acq": "2017-12-31 00:00:00", "data_agg": "2017-12-31 00:00:00", "data_fin": "9999-12-31 00:00:00", "ente_for": "REGIONE PIEMONTE", "ente_prod": "ARPA PIEMONTE", "modo_prod": "banche dati esterne - geometrie da catasto, altezza volumi da ARPA PIEMONTE (DSM-DTM,LAS)", "sc_acq": "1:10000", "un_vol_av": "14", "un_vol_por": "al suolo", "un_vol_qe": "", "un_vol_ex": "altezza", "source": "BDTRE un_vol" }, "geometry": { "type": "Polygon", "coordinates": [ [ [ 7.68634, 45.0784 ], [ 7.68637, 45.07842 ], [ 7.6863, 45.07845 ], [ 7.68633, 45.07849 ], [ 7.6864, 45.07847 ], [ 7.68638, 45.07845 ], [ 7.68639, 45.07845 ], [ 7.68646, 45.07853 ], [ 7.68631, 45.07858 ], [ 7.68624, 45.07847 ], [ 7.68623, 45.07845 ], [ 7.68621, 45.07843 ], [ 7.68634, 45.0784 ] ] ] } },
{ "type": "Feature", "properties": { "uuid": "75ba922a-5db0-476d-96c3-6aa099e223cb", "data_acq": "2017-12-31 00:00:00", "data_agg": "2017-12-31 00:00:00", "data_fin": "9999-12-31 00:00:00", "ente_for": "REGIONE PIEMONTE", "ente_prod": "ARPA PIEMONTE", "modo_prod": "banche dati esterne - geometrie da catasto, altezza volumi da ARPA PIEMONTE (DSM-DTM,LAS)", "sc_acq": "1:10000", "un_vol_av": "7", "un_vol_por": "al suolo", "un_vol_qe": "", "un_vol_ex": "altezza", "source": "BDTRE un_vol" }, "geometry": { "type": "Polygon", "coordinates": [ [ [ 7.69182, 45.08303 ], [ 7.69181, 45.08301 ], [ 7.69179, 45.08298 ], [ 7.69178, 45.08295 ], [ 7.69181, 45.08294 ], [ 7.69172, 45.0828 ], [ 7.6918, 45.08278 ], [ 7.69181, 45.08279 ], [ 7.69199, 45.08274 ], [ 7.69202, 45.08284 ], [ 7.69202, 45.08284 ], [ 7.69189, 45.08288 ], [ 7.69193, 45.08294 ], [ 7.69194, 45.08293 ], [ 7.69197, 45.08298 ], [ 7.69182, 45.08303 ] ] ] } },
{ "type": "Feature", "properties": { "uuid": "ca30d24f-3ec8-4f77-93f0-663cdb0aa793", "data_acq": "2017-12-31 00:00:00", "data_agg": "2017-12-31 00:00:00", "data_fin": "9999-12-31 00:00:00", "ente_for": "REGIONE PIEMONTE", "ente_prod": "ARPA PIEMONTE", "modo_prod": "banche dati esterne - geometrie da catasto, altezza volumi da ARPA PIEMONTE (DSM-DTM,LAS)", "sc_acq": "1:10000", "un_vol_av": "19", "un_vol_por": "al suolo", "un_vol_qe": "", "un_vol_ex": "altezza", "source": "BDTRE un_vol" }, "geometry": { "type": "Polygon", "coordinates": [ [ [ 7.68022, 45.07508 ], [ 7.68017, 45.07501 ], [ 7.68012, 45.07495 ], [ 7.68013, 45.07495 ], [ 7.68014, 45.07495 ], [ 7.68014, 45.07495 ], [ 7.68015, 45.07495 ], [ 7.6802, 45.07494 ], [ 7.68017, 45.07489 ], [ 7.6802, 45.07487 ], [ 7.68027, 45.07498 ], [ 7.68028, 45.07498 ], [ 7.68028, 45.07498 ], [ 7.68032, 45.07503 ], [ 7.68033, 45.07505 ], [ 7.68022, 45.07508 ] ] ] } },
{ "type": "Feature", "properties": { "uuid": "fa968e58-7e01-4256-a55c-9515298fd9fe", "data_acq": "2017-12-31 00:00:00", "data_agg": "2017-12-31 00:00:00", "data_fin": "9999-12-31 00:00:00", "ente_for": "REGIONE PIEMONTE", "ente_prod": "ARPA PIEMONTE", "modo_prod": "banche dati esterne - geometrie da catasto, altezza volumi da ARPA PIEMONTE (DSM-DTM,LAS)", "sc_acq": "1:10000", "un_vol_av": "11", "un_vol_por": "al suolo", "un_vol_qe": "", "un_vol_ex": "altezza", "source": "BDTRE un_vol" }, "geometry": { "type": "Polygon", "coordinates": [ [ [ 7.6831, 45.06631 ], [ 7.6831, 45.06631 ], [ 7.68301, 45.06619 ], [ 7.68327, 45.06609 ], [ 7.68329, 45.06612 ], [ 7.68316, 45.06617 ], [ 7.68318, 45.0662 ], [ 7.68316, 45.0662 ], [ 7.68318, 45.06623 ], [ 7.68327, 45.0662 ], [ 7.68333, 45.06617 ], [ 7.68336, 45.06621 ], [ 7.6831, 45.06631 ] ] ] } },
{ "type": "Feature", "properties": { "uuid": "dedf2de1-acdb-4f06-8cee-f92bd8816dd2", "data_acq": "2017-12-31 00:00:00", "data_agg": "2017-12-31 00:00:00", "data_fin": "9999-12-31 00:00:00", "ente_for": "REGIONE PIEMONTE", "ente_prod": "ARPA PIEMONTE", "modo_prod": "banche dati esterne - geometrie da catasto, altezza volumi da ARPA PIEMONTE (DSM-DTM,LAS)", "sc_acq": "1:10000", "un_vol_av": "21", "un_vol_por": "al suolo", "un_vol_qe": "", "un_vol_ex": "altezza", "source": "BDTRE un_vol" }, "geometry": { "type": "Polygon", "coordinates": [ [ [ 7.68231, 45.07438 ], [ 7.68217, 45.07442 ], [ 7.68218, 45.07444 ], [ 7.68219, 45.07446 ], [ 7.68222, 45.0745 ], [ 7.68225, 45.07455 ], [ 7.68227, 45.07458 ], [ 7.6826, 45.07448 ], [ 7.68265, 45.07446 ], [ 7.68263, 45.07442 ], [ 7.68265, 45.07441 ], [ 7.68256, 45.07429 ], [ 7.68245, 45.07433 ], [ 7.68234, 45.07437 ], [ 7.68231, 45.07438 ], [ 7.68231, 45.07438 ] ], [ [ 7.68242, 45.07445 ], [ 7.68242, 45.07445 ], [ 7.68242, 45.07446 ], [ 7.6824, 45.07447 ], [ 7.68235, 45.0744 ], [ 7.68249, 45.07436 ], [ 7.68252, 45.0744 ], [ 7.68252, 45.0744 ], [ 7.68252, 45.0744 ], [ 7.68254, 45.07443 ], [ 7.68244, 45.07446 ], [ 7.68244, 45.07445 ], [ 7.68242, 45.07445 ] ] ] } },
{ "type": "Feature", "properties": { "uuid": "6a9a9e85-7de4-4b48-9d3d-58e6badd6997", "data_acq": "2017-12-31 00:00:00", "data_agg": "2017-12-31 00:00:00", "data_fin": "9999-12-31 00:00:00", "ente_for": "REGIONE PIEMONTE", "ente_prod": "ARPA PIEMONTE", "modo_prod": "banche dati esterne - geometrie da catasto, altezza volumi da ARPA PIEMONTE (DSM-DTM,LAS)", "sc_acq": "1:10000", "un_vol_av": "6", "un_vol_por": "al suolo", "un_vol_qe": "", "un_vol_ex": "altezza", "source": "BDTRE un_vol" }, "geometry": { "type": "Polygon", "coordinates": [ [ [ 7.67304, 45.08172 ], [ 7.67308, 45.08178 ], [ 7.67311, 45.08182 ], [ 7.67297, 45.08187 ], [ 7.67297, 45.08186 ], [ 7.67293, 45.08181 ], [ 7.67299, 45.08179 ], [ 7.67304, 45.08177 ], [ 7.67301, 45.08173 ], [ 7.67304, 45.08172 ] ] ] } },
{ "type": "Feature", "properties": { "uuid": "65ce39d1-f44b-4ee9-96c0-109cdf74a8be", "data_acq": "2017-12-31 00:00:00", "data_agg": "2017-12-31 00:00:00", "data_fin": "9999-12-31 00:00:00", "ente_for": "REGIONE PIEMONTE", "ente_prod": "ARPA PIEMONTE", "modo_prod": "banche dati esterne - geometrie da catasto, altezza volumi da ARPA PIEMONTE (DSM-DTM,LAS)", "sc_acq": "1:10000", "un_vol_av": "15", "un_vol_por": "al suolo", "un_vol_qe": "", "un_vol_ex": "altezza", "source": "BDTRE un_vol" }, "geometry": { "type": "Polygon", "coordinates": [ [ [ 7.68492, 45.07754 ], [ 7.68495, 45.07758 ], [ 7.68492, 45.07759 ], [ 7.68479, 45.07764 ], [ 7.68482, 45.0777 ], [ 7.68465, 45.07775 ], [ 7.68463, 45.07771 ], [ 7.68453, 45.07756 ], [ 7.68465, 45.07752 ], [ 7.68481, 45.07746 ], [ 7.68481, 45.07746 ], [ 7.68484, 45.07751 ], [ 7.68489, 45.0775 ], [ 7.68492, 45.07754 ] ] ] } },
{ "type": "Feature", "properties": { "uuid": "3a0d30a0-6ba5-4dc2-8f9a-78463c184fa2", "data_acq": "2017-12-31 00:00:00", "data_agg": "2017-12-31 00:00:00", "data_fin": "9999-12-31 00:00:00", "ente_for": "REGIONE PIEMONTE", "ente_prod": "ARPA PIEMONTE", "modo_prod": "banche dati esterne - geometrie da catasto, altezza volumi da ARPA PIEMONTE (DSM-DTM,LAS)", "sc_acq": "1:10000", "un_vol_av": "20", "un_vol_por": "al suolo", "un_vol_qe": "", "un_vol_ex": "altezza", "source": "BDTRE un_vol" }, "geometry": { "type": "Polygon", "coordinates": [ [ [ 7.66969, 45.08158 ], [ 7.66973, 45.08164 ], [ 7.66975, 45.08167 ], [ 7.6698, 45.08165 ], [ 7.66981, 45.08166 ], [ 7.66987, 45.08165 ], [ 7.66986, 45.08164 ], [ 7.66991, 45.08162 ], [ 7.66985, 45.08153 ], [ 7.66969, 45.08158 ] ] ] } },
{ "type": "Feature", "properties": { "uuid": "e88fe0ba-ec95-4f38-b723-3cbba0c73724", "data_acq": "2017-12-31 00:00:00", "data_agg": "2017-12-31 00:00:00", "data_fin": "9999-12-31 00:00:00", "ente_for": "REGIONE PIEMONTE", "ente_prod": "ARPA PIEMONTE", "modo_prod": "banche dati esterne - geometrie da catasto, altezza volumi da ARPA PIEMONTE (DSM-DTM,LAS)", "sc_acq": "1:10000", "un_vol_av": "21", "un_vol_por": "al suolo", "un_vol_qe": "", "un_vol_ex": "altezza", "source": "BDTRE un_vol" }, "geometry": { "type": "Polygon", "coordinates": [ [ [ 7.67103, 45.07837 ], [ 7.67088, 45.07842 ], [ 7.67077, 45.07846 ], [ 7.67066, 45.07851 ], [ 7.67069, 45.07855 ], [ 7.67075, 45.07853 ], [ 7.67074, 45.0785 ], [ 7.67086, 45.07846 ], [ 7.67085, 45.07845 ], [ 7.67089, 45.07844 ], [ 7.67095, 45.07853 ], [ 7.67072, 45.07861 ], [ 7.6708, 45.07871 ], [ 7.67118, 45.07858 ], [ 7.67103, 45.07837 ] ] ] } },
{ "type": "Feature", "properties": { "uuid": "2c01f927-216f-4323-a27c-2c37e0c83e04", "data_acq": "2017-12-31 00:00:00", "data_agg": "2017-12-31 00:00:00", "data_fin": "9999-12-31 00:00:00", "ente_for": "REGIONE PIEMONTE", "ente_prod": "ARPA PIEMONTE", "modo_prod": "banche dati esterne - geometrie da catasto, altezza volumi da ARPA PIEMONTE (DSM-DTM,LAS)", "sc_acq": "1:10000", "un_vol_av": "3", "un_vol_por": "al suolo", "un_vol_qe": "", "un_vol_ex": "altezza", "source": "BDTRE un_vol" }, "geometry": { "type": "Polygon", "coordinates": [ [ [ 7.67867, 45.07066 ], [ 7.67873, 45.07067 ], [ 7.67873, 45.07067 ], [ 7.67868, 45.07068 ], [ 7.67868, 45.07067 ], [ 7.67867, 45.07066 ], [ 7.67867, 45.07066 ] ] ] } },
{ "type": "Feature", "properties": { "uuid": "3bae5e26-0696-45a7-b007-ddaa25ee8305", "data_acq": "2017-12-31 00:00:00", "data_agg": "2017-12-31 00:00:00", "data_fin": "9999-12-31 00:00:00", "ente_for": "REGIONE PIEMONTE", "ente_prod": "ARPA PIEMONTE", "modo_prod": "banche dati esterne - geometrie da catasto, altezza volumi da ARPA PIEMONTE (DSM-DTM,LAS)", "sc_acq": "1:10000", "un_vol_av": "18", "un_vol_por": "al suolo", "un_vol_qe": "", "un_vol_ex": "altezza", "source": "BDTRE un_vol" }, "geometry": { "type": "Polygon", "coordinates": [ [ [ 7.68163, 45.07714 ], [ 7.68139, 45.07723 ], [ 7.68133, 45.07713 ], [ 7.6814, 45.07711 ], [ 7.68155, 45.07706 ], [ 7.68152, 45.07701 ], [ 7.68154, 45.077 ], [ 7.68163, 45.07714 ] ] ] } },
{ "type": "Feature", "properties": { "uuid": "ad01ed8c-cd4f-4348-a215-7b4feb3f777f", "data_acq": "2017-12-31 00:00:00", "data_agg": "2017-12-31 00:00:00", "data_fin": "9999-12-31 00:00:00", "ente_for": "REGIONE PIEMONTE", "ente_prod": "ARPA PIEMONTE", "modo_prod": "banche dati esterne - geometrie da catasto, altezza volumi da ARPA PIEMONTE (DSM-DTM,LAS)", "sc_acq": "1:10000", "un_vol_av": "10", "un_vol_por": "al suolo", "un_vol_qe": "", "un_vol_ex": "altezza", "source": "BDTRE un_vol" }, "geometry": { "type": "Polygon", "coordinates": [ [ [ 7.67368, 45.07486 ], [ 7.67384, 45.0748 ], [ 7.67388, 45.07486 ], [ 7.67379, 45.07489 ], [ 7.67383, 45.07495 ], [ 7.67376, 45.07497 ], [ 7.67368, 45.07486 ] ] ] } },
{ "type": "Feature", "properties": { "uuid": "2b1b13c4-f9fc-4479-a234-73d5a0879e9d", "data_acq": "2017-12-31 00:00:00", "data_agg": "2017-12-31 00:00:00", "data_fin": "9999-12-31 00:00:00", "ente_for": "REGIONE PIEMONTE", "ente_prod": "ARPA PIEMONTE", "modo_prod": "banche dati esterne - geometrie da catasto, altezza volumi da ARPA PIEMONTE (DSM-DTM,LAS)", "sc_acq": "1:10000", "un_vol_av": "20", "un_vol_por": "al suolo", "un_vol_qe": "", "un_vol_ex": "altezza", "source": "BDTRE un_vol" }, "geometry": { "type": "Polygon", "coordinates": [ [ [ 7.68344, 45.07009 ], [ 7.6834, 45.0701 ], [ 7.68336, 45.07011 ], [ 7.68338, 45.07014 ], [ 7.68338, 45.07014 ], [ 7.6834, 45.07017 ], [ 7.68318, 45.07023 ], [ 7.68293, 45.07031 ], [ 7.68296, 45.07036 ], [ 7.683, 45.07041 ], [ 7.68312, 45.07037 ], [ 7.68312, 45.07038 ], [ 7.68332, 45.07031 ], [ 7.68336, 45.07032 ], [ 7.68337, 45.07032 ], [ 7.68344, 45.07042 ], [ 7.68345, 45.07041 ], [ 7.68345, 45.07041 ], [ 7.68362, 45.07035 ], [ 7.68347, 45.07014 ], [ 7.68345, 45.07012 ], [ 7.68345, 45.07011 ], [ 7.68344, 45.07009 ] ] ] } },
{ "type": "Feature", "properties": { "uuid": "0abcde21-920b-4015-a553-f9d0ee5989c6", "data_acq": "2017-12-31 00:00:00", "data_agg": "2017-12-31 00:00:00", "data_fin": "9999-12-31 00:00:00", "ente_for": "REGIONE PIEMONTE", "ente_prod": "ARPA PIEMONTE", "modo_prod": "banche dati esterne - geometrie da catasto, altezza volumi da ARPA PIEMONTE (DSM-DTM,LAS)", "sc_acq": "1:10000", "un_vol_av": "15", "un_vol_por": "al suolo", "un_vol_qe": "", "un_vol_ex": "altezza", "source": "BDTRE un_vol" }, "geometry": { "type": "Polygon", "coordinates": [ [ [ 7.68132, 45.0765 ], [ 7.6813, 45.07647 ], [ 7.68144, 45.07642 ], [ 7.68147, 45.07644 ], [ 7.68152, 45.0765 ], [ 7.68161, 45.07662 ], [ 7.68147, 45.07667 ], [ 7.68144, 45.07663 ], [ 7.68152, 45.0766 ], [ 7.68146, 45.07653 ], [ 7.68141, 45.07655 ], [ 7.68142, 45.07657 ], [ 7.6814, 45.07658 ], [ 7.68132, 45.0765 ] ] ] } },
{ "type": "Feature", "properties": { "uuid": "7cbc3074-35a8-48ac-b4a9-f34751bb328c", "data_acq": "2017-12-31 00:00:00", "data_agg": "2017-12-31 00:00:00", "data_fin": "9999-12-31 00:00:00", "ente_for": "REGIONE PIEMONTE", "ente_prod": "ARPA PIEMONTE", "modo_prod": "banche dati esterne - geometrie da catasto, altezza volumi da ARPA PIEMONTE (DSM-DTM,LAS)", "sc_acq": "1:10000", "un_vol_av": "14", "un_vol_por": "al suolo", "un_vol_qe": "", "un_vol_ex": "altezza", "source": "BDTRE un_vol" }, "geometry": { "type": "Polygon", "coordinates": [ [ [ 7.67697, 45.07685 ], [ 7.67695, 45.07682 ], [ 7.67691, 45.07676 ], [ 7.67713, 45.07669 ], [ 7.67718, 45.07674 ], [ 7.67717, 45.07675 ], [ 7.67717, 45.07676 ], [ 7.67718, 45.07676 ], [ 7.67719, 45.0768 ], [ 7.67719, 45.07684 ], [ 7.67719, 45.07684 ], [ 7.67729, 45.07683 ], [ 7.67727, 45.07675 ], [ 7.67719, 45.07664 ], [ 7.67717, 45.07661 ], [ 7.67697, 45.07667 ], [ 7.67677, 45.07674 ], [ 7.67686, 45.07686 ], [ 7.67697, 45.07685 ] ] ] } },
{ "type": "Feature", "properties": { "uuid": "e7fe2813-6ae3-45ff-aacb-dd135e8511a9", "data_acq": "2017-12-31 00:00:00", "data_agg": "2017-12-31 00:00:00", "data_fin": "9999-12-31 00:00:00", "ente_for": "REGIONE PIEMONTE", "ente_prod": "ARPA PIEMONTE", "modo_prod": "banche dati esterne - geometrie da catasto, altezza volumi da ARPA PIEMONTE (DSM-DTM,LAS)", "sc_acq": "1:10000", "un_vol_av": "18", "un_vol_por": "al suolo", "un_vol_qe": "", "un_vol_ex": "altezza", "source": "BDTRE un_vol" }, "geometry": { "type": "Polygon", "coordinates": [ [ [ 7.67255, 45.082 ], [ 7.67239, 45.08177 ], [ 7.67241, 45.08171 ], [ 7.67279, 45.0816 ], [ 7.67293, 45.08181 ], [ 7.67297, 45.08186 ], [ 7.67289, 45.08188 ], [ 7.67288, 45.08187 ], [ 7.67278, 45.08172 ], [ 7.67278, 45.08172 ], [ 7.67257, 45.08178 ], [ 7.67265, 45.0819 ], [ 7.67269, 45.08195 ], [ 7.67255, 45.082 ] ] ] } },
{ "type": "Feature", "properties": { "uuid": "e649c264-792c-4c36-bbf6-fafe7dedf984", "data_acq": "2017-12-31 00:00:00", "data_agg": "2017-12-31 00:00:00", "data_fin": "9999-12-31 00:00:00", "ente_for": "REGIONE PIEMONTE", "ente_prod": "ARPA PIEMONTE", "modo_prod": "banche dati esterne - geometrie da catasto, altezza volumi da ARPA PIEMONTE (DSM-DTM,LAS)", "sc_acq": "1:10000", "un_vol_av": "23", "un_vol_por": "al suolo", "un_vol_qe": "", "un_vol_ex": "altezza", "source": "BDTRE un_vol" }, "geometry": { "type": "Polygon", "coordinates": [ [ [ 7.69534, 45.0726 ], [ 7.69498, 45.07272 ], [ 7.69492, 45.07262 ], [ 7.69497, 45.0726 ], [ 7.69506, 45.07257 ], [ 7.69506, 45.07258 ], [ 7.69511, 45.07256 ], [ 7.69512, 45.07254 ], [ 7.69506, 45.07245 ], [ 7.69488, 45.07244 ], [ 7.69488, 45.07244 ], [ 7.69487, 45.07246 ], [ 7.69487, 45.07246 ], [ 7.69479, 45.07244 ], [ 7.69471, 45.07241 ], [ 7.69465, 45.07239 ], [ 7.69465, 45.07239 ], [ 7.69435, 45.07249 ], [ 7.69435, 45.07249 ], [ 7.69434, 45.07246 ], [ 7.69434, 45.07246 ], [ 7.6943, 45.07247 ], [ 7.6943, 45.07247 ], [ 7.6943, 45.07247 ], [ 7.69423, 45.07237 ], [ 7.69469, 45.07221 ], [ 7.6947, 45.07222 ], [ 7.69471, 45.07223 ], [ 7.69473, 45.07225 ], [ 7.69474, 45.07226 ], [ 7.69477, 45.07228 ], [ 7.69481, 45.07229 ], [ 7.69484, 45.0723 ], [ 7.69488, 45.07232 ], [ 7.69491, 45.07233 ], [ 7.69492, 45.07233 ], [ 7.69492, 45.07233 ], [ 7.69492, 45.07233 ], [ 7.69494, 45.07233 ], [ 7.69495, 45.07234 ], [ 7.69498, 45.07234 ], [ 7.69498, 45.07234 ], [ 7.695, 45.07234 ], [ 7.69502, 45.07234 ], [ 7.69502, 45.07234 ], [ 7.69505, 45.07234 ], [ 7.69505, 45.07234 ], [ 7.69506, 45.07234 ], [ 7.69508, 45.07234 ], [ 7.6951, 45.07234 ], [ 7.69511, 45.07234 ], [ 7.69515, 45.07233 ], [ 7.69535, 45.0726 ], [ 7.69534, 45.0726 ] ] ] } },
{ "type": "Feature", "properties": { "uuid": "1b2b6d8a-5d3d-4fb2-b14b-2e35b15f56ff", "data_acq": "2017-12-31 00:00:00", "data_agg": "2017-12-31 00:00:00", "data_fin": "9999-12-31 00:00:00", "ente_for": "REGIONE PIEMONTE", "ente_prod": "ARPA PIEMONTE", "modo_prod": "banche dati esterne - geometrie da catasto, altezza volumi da ARPA PIEMONTE (DSM-DTM,LAS)", "sc_acq": "1:10000", "un_vol_av": "26", "un_vol_por": "al suolo", "un_vol_qe": "", "un_vol_ex": "altezza", "source": "BDTRE un_vol" }, "geometry": { "type": "Polygon", "coordinates": [ [ [ 7.68691, 45.08228 ], [ 7.68699, 45.08241 ], [ 7.68685, 45.08245 ], [ 7.6868, 45.08238 ], [ 7.68679, 45.08238 ], [ 7.68679, 45.08237 ], [ 7.6868, 45.08237 ], [ 7.68677, 45.08233 ], [ 7.68691, 45.08228 ] ] ] } },
{ "type": "Feature", "properties": { "uuid": "e8fb8283-74cf-47a9-a657-45ef905ba97e", "data_acq": "2017-12-31 00:00:00", "data_agg": "2017-12-31 00:00:00", "data_fin": "9999-12-31 00:00:00", "ente_for": "REGIONE PIEMONTE", "ente_prod": "ARPA PIEMONTE", "modo_prod": "banche dati esterne - geometrie da catasto, altezza volumi da ARPA PIEMONTE (DSM-DTM,LAS)", "sc_acq": "1:10000", "un_vol_av": "3", "un_vol_por": "al suolo", "un_vol_qe": "", "un_vol_ex": "altezza", "source": "BDTRE un_vol" }, "geometry": { "type": "Polygon", "coordinates": [ [ [ 7.66712, 45.06749 ], [ 7.66722, 45.06745 ], [ 7.66719, 45.06741 ], [ 7.66708, 45.06745 ], [ 7.66712, 45.06749 ] ] ] } },
{ "type": "Feature", "properties": { "uuid": "c7a6069e-7fa4-47ff-8516-cdbe2256a2ad", "data_acq": "2017-12-31 00:00:00", "data_agg": "2017-12-31 00:00:00", "data_fin": "9999-12-31 00:00:00", "ente_for": "REGIONE PIEMONTE", "ente_prod": "ARPA PIEMONTE", "modo_prod": "banche dati esterne - geometrie da catasto, altezza volumi da ARPA PIEMONTE (DSM-DTM,LAS)", "sc_acq": "1:10000", "un_vol_av": "22", "un_vol_por": "al suolo", "un_vol_qe": "", "un_vol_ex": "altezza", "source": "BDTRE un_vol" }, "geometry": { "type": "Polygon", "coordinates": [ [ [ 7.69491, 45.06576 ], [ 7.69505, 45.06587 ], [ 7.69519, 45.06578 ], [ 7.69519, 45.06578 ], [ 7.6952, 45.06578 ], [ 7.6952, 45.06578 ], [ 7.69521, 45.06578 ], [ 7.69521, 45.06578 ], [ 7.69522, 45.06578 ], [ 7.69526, 45.06582 ], [ 7.69526, 45.06582 ], [ 7.69531, 45.06579 ], [ 7.69527, 45.06575 ], [ 7.69529, 45.06574 ], [ 7.69527, 45.06572 ], [ 7.69519, 45.06565 ], [ 7.69514, 45.06561 ], [ 7.69491, 45.06576 ], [ 7.69491, 45.06576 ] ] ] } },
{ "type": "Feature", "properties": { "uuid": "93543abb-417f-4e47-88bf-a24fa042a942", "data_acq": "2017-12-31 00:00:00", "data_agg": "2017-12-31 00:00:00", "data_fin": "9999-12-31 00:00:00", "ente_for": "REGIONE PIEMONTE", "ente_prod": "ARPA PIEMONTE", "modo_prod": "banche dati esterne - geometrie da catasto, altezza volumi da ARPA PIEMONTE (DSM-DTM,LAS)", "sc_acq": "1:10000", "un_vol_av": "14", "un_vol_por": "al suolo", "un_vol_qe": "", "un_vol_ex": "altezza", "source": "BDTRE un_vol" }, "geometry": { "type": "Polygon", "coordinates": [ [ [ 7.66751, 45.0834 ], [ 7.66742, 45.08342 ], [ 7.66745, 45.08347 ], [ 7.66749, 45.08352 ], [ 7.66759, 45.08349 ], [ 7.66776, 45.08345 ], [ 7.66789, 45.08341 ], [ 7.66787, 45.08338 ], [ 7.66787, 45.08338 ], [ 7.66786, 45.08336 ], [ 7.66779, 45.08338 ], [ 7.66778, 45.08337 ], [ 7.66775, 45.08338 ], [ 7.66776, 45.08339 ], [ 7.66766, 45.08342 ], [ 7.66754, 45.08346 ], [ 7.6675, 45.08341 ], [ 7.66751, 45.08341 ], [ 7.66751, 45.0834 ] ] ] } },
{ "type": "Feature", "properties": { "uuid": "da3758da-d123-4548-b190-5b117e1366b5", "data_acq": "2017-12-31 00:00:00", "data_agg": "2017-12-31 00:00:00", "data_fin": "9999-12-31 00:00:00", "ente_for": "REGIONE PIEMONTE", "ente_prod": "ARPA PIEMONTE", "modo_prod": "banche dati esterne - geometrie da catasto, altezza volumi da ARPA PIEMONTE (DSM-DTM,LAS)", "sc_acq": "1:10000", "un_vol_av": "17", "un_vol_por": "al suolo", "un_vol_qe": "", "un_vol_ex": "altezza", "source": "BDTRE un_vol" }, "geometry": { "type": "Polygon", "coordinates": [ [ [ 7.66727, 45.07821 ], [ 7.66721, 45.07817 ], [ 7.66721, 45.07817 ], [ 7.66718, 45.07815 ], [ 7.66718, 45.07815 ], [ 7.66706, 45.07807 ], [ 7.66705, 45.07808 ], [ 7.66704, 45.07808 ], [ 7.667, 45.07812 ], [ 7.66705, 45.07815 ], [ 7.66698, 45.07823 ], [ 7.66693, 45.0782 ], [ 7.6668, 45.07811 ], [ 7.667, 45.07791 ], [ 7.66706, 45.0779 ], [ 7.66739, 45.07812 ], [ 7.66727, 45.07821 ] ] ] } },
{ "type": "Feature", "properties": { "uuid": "93379338-544c-4ff5-93a8-c713bf6200b3", "data_acq": "2017-12-31 00:00:00", "data_agg": "2017-12-31 00:00:00", "data_fin": "9999-12-31 00:00:00", "ente_for": "REGIONE PIEMONTE", "ente_prod": "ARPA PIEMONTE", "modo_prod": "banche dati esterne - geometrie da catasto, altezza volumi da ARPA PIEMONTE (DSM-DTM,LAS)", "sc_acq": "1:10000", "un_vol_av": "18", "un_vol_por": "al suolo", "un_vol_qe": "", "un_vol_ex": "altezza", "source": "BDTRE un_vol" }, "geometry": { "type": "Polygon", "coordinates": [ [ [ 7.67719, 45.07355 ], [ 7.67726, 45.07366 ], [ 7.67733, 45.07377 ], [ 7.67728, 45.07379 ], [ 7.67728, 45.07378 ], [ 7.67726, 45.07376 ], [ 7.67723, 45.07372 ], [ 7.67718, 45.07374 ], [ 7.67714, 45.0737 ], [ 7.67713, 45.0737 ], [ 7.67712, 45.0737 ], [ 7.67711, 45.0737 ], [ 7.6771, 45.07369 ], [ 7.6771, 45.07369 ], [ 7.6771, 45.07369 ], [ 7.67704, 45.07361 ], [ 7.67704, 45.07361 ], [ 7.67706, 45.0736 ], [ 7.67713, 45.07357 ], [ 7.67719, 45.07355 ] ] ] } },
{ "type": "Feature", "properties": { "uuid": "661c73cc-4f76-4f33-8f9a-e9f0bf5ced04", "data_acq": "2017-12-31 00:00:00", "data_agg": "2017-12-31 00:00:00", "data_fin": "9999-12-31 00:00:00", "ente_for": "REGIONE PIEMONTE", "ente_prod": "ARPA PIEMONTE", "modo_prod": "banche dati esterne - geometrie da catasto, altezza volumi da ARPA PIEMONTE (DSM-DTM,LAS)", "sc_acq": "1:10000", "un_vol_av": "18", "un_vol_por": "al suolo", "un_vol_qe": "", "un_vol_ex": "altezza", "source": "BDTRE un_vol" }, "geometry": { "type": "Polygon", "coordinates": [ [ [ 7.66556, 45.08406 ], [ 7.6654, 45.08411 ], [ 7.66544, 45.08416 ], [ 7.66548, 45.08421 ], [ 7.66562, 45.08417 ], [ 7.66562, 45.08417 ], [ 7.66562, 45.08417 ], [ 7.66562, 45.08416 ], [ 7.66562, 45.08416 ], [ 7.6656, 45.08414 ], [ 7.66556, 45.08407 ], [ 7.66556, 45.08407 ], [ 7.66556, 45.08406 ] ] ] } },
{ "type": "Feature", "properties": { "uuid": "85e4d8ce-2f3c-454d-bd7f-afdb703cb09a", "data_acq": "2017-12-31 00:00:00", "data_agg": "2017-12-31 00:00:00", "data_fin": "9999-12-31 00:00:00", "ente_for": "REGIONE PIEMONTE", "ente_prod": "ARPA PIEMONTE", "modo_prod": "banche dati esterne - geometrie da catasto, altezza volumi da ARPA PIEMONTE (DSM-DTM,LAS)", "sc_acq": "1:10000", "un_vol_av": "16", "un_vol_por": "al suolo", "un_vol_qe": "", "un_vol_ex": "altezza", "source": "BDTRE un_vol" }, "geometry": { "type": "Polygon", "coordinates": [ [ [ 7.66989, 45.06778 ], [ 7.6696, 45.06788 ], [ 7.66953, 45.06777 ], [ 7.66951, 45.06775 ], [ 7.6695, 45.06774 ], [ 7.66947, 45.06769 ], [ 7.66946, 45.06768 ], [ 7.66954, 45.06765 ], [ 7.66955, 45.06765 ], [ 7.66956, 45.06765 ], [ 7.66956, 45.06766 ], [ 7.66955, 45.06766 ], [ 7.66961, 45.06774 ], [ 7.6698, 45.06768 ], [ 7.6698, 45.06767 ], [ 7.66981, 45.06766 ], [ 7.66982, 45.06767 ], [ 7.66982, 45.06767 ], [ 7.66989, 45.06778 ] ] ] } },
{ "type": "Feature", "properties": { "uuid": "a0710155-4f8f-4689-92aa-629c75d444bf", "data_acq": "2017-12-31 00:00:00", "data_agg": "2017-12-31 00:00:00", "data_fin": "9999-12-31 00:00:00", "ente_for": "REGIONE PIEMONTE", "ente_prod": "ARPA PIEMONTE", "modo_prod": "banche dati esterne - geometrie da catasto, altezza volumi da ARPA PIEMONTE (DSM-DTM,LAS)", "sc_acq": "1:10000", "un_vol_av": "24", "un_vol_por": "al suolo", "un_vol_qe": "", "un_vol_ex": "altezza", "source": "BDTRE un_vol" }, "geometry": { "type": "Polygon", "coordinates": [ [ [ 7.67454, 45.07298 ], [ 7.67438, 45.07303 ], [ 7.67435, 45.07298 ], [ 7.67434, 45.07297 ], [ 7.67432, 45.07294 ], [ 7.67421, 45.07277 ], [ 7.67418, 45.07273 ], [ 7.67409, 45.07261 ], [ 7.6742, 45.07258 ], [ 7.67424, 45.07256 ], [ 7.67441, 45.07279 ], [ 7.67451, 45.07293 ], [ 7.67454, 45.07298 ] ] ] } },
{ "type": "Feature", "properties": { "uuid": "c2fe02e9-1ab7-454b-ab77-d3db70a9bdb4", "data_acq": "2017-12-31 00:00:00", "data_agg": "2017-12-31 00:00:00", "data_fin": "9999-12-31 00:00:00", "ente_for": "REGIONE PIEMONTE", "ente_prod": "ARPA PIEMONTE", "modo_prod": "banche dati esterne - geometrie da catasto, altezza volumi da ARPA PIEMONTE (DSM-DTM,LAS)", "sc_acq": "1:10000", "un_vol_av": "30", "un_vol_por": "al suolo", "un_vol_qe": "", "un_vol_ex": "altezza", "source": "BDTRE un_vol" }, "geometry": { "type": "Polygon", "coordinates": [ [ [ 7.68886, 45.08029 ], [ 7.68887, 45.08027 ], [ 7.68894, 45.0802 ], [ 7.68907, 45.08026 ], [ 7.68908, 45.08028 ], [ 7.68908, 45.08028 ], [ 7.68907, 45.08029 ], [ 7.68907, 45.08029 ], [ 7.68905, 45.08028 ], [ 7.68905, 45.08028 ], [ 7.689, 45.08033 ], [ 7.68901, 45.08034 ], [ 7.689, 45.08036 ], [ 7.68886, 45.08029 ] ] ] } },
{ "type": "Feature", "properties": { "uuid": "d6de0b2f-7086-424e-afc2-44ba00ade682", "data_acq": "2017-12-31 00:00:00", "data_agg": "2017-12-31 00:00:00", "data_fin": "9999-12-31 00:00:00", "ente_for": "REGIONE PIEMONTE", "ente_prod": "ARPA PIEMONTE", "modo_prod": "banche dati esterne - geometrie da catasto, altezza volumi da ARPA PIEMONTE (DSM-DTM,LAS)", "sc_acq": "1:10000", "un_vol_av": "22", "un_vol_por": "al suolo", "un_vol_qe": "", "un_vol_ex": "altezza", "source": "BDTRE un_vol" }, "geometry": { "type": "Polygon", "coordinates": [ [ [ 7.67514, 45.07021 ], [ 7.6751, 45.07016 ], [ 7.67517, 45.07013 ], [ 7.67518, 45.07014 ], [ 7.67523, 45.07011 ], [ 7.67523, 45.07011 ], [ 7.67516, 45.07 ], [ 7.67512, 45.07002 ], [ 7.67513, 45.07002 ], [ 7.67503, 45.07006 ], [ 7.67499, 45.07 ], [ 7.67527, 45.0699 ], [ 7.67534, 45.07001 ], [ 7.67541, 45.07011 ], [ 7.67541, 45.07011 ], [ 7.67514, 45.07021 ] ] ] } },
{ "type": "Feature", "properties": { "uuid": "746f4cba-d225-4086-924f-88378a7ae7d4", "data_acq": "2017-12-31 00:00:00", "data_agg": "2017-12-31 00:00:00", "data_fin": "9999-12-31 00:00:00", "ente_for": "REGIONE PIEMONTE", "ente_prod": "ARPA PIEMONTE", "modo_prod": "banche dati esterne - geometrie da catasto, altezza volumi da ARPA PIEMONTE (DSM-DTM,LAS)", "sc_acq": "1:10000", "un_vol_av": "23", "un_vol_por": "al suolo", "un_vol_qe": "", "un_vol_ex": "altezza", "source": "BDTRE un_vol" }, "geometry": { "type": "Polygon", "coordinates": [ [ [ 7.66781, 45.08234 ], [ 7.66777, 45.08235 ], [ 7.66774, 45.08237 ], [ 7.66773, 45.08236 ], [ 7.6677, 45.08237 ], [ 7.66767, 45.08238 ], [ 7.66766, 45.08237 ], [ 7.66764, 45.08238 ], [ 7.66764, 45.08238 ], [ 7.66762, 45.08238 ], [ 7.66753, 45.08241 ], [ 7.66753, 45.08241 ], [ 7.66746, 45.08232 ], [ 7.66774, 45.08223 ], [ 7.66781, 45.08234 ] ] ] } },
{ "type": "Feature", "properties": { "uuid": "7a74e70e-89fb-4127-a4a2-d986a77f891d", "data_acq": "2017-12-31 00:00:00", "data_agg": "2017-12-31 00:00:00", "data_fin": "9999-12-31 00:00:00", "ente_for": "REGIONE PIEMONTE", "ente_prod": "ARPA PIEMONTE", "modo_prod": "banche dati esterne - geometrie da catasto, altezza volumi da ARPA PIEMONTE (DSM-DTM,LAS)", "sc_acq": "1:10000", "un_vol_av": "22", "un_vol_por": "al suolo", "un_vol_qe": "", "un_vol_ex": "altezza", "source": "BDTRE un_vol" }, "geometry": { "type": "Polygon", "coordinates": [ [ [ 7.67428, 45.07321 ], [ 7.67409, 45.07328 ], [ 7.67404, 45.07321 ], [ 7.67389, 45.07301 ], [ 7.67389, 45.07301 ], [ 7.67405, 45.07296 ], [ 7.67416, 45.07312 ], [ 7.6742, 45.07311 ], [ 7.67428, 45.07321 ] ] ] } },
{ "type": "Feature", "properties": { "uuid": "f2af62e6-1d40-4569-9616-fdebe3eac1d7", "data_acq": "2017-12-31 00:00:00", "data_agg": "2017-12-31 00:00:00", "data_fin": "9999-12-31 00:00:00", "ente_for": "REGIONE PIEMONTE", "ente_prod": "ARPA PIEMONTE", "modo_prod": "banche dati esterne - geometrie da catasto, altezza volumi da ARPA PIEMONTE (DSM-DTM,LAS)", "sc_acq": "1:10000", "un_vol_av": "19", "un_vol_por": "al suolo", "un_vol_qe": "", "un_vol_ex": "altezza", "source": "BDTRE un_vol" }, "geometry": { "type": "Polygon", "coordinates": [ [ [ 7.67079, 45.08049 ], [ 7.67066, 45.08053 ], [ 7.67059, 45.08042 ], [ 7.67037, 45.08049 ], [ 7.67031, 45.08041 ], [ 7.67031, 45.08041 ], [ 7.67065, 45.08029 ], [ 7.67069, 45.08034 ], [ 7.67079, 45.08049 ] ] ] } },
{ "type": "Feature", "properties": { "uuid": "97f7fc52-20e1-42b9-b212-60a7d747d14f", "data_acq": "2017-12-31 00:00:00", "data_agg": "2017-12-31 00:00:00", "data_fin": "9999-12-31 00:00:00", "ente_for": "REGIONE PIEMONTE", "ente_prod": "ARPA PIEMONTE", "modo_prod": "banche dati esterne - geometrie da catasto, altezza volumi da ARPA PIEMONTE (DSM-DTM,LAS)", "sc_acq": "1:10000", "un_vol_av": "24", "un_vol_por": "al suolo", "un_vol_qe": "", "un_vol_ex": "altezza", "source": "BDTRE un_vol" }, "geometry": { "type": "Polygon", "coordinates": [ [ [ 7.6792, 45.08489 ], [ 7.67938, 45.08478 ], [ 7.67949, 45.08471 ], [ 7.67957, 45.08478 ], [ 7.67953, 45.08482 ], [ 7.67953, 45.08482 ], [ 7.67947, 45.08486 ], [ 7.67947, 45.08486 ], [ 7.67946, 45.08485 ], [ 7.67946, 45.08485 ], [ 7.67941, 45.08489 ], [ 7.67941, 45.08489 ], [ 7.67935, 45.08493 ], [ 7.67935, 45.08493 ], [ 7.67934, 45.08493 ], [ 7.67934, 45.08493 ], [ 7.67929, 45.08496 ], [ 7.6792, 45.08489 ] ] ] } },
{ "type": "Feature", "properties": { "uuid": "45974d52-eb14-4e41-81d9-46bd779bf9c8", "data_acq": "2017-12-31 00:00:00", "data_agg": "2017-12-31 00:00:00", "data_fin": "9999-12-31 00:00:00", "ente_for": "REGIONE PIEMONTE", "ente_prod": "ARPA PIEMONTE", "modo_prod": "banche dati esterne - geometrie da catasto, altezza volumi da ARPA PIEMONTE (DSM-DTM,LAS)", "sc_acq": "1:10000", "un_vol_av": "9", "un_vol_por": "al suolo", "un_vol_qe": "", "un_vol_ex": "altezza", "source": "BDTRE un_vol" }, "geometry": { "type": "Polygon", "coordinates": [ [ [ 7.66986, 45.07358 ], [ 7.66992, 45.07356 ], [ 7.66996, 45.07355 ], [ 7.66992, 45.07349 ], [ 7.66982, 45.07352 ], [ 7.66986, 45.07358 ] ] ] } },
{ "type": "Feature", "properties": { "uuid": "1510bd68-c1e5-4a0e-b4dd-b538cdb00599", "data_acq": "2017-12-31 00:00:00", "data_agg": "2017-12-31 00:00:00", "data_fin": "9999-12-31 00:00:00", "ente_for": "REGIONE PIEMONTE", "ente_prod": "ARPA PIEMONTE", "modo_prod": "banche dati esterne - geometrie da catasto, altezza volumi da ARPA PIEMONTE (DSM-DTM,LAS)", "sc_acq": "1:10000", "un_vol_av": "22", "un_vol_por": "al suolo", "un_vol_qe": "", "un_vol_ex": "altezza", "source": "BDTRE un_vol" }, "geometry": { "type": "Polygon", "coordinates": [ [ [ 7.68972, 45.08359 ], [ 7.68975, 45.0836 ], [ 7.68975, 45.08359 ], [ 7.68983, 45.0836 ], [ 7.68983, 45.08361 ], [ 7.68988, 45.08362 ], [ 7.68988, 45.08363 ], [ 7.68984, 45.08373 ], [ 7.68964, 45.0837 ], [ 7.68964, 45.08369 ], [ 7.68966, 45.08363 ], [ 7.68965, 45.08358 ], [ 7.68972, 45.08359 ] ] ] } },
{ "type": "Feature", "properties": { "uuid": "e4afa6be-b77c-4521-83b8-5e1c301446cf", "data_acq": "2017-12-31 00:00:00", "data_agg": "2017-12-31 00:00:00", "data_fin": "9999-12-31 00:00:00", "ente_for": "REGIONE PIEMONTE", "ente_prod": "ARPA PIEMONTE", "modo_prod": "banche dati esterne - geometrie da catasto, altezza volumi da ARPA PIEMONTE (DSM-DTM,LAS)", "sc_acq": "1:10000", "un_vol_av": "23", "un_vol_por": "al suolo", "un_vol_qe": "", "un_vol_ex": "altezza", "source": "BDTRE un_vol" }, "geometry": { "type": "Polygon", "coordinates": [ [ [ 7.68714, 45.08264 ], [ 7.68725, 45.0828 ], [ 7.68712, 45.08285 ], [ 7.6871, 45.08282 ], [ 7.68708, 45.0828 ], [ 7.68708, 45.0828 ], [ 7.68708, 45.0828 ], [ 7.68708, 45.0828 ], [ 7.68707, 45.08279 ], [ 7.68708, 45.08278 ], [ 7.68701, 45.08268 ], [ 7.68714, 45.08264 ] ] ] } },
{ "type": "Feature", "properties": { "uuid": "9145fc3f-1bee-4b4d-b85c-cd4f6709e192", "data_acq": "2017-12-31 00:00:00", "data_agg": "2017-12-31 00:00:00", "data_fin": "9999-12-31 00:00:00", "ente_for": "REGIONE PIEMONTE", "ente_prod": "ARPA PIEMONTE", "modo_prod": "banche dati esterne - geometrie da catasto, altezza volumi da ARPA PIEMONTE (DSM-DTM,LAS)", "sc_acq": "1:10000", "un_vol_av": "21", "un_vol_por": "al suolo", "un_vol_qe": "", "un_vol_ex": "altezza", "source": "BDTRE un_vol" }, "geometry": { "type": "Polygon", "coordinates": [ [ [ 7.68318, 45.0718 ], [ 7.68307, 45.07168 ], [ 7.68302, 45.07162 ], [ 7.68301, 45.07161 ], [ 7.68296, 45.07154 ], [ 7.68286, 45.07143 ], [ 7.68285, 45.07143 ], [ 7.68271, 45.07149 ], [ 7.68271, 45.07149 ], [ 7.68271, 45.07149 ], [ 7.68274, 45.07153 ], [ 7.68275, 45.07153 ], [ 7.68283, 45.0715 ], [ 7.68283, 45.0715 ], [ 7.68284, 45.07151 ], [ 7.68284, 45.07151 ], [ 7.68284, 45.0715 ], [ 7.68284, 45.0715 ], [ 7.68289, 45.07155 ], [ 7.68289, 45.07156 ], [ 7.68289, 45.07156 ], [ 7.68289, 45.07156 ], [ 7.68289, 45.07156 ], [ 7.68279, 45.07161 ], [ 7.68278, 45.07161 ], [ 7.68283, 45.07167 ], [ 7.68276, 45.0717 ], [ 7.68275, 45.0717 ], [ 7.68275, 45.0717 ], [ 7.68276, 45.07172 ], [ 7.68276, 45.07172 ], [ 7.68292, 45.07191 ], [ 7.68299, 45.07188 ], [ 7.68304, 45.07187 ], [ 7.68316, 45.07182 ], [ 7.68319, 45.07181 ], [ 7.68318, 45.0718 ] ], [ [ 7.68295, 45.07177 ], [ 7.68295, 45.07178 ], [ 7.6829, 45.07179 ], [ 7.68284, 45.0717 ], [ 7.68296, 45.07166 ], [ 7.68303, 45.07175 ], [ 7.68303, 45.07175 ], [ 7.68301, 45.07176 ], [ 7.683, 45.07175 ], [ 7.68295, 45.07177 ] ] ] } },
{ "type": "Feature", "properties": { "uuid": "574c118e-99f2-4943-b74c-c699860d720e", "data_acq": "2017-12-31 00:00:00", "data_agg": "2017-12-31 00:00:00", "data_fin": "9999-12-31 00:00:00", "ente_for": "REGIONE PIEMONTE", "ente_prod": "ARPA PIEMONTE", "modo_prod": "banche dati esterne - geometrie da catasto, altezza volumi da ARPA PIEMONTE (DSM-DTM,LAS)", "sc_acq": "1:10000", "un_vol_av": "21", "un_vol_por": "al suolo", "un_vol_qe": "", "un_vol_ex": "altezza", "source": "BDTRE un_vol" }, "geometry": { "type": "Polygon", "coordinates": [ [ [ 7.66641, 45.07612 ], [ 7.6664, 45.07624 ], [ 7.66673, 45.07626 ], [ 7.66674, 45.07621 ], [ 7.66674, 45.07616 ], [ 7.66652, 45.07615 ], [ 7.66652, 45.07613 ], [ 7.66641, 45.07612 ] ] ] } },
{ "type": "Feature", "properties": { "uuid": "ddf9e798-11fa-4abc-96c4-b26324d513ec", "data_acq": "2017-12-31 00:00:00", "data_agg": "2017-12-31 00:00:00", "data_fin": "9999-12-31 00:00:00", "ente_for": "REGIONE PIEMONTE", "ente_prod": "ARPA PIEMONTE", "modo_prod": "banche dati esterne - geometrie da catasto, altezza volumi da ARPA PIEMONTE (DSM-DTM,LAS)", "sc_acq": "1:10000", "un_vol_av": "13", "un_vol_por": "al suolo", "un_vol_qe": "", "un_vol_ex": "altezza", "source": "BDTRE un_vol" }, "geometry": { "type": "Polygon", "coordinates": [ [ [ 7.68667, 45.0666 ], [ 7.68665, 45.06656 ], [ 7.68669, 45.06655 ], [ 7.68687, 45.06649 ], [ 7.6869, 45.06655 ], [ 7.68692, 45.0666 ], [ 7.68692, 45.0666 ], [ 7.68691, 45.0666 ], [ 7.68691, 45.0666 ], [ 7.68689, 45.06656 ], [ 7.68689, 45.06656 ], [ 7.68685, 45.06657 ], [ 7.68685, 45.06658 ], [ 7.68672, 45.06662 ], [ 7.68675, 45.06667 ], [ 7.68672, 45.06668 ], [ 7.68672, 45.06668 ], [ 7.68667, 45.0666 ] ] ] } },
{ "type": "Feature", "properties": { "uuid": "67d0f944-7c04-4b96-96b9-4361ca628ba1", "data_acq": "2017-12-31 00:00:00", "data_agg": "2017-12-31 00:00:00", "data_fin": "9999-12-31 00:00:00", "ente_for": "REGIONE PIEMONTE", "ente_prod": "ARPA PIEMONTE", "modo_prod": "banche dati esterne - geometrie da catasto, altezza volumi da ARPA PIEMONTE (DSM-DTM,LAS)", "sc_acq": "1:10000", "un_vol_av": "20", "un_vol_por": "al suolo", "un_vol_qe": "", "un_vol_ex": "altezza", "source": "BDTRE un_vol" }, "geometry": { "type": "Polygon", "coordinates": [ [ [ 7.67965, 45.08372 ], [ 7.6795, 45.0835 ], [ 7.6795, 45.08349 ], [ 7.67969, 45.08343 ], [ 7.67975, 45.08352 ], [ 7.67971, 45.08353 ], [ 7.67971, 45.08355 ], [ 7.6797, 45.08356 ], [ 7.67973, 45.08359 ], [ 7.67974, 45.08359 ], [ 7.67975, 45.0836 ], [ 7.67975, 45.0836 ], [ 7.67976, 45.08361 ], [ 7.67976, 45.08361 ], [ 7.67976, 45.08362 ], [ 7.67976, 45.08362 ], [ 7.67979, 45.08367 ], [ 7.67979, 45.08367 ], [ 7.67965, 45.08372 ] ] ] } },
{ "type": "Feature", "properties": { "uuid": "4590c22b-22ce-482a-ab0e-962a0555cbd6", "data_acq": "2017-12-31 00:00:00", "data_agg": "2017-12-31 00:00:00", "data_fin": "9999-12-31 00:00:00", "ente_for": "REGIONE PIEMONTE", "ente_prod": "ARPA PIEMONTE", "modo_prod": "banche dati esterne - geometrie da catasto, altezza volumi da ARPA PIEMONTE (DSM-DTM,LAS)", "sc_acq": "1:10000", "un_vol_av": "7", "un_vol_por": "al suolo", "un_vol_qe": "", "un_vol_ex": "altezza", "source": "BDTRE un_vol" }, "geometry": { "type": "Polygon", "coordinates": [ [ [ 7.68379, 45.08392 ], [ 7.68374, 45.08384 ], [ 7.6839, 45.08379 ], [ 7.68388, 45.08376 ], [ 7.68384, 45.08377 ], [ 7.68382, 45.08374 ], [ 7.68377, 45.08375 ], [ 7.68377, 45.08374 ], [ 7.68385, 45.08371 ], [ 7.68392, 45.08369 ], [ 7.68396, 45.08376 ], [ 7.68399, 45.0838 ], [ 7.68402, 45.08384 ], [ 7.68385, 45.0839 ], [ 7.68385, 45.0839 ], [ 7.68379, 45.08392 ] ] ] } },
{ "type": "Feature", "properties": { "uuid": "33453aa4-e5a8-477c-b392-bbc3235944a7", "data_acq": "2017-12-31 00:00:00", "data_agg": "2017-12-31 00:00:00", "data_fin": "9999-12-31 00:00:00", "ente_for": "REGIONE PIEMONTE", "ente_prod": "ARPA PIEMONTE", "modo_prod": "banche dati esterne - geometrie da catasto, altezza volumi da ARPA PIEMONTE (DSM-DTM,LAS)", "sc_acq": "1:10000", "un_vol_av": "12", "un_vol_por": "al suolo", "un_vol_qe": "", "un_vol_ex": "altezza", "source": "BDTRE un_vol" }, "geometry": { "type": "Polygon", "coordinates": [ [ [ 7.68573, 45.08221 ], [ 7.6858, 45.08216 ], [ 7.68587, 45.08225 ], [ 7.68581, 45.08227 ], [ 7.68573, 45.08221 ] ] ] } },
{ "type": "Feature", "properties": { "uuid": "936f9a74-ec96-4e91-a9ff-3ac9f9768f93", "data_acq": "2017-12-31 00:00:00", "data_agg": "2017-12-31 00:00:00", "data_fin": "9999-12-31 00:00:00", "ente_for": "REGIONE PIEMONTE", "ente_prod": "ARPA PIEMONTE", "modo_prod": "banche dati esterne - geometrie da catasto, altezza volumi da ARPA PIEMONTE (DSM-DTM,LAS)", "sc_acq": "1:10000", "un_vol_av": "21", "un_vol_por": "al suolo", "un_vol_qe": "", "un_vol_ex": "altezza", "source": "BDTRE un_vol" }, "geometry": { "type": "Polygon", "coordinates": [ [ [ 7.67351, 45.07246 ], [ 7.67351, 45.07246 ], [ 7.67351, 45.07246 ], [ 7.67341, 45.07232 ], [ 7.67378, 45.07219 ], [ 7.67387, 45.07232 ], [ 7.67382, 45.07235 ], [ 7.67376, 45.07228 ], [ 7.67374, 45.07227 ], [ 7.6736, 45.07232 ], [ 7.67364, 45.07239 ], [ 7.67365, 45.07239 ], [ 7.67367, 45.07241 ], [ 7.67351, 45.07246 ] ] ] } },
{ "type": "Feature", "properties": { "uuid": "89230c55-68e1-43f1-bed2-9ec8250f9a04", "data_acq": "2017-12-31 00:00:00", "data_agg": "2017-12-31 00:00:00", "data_fin": "9999-12-31 00:00:00", "ente_for": "REGIONE PIEMONTE", "ente_prod": "ARPA PIEMONTE", "modo_prod": "banche dati esterne - geometrie da catasto, altezza volumi da ARPA PIEMONTE (DSM-DTM,LAS)", "sc_acq": "1:10000", "un_vol_av": "21", "un_vol_por": "al suolo", "un_vol_qe": "", "un_vol_ex": "altezza", "source": "BDTRE un_vol" }, "geometry": { "type": "Polygon", "coordinates": [ [ [ 7.69533, 45.0702 ], [ 7.69534, 45.07021 ], [ 7.69535, 45.07022 ], [ 7.69535, 45.07023 ], [ 7.69535, 45.07023 ], [ 7.69496, 45.07048 ], [ 7.69485, 45.0704 ], [ 7.6948, 45.07036 ], [ 7.69475, 45.07032 ], [ 7.69483, 45.07027 ], [ 7.69486, 45.07026 ], [ 7.69492, 45.07031 ], [ 7.69491, 45.07032 ], [ 7.69495, 45.07035 ], [ 7.69508, 45.07026 ], [ 7.69509, 45.07026 ], [ 7.69512, 45.07024 ], [ 7.69512, 45.07024 ], [ 7.69515, 45.07022 ], [ 7.69514, 45.07022 ], [ 7.6952, 45.07018 ], [ 7.69533, 45.0702 ] ] ] } },
{ "type": "Feature", "properties": { "uuid": "2eea0f08-f364-457e-95fa-3156513f432c", "data_acq": "2017-12-31 00:00:00", "data_agg": "2017-12-31 00:00:00", "data_fin": "9999-12-31 00:00:00", "ente_for": "REGIONE PIEMONTE", "ente_prod": "ARPA PIEMONTE", "modo_prod": "banche dati esterne - geometrie da catasto, altezza volumi da ARPA PIEMONTE (DSM-DTM,LAS)", "sc_acq": "1:10000", "un_vol_av": "28", "un_vol_por": "al suolo", "un_vol_qe": "", "un_vol_ex": "altezza", "source": "BDTRE un_vol" }, "geometry": { "type": "Polygon", "coordinates": [ [ [ 7.67484, 45.07181 ], [ 7.6747, 45.07186 ], [ 7.67476, 45.07195 ], [ 7.67474, 45.07195 ], [ 7.67475, 45.07196 ], [ 7.67474, 45.07196 ], [ 7.67476, 45.07199 ], [ 7.67476, 45.07199 ], [ 7.67476, 45.07199 ], [ 7.67477, 45.072 ], [ 7.67481, 45.07206 ], [ 7.67481, 45.07206 ], [ 7.67481, 45.07206 ], [ 7.67482, 45.07206 ], [ 7.67482, 45.07207 ], [ 7.67483, 45.07207 ], [ 7.67486, 45.07206 ], [ 7.67485, 45.07205 ], [ 7.67488, 45.07204 ], [ 7.67488, 45.07204 ], [ 7.67491, 45.07207 ], [ 7.675, 45.07203 ], [ 7.67495, 45.07197 ], [ 7.67493, 45.07194 ], [ 7.67492, 45.07192 ], [ 7.67489, 45.07189 ], [ 7.67484, 45.07181 ] ] ] } },
{ "type": "Feature", "properties": { "uuid": "a9e4ea90-d424-4bb8-b8aa-c7ddd621a44c", "data_acq": "2017-12-31 00:00:00", "data_agg": "2017-12-31 00:00:00", "data_fin": "9999-12-31 00:00:00", "ente_for": "REGIONE PIEMONTE", "ente_prod": "ARPA PIEMONTE", "modo_prod": "banche dati esterne - geometrie da catasto, altezza volumi da ARPA PIEMONTE (DSM-DTM,LAS)", "sc_acq": "1:10000", "un_vol_av": "15", "un_vol_por": "al suolo", "un_vol_qe": "", "un_vol_ex": "altezza", "source": "BDTRE un_vol" }, "geometry": { "type": "Polygon", "coordinates": [ [ [ 7.67779, 45.07289 ], [ 7.67777, 45.0729 ], [ 7.67755, 45.07299 ], [ 7.67755, 45.07299 ], [ 7.6775, 45.07292 ], [ 7.67745, 45.07283 ], [ 7.67745, 45.07283 ], [ 7.67743, 45.07281 ], [ 7.67751, 45.07278 ], [ 7.67751, 45.07277 ], [ 7.67766, 45.07272 ], [ 7.67772, 45.07282 ], [ 7.67774, 45.07282 ], [ 7.67779, 45.07289 ] ], [ [ 7.67765, 45.07286 ], [ 7.6776, 45.07279 ], [ 7.67753, 45.07282 ], [ 7.67758, 45.07289 ], [ 7.67765, 45.07286 ] ] ] } },
{ "type": "Feature", "properties": { "uuid": "6fc8e003-262e-40ec-8103-4320f4d0d383", "data_acq": "2017-12-31 00:00:00", "data_agg": "2017-12-31 00:00:00", "data_fin": "9999-12-31 00:00:00", "ente_for": "REGIONE PIEMONTE", "ente_prod": "ARPA PIEMONTE", "modo_prod": "banche dati esterne - geometrie da catasto, altezza volumi da ARPA PIEMONTE (DSM-DTM,LAS)", "sc_acq": "1:10000", "un_vol_av": "5", "un_vol_por": "al suolo", "un_vol_qe": "", "un_vol_ex": "altezza", "source": "BDTRE un_vol" }, "geometry": { "type": "Polygon", "coordinates": [ [ [ 7.66558, 45.08322 ], [ 7.66551, 45.08312 ], [ 7.66535, 45.08317 ], [ 7.66537, 45.0832 ], [ 7.66539, 45.08324 ], [ 7.6654, 45.08324 ], [ 7.6654, 45.08325 ], [ 7.66542, 45.08327 ], [ 7.66543, 45.0833 ], [ 7.66546, 45.08334 ], [ 7.66563, 45.08329 ], [ 7.66561, 45.08327 ], [ 7.66559, 45.08324 ], [ 7.66558, 45.08322 ] ] ] } },
{ "type": "Feature", "properties": { "uuid": "f8016c6f-05ee-4da2-bee3-6a4176da935c", "data_acq": "2017-12-31 00:00:00", "data_agg": "2017-12-31 00:00:00", "data_fin": "9999-12-31 00:00:00", "ente_for": "REGIONE PIEMONTE", "ente_prod": "ARPA PIEMONTE", "modo_prod": "banche dati esterne - geometrie da catasto, altezza volumi da ARPA PIEMONTE (DSM-DTM,LAS)", "sc_acq": "1:10000", "un_vol_av": "19", "un_vol_por": "al suolo", "un_vol_qe": "", "un_vol_ex": "altezza", "source": "BDTRE un_vol" }, "geometry": { "type": "Polygon", "coordinates": [ [ [ 7.69388, 45.06869 ], [ 7.69386, 45.06865 ], [ 7.69379, 45.06857 ], [ 7.69383, 45.06856 ], [ 7.69382, 45.06853 ], [ 7.69381, 45.06852 ], [ 7.6938, 45.06852 ], [ 7.6938, 45.06851 ], [ 7.6938, 45.06851 ], [ 7.69378, 45.06849 ], [ 7.6941, 45.06836 ], [ 7.69413, 45.06841 ], [ 7.69422, 45.06852 ], [ 7.69407, 45.06858 ], [ 7.69409, 45.06861 ], [ 7.69397, 45.06866 ], [ 7.69388, 45.06869 ] ] ] } },
{ "type": "Feature", "properties": { "uuid": "c747cb32-cf81-4498-b9a7-6b4f395611eb", "data_acq": "2017-12-31 00:00:00", "data_agg": "2017-12-31 00:00:00", "data_fin": "9999-12-31 00:00:00", "ente_for": "REGIONE PIEMONTE", "ente_prod": "ARPA PIEMONTE", "modo_prod": "banche dati esterne - geometrie da catasto, altezza volumi da ARPA PIEMONTE (DSM-DTM,LAS)", "sc_acq": "1:10000", "un_vol_av": "20", "un_vol_por": "al suolo", "un_vol_qe": "", "un_vol_ex": "altezza", "source": "BDTRE un_vol" }, "geometry": { "type": "Polygon", "coordinates": [ [ [ 7.69214, 45.07863 ], [ 7.6924, 45.07874 ], [ 7.69241, 45.07896 ], [ 7.69235, 45.07902 ], [ 7.69222, 45.07896 ], [ 7.69224, 45.07893 ], [ 7.69224, 45.0788 ], [ 7.69212, 45.07875 ], [ 7.69206, 45.07872 ], [ 7.69214, 45.07863 ] ] ] } },
{ "type": "Feature", "properties": { "uuid": "cfcbfbe1-9f44-4b30-87ce-dec793db8351", "data_acq": "2017-12-31 00:00:00", "data_agg": "2017-12-31 00:00:00", "data_fin": "9999-12-31 00:00:00", "ente_for": "REGIONE PIEMONTE", "ente_prod": "ARPA PIEMONTE", "modo_prod": "banche dati esterne - geometrie da catasto, altezza volumi da ARPA PIEMONTE (DSM-DTM,LAS)", "sc_acq": "1:10000", "un_vol_av": "22", "un_vol_por": "al suolo", "un_vol_qe": "", "un_vol_ex": "altezza", "source": "BDTRE un_vol" }, "geometry": { "type": "Polygon", "coordinates": [ [ [ 7.67536, 45.07087 ], [ 7.67535, 45.07086 ], [ 7.67545, 45.07082 ], [ 7.67544, 45.0708 ], [ 7.67569, 45.07073 ], [ 7.67563, 45.07064 ], [ 7.6757, 45.07062 ], [ 7.67575, 45.0706 ], [ 7.67575, 45.0706 ], [ 7.67591, 45.07082 ], [ 7.67579, 45.07085 ], [ 7.67543, 45.07098 ], [ 7.67542, 45.07097 ], [ 7.67536, 45.07087 ] ] ] } },
{ "type": "Feature", "properties": { "uuid": "019a8cd3-d35d-48cf-835e-6c8c96b16351", "data_acq": "2017-12-31 00:00:00", "data_agg": "2017-12-31 00:00:00", "data_fin": "9999-12-31 00:00:00", "ente_for": "REGIONE PIEMONTE", "ente_prod": "ARPA PIEMONTE", "modo_prod": "banche dati esterne - geometrie da catasto, altezza volumi da ARPA PIEMONTE (DSM-DTM,LAS)", "sc_acq": "1:10000", "un_vol_av": "21", "un_vol_por": "al suolo", "un_vol_qe": "", "un_vol_ex": "altezza", "source": "BDTRE un_vol" }, "geometry": { "type": "Polygon", "coordinates": [ [ [ 7.68726, 45.06885 ], [ 7.68728, 45.06884 ], [ 7.68756, 45.06874 ], [ 7.68764, 45.06871 ], [ 7.68783, 45.069 ], [ 7.6876, 45.06908 ], [ 7.6876, 45.06908 ], [ 7.68752, 45.06911 ], [ 7.68746, 45.06913 ], [ 7.68742, 45.06907 ], [ 7.68735, 45.06898 ], [ 7.68726, 45.06885 ] ], [ [ 7.68738, 45.06891 ], [ 7.68749, 45.06906 ], [ 7.68762, 45.06901 ], [ 7.68752, 45.06887 ], [ 7.68751, 45.06887 ], [ 7.68751, 45.06887 ], [ 7.68751, 45.06887 ], [ 7.6875, 45.06887 ], [ 7.6875, 45.06887 ], [ 7.68738, 45.06891 ] ] ] } },
{ "type": "Feature", "properties": { "uuid": "7c58dc18-0d29-4148-8940-36bc93db4a19", "data_acq": "2017-12-31 00:00:00", "data_agg": "2017-12-31 00:00:00", "data_fin": "9999-12-31 00:00:00", "ente_for": "REGIONE PIEMONTE", "ente_prod": "ARPA PIEMONTE", "modo_prod": "banche dati esterne - geometrie da catasto, altezza volumi da ARPA PIEMONTE (DSM-DTM,LAS)", "sc_acq": "1:10000", "un_vol_av": "20", "un_vol_por": "al suolo", "un_vol_qe": "", "un_vol_ex": "altezza", "source": "BDTRE un_vol" }, "geometry": { "type": "Polygon", "coordinates": [ [ [ 7.67021, 45.07527 ], [ 7.67014, 45.07517 ], [ 7.6701, 45.07519 ], [ 7.67009, 45.07518 ], [ 7.66999, 45.07521 ], [ 7.67, 45.07522 ], [ 7.66992, 45.07525 ], [ 7.66991, 45.07524 ], [ 7.66988, 45.07525 ], [ 7.66985, 45.0752 ], [ 7.66973, 45.07524 ], [ 7.66977, 45.0753 ], [ 7.66984, 45.0754 ], [ 7.66997, 45.07535 ], [ 7.67002, 45.07533 ], [ 7.67006, 45.07532 ], [ 7.67011, 45.0753 ], [ 7.67021, 45.07527 ] ] ] } },
{ "type": "Feature", "properties": { "uuid": "0d36dc77-4789-4ce5-bc9b-8de39767d47b", "data_acq": "2017-12-31 00:00:00", "data_agg": "2017-12-31 00:00:00", "data_fin": "9999-12-31 00:00:00", "ente_for": "REGIONE PIEMONTE", "ente_prod": "ARPA PIEMONTE", "modo_prod": "banche dati esterne - geometrie da catasto, altezza volumi da ARPA PIEMONTE (DSM-DTM,LAS)", "sc_acq": "1:10000", "un_vol_av": "23", "un_vol_por": "al suolo", "un_vol_qe": "", "un_vol_ex": "altezza", "source": "BDTRE un_vol" }, "geometry": { "type": "Polygon", "coordinates": [ [ [ 7.69291, 45.07825 ], [ 7.69291, 45.07826 ], [ 7.6929, 45.07826 ], [ 7.6929, 45.07832 ], [ 7.69291, 45.07832 ], [ 7.69291, 45.07836 ], [ 7.69291, 45.07836 ], [ 7.69291, 45.07837 ], [ 7.69294, 45.07837 ], [ 7.69282, 45.07851 ], [ 7.69276, 45.07849 ], [ 7.69274, 45.07825 ], [ 7.69291, 45.07825 ] ] ] } },
{ "type": "Feature", "properties": { "uuid": "b9982d5a-f04b-46cd-8ecb-16751cdff1ad", "data_acq": "2017-12-31 00:00:00", "data_agg": "2017-12-31 00:00:00", "data_fin": "9999-12-31 00:00:00", "ente_for": "REGIONE PIEMONTE", "ente_prod": "ARPA PIEMONTE", "modo_prod": "banche dati esterne - geometrie da catasto, altezza volumi da ARPA PIEMONTE (DSM-DTM,LAS)", "sc_acq": "1:10000", "un_vol_av": "7", "un_vol_por": "al suolo", "un_vol_qe": "", "un_vol_ex": "altezza", "source": "BDTRE un_vol" }, "geometry": { "type": "Polygon", "coordinates": [ [ [ 7.66603, 45.0831 ], [ 7.66588, 45.08314 ], [ 7.66589, 45.08316 ], [ 7.6659, 45.08317 ], [ 7.66589, 45.08317 ], [ 7.66591, 45.0832 ], [ 7.66599, 45.08318 ], [ 7.66602, 45.08322 ], [ 7.66602, 45.08322 ], [ 7.66601, 45.08323 ], [ 7.66602, 45.08325 ], [ 7.66604, 45.08324 ], [ 7.66611, 45.08322 ], [ 7.66607, 45.08316 ], [ 7.66603, 45.0831 ] ] ] } },
{ "type": "Feature", "properties": { "uuid": "fedc4810-0d24-4bc9-9aaa-d38e9680417f", "data_acq": "2017-12-31 00:00:00", "data_agg": "2017-12-31 00:00:00", "data_fin": "9999-12-31 00:00:00", "ente_for": "REGIONE PIEMONTE", "ente_prod": "ARPA PIEMONTE", "modo_prod": "banche dati esterne - geometrie da catasto, altezza volumi da ARPA PIEMONTE (DSM-DTM,LAS)", "sc_acq": "1:10000", "un_vol_av": "27", "un_vol_por": "al suolo", "un_vol_qe": "", "un_vol_ex": "altezza", "source": "BDTRE un_vol" }, "geometry": { "type": "Polygon", "coordinates": [ [ [ 7.66581, 45.08153 ], [ 7.6659, 45.08166 ], [ 7.66595, 45.08173 ], [ 7.66575, 45.0818 ], [ 7.6657, 45.08173 ], [ 7.66574, 45.08171 ], [ 7.66575, 45.08172 ], [ 7.66576, 45.08171 ], [ 7.66574, 45.08168 ], [ 7.66573, 45.08168 ], [ 7.66567, 45.08158 ], [ 7.66568, 45.08158 ], [ 7.66581, 45.08153 ] ] ] } },
{ "type": "Feature", "properties": { "uuid": "8cebb98f-4e67-469e-b68b-2db49f863253", "data_acq": "2017-12-31 00:00:00", "data_agg": "2017-12-31 00:00:00", "data_fin": "9999-12-31 00:00:00", "ente_for": "REGIONE PIEMONTE", "ente_prod": "ARPA PIEMONTE", "modo_prod": "banche dati esterne - geometrie da catasto, altezza volumi da ARPA PIEMONTE (DSM-DTM,LAS)", "sc_acq": "1:10000", "un_vol_av": "10", "un_vol_por": "al suolo", "un_vol_qe": "", "un_vol_ex": "altezza", "source": "BDTRE un_vol" }, "geometry": { "type": "Polygon", "coordinates": [ [ [ 7.66841, 45.07949 ], [ 7.66843, 45.07952 ], [ 7.66843, 45.07953 ], [ 7.66847, 45.07951 ], [ 7.66847, 45.07951 ], [ 7.66845, 45.07947 ], [ 7.66841, 45.07949 ] ] ] } },
{ "type": "Feature", "properties": { "uuid": "45c6d7fa-40ee-423c-a827-46cffd001d84", "data_acq": "2017-12-31 00:00:00", "data_agg": "2017-12-31 00:00:00", "data_fin": "9999-12-31 00:00:00", "ente_for": "REGIONE PIEMONTE", "ente_prod": "ARPA PIEMONTE", "modo_prod": "banche dati esterne - geometrie da catasto, altezza volumi da ARPA PIEMONTE (DSM-DTM,LAS)", "sc_acq": "1:10000", "un_vol_av": "4", "un_vol_por": "al suolo", "un_vol_qe": "", "un_vol_ex": "altezza", "source": "BDTRE un_vol" }, "geometry": { "type": "Polygon", "coordinates": [ [ [ 7.66601, 45.07829 ], [ 7.66602, 45.07831 ], [ 7.666, 45.07831 ], [ 7.66597, 45.07832 ], [ 7.66596, 45.07831 ], [ 7.66601, 45.07829 ] ] ] } },
{ "type": "Feature", "properties": { "uuid": "6e090e85-d801-4886-ad91-9feb5c99c291", "data_acq": "2017-12-31 00:00:00", "data_agg": "2017-12-31 00:00:00", "data_fin": "9999-12-31 00:00:00", "ente_for": "REGIONE PIEMONTE", "ente_prod": "ARPA PIEMONTE", "modo_prod": "banche dati esterne - geometrie da catasto, altezza volumi da ARPA PIEMONTE (DSM-DTM,LAS)", "sc_acq": "1:10000", "un_vol_av": "22", "un_vol_por": "al suolo", "un_vol_qe": "", "un_vol_ex": "altezza", "source": "BDTRE un_vol" }, "geometry": { "type": "Polygon", "coordinates": [ [ [ 7.69394, 45.07001 ], [ 7.69378, 45.07017 ], [ 7.69373, 45.07015 ], [ 7.69347, 45.0698 ], [ 7.69362, 45.06975 ], [ 7.69377, 45.06996 ], [ 7.69375, 45.06996 ], [ 7.69377, 45.06998 ], [ 7.69378, 45.06999 ], [ 7.6938, 45.06999 ], [ 7.69383, 45.06998 ], [ 7.69384, 45.06997 ], [ 7.69394, 45.07001 ] ] ] } },
{ "type": "Feature", "properties": { "uuid": "a08461f6-3257-4f2a-ae3c-689752df3262", "data_acq": "2017-12-31 00:00:00", "data_agg": "2017-12-31 00:00:00", "data_fin": "9999-12-31 00:00:00", "ente_for": "REGIONE PIEMONTE", "ente_prod": "ARPA PIEMONTE", "modo_prod": "banche dati esterne - geometrie da catasto, altezza volumi da ARPA PIEMONTE (DSM-DTM,LAS)", "sc_acq": "1:10000", "un_vol_av": "21", "un_vol_por": "al suolo", "un_vol_qe": "", "un_vol_ex": "altezza", "source": "BDTRE un_vol" }, "geometry": { "type": "Polygon", "coordinates": [ [ [ 7.67871, 45.07124 ], [ 7.67882, 45.07121 ], [ 7.67882, 45.07121 ], [ 7.67888, 45.0712 ], [ 7.67883, 45.07113 ], [ 7.67885, 45.0711 ], [ 7.67893, 45.07107 ], [ 7.67897, 45.07108 ], [ 7.67898, 45.07111 ], [ 7.679, 45.07113 ], [ 7.67907, 45.0711 ], [ 7.67907, 45.0711 ], [ 7.67904, 45.07106 ], [ 7.67904, 45.07106 ], [ 7.67905, 45.07105 ], [ 7.67903, 45.07102 ], [ 7.67896, 45.07092 ], [ 7.67863, 45.07103 ], [ 7.67861, 45.07107 ], [ 7.67871, 45.07124 ] ] ] } },
{ "type": "Feature", "properties": { "uuid": "571ee84c-33fc-437b-805e-a1eeab4dc0d4", "data_acq": "2017-12-31 00:00:00", "data_agg": "2017-12-31 00:00:00", "data_fin": "9999-12-31 00:00:00", "ente_for": "REGIONE PIEMONTE", "ente_prod": "ARPA PIEMONTE", "modo_prod": "banche dati esterne - geometrie da catasto, altezza volumi da ARPA PIEMONTE (DSM-DTM,LAS)", "sc_acq": "1:10000", "un_vol_av": "21", "un_vol_por": "al suolo", "un_vol_qe": "", "un_vol_ex": "altezza", "source": "BDTRE un_vol" }, "geometry": { "type": "Polygon", "coordinates": [ [ [ 7.67323, 45.07415 ], [ 7.6732, 45.07411 ], [ 7.67294, 45.07419 ], [ 7.67299, 45.07426 ], [ 7.67306, 45.07435 ], [ 7.67312, 45.07443 ], [ 7.67317, 45.07451 ], [ 7.67329, 45.07446 ], [ 7.67334, 45.07445 ], [ 7.67342, 45.07442 ], [ 7.67333, 45.07431 ], [ 7.67333, 45.07431 ], [ 7.67326, 45.07433 ], [ 7.67325, 45.07432 ], [ 7.67324, 45.07432 ], [ 7.67318, 45.07424 ], [ 7.67314, 45.07418 ], [ 7.67316, 45.07418 ], [ 7.67316, 45.07418 ], [ 7.67323, 45.07415 ] ] ] } },
{ "type": "Feature", "properties": { "uuid": "77aa2897-5c2d-4de9-976f-071064af90bb", "data_acq": "2017-12-31 00:00:00", "data_agg": "2017-12-31 00:00:00", "data_fin": "9999-12-31 00:00:00", "ente_for": "REGIONE PIEMONTE", "ente_prod": "ARPA PIEMONTE", "modo_prod": "banche dati esterne - geometrie da catasto, altezza volumi da ARPA PIEMONTE (DSM-DTM,LAS)", "sc_acq": "1:10000", "un_vol_av": "13", "un_vol_por": "al suolo", "un_vol_qe": "", "un_vol_ex": "altezza", "source": "BDTRE un_vol" }, "geometry": { "type": "Polygon", "coordinates": [ [ [ 7.66566, 45.08007 ], [ 7.66559, 45.08012 ], [ 7.66554, 45.08008 ], [ 7.66553, 45.08006 ], [ 7.66554, 45.08005 ], [ 7.66555, 45.08007 ], [ 7.66558, 45.08005 ], [ 7.66556, 45.08004 ], [ 7.66556, 45.08004 ], [ 7.66555, 45.08004 ], [ 7.66555, 45.08004 ], [ 7.66555, 45.08004 ], [ 7.66555, 45.08004 ], [ 7.66552, 45.08005 ], [ 7.66552, 45.08005 ], [ 7.66551, 45.08004 ], [ 7.66551, 45.08004 ], [ 7.66546, 45.08 ], [ 7.66554, 45.07996 ], [ 7.66566, 45.08007 ] ] ] } },
{ "type": "Feature", "properties": { "uuid": "bfa742c0-5468-4c2b-bfee-e9d1be880a8e", "data_acq": "2017-12-31 00:00:00", "data_agg": "2017-12-31 00:00:00", "data_fin": "9999-12-31 00:00:00", "ente_for": "REGIONE PIEMONTE", "ente_prod": "ARPA PIEMONTE", "modo_prod": "banche dati esterne - geometrie da catasto, altezza volumi da ARPA PIEMONTE (DSM-DTM,LAS)", "sc_acq": "1:10000", "un_vol_av": "16", "un_vol_por": "al suolo", "un_vol_qe": "", "un_vol_ex": "altezza", "source": "BDTRE un_vol" }, "geometry": { "type": "Polygon", "coordinates": [ [ [ 7.66761, 45.07815 ], [ 7.66741, 45.07801 ], [ 7.66753, 45.07792 ], [ 7.66771, 45.07804 ], [ 7.66773, 45.07806 ], [ 7.66761, 45.07815 ] ] ] } },
{ "type": "Feature", "properties": { "uuid": "ab2a6a04-0fe8-4512-81cb-f1e0256d6ae8", "data_acq": "2017-12-31 00:00:00", "data_agg": "2017-12-31 00:00:00", "data_fin": "9999-12-31 00:00:00", "ente_for": "REGIONE PIEMONTE", "ente_prod": "ARPA PIEMONTE", "modo_prod": "banche dati esterne - geometrie da catasto, altezza volumi da ARPA PIEMONTE (DSM-DTM,LAS)", "sc_acq": "1:10000", "un_vol_av": "18", "un_vol_por": "al suolo", "un_vol_qe": "", "un_vol_ex": "altezza", "source": "BDTRE un_vol" }, "geometry": { "type": "Polygon", "coordinates": [ [ [ 7.69444, 45.08212 ], [ 7.69435, 45.08221 ], [ 7.6943, 45.08219 ], [ 7.69429, 45.08219 ], [ 7.69432, 45.08216 ], [ 7.69427, 45.08214 ], [ 7.69434, 45.08206 ], [ 7.69444, 45.0821 ], [ 7.69445, 45.08211 ], [ 7.69444, 45.08212 ] ] ] } },
{ "type": "Feature", "properties": { "uuid": "cb96c93d-f9a7-4cd0-acb3-7bcf1c02aec8", "data_acq": "2017-12-31 00:00:00", "data_agg": "2017-12-31 00:00:00", "data_fin": "9999-12-31 00:00:00", "ente_for": "REGIONE PIEMONTE", "ente_prod": "ARPA PIEMONTE", "modo_prod": "banche dati esterne - geometrie da catasto, altezza volumi da ARPA PIEMONTE (DSM-DTM,LAS)", "sc_acq": "1:10000", "un_vol_av": "21", "un_vol_por": "al suolo", "un_vol_qe": "", "un_vol_ex": "altezza", "source": "BDTRE un_vol" }, "geometry": { "type": "Polygon", "coordinates": [ [ [ 7.67688, 45.0694 ], [ 7.67671, 45.06946 ], [ 7.67671, 45.06946 ], [ 7.67676, 45.06953 ], [ 7.67652, 45.06962 ], [ 7.6765, 45.06959 ], [ 7.67642, 45.06961 ], [ 7.67645, 45.06966 ], [ 7.67647, 45.06968 ], [ 7.67648, 45.06969 ], [ 7.67649, 45.06971 ], [ 7.67673, 45.06962 ], [ 7.67696, 45.06954 ], [ 7.67697, 45.06953 ], [ 7.67693, 45.06948 ], [ 7.67688, 45.0694 ] ] ] } },
{ "type": "Feature", "properties": { "uuid": "7218720e-dd91-4bd9-a2a7-f29615c8bfb9", "data_acq": "2017-12-31 00:00:00", "data_agg": "2017-12-31 00:00:00", "data_fin": "9999-12-31 00:00:00", "ente_for": "REGIONE PIEMONTE", "ente_prod": "ARPA PIEMONTE", "modo_prod": "banche dati esterne - geometrie da catasto, altezza volumi da ARPA PIEMONTE (DSM-DTM,LAS)", "sc_acq": "1:10000", "un_vol_av": "9", "un_vol_por": "al suolo", "un_vol_qe": "", "un_vol_ex": "altezza", "source": "BDTRE un_vol" }, "geometry": { "type": "Polygon", "coordinates": [ [ [ 7.69518, 45.07539 ], [ 7.69526, 45.07545 ], [ 7.69537, 45.07561 ], [ 7.69543, 45.07568 ], [ 7.69534, 45.07577 ], [ 7.69521, 45.07571 ], [ 7.6952, 45.07571 ], [ 7.69525, 45.07566 ], [ 7.69517, 45.07555 ], [ 7.69514, 45.07553 ], [ 7.69514, 45.07553 ], [ 7.69506, 45.07561 ], [ 7.69507, 45.07562 ], [ 7.69506, 45.07564 ], [ 7.69505, 45.07564 ], [ 7.69498, 45.07561 ], [ 7.69511, 45.07546 ], [ 7.69518, 45.07539 ] ] ] } },
{ "type": "Feature", "properties": { "uuid": "0737490a-edf7-4808-b4c9-8932472c972f", "data_acq": "2017-12-31 00:00:00", "data_agg": "2017-12-31 00:00:00", "data_fin": "9999-12-31 00:00:00", "ente_for": "REGIONE PIEMONTE", "ente_prod": "ARPA PIEMONTE", "modo_prod": "banche dati esterne - geometrie da catasto, altezza volumi da ARPA PIEMONTE (DSM-DTM,LAS)", "sc_acq": "1:10000", "un_vol_av": "20", "un_vol_por": "al suolo", "un_vol_qe": "", "un_vol_ex": "altezza", "source": "BDTRE un_vol" }, "geometry": { "type": "Polygon", "coordinates": [ [ [ 7.6773, 45.06999 ], [ 7.67741, 45.06995 ], [ 7.6775, 45.07008 ], [ 7.67759, 45.07021 ], [ 7.677, 45.07043 ], [ 7.67699, 45.07043 ], [ 7.67693, 45.07033 ], [ 7.67686, 45.07023 ], [ 7.67684, 45.0702 ], [ 7.67732, 45.07003 ], [ 7.67729, 45.06999 ], [ 7.6773, 45.06999 ], [ 7.6773, 45.06999 ] ], [ [ 7.67704, 45.07022 ], [ 7.67709, 45.07029 ], [ 7.67713, 45.07027 ], [ 7.67713, 45.07027 ], [ 7.67713, 45.07027 ], [ 7.67721, 45.07024 ], [ 7.6772, 45.07023 ], [ 7.67725, 45.07021 ], [ 7.67726, 45.07022 ], [ 7.67736, 45.07018 ], [ 7.67736, 45.07018 ], [ 7.67732, 45.07012 ], [ 7.67704, 45.07022 ] ] ] } },
{ "type": "Feature", "properties": { "uuid": "a53421d6-6a11-4dfa-bb0c-96f6fddf7756", "data_acq": "2017-12-31 00:00:00", "data_agg": "2017-12-31 00:00:00", "data_fin": "9999-12-31 00:00:00", "ente_for": "REGIONE PIEMONTE", "ente_prod": "ARPA PIEMONTE", "modo_prod": "banche dati esterne - geometrie da catasto, altezza volumi da ARPA PIEMONTE (DSM-DTM,LAS)", "sc_acq": "1:10000", "un_vol_av": "14", "un_vol_por": "al suolo", "un_vol_qe": "", "un_vol_ex": "altezza", "source": "BDTRE un_vol" }, "geometry": { "type": "Polygon", "coordinates": [ [ [ 7.67391, 45.0649 ], [ 7.67395, 45.06495 ], [ 7.67409, 45.06515 ], [ 7.6741, 45.06517 ], [ 7.67411, 45.06518 ], [ 7.67411, 45.06518 ], [ 7.67378, 45.0653 ], [ 7.67352, 45.06539 ], [ 7.67348, 45.06533 ], [ 7.67348, 45.06532 ], [ 7.67337, 45.06518 ], [ 7.67336, 45.06517 ], [ 7.67325, 45.06501 ], [ 7.67336, 45.06497 ], [ 7.67345, 45.06494 ], [ 7.67371, 45.06485 ], [ 7.67384, 45.0648 ], [ 7.67391, 45.0649 ] ], [ [ 7.67343, 45.06514 ], [ 7.67354, 45.0653 ], [ 7.6739, 45.06517 ], [ 7.67383, 45.06507 ], [ 7.67381, 45.06505 ], [ 7.67376, 45.06506 ], [ 7.67374, 45.06503 ], [ 7.67343, 45.06514 ] ] ] } },
{ "type": "Feature", "properties": { "uuid": "9ff896a2-22db-4593-bd71-bfd331d92796", "data_acq": "2017-12-31 00:00:00", "data_agg": "2017-12-31 00:00:00", "data_fin": "9999-12-31 00:00:00", "ente_for": "REGIONE PIEMONTE", "ente_prod": "ARPA PIEMONTE", "modo_prod": "banche dati esterne - geometrie da catasto, altezza volumi da ARPA PIEMONTE (DSM-DTM,LAS)", "sc_acq": "1:10000", "un_vol_av": "15", "un_vol_por": "al suolo", "un_vol_qe": "", "un_vol_ex": "altezza", "source": "BDTRE un_vol" }, "geometry": { "type": "Polygon", "coordinates": [ [ [ 7.6776, 45.06819 ], [ 7.67758, 45.06815 ], [ 7.67752, 45.06808 ], [ 7.67736, 45.06814 ], [ 7.6772, 45.0682 ], [ 7.67738, 45.06845 ], [ 7.67756, 45.06871 ], [ 7.67773, 45.06865 ], [ 7.67773, 45.06865 ], [ 7.67789, 45.06859 ], [ 7.67785, 45.06854 ], [ 7.67785, 45.06853 ], [ 7.67783, 45.0685 ], [ 7.67781, 45.06848 ], [ 7.6777, 45.06852 ], [ 7.6777, 45.06853 ], [ 7.67765, 45.06855 ], [ 7.67758, 45.06845 ], [ 7.6776, 45.06845 ], [ 7.67759, 45.06844 ], [ 7.67775, 45.06839 ], [ 7.67774, 45.06838 ], [ 7.67773, 45.06837 ], [ 7.67766, 45.06827 ], [ 7.6775, 45.06833 ], [ 7.67743, 45.06824 ], [ 7.67748, 45.06822 ], [ 7.67749, 45.06822 ], [ 7.6776, 45.06819 ] ] ] } },
{ "type": "Feature", "properties": { "uuid": "1db10b03-e0dd-4915-b4cc-5e27822ca9ba", "data_acq": "2017-12-31 00:00:00", "data_agg": "2017-12-31 00:00:00", "data_fin": "9999-12-31 00:00:00", "ente_for": "REGIONE PIEMONTE", "ente_prod": "ARPA PIEMONTE", "modo_prod": "banche dati esterne - geometrie da catasto, altezza volumi da ARPA PIEMONTE (DSM-DTM,LAS)", "sc_acq": "1:10000", "un_vol_av": "16", "un_vol_por": "al suolo", "un_vol_qe": "", "un_vol_ex": "altezza", "source": "BDTRE un_vol" }, "geometry": { "type": "Polygon", "coordinates": [ [ [ 7.67761, 45.07459 ], [ 7.67761, 45.07459 ], [ 7.67757, 45.07454 ], [ 7.67757, 45.07454 ], [ 7.67751, 45.07456 ], [ 7.67745, 45.07458 ], [ 7.67745, 45.07458 ], [ 7.67742, 45.07453 ], [ 7.67743, 45.07453 ], [ 7.67745, 45.07452 ], [ 7.67748, 45.07451 ], [ 7.67747, 45.0745 ], [ 7.67755, 45.07448 ], [ 7.67754, 45.07446 ], [ 7.67758, 45.07445 ], [ 7.6776, 45.07448 ], [ 7.67763, 45.07447 ], [ 7.67759, 45.07439 ], [ 7.67757, 45.07436 ], [ 7.67757, 45.07435 ], [ 7.67758, 45.07434 ], [ 7.67758, 45.07434 ], [ 7.67763, 45.07432 ], [ 7.67762, 45.0743 ], [ 7.67769, 45.07428 ], [ 7.67775, 45.07435 ], [ 7.67779, 45.07442 ], [ 7.6778, 45.07441 ], [ 7.67786, 45.07451 ], [ 7.67777, 45.07454 ], [ 7.67776, 45.07454 ], [ 7.67776, 45.07454 ], [ 7.67761, 45.07459 ] ] ] } },
{ "type": "Feature", "properties": { "uuid": "69d6af9c-1b4f-429a-83d6-d32fd01d830c", "data_acq": "2017-12-31 00:00:00", "data_agg": "2017-12-31 00:00:00", "data_fin": "9999-12-31 00:00:00", "ente_for": "REGIONE PIEMONTE", "ente_prod": "ARPA PIEMONTE", "modo_prod": "banche dati esterne - geometrie da catasto, altezza volumi da ARPA PIEMONTE (DSM-DTM,LAS)", "sc_acq": "1:10000", "un_vol_av": "18", "un_vol_por": "al suolo", "un_vol_qe": "", "un_vol_ex": "altezza", "source": "BDTRE un_vol" }, "geometry": { "type": "Polygon", "coordinates": [ [ [ 7.68038, 45.07078 ], [ 7.68035, 45.07079 ], [ 7.68034, 45.07078 ], [ 7.68017, 45.07084 ], [ 7.68018, 45.07085 ], [ 7.68007, 45.07089 ], [ 7.68011, 45.07094 ], [ 7.68011, 45.07094 ], [ 7.68027, 45.07088 ], [ 7.68028, 45.0709 ], [ 7.68025, 45.07091 ], [ 7.68029, 45.07096 ], [ 7.68031, 45.07095 ], [ 7.68035, 45.07101 ], [ 7.68024, 45.07104 ], [ 7.68026, 45.07107 ], [ 7.68021, 45.07109 ], [ 7.68018, 45.07106 ], [ 7.68012, 45.07108 ], [ 7.68019, 45.07119 ], [ 7.68024, 45.07118 ], [ 7.68057, 45.07106 ], [ 7.68038, 45.07078 ] ] ] } },
{ "type": "Feature", "properties": { "uuid": "155f48a7-2d7f-4c0c-a67b-a13fd103c700", "data_acq": "2017-12-31 00:00:00", "data_agg": "2017-12-31 00:00:00", "data_fin": "9999-12-31 00:00:00", "ente_for": "REGIONE PIEMONTE", "ente_prod": "ARPA PIEMONTE", "modo_prod": "banche dati esterne - geometrie da catasto, altezza volumi da ARPA PIEMONTE (DSM-DTM,LAS)", "sc_acq": "1:10000", "un_vol_av": "20", "un_vol_por": "al suolo", "un_vol_qe": "", "un_vol_ex": "altezza", "source": "BDTRE un_vol" }, "geometry": { "type": "Polygon", "coordinates": [ [ [ 7.6697, 45.08085 ], [ 7.66956, 45.08066 ], [ 7.66933, 45.08074 ], [ 7.66933, 45.08074 ], [ 7.6694, 45.08083 ], [ 7.66948, 45.08081 ], [ 7.66949, 45.08081 ], [ 7.6695, 45.08082 ], [ 7.6695, 45.08082 ], [ 7.6695, 45.08082 ], [ 7.6695, 45.08082 ], [ 7.66954, 45.08088 ], [ 7.66954, 45.08088 ], [ 7.66955, 45.08087 ], [ 7.66955, 45.08087 ], [ 7.66957, 45.0809 ], [ 7.66968, 45.08086 ], [ 7.6697, 45.08085 ] ] ] } },
{ "type": "Feature", "properties": { "uuid": "2445ebd6-5161-475d-b443-d797d03f1c3b", "data_acq": "2017-12-31 00:00:00", "data_agg": "2017-12-31 00:00:00", "data_fin": "9999-12-31 00:00:00", "ente_for": "REGIONE PIEMONTE", "ente_prod": "ARPA PIEMONTE", "modo_prod": "banche dati esterne - geometrie da catasto, altezza volumi da ARPA PIEMONTE (DSM-DTM,LAS)", "sc_acq": "1:10000", "un_vol_av": "15", "un_vol_por": "al suolo", "un_vol_qe": "", "un_vol_ex": "altezza", "source": "BDTRE un_vol" }, "geometry": { "type": "Polygon", "coordinates": [ [ [ 7.68094, 45.07144 ], [ 7.68093, 45.07142 ], [ 7.68099, 45.0714 ], [ 7.68104, 45.07138 ], [ 7.6812, 45.07133 ], [ 7.68122, 45.07135 ], [ 7.68103, 45.07141 ], [ 7.68106, 45.07145 ], [ 7.68113, 45.07142 ], [ 7.68113, 45.07141 ], [ 7.68114, 45.07141 ], [ 7.68115, 45.07142 ], [ 7.6812, 45.0714 ], [ 7.6812, 45.07141 ], [ 7.68124, 45.0714 ], [ 7.68126, 45.07143 ], [ 7.68129, 45.07149 ], [ 7.68125, 45.0715 ], [ 7.68124, 45.07148 ], [ 7.68124, 45.07148 ], [ 7.68124, 45.07148 ], [ 7.68121, 45.07144 ], [ 7.681, 45.07151 ], [ 7.68098, 45.07149 ], [ 7.68094, 45.07144 ] ] ] } },
{ "type": "Feature", "properties": { "uuid": "9c401e00-256f-42ff-8905-929d4f7cd379", "data_acq": "2017-12-31 00:00:00", "data_agg": "2017-12-31 00:00:00", "data_fin": "9999-12-31 00:00:00", "ente_for": "REGIONE PIEMONTE", "ente_prod": "ARPA PIEMONTE", "modo_prod": "banche dati esterne - geometrie da catasto, altezza volumi da ARPA PIEMONTE (DSM-DTM,LAS)", "sc_acq": "1:10000", "un_vol_av": "20", "un_vol_por": "al suolo", "un_vol_qe": "", "un_vol_ex": "altezza", "source": "BDTRE un_vol" }, "geometry": { "type": "Polygon", "coordinates": [ [ [ 7.69132, 45.06961 ], [ 7.69117, 45.06939 ], [ 7.69123, 45.06934 ], [ 7.69123, 45.06935 ], [ 7.69128, 45.06931 ], [ 7.6913, 45.06935 ], [ 7.69133, 45.06934 ], [ 7.69148, 45.06955 ], [ 7.69147, 45.06956 ], [ 7.69132, 45.06961 ] ] ] } },
{ "type": "Feature", "properties": { "uuid": "5c439775-0c0c-4d13-89d1-2dbbe4af12a9", "data_acq": "2017-12-31 00:00:00", "data_agg": "2017-12-31 00:00:00", "data_fin": "9999-12-31 00:00:00", "ente_for": "REGIONE PIEMONTE", "ente_prod": "ARPA PIEMONTE", "modo_prod": "banche dati esterne - geometrie da catasto, altezza volumi da ARPA PIEMONTE (DSM-DTM,LAS)", "sc_acq": "1:10000", "un_vol_av": "14", "un_vol_por": "al suolo", "un_vol_qe": "", "un_vol_ex": "altezza", "source": "BDTRE un_vol" }, "geometry": { "type": "Polygon", "coordinates": [ [ [ 7.68181, 45.06577 ], [ 7.68205, 45.0661 ], [ 7.68216, 45.06625 ], [ 7.68199, 45.06631 ], [ 7.6818, 45.06638 ], [ 7.68178, 45.06636 ], [ 7.68176, 45.06634 ], [ 7.68173, 45.06635 ], [ 7.68169, 45.06636 ], [ 7.68153, 45.06614 ], [ 7.68138, 45.06593 ], [ 7.68159, 45.06585 ], [ 7.68181, 45.06577 ] ], [ [ 7.68177, 45.06615 ], [ 7.68176, 45.06615 ], [ 7.68176, 45.06615 ], [ 7.68179, 45.06618 ], [ 7.68192, 45.06613 ], [ 7.68192, 45.06613 ], [ 7.68183, 45.06601 ], [ 7.68176, 45.06591 ], [ 7.68176, 45.06591 ], [ 7.6817, 45.06593 ], [ 7.68171, 45.06594 ], [ 7.68168, 45.06595 ], [ 7.68168, 45.06595 ], [ 7.68167, 45.06594 ], [ 7.68167, 45.06594 ], [ 7.68162, 45.06596 ], [ 7.68165, 45.06599 ], [ 7.68166, 45.06599 ], [ 7.68177, 45.06615 ] ] ] } },
{ "type": "Feature", "properties": { "uuid": "a275198d-056d-4384-b2b1-96b840737ab1", "data_acq": "2017-12-31 00:00:00", "data_agg": "2017-12-31 00:00:00", "data_fin": "9999-12-31 00:00:00", "ente_for": "REGIONE PIEMONTE", "ente_prod": "ARPA PIEMONTE", "modo_prod": "banche dati esterne - geometrie da catasto, altezza volumi da ARPA PIEMONTE (DSM-DTM,LAS)", "sc_acq": "1:10000", "un_vol_av": "21", "un_vol_por": "al suolo", "un_vol_qe": "", "un_vol_ex": "altezza", "source": "BDTRE un_vol" }, "geometry": { "type": "Polygon", "coordinates": [ [ [ 7.68119, 45.07232 ], [ 7.68121, 45.07232 ], [ 7.68121, 45.07232 ], [ 7.68134, 45.07248 ], [ 7.68122, 45.07252 ], [ 7.68119, 45.07253 ], [ 7.68115, 45.07255 ], [ 7.68098, 45.07261 ], [ 7.68097, 45.0726 ], [ 7.68097, 45.0726 ], [ 7.68093, 45.07255 ], [ 7.68089, 45.07249 ], [ 7.68084, 45.07243 ], [ 7.68098, 45.07239 ], [ 7.68102, 45.07244 ], [ 7.68107, 45.07242 ], [ 7.68107, 45.07241 ], [ 7.68109, 45.07241 ], [ 7.6811, 45.07241 ], [ 7.68108, 45.07242 ], [ 7.6811, 45.07245 ], [ 7.68122, 45.0724 ], [ 7.68117, 45.07234 ], [ 7.68119, 45.07232 ] ] ] } },
{ "type": "Feature", "properties": { "uuid": "76035ece-77cc-4ffb-8a34-8bf1e2beae32", "data_acq": "2017-12-31 00:00:00", "data_agg": "2017-12-31 00:00:00", "data_fin": "9999-12-31 00:00:00", "ente_for": "REGIONE PIEMONTE", "ente_prod": "ARPA PIEMONTE", "modo_prod": "banche dati esterne - geometrie da catasto, altezza volumi da ARPA PIEMONTE (DSM-DTM,LAS)", "sc_acq": "1:10000", "un_vol_av": "7", "un_vol_por": "al suolo", "un_vol_qe": "", "un_vol_ex": "altezza", "source": "BDTRE un_vol" }, "geometry": { "type": "Polygon", "coordinates": [ [ [ 7.67083, 45.07703 ], [ 7.67081, 45.07701 ], [ 7.67079, 45.07699 ], [ 7.67092, 45.07694 ], [ 7.6709, 45.07691 ], [ 7.67097, 45.07689 ], [ 7.67098, 45.0769 ], [ 7.67102, 45.07696 ], [ 7.67091, 45.077 ], [ 7.67083, 45.07703 ] ] ] } },
{ "type": "Feature", "properties": { "uuid": "20265a44-ca31-4de1-8cdd-41810e3fa465", "data_acq": "2017-12-31 00:00:00", "data_agg": "2017-12-31 00:00:00", "data_fin": "9999-12-31 00:00:00", "ente_for": "REGIONE PIEMONTE", "ente_prod": "ARPA PIEMONTE", "modo_prod": "banche dati esterne - geometrie da catasto, altezza volumi da ARPA PIEMONTE (DSM-DTM,LAS)", "sc_acq": "1:10000", "un_vol_av": "20", "un_vol_por": "al suolo", "un_vol_qe": "", "un_vol_ex": "altezza", "source": "BDTRE un_vol" }, "geometry": { "type": "Polygon", "coordinates": [ [ [ 7.68511, 45.06596 ], [ 7.68492, 45.06602 ], [ 7.68472, 45.06609 ], [ 7.68472, 45.06609 ], [ 7.6846, 45.06607 ], [ 7.68446, 45.06587 ], [ 7.68434, 45.0657 ], [ 7.68447, 45.06565 ], [ 7.68455, 45.06562 ], [ 7.68468, 45.06558 ], [ 7.68482, 45.06553 ], [ 7.68488, 45.06562 ], [ 7.68488, 45.06562 ], [ 7.68478, 45.06566 ], [ 7.68476, 45.06567 ], [ 7.68459, 45.06573 ], [ 7.68462, 45.06578 ], [ 7.68459, 45.06579 ], [ 7.68467, 45.06589 ], [ 7.6847, 45.06594 ], [ 7.68474, 45.06595 ], [ 7.68485, 45.06591 ], [ 7.68503, 45.06584 ], [ 7.68511, 45.06596 ] ] ] } },
{ "type": "Feature", "properties": { "uuid": "4319d326-0dc9-4e82-9e4a-14ec9c34aba8", "data_acq": "2017-12-31 00:00:00", "data_agg": "2017-12-31 00:00:00", "data_fin": "9999-12-31 00:00:00", "ente_for": "REGIONE PIEMONTE", "ente_prod": "ARPA PIEMONTE", "modo_prod": "banche dati esterne - geometrie da catasto, altezza volumi da ARPA PIEMONTE (DSM-DTM,LAS)", "sc_acq": "1:10000", "un_vol_av": "31", "un_vol_por": "al suolo", "un_vol_qe": "", "un_vol_ex": "altezza", "source": "BDTRE un_vol" }, "geometry": { "type": "Polygon", "coordinates": [ [ [ 7.67899, 45.0823 ], [ 7.67896, 45.0823 ], [ 7.67896, 45.08231 ], [ 7.67891, 45.08232 ], [ 7.67895, 45.08236 ], [ 7.67884, 45.0824 ], [ 7.67875, 45.08228 ], [ 7.67878, 45.08223 ], [ 7.67897, 45.08221 ], [ 7.67899, 45.0823 ] ] ] } },
{ "type": "Feature", "properties": { "uuid": "465c1220-4ec4-4bed-9991-801bf3ab9e46", "data_acq": "2017-12-31 00:00:00", "data_agg": "2017-12-31 00:00:00", "data_fin": "9999-12-31 00:00:00", "ente_for": "REGIONE PIEMONTE", "ente_prod": "ARPA PIEMONTE", "modo_prod": "banche dati esterne - geometrie da catasto, altezza volumi da ARPA PIEMONTE (DSM-DTM,LAS)", "sc_acq": "1:10000", "un_vol_av": "24", "un_vol_por": "al suolo", "un_vol_qe": "", "un_vol_ex": "altezza", "source": "BDTRE un_vol" }, "geometry": { "type": "Polygon", "coordinates": [ [ [ 7.69383, 45.08202 ], [ 7.69378, 45.082 ], [ 7.69379, 45.08199 ], [ 7.69376, 45.08198 ], [ 7.69375, 45.08199 ], [ 7.69374, 45.08198 ], [ 7.69375, 45.08197 ], [ 7.69374, 45.08197 ], [ 7.69373, 45.08198 ], [ 7.69371, 45.08197 ], [ 7.69371, 45.08195 ], [ 7.69369, 45.08194 ], [ 7.69368, 45.08196 ], [ 7.69364, 45.08194 ], [ 7.69371, 45.08185 ], [ 7.6938, 45.08189 ], [ 7.69378, 45.08191 ], [ 7.6938, 45.08192 ], [ 7.69382, 45.0819 ], [ 7.69384, 45.08191 ], [ 7.69386, 45.08189 ], [ 7.6939, 45.08191 ], [ 7.69389, 45.08193 ], [ 7.69394, 45.08195 ], [ 7.69396, 45.08193 ], [ 7.69401, 45.08195 ], [ 7.69399, 45.08197 ], [ 7.69401, 45.08197 ], [ 7.69399, 45.082 ], [ 7.694, 45.08201 ], [ 7.69402, 45.08198 ], [ 7.69412, 45.08202 ], [ 7.69404, 45.08211 ], [ 7.69399, 45.08208 ], [ 7.694, 45.08207 ], [ 7.69398, 45.08207 ], [ 7.69397, 45.08208 ], [ 7.69395, 45.08207 ], [ 7.69396, 45.08206 ], [ 7.69394, 45.08205 ], [ 7.69393, 45.08206 ], [ 7.69392, 45.08205 ], [ 7.69393, 45.08204 ], [ 7.6939, 45.08203 ], [ 7.69389, 45.08204 ], [ 7.69385, 45.08203 ], [ 7.69388, 45.082 ], [ 7.69386, 45.08199 ], [ 7.69383, 45.08202 ] ] ] } },
{ "type": "Feature", "properties": { "uuid": "2297e01b-dbe5-409b-9e00-5362316e2961", "data_acq": "2017-12-31 00:00:00", "data_agg": "2017-12-31 00:00:00", "data_fin": "9999-12-31 00:00:00", "ente_for": "REGIONE PIEMONTE", "ente_prod": "ARPA PIEMONTE", "modo_prod": "banche dati esterne - geometrie da catasto, altezza volumi da ARPA PIEMONTE (DSM-DTM,LAS)", "sc_acq": "1:10000", "un_vol_av": "25", "un_vol_por": "al suolo", "un_vol_qe": "", "un_vol_ex": "altezza", "source": "BDTRE un_vol" }, "geometry": { "type": "Polygon", "coordinates": [ [ [ 7.67429, 45.07941 ], [ 7.67417, 45.07945 ], [ 7.67419, 45.07948 ], [ 7.67418, 45.07949 ], [ 7.67418, 45.07948 ], [ 7.67412, 45.0795 ], [ 7.67413, 45.07951 ], [ 7.67408, 45.07952 ], [ 7.67407, 45.07951 ], [ 7.67406, 45.07952 ], [ 7.67413, 45.07962 ], [ 7.67416, 45.07961 ], [ 7.67421, 45.0796 ], [ 7.67435, 45.07955 ], [ 7.67438, 45.07954 ], [ 7.67438, 45.07954 ], [ 7.67433, 45.07947 ], [ 7.67433, 45.07947 ], [ 7.67429, 45.07941 ] ] ] } },
{ "type": "Feature", "properties": { "uuid": "de1b3926-464a-4ab8-b8a2-27ced5e64d39", "data_acq": "2017-12-31 00:00:00", "data_agg": "2017-12-31 00:00:00", "data_fin": "9999-12-31 00:00:00", "ente_for": "REGIONE PIEMONTE", "ente_prod": "ARPA PIEMONTE", "modo_prod": "banche dati esterne - geometrie da catasto, altezza volumi da ARPA PIEMONTE (DSM-DTM,LAS)", "sc_acq": "1:10000", "un_vol_av": "23", "un_vol_por": "al suolo", "un_vol_qe": "", "un_vol_ex": "altezza", "source": "BDTRE un_vol" }, "geometry": { "type": "Polygon", "coordinates": [ [ [ 7.69477, 45.07279 ], [ 7.69466, 45.07283 ], [ 7.69456, 45.07286 ], [ 7.69449, 45.07276 ], [ 7.69449, 45.07276 ], [ 7.69461, 45.07271 ], [ 7.69462, 45.07269 ], [ 7.69457, 45.07262 ], [ 7.69456, 45.07261 ], [ 7.69458, 45.0726 ], [ 7.69463, 45.07258 ], [ 7.69477, 45.07279 ] ] ] } },
{ "type": "Feature", "properties": { "uuid": "fd55d112-1684-4252-ab9a-1cc87f60ae96", "data_acq": "2017-12-31 00:00:00", "data_agg": "2017-12-31 00:00:00", "data_fin": "9999-12-31 00:00:00", "ente_for": "REGIONE PIEMONTE", "ente_prod": "ARPA PIEMONTE", "modo_prod": "banche dati esterne - geometrie da catasto, altezza volumi da ARPA PIEMONTE (DSM-DTM,LAS)", "sc_acq": "1:10000", "un_vol_av": "12", "un_vol_por": "al suolo", "un_vol_qe": "", "un_vol_ex": "altezza", "source": "BDTRE un_vol" }, "geometry": { "type": "Polygon", "coordinates": [ [ [ 7.66662, 45.08402 ], [ 7.66649, 45.08407 ], [ 7.66649, 45.08407 ], [ 7.66649, 45.08408 ], [ 7.66651, 45.08408 ], [ 7.66656, 45.08415 ], [ 7.66655, 45.08417 ], [ 7.66635, 45.08421 ], [ 7.66631, 45.08421 ], [ 7.66632, 45.08425 ], [ 7.66633, 45.08427 ], [ 7.66647, 45.08423 ], [ 7.66648, 45.08423 ], [ 7.66648, 45.08423 ], [ 7.66657, 45.08421 ], [ 7.66657, 45.08421 ], [ 7.66659, 45.08421 ], [ 7.66659, 45.08421 ], [ 7.66672, 45.08416 ], [ 7.66669, 45.08412 ], [ 7.66668, 45.08411 ], [ 7.66667, 45.08409 ], [ 7.66666, 45.08407 ], [ 7.66662, 45.08402 ] ] ] } },
{ "type": "Feature", "properties": { "uuid": "9dc853cb-01ef-41e6-9ed4-3835cb63c2bf", "data_acq": "2017-12-31 00:00:00", "data_agg": "2017-12-31 00:00:00", "data_fin": "9999-12-31 00:00:00", "ente_for": "REGIONE PIEMONTE", "ente_prod": "ARPA PIEMONTE", "modo_prod": "banche dati esterne - geometrie da catasto, altezza volumi da ARPA PIEMONTE (DSM-DTM,LAS)", "sc_acq": "1:10000", "un_vol_av": "20", "un_vol_por": "al suolo", "un_vol_qe": "", "un_vol_ex": "altezza", "source": "BDTRE un_vol" }, "geometry": { "type": "Polygon", "coordinates": [ [ [ 7.68039, 45.07056 ], [ 7.68039, 45.07056 ], [ 7.68071, 45.07059 ], [ 7.68094, 45.0706 ], [ 7.68092, 45.07074 ], [ 7.6809, 45.07074 ], [ 7.6809, 45.07073 ], [ 7.68073, 45.07071 ], [ 7.68069, 45.07072 ], [ 7.68069, 45.07072 ], [ 7.6805, 45.07078 ], [ 7.68038, 45.07062 ], [ 7.68039, 45.07059 ], [ 7.68039, 45.07056 ] ] ] } },
{ "type": "Feature", "properties": { "uuid": "6a813e01-f334-43bb-b1ec-206b3bef2ea6", "data_acq": "2017-12-31 00:00:00", "data_agg": "2017-12-31 00:00:00", "data_fin": "9999-12-31 00:00:00", "ente_for": "REGIONE PIEMONTE", "ente_prod": "ARPA PIEMONTE", "modo_prod": "banche dati esterne - geometrie da catasto, altezza volumi da ARPA PIEMONTE (DSM-DTM,LAS)", "sc_acq": "1:10000", "un_vol_av": "25", "un_vol_por": "al suolo", "un_vol_qe": "", "un_vol_ex": "altezza", "source": "BDTRE un_vol" }, "geometry": { "type": "Polygon", "coordinates": [ [ [ 7.67151, 45.07304 ], [ 7.67162, 45.07318 ], [ 7.67166, 45.07325 ], [ 7.67156, 45.07329 ], [ 7.67154, 45.07326 ], [ 7.67143, 45.07329 ], [ 7.67143, 45.0733 ], [ 7.67141, 45.07331 ], [ 7.6714, 45.07331 ], [ 7.67133, 45.07333 ], [ 7.67141, 45.07344 ], [ 7.67155, 45.07339 ], [ 7.67189, 45.07327 ], [ 7.6717, 45.073 ], [ 7.67168, 45.07298 ], [ 7.67151, 45.07304 ] ] ] } },
{ "type": "Feature", "properties": { "uuid": "14271fae-fea1-46e0-a9dd-36ded4d27d12", "data_acq": "2017-12-31 00:00:00", "data_agg": "2017-12-31 00:00:00", "data_fin": "9999-12-31 00:00:00", "ente_for": "REGIONE PIEMONTE", "ente_prod": "ARPA PIEMONTE", "modo_prod": "banche dati esterne - geometrie da catasto, altezza volumi da ARPA PIEMONTE (DSM-DTM,LAS)", "sc_acq": "1:10000", "un_vol_av": "10", "un_vol_por": "al suolo", "un_vol_qe": "", "un_vol_ex": "altezza", "source": "BDTRE un_vol" }, "geometry": { "type": "Polygon", "coordinates": [ [ [ 7.68785, 45.07582 ], [ 7.68803, 45.07576 ], [ 7.68809, 45.07585 ], [ 7.68816, 45.07595 ], [ 7.68828, 45.07614 ], [ 7.68819, 45.07617 ], [ 7.68813, 45.07618 ], [ 7.6881, 45.0762 ], [ 7.68803, 45.0761 ], [ 7.68801, 45.07606 ], [ 7.68785, 45.07582 ] ] ] } },
{ "type": "Feature", "properties": { "uuid": "bde31b9f-4a73-4ed5-bee2-72abd60d2071", "data_acq": "2017-12-31 00:00:00", "data_agg": "2017-12-31 00:00:00", "data_fin": "9999-12-31 00:00:00", "ente_for": "REGIONE PIEMONTE", "ente_prod": "ARPA PIEMONTE", "modo_prod": "banche dati esterne - geometrie da catasto, altezza volumi da ARPA PIEMONTE (DSM-DTM,LAS)", "sc_acq": "1:10000", "un_vol_av": "14", "un_vol_por": "al suolo", "un_vol_qe": "", "un_vol_ex": "altezza", "source": "BDTRE un_vol" }, "geometry": { "type": "Polygon", "coordinates": [ [ [ 7.67356, 45.08029 ], [ 7.67364, 45.08026 ], [ 7.67373, 45.08023 ], [ 7.6738, 45.08034 ], [ 7.67375, 45.08036 ], [ 7.67374, 45.08035 ], [ 7.67369, 45.08037 ], [ 7.67375, 45.08045 ], [ 7.67383, 45.08058 ], [ 7.67381, 45.08059 ], [ 7.6738, 45.08059 ], [ 7.67372, 45.08062 ], [ 7.67372, 45.08061 ], [ 7.67371, 45.08059 ], [ 7.67367, 45.08055 ], [ 7.67371, 45.08054 ], [ 7.67369, 45.0805 ], [ 7.67369, 45.0805 ], [ 7.67359, 45.08035 ], [ 7.67356, 45.08029 ] ] ] } },
{ "type": "Feature", "properties": { "uuid": "2184a716-fba4-43d1-84d3-c5c14d985cac", "data_acq": "2017-12-31 00:00:00", "data_agg": "2017-12-31 00:00:00", "data_fin": "9999-12-31 00:00:00", "ente_for": "REGIONE PIEMONTE", "ente_prod": "ARPA PIEMONTE", "modo_prod": "banche dati esterne - geometrie da catasto, altezza volumi da ARPA PIEMONTE (DSM-DTM,LAS)", "sc_acq": "1:10000", "un_vol_av": "20", "un_vol_por": "al suolo", "un_vol_qe": "", "un_vol_ex": "altezza", "source": "BDTRE un_vol" }, "geometry": { "type": "Polygon", "coordinates": [ [ [ 7.67318, 45.07206 ], [ 7.6732, 45.07206 ], [ 7.67322, 45.07205 ], [ 7.67341, 45.07232 ], [ 7.67378, 45.07219 ], [ 7.6738, 45.07218 ], [ 7.67357, 45.07185 ], [ 7.6735, 45.07188 ], [ 7.67324, 45.07197 ], [ 7.67318, 45.07199 ], [ 7.67314, 45.07201 ], [ 7.67311, 45.07202 ], [ 7.67311, 45.07202 ], [ 7.67315, 45.07207 ], [ 7.67315, 45.07207 ], [ 7.67317, 45.07207 ], [ 7.67318, 45.07206 ] ] ] } },
{ "type": "Feature", "properties": { "uuid": "c2c03286-14d6-4731-ba8f-80665d74a15d", "data_acq": "2017-12-31 00:00:00", "data_agg": "2017-12-31 00:00:00", "data_fin": "9999-12-31 00:00:00", "ente_for": "REGIONE PIEMONTE", "ente_prod": "ARPA PIEMONTE", "modo_prod": "banche dati esterne - geometrie da catasto, altezza volumi da ARPA PIEMONTE (DSM-DTM,LAS)", "sc_acq": "1:10000", "un_vol_av": "9", "un_vol_por": "al suolo", "un_vol_qe": "", "un_vol_ex": "altezza", "source": "BDTRE un_vol" }, "geometry": { "type": "Polygon", "coordinates": [ [ [ 7.69069, 45.08157 ], [ 7.69073, 45.08163 ], [ 7.69056, 45.08169 ], [ 7.69059, 45.08173 ], [ 7.69057, 45.08174 ], [ 7.69059, 45.08177 ], [ 7.69058, 45.08177 ], [ 7.69059, 45.08179 ], [ 7.69058, 45.08179 ], [ 7.69059, 45.0818 ], [ 7.69074, 45.08175 ], [ 7.6907, 45.08169 ], [ 7.69076, 45.08167 ], [ 7.69084, 45.08179 ], [ 7.69059, 45.08187 ], [ 7.69054, 45.08178 ], [ 7.69045, 45.08165 ], [ 7.69052, 45.08163 ], [ 7.69055, 45.08162 ], [ 7.69069, 45.08157 ] ] ] } },
{ "type": "Feature", "properties": { "uuid": "817c17f1-707b-4b23-9728-3c22cacb298c", "data_acq": "2017-12-31 00:00:00", "data_agg": "2017-12-31 00:00:00", "data_fin": "9999-12-31 00:00:00", "ente_for": "REGIONE PIEMONTE", "ente_prod": "ARPA PIEMONTE", "modo_prod": "banche dati esterne - geometrie da catasto, altezza volumi da ARPA PIEMONTE (DSM-DTM,LAS)", "sc_acq": "1:10000", "un_vol_av": "8", "un_vol_por": "al suolo", "un_vol_qe": "", "un_vol_ex": "altezza", "source": "BDTRE un_vol" }, "geometry": { "type": "Polygon", "coordinates": [ [ [ 7.67909, 45.0838 ], [ 7.67918, 45.08394 ], [ 7.6792, 45.08394 ], [ 7.67921, 45.08395 ], [ 7.67907, 45.084 ], [ 7.67896, 45.08385 ], [ 7.67909, 45.0838 ] ] ] } },
{ "type": "Feature", "properties": { "uuid": "ac800ec8-3c85-491f-9ee8-c1e6d302c54c", "data_acq": "2017-12-31 00:00:00", "data_agg": "2017-12-31 00:00:00", "data_fin": "9999-12-31 00:00:00", "ente_for": "REGIONE PIEMONTE", "ente_prod": "ARPA PIEMONTE", "modo_prod": "banche dati esterne - geometrie da catasto, altezza volumi da ARPA PIEMONTE (DSM-DTM,LAS)", "sc_acq": "1:10000", "un_vol_av": "17", "un_vol_por": "al suolo", "un_vol_qe": "", "un_vol_ex": "altezza", "source": "BDTRE un_vol" }, "geometry": { "type": "Polygon", "coordinates": [ [ [ 7.68839, 45.06678 ], [ 7.68818, 45.06686 ], [ 7.68815, 45.06682 ], [ 7.68821, 45.0668 ], [ 7.68821, 45.0668 ], [ 7.68824, 45.06679 ], [ 7.68819, 45.06672 ], [ 7.68819, 45.06672 ], [ 7.68812, 45.06674 ], [ 7.68813, 45.06675 ], [ 7.68811, 45.06676 ], [ 7.68811, 45.06676 ], [ 7.68804, 45.06665 ], [ 7.68824, 45.06658 ], [ 7.68832, 45.06669 ], [ 7.68836, 45.06675 ], [ 7.68837, 45.06676 ], [ 7.68839, 45.06678 ], [ 7.68839, 45.06678 ] ] ] } },
{ "type": "Feature", "properties": { "uuid": "17ec8d4f-ae16-4fa3-9ac4-5b96108507fd", "data_acq": "2017-12-31 00:00:00", "data_agg": "2017-12-31 00:00:00", "data_fin": "9999-12-31 00:00:00", "ente_for": "REGIONE PIEMONTE", "ente_prod": "ARPA PIEMONTE", "modo_prod": "banche dati esterne - geometrie da catasto, altezza volumi da ARPA PIEMONTE (DSM-DTM,LAS)", "sc_acq": "1:10000", "un_vol_av": "7", "un_vol_por": "al suolo", "un_vol_qe": "", "un_vol_ex": "altezza", "source": "BDTRE un_vol" }, "geometry": { "type": "Polygon", "coordinates": [ [ [ 7.68894, 45.07003 ], [ 7.689, 45.07011 ], [ 7.68905, 45.07018 ], [ 7.68896, 45.07022 ], [ 7.68897, 45.07023 ], [ 7.68891, 45.07025 ], [ 7.6889, 45.07024 ], [ 7.68888, 45.07025 ], [ 7.68877, 45.0701 ], [ 7.68894, 45.07003 ] ] ] } },
{ "type": "Feature", "properties": { "uuid": "6842b7a9-edf1-4726-bab1-7d0ca3a61c5f", "data_acq": "2017-12-31 00:00:00", "data_agg": "2017-12-31 00:00:00", "data_fin": "9999-12-31 00:00:00", "ente_for": "REGIONE PIEMONTE", "ente_prod": "ARPA PIEMONTE", "modo_prod": "banche dati esterne - geometrie da catasto, altezza volumi da ARPA PIEMONTE (DSM-DTM,LAS)", "sc_acq": "1:10000", "un_vol_av": "23", "un_vol_por": "al suolo", "un_vol_qe": "", "un_vol_ex": "altezza", "source": "BDTRE un_vol" }, "geometry": { "type": "Polygon", "coordinates": [ [ [ 7.68377, 45.06923 ], [ 7.68377, 45.06923 ], [ 7.68422, 45.06986 ], [ 7.68442, 45.06979 ], [ 7.68462, 45.06972 ], [ 7.68446, 45.0695 ], [ 7.68445, 45.06948 ], [ 7.68442, 45.06947 ], [ 7.68436, 45.06949 ], [ 7.68436, 45.06949 ], [ 7.68422, 45.06954 ], [ 7.68419, 45.06951 ], [ 7.68418, 45.06951 ], [ 7.68404, 45.06932 ], [ 7.68411, 45.06929 ], [ 7.6841, 45.06928 ], [ 7.6841, 45.06929 ], [ 7.68409, 45.06928 ], [ 7.68408, 45.06928 ], [ 7.68405, 45.06924 ], [ 7.68409, 45.06923 ], [ 7.6841, 45.06923 ], [ 7.68415, 45.06921 ], [ 7.68413, 45.06919 ], [ 7.68423, 45.06915 ], [ 7.68423, 45.06914 ], [ 7.68418, 45.06907 ], [ 7.68407, 45.06911 ], [ 7.68401, 45.06913 ], [ 7.68398, 45.06915 ], [ 7.68396, 45.06915 ], [ 7.68385, 45.06919 ], [ 7.68376, 45.06922 ], [ 7.68377, 45.06923 ] ], [ [ 7.68438, 45.0696 ], [ 7.68442, 45.06966 ], [ 7.68433, 45.06969 ], [ 7.68429, 45.06963 ], [ 7.68438, 45.0696 ] ] ] } },
{ "type": "Feature", "properties": { "uuid": "6f646c68-d03e-450a-9c7f-ae501a52ec1a", "data_acq": "2017-12-31 00:00:00", "data_agg": "2017-12-31 00:00:00", "data_fin": "9999-12-31 00:00:00", "ente_for": "REGIONE PIEMONTE", "ente_prod": "ARPA PIEMONTE", "modo_prod": "banche dati esterne - geometrie da catasto, altezza volumi da ARPA PIEMONTE (DSM-DTM,LAS)", "sc_acq": "1:10000", "un_vol_av": "30", "un_vol_por": "al suolo", "un_vol_qe": "", "un_vol_ex": "altezza", "source": "BDTRE un_vol" }, "geometry": { "type": "Polygon", "coordinates": [ [ [ 7.66866, 45.07745 ], [ 7.66864, 45.07742 ], [ 7.66845, 45.07716 ], [ 7.66845, 45.07717 ], [ 7.66836, 45.0772 ], [ 7.66819, 45.07726 ], [ 7.66817, 45.07727 ], [ 7.66825, 45.07738 ], [ 7.66825, 45.07739 ], [ 7.66827, 45.07738 ], [ 7.66826, 45.07737 ], [ 7.66826, 45.07737 ], [ 7.66837, 45.07733 ], [ 7.66837, 45.07734 ], [ 7.66838, 45.07734 ], [ 7.66837, 45.07734 ], [ 7.66838, 45.07736 ], [ 7.66838, 45.07735 ], [ 7.66842, 45.0774 ], [ 7.66842, 45.0774 ], [ 7.66841, 45.07741 ], [ 7.66842, 45.07742 ], [ 7.66843, 45.07741 ], [ 7.66846, 45.07746 ], [ 7.66849, 45.07749 ], [ 7.66849, 45.0775 ], [ 7.66848, 45.0775 ], [ 7.66849, 45.07751 ], [ 7.66849, 45.07751 ], [ 7.6685, 45.07751 ], [ 7.6685, 45.07751 ], [ 7.66866, 45.07745 ] ] ] } },
{ "type": "Feature", "properties": { "uuid": "8506a6e5-dd51-4625-9aac-6d6b443cf037", "data_acq": "2017-12-31 00:00:00", "data_agg": "2017-12-31 00:00:00", "data_fin": "9999-12-31 00:00:00", "ente_for": "REGIONE PIEMONTE", "ente_prod": "ARPA PIEMONTE", "modo_prod": "banche dati esterne - geometrie da catasto, altezza volumi da ARPA PIEMONTE (DSM-DTM,LAS)", "sc_acq": "1:10000", "un_vol_av": "16", "un_vol_por": "al suolo", "un_vol_qe": "", "un_vol_ex": "altezza", "source": "BDTRE un_vol" }, "geometry": { "type": "Polygon", "coordinates": [ [ [ 7.69286, 45.08372 ], [ 7.69272, 45.08373 ], [ 7.69272, 45.0837 ], [ 7.69265, 45.08367 ], [ 7.69265, 45.08367 ], [ 7.69264, 45.08367 ], [ 7.69258, 45.08359 ], [ 7.69267, 45.08356 ], [ 7.69285, 45.08364 ], [ 7.69286, 45.08372 ] ] ] } },
{ "type": "Feature", "properties": { "uuid": "c24c3e71-7a4d-4f37-9e96-2b70c72bd97b", "data_acq": "2017-12-31 00:00:00", "data_agg": "2017-12-31 00:00:00", "data_fin": "9999-12-31 00:00:00", "ente_for": "REGIONE PIEMONTE", "ente_prod": "ARPA PIEMONTE", "modo_prod": "banche dati esterne - geometrie da catasto, altezza volumi da ARPA PIEMONTE (DSM-DTM,LAS)", "sc_acq": "1:10000", "un_vol_av": "23", "un_vol_por": "al suolo", "un_vol_qe": "", "un_vol_ex": "altezza", "source": "BDTRE un_vol" }, "geometry": { "type": "Polygon", "coordinates": [ [ [ 7.69315, 45.07394 ], [ 7.69311, 45.07395 ], [ 7.69311, 45.07395 ], [ 7.69308, 45.07397 ], [ 7.69311, 45.07402 ], [ 7.69311, 45.07402 ], [ 7.69305, 45.07405 ], [ 7.69293, 45.07388 ], [ 7.69308, 45.07383 ], [ 7.69315, 45.07394 ] ] ] } },
{ "type": "Feature", "properties": { "uuid": "d6d523f2-7a8a-4642-8711-ee94746b3628", "data_acq": "2017-12-31 00:00:00", "data_agg": "2017-12-31 00:00:00", "data_fin": "9999-12-31 00:00:00", "ente_for": "REGIONE PIEMONTE", "ente_prod": "ARPA PIEMONTE", "modo_prod": "banche dati esterne - geometrie da catasto, altezza volumi da ARPA PIEMONTE (DSM-DTM,LAS)", "sc_acq": "1:10000", "un_vol_av": "22", "un_vol_por": "al suolo", "un_vol_qe": "", "un_vol_ex": "altezza", "source": "BDTRE un_vol" }, "geometry": { "type": "Polygon", "coordinates": [ [ [ 7.66671, 45.07467 ], [ 7.66654, 45.07474 ], [ 7.66646, 45.07476 ], [ 7.66643, 45.07478 ], [ 7.66646, 45.07482 ], [ 7.66661, 45.07478 ], [ 7.66667, 45.07488 ], [ 7.66669, 45.07489 ], [ 7.66667, 45.0749 ], [ 7.66668, 45.07491 ], [ 7.66668, 45.07491 ], [ 7.6667, 45.0749 ], [ 7.66674, 45.07497 ], [ 7.66661, 45.07501 ], [ 7.6666, 45.07502 ], [ 7.66667, 45.07512 ], [ 7.66675, 45.07509 ], [ 7.66685, 45.07506 ], [ 7.66695, 45.07502 ], [ 7.66695, 45.07501 ], [ 7.66695, 45.07501 ], [ 7.66671, 45.07467 ] ] ] } },
{ "type": "Feature", "properties": { "uuid": "3ae15f3a-d9c8-488f-b19c-fe17eb5d822d", "data_acq": "2017-12-31 00:00:00", "data_agg": "2017-12-31 00:00:00", "data_fin": "9999-12-31 00:00:00", "ente_for": "REGIONE PIEMONTE", "ente_prod": "ARPA PIEMONTE", "modo_prod": "banche dati esterne - geometrie da catasto, altezza volumi da ARPA PIEMONTE (DSM-DTM,LAS)", "sc_acq": "1:10000", "un_vol_av": "15", "un_vol_por": "al suolo", "un_vol_qe": "", "un_vol_ex": "altezza", "source": "BDTRE un_vol" }, "geometry": { "type": "Polygon", "coordinates": [ [ [ 7.67647, 45.06882 ], [ 7.67631, 45.06888 ], [ 7.67627, 45.06882 ], [ 7.67621, 45.06873 ], [ 7.67604, 45.0688 ], [ 7.67613, 45.06892 ], [ 7.67597, 45.06898 ], [ 7.6758, 45.06874 ], [ 7.67629, 45.06856 ], [ 7.67647, 45.06882 ] ] ] } },
{ "type": "Feature", "properties": { "uuid": "395e51f7-53ae-4344-bf50-c18d5e99478d", "data_acq": "2017-12-31 00:00:00", "data_agg": "2017-12-31 00:00:00", "data_fin": "9999-12-31 00:00:00", "ente_for": "REGIONE PIEMONTE", "ente_prod": "ARPA PIEMONTE", "modo_prod": "banche dati esterne - geometrie da catasto, altezza volumi da ARPA PIEMONTE (DSM-DTM,LAS)", "sc_acq": "1:10000", "un_vol_av": "16", "un_vol_por": "al suolo", "un_vol_qe": "", "un_vol_ex": "altezza", "source": "BDTRE un_vol" }, "geometry": { "type": "Polygon", "coordinates": [ [ [ 7.67128, 45.08205 ], [ 7.67149, 45.08199 ], [ 7.67164, 45.08225 ], [ 7.67158, 45.08227 ], [ 7.6715, 45.08215 ], [ 7.67152, 45.08215 ], [ 7.67152, 45.08215 ], [ 7.6715, 45.0821 ], [ 7.67134, 45.08215 ], [ 7.67134, 45.08215 ], [ 7.67128, 45.08205 ] ] ] } },
{ "type": "Feature", "properties": { "uuid": "73d52031-d06a-4a14-9e49-b8d914eadcc4", "data_acq": "2017-12-31 00:00:00", "data_agg": "2017-12-31 00:00:00", "data_fin": "9999-12-31 00:00:00", "ente_for": "REGIONE PIEMONTE", "ente_prod": "ARPA PIEMONTE", "modo_prod": "banche dati esterne - geometrie da catasto, altezza volumi da ARPA PIEMONTE (DSM-DTM,LAS)", "sc_acq": "1:10000", "un_vol_av": "19", "un_vol_por": "al suolo", "un_vol_qe": "", "un_vol_ex": "altezza", "source": "BDTRE un_vol" }, "geometry": { "type": "Polygon", "coordinates": [ [ [ 7.68184, 45.07587 ], [ 7.68176, 45.07589 ], [ 7.6817, 45.07591 ], [ 7.68164, 45.07582 ], [ 7.68164, 45.07581 ], [ 7.68177, 45.07576 ], [ 7.68184, 45.07587 ] ] ] } },
{ "type": "Feature", "properties": { "uuid": "e8c8118d-0381-4b1d-82a0-80589d113bc4", "data_acq": "2017-12-31 00:00:00", "data_agg": "2017-12-31 00:00:00", "data_fin": "9999-12-31 00:00:00", "ente_for": "REGIONE PIEMONTE", "ente_prod": "ARPA PIEMONTE", "modo_prod": "banche dati esterne - geometrie da catasto, altezza volumi da ARPA PIEMONTE (DSM-DTM,LAS)", "sc_acq": "1:10000", "un_vol_av": "15", "un_vol_por": "al suolo", "un_vol_qe": "", "un_vol_ex": "altezza", "source": "BDTRE un_vol" }, "geometry": { "type": "Polygon", "coordinates": [ [ [ 7.66743, 45.07916 ], [ 7.66735, 45.0791 ], [ 7.66734, 45.07909 ], [ 7.66732, 45.07911 ], [ 7.66734, 45.07912 ], [ 7.66734, 45.07911 ], [ 7.66737, 45.07913 ], [ 7.66737, 45.07913 ], [ 7.66732, 45.07917 ], [ 7.66722, 45.0791 ], [ 7.66721, 45.0791 ], [ 7.6672, 45.07909 ], [ 7.66719, 45.0791 ], [ 7.66717, 45.07909 ], [ 7.66724, 45.07903 ], [ 7.66724, 45.07903 ], [ 7.66715, 45.07897 ], [ 7.66709, 45.079 ], [ 7.66704, 45.07904 ], [ 7.66714, 45.0791 ], [ 7.66718, 45.07913 ], [ 7.66723, 45.07917 ], [ 7.66728, 45.0792 ], [ 7.66733, 45.07923 ], [ 7.66743, 45.07916 ] ] ] } },
{ "type": "Feature", "properties": { "uuid": "614a31f9-5190-4c88-95fe-7dbb39d20843", "data_acq": "2017-12-31 00:00:00", "data_agg": "2017-12-31 00:00:00", "data_fin": "9999-12-31 00:00:00", "ente_for": "REGIONE PIEMONTE", "ente_prod": "ARPA PIEMONTE", "modo_prod": "banche dati esterne - geometrie da catasto, altezza volumi da ARPA PIEMONTE (DSM-DTM,LAS)", "sc_acq": "1:10000", "un_vol_av": "13", "un_vol_por": "al suolo", "un_vol_qe": "", "un_vol_ex": "altezza", "source": "BDTRE un_vol" }, "geometry": { "type": "Polygon", "coordinates": [ [ [ 7.66721, 45.0796 ], [ 7.66724, 45.07965 ], [ 7.66724, 45.07965 ], [ 7.6673, 45.07973 ], [ 7.66723, 45.07975 ], [ 7.66715, 45.07962 ], [ 7.66708, 45.07967 ], [ 7.66709, 45.07968 ], [ 7.66708, 45.07969 ], [ 7.66698, 45.07962 ], [ 7.66714, 45.07951 ], [ 7.66721, 45.0796 ] ] ] } },
{ "type": "Feature", "properties": { "uuid": "cc1d6686-2e1a-4f10-b22a-32cab761aff4", "data_acq": "2017-12-31 00:00:00", "data_agg": "2017-12-31 00:00:00", "data_fin": "9999-12-31 00:00:00", "ente_for": "REGIONE PIEMONTE", "ente_prod": "ARPA PIEMONTE", "modo_prod": "banche dati esterne - geometrie da catasto, altezza volumi da ARPA PIEMONTE (DSM-DTM,LAS)", "sc_acq": "1:10000", "un_vol_av": "12", "un_vol_por": "al suolo", "un_vol_qe": "", "un_vol_ex": "altezza", "source": "BDTRE un_vol" }, "geometry": { "type": "Polygon", "coordinates": [ [ [ 7.66992, 45.06692 ], [ 7.67007, 45.06686 ], [ 7.67009, 45.06686 ], [ 7.67017, 45.06683 ], [ 7.67021, 45.06681 ], [ 7.67027, 45.06679 ], [ 7.67034, 45.06677 ], [ 7.67032, 45.06674 ], [ 7.67029, 45.0667 ], [ 7.67024, 45.06663 ], [ 7.67021, 45.06658 ], [ 7.66998, 45.06666 ], [ 7.66998, 45.06666 ], [ 7.67001, 45.06671 ], [ 7.67017, 45.06665 ], [ 7.67023, 45.06674 ], [ 7.67007, 45.0668 ], [ 7.6701, 45.06683 ], [ 7.67006, 45.06685 ], [ 7.66993, 45.06668 ], [ 7.66979, 45.06673 ], [ 7.66979, 45.06673 ], [ 7.66979, 45.06673 ], [ 7.66989, 45.06688 ], [ 7.66991, 45.06691 ], [ 7.66992, 45.06692 ], [ 7.66992, 45.06692 ], [ 7.66992, 45.06692 ], [ 7.66992, 45.06692 ] ] ] } },
{ "type": "Feature", "properties": { "uuid": "0a951697-032a-48c7-b8bf-e71dc761ab16", "data_acq": "2017-12-31 00:00:00", "data_agg": "2017-12-31 00:00:00", "data_fin": "9999-12-31 00:00:00", "ente_for": "REGIONE PIEMONTE", "ente_prod": "ARPA PIEMONTE", "modo_prod": "banche dati esterne - geometrie da catasto, altezza volumi da ARPA PIEMONTE (DSM-DTM,LAS)", "sc_acq": "1:10000", "un_vol_av": "8", "un_vol_por": "al suolo", "un_vol_qe": "", "un_vol_ex": "altezza", "source": "BDTRE un_vol" }, "geometry": { "type": "Polygon", "coordinates": [ [ [ 7.69381, 45.06648 ], [ 7.6938, 45.06648 ], [ 7.6938, 45.06648 ], [ 7.69386, 45.06654 ], [ 7.69386, 45.06654 ], [ 7.69389, 45.06657 ], [ 7.69388, 45.06657 ], [ 7.69393, 45.06661 ], [ 7.69394, 45.06663 ], [ 7.69391, 45.06664 ], [ 7.69379, 45.06652 ], [ 7.69375, 45.06653 ], [ 7.69375, 45.06652 ], [ 7.69369, 45.06647 ], [ 7.69376, 45.06644 ], [ 7.69381, 45.06648 ] ] ] } },
{ "type": "Feature", "properties": { "uuid": "69d18c2a-949c-4580-9678-70557d41c60b", "data_acq": "2017-12-31 00:00:00", "data_agg": "2017-12-31 00:00:00", "data_fin": "9999-12-31 00:00:00", "ente_for": "REGIONE PIEMONTE", "ente_prod": "ARPA PIEMONTE", "modo_prod": "banche dati esterne - geometrie da catasto, altezza volumi da ARPA PIEMONTE (DSM-DTM,LAS)", "sc_acq": "1:10000", "un_vol_av": "16", "un_vol_por": "al suolo", "un_vol_qe": "", "un_vol_ex": "altezza", "source": "BDTRE un_vol" }, "geometry": { "type": "Polygon", "coordinates": [ [ [ 7.66621, 45.06781 ], [ 7.66621, 45.06781 ], [ 7.66621, 45.06781 ], [ 7.66621, 45.06781 ], [ 7.66613, 45.0677 ], [ 7.66605, 45.06759 ], [ 7.66585, 45.06767 ], [ 7.66551, 45.06779 ], [ 7.66559, 45.0679 ], [ 7.6656, 45.06791 ], [ 7.6656, 45.06791 ], [ 7.66561, 45.0679 ], [ 7.66561, 45.0679 ], [ 7.66566, 45.06788 ], [ 7.66582, 45.06782 ], [ 7.66583, 45.06783 ], [ 7.66586, 45.06782 ], [ 7.66586, 45.06782 ], [ 7.66585, 45.06781 ], [ 7.66596, 45.06777 ], [ 7.66603, 45.06788 ], [ 7.66605, 45.06787 ], [ 7.66621, 45.06781 ] ] ] } },
{ "type": "Feature", "properties": { "uuid": "6b720680-874b-4c9b-80a2-5e27f2197f28", "data_acq": "2017-12-31 00:00:00", "data_agg": "2017-12-31 00:00:00", "data_fin": "9999-12-31 00:00:00", "ente_for": "REGIONE PIEMONTE", "ente_prod": "ARPA PIEMONTE", "modo_prod": "banche dati esterne - geometrie da catasto, altezza volumi da ARPA PIEMONTE (DSM-DTM,LAS)", "sc_acq": "1:10000", "un_vol_av": "18", "un_vol_por": "al suolo", "un_vol_qe": "", "un_vol_ex": "altezza", "source": "BDTRE un_vol" }, "geometry": { "type": "Polygon", "coordinates": [ [ [ 7.69504, 45.07434 ], [ 7.69489, 45.07427 ], [ 7.69489, 45.07424 ], [ 7.69488, 45.07422 ], [ 7.69487, 45.07418 ], [ 7.69486, 45.07415 ], [ 7.69518, 45.07405 ], [ 7.69525, 45.07417 ], [ 7.69521, 45.07419 ], [ 7.69518, 45.07415 ], [ 7.69518, 45.07415 ], [ 7.69515, 45.07416 ], [ 7.69515, 45.07416 ], [ 7.69514, 45.07417 ], [ 7.69514, 45.07417 ], [ 7.69513, 45.07416 ], [ 7.69513, 45.07416 ], [ 7.69504, 45.07419 ], [ 7.69505, 45.07422 ], [ 7.69512, 45.07425 ], [ 7.69504, 45.07434 ] ] ] } },
{ "type": "Feature", "properties": { "uuid": "cab75d56-bb5f-435b-9218-60e8dad58e80", "data_acq": "2017-12-31 00:00:00", "data_agg": "2017-12-31 00:00:00", "data_fin": "9999-12-31 00:00:00", "ente_for": "REGIONE PIEMONTE", "ente_prod": "ARPA PIEMONTE", "modo_prod": "banche dati esterne - geometrie da catasto, altezza volumi da ARPA PIEMONTE (DSM-DTM,LAS)", "sc_acq": "1:10000", "un_vol_av": "17", "un_vol_por": "al suolo", "un_vol_qe": "", "un_vol_ex": "altezza", "source": "BDTRE un_vol" }, "geometry": { "type": "Polygon", "coordinates": [ [ [ 7.68169, 45.07156 ], [ 7.68173, 45.07162 ], [ 7.68173, 45.07161 ], [ 7.68178, 45.07168 ], [ 7.68175, 45.07169 ], [ 7.68179, 45.07175 ], [ 7.68186, 45.07172 ], [ 7.6819, 45.07177 ], [ 7.68189, 45.07178 ], [ 7.68193, 45.07183 ], [ 7.68206, 45.07178 ], [ 7.68205, 45.07176 ], [ 7.68205, 45.07175 ], [ 7.68208, 45.07174 ], [ 7.68216, 45.07171 ], [ 7.68228, 45.07166 ], [ 7.68227, 45.07163 ], [ 7.68224, 45.07159 ], [ 7.6822, 45.07154 ], [ 7.68217, 45.07148 ], [ 7.68214, 45.07144 ], [ 7.68212, 45.0714 ], [ 7.68188, 45.07149 ], [ 7.68182, 45.07151 ], [ 7.6817, 45.07156 ], [ 7.68169, 45.07156 ] ], [ [ 7.68203, 45.07154 ], [ 7.68203, 45.07155 ], [ 7.68203, 45.07154 ], [ 7.68204, 45.07154 ], [ 7.68204, 45.07154 ], [ 7.68204, 45.07154 ], [ 7.68204, 45.07154 ], [ 7.68206, 45.07153 ], [ 7.68206, 45.07153 ], [ 7.68211, 45.07161 ], [ 7.68211, 45.07161 ], [ 7.68208, 45.07162 ], [ 7.68208, 45.07163 ], [ 7.68208, 45.07163 ], [ 7.68201, 45.07165 ], [ 7.68196, 45.07167 ], [ 7.68191, 45.07158 ], [ 7.68202, 45.07154 ], [ 7.68203, 45.07154 ], [ 7.68203, 45.07154 ], [ 7.68203, 45.07154 ] ] ] } },
{ "type": "Feature", "properties": { "uuid": "58d39733-d7fb-4a6d-826c-6d0014889f65", "data_acq": "2017-12-31 00:00:00", "data_agg": "2017-12-31 00:00:00", "data_fin": "9999-12-31 00:00:00", "ente_for": "REGIONE PIEMONTE", "ente_prod": "ARPA PIEMONTE", "modo_prod": "banche dati esterne - geometrie da catasto, altezza volumi da ARPA PIEMONTE (DSM-DTM,LAS)", "sc_acq": "1:10000", "un_vol_av": "11", "un_vol_por": "al suolo", "un_vol_qe": "", "un_vol_ex": "altezza", "source": "BDTRE un_vol" }, "geometry": { "type": "Polygon", "coordinates": [ [ [ 7.69502, 45.07446 ], [ 7.695, 45.07449 ], [ 7.69496, 45.07448 ], [ 7.69495, 45.07448 ], [ 7.69494, 45.07448 ], [ 7.6949, 45.07453 ], [ 7.69499, 45.07465 ], [ 7.69503, 45.0746 ], [ 7.69499, 45.07459 ], [ 7.695, 45.07457 ], [ 7.69498, 45.07456 ], [ 7.69505, 45.07448 ], [ 7.69516, 45.07452 ], [ 7.69516, 45.07453 ], [ 7.69497, 45.07474 ], [ 7.69496, 45.07475 ], [ 7.69495, 45.07475 ], [ 7.69494, 45.07475 ], [ 7.69493, 45.07474 ], [ 7.69478, 45.07453 ], [ 7.69475, 45.07449 ], [ 7.69484, 45.07438 ], [ 7.69502, 45.07446 ] ] ] } },
{ "type": "Feature", "properties": { "uuid": "ad7695b8-7410-412a-8bda-9a95844797e9", "data_acq": "2017-12-31 00:00:00", "data_agg": "2017-12-31 00:00:00", "data_fin": "9999-12-31 00:00:00", "ente_for": "REGIONE PIEMONTE", "ente_prod": "ARPA PIEMONTE", "modo_prod": "banche dati esterne - geometrie da catasto, altezza volumi da ARPA PIEMONTE (DSM-DTM,LAS)", "sc_acq": "1:10000", "un_vol_av": "11", "un_vol_por": "al suolo", "un_vol_qe": "", "un_vol_ex": "altezza", "source": "BDTRE un_vol" }, "geometry": { "type": "Polygon", "coordinates": [ [ [ 7.6743, 45.08304 ], [ 7.6744, 45.08319 ], [ 7.67404, 45.08331 ], [ 7.674, 45.08326 ], [ 7.674, 45.08325 ], [ 7.67402, 45.08324 ], [ 7.67403, 45.08325 ], [ 7.67425, 45.08318 ], [ 7.67419, 45.08309 ], [ 7.67419, 45.08309 ], [ 7.67418, 45.08309 ], [ 7.67418, 45.08309 ], [ 7.67417, 45.08308 ], [ 7.6743, 45.08304 ] ] ] } },
{ "type": "Feature", "properties": { "uuid": "938125ad-f4f6-4413-bef5-4056686801b8", "data_acq": "2017-12-31 00:00:00", "data_agg": "2017-12-31 00:00:00", "data_fin": "9999-12-31 00:00:00", "ente_for": "REGIONE PIEMONTE", "ente_prod": "ARPA PIEMONTE", "modo_prod": "banche dati esterne - geometrie da catasto, altezza volumi da ARPA PIEMONTE (DSM-DTM,LAS)", "sc_acq": "1:10000", "un_vol_av": "5", "un_vol_por": "al suolo", "un_vol_qe": "", "un_vol_ex": "altezza", "source": "BDTRE un_vol" }, "geometry": { "type": "Polygon", "coordinates": [ [ [ 7.68226, 45.06589 ], [ 7.68226, 45.06589 ], [ 7.68227, 45.06592 ], [ 7.68235, 45.06589 ], [ 7.68235, 45.06589 ], [ 7.68233, 45.06586 ], [ 7.68226, 45.06589 ] ] ] } },
{ "type": "Feature", "properties": { "uuid": "0c8804b8-a3fa-4fbe-b11a-80523b0f37e8", "data_acq": "2017-12-31 00:00:00", "data_agg": "2017-12-31 00:00:00", "data_fin": "9999-12-31 00:00:00", "ente_for": "REGIONE PIEMONTE", "ente_prod": "ARPA PIEMONTE", "modo_prod": "banche dati esterne - geometrie da catasto, altezza volumi da ARPA PIEMONTE (DSM-DTM,LAS)", "sc_acq": "1:10000", "un_vol_av": "19", "un_vol_por": "al suolo", "un_vol_qe": "", "un_vol_ex": "altezza", "source": "BDTRE un_vol" }, "geometry": { "type": "Polygon", "coordinates": [ [ [ 7.66629, 45.07941 ], [ 7.66605, 45.07955 ], [ 7.66604, 45.07956 ], [ 7.66604, 45.07956 ], [ 7.66604, 45.07956 ], [ 7.66596, 45.07945 ], [ 7.6661, 45.07936 ], [ 7.66616, 45.07932 ], [ 7.66623, 45.07937 ], [ 7.66629, 45.07941 ] ] ] } },
{ "type": "Feature", "properties": { "uuid": "9e9bd8b7-5257-4deb-8046-72e70bb2e90d", "data_acq": "2017-12-31 00:00:00", "data_agg": "2017-12-31 00:00:00", "data_fin": "9999-12-31 00:00:00", "ente_for": "REGIONE PIEMONTE", "ente_prod": "ARPA PIEMONTE", "modo_prod": "banche dati esterne - geometrie da catasto, altezza volumi da ARPA PIEMONTE (DSM-DTM,LAS)", "sc_acq": "1:10000", "un_vol_av": "19", "un_vol_por": "al suolo", "un_vol_qe": "", "un_vol_ex": "altezza", "source": "BDTRE un_vol" }, "geometry": { "type": "Polygon", "coordinates": [ [ [ 7.68977, 45.06629 ], [ 7.68977, 45.06629 ], [ 7.68974, 45.06624 ], [ 7.68974, 45.06624 ], [ 7.68967, 45.06613 ], [ 7.68965, 45.06611 ], [ 7.68965, 45.0661 ], [ 7.68964, 45.06609 ], [ 7.68978, 45.06604 ], [ 7.69009, 45.06593 ], [ 7.69037, 45.06583 ], [ 7.69039, 45.06582 ], [ 7.6904, 45.06584 ], [ 7.69041, 45.06586 ], [ 7.69061, 45.06613 ], [ 7.69064, 45.06617 ], [ 7.69052, 45.06621 ], [ 7.69038, 45.06626 ], [ 7.69038, 45.06627 ], [ 7.69038, 45.06627 ], [ 7.69033, 45.06629 ], [ 7.69025, 45.06631 ], [ 7.69025, 45.06631 ], [ 7.69025, 45.06631 ], [ 7.69022, 45.06632 ], [ 7.69016, 45.06634 ], [ 7.69, 45.0664 ], [ 7.69, 45.0664 ], [ 7.69, 45.0664 ], [ 7.68999, 45.0664 ], [ 7.68995, 45.06642 ], [ 7.68988, 45.06644 ], [ 7.68984, 45.06637 ], [ 7.68982, 45.06635 ], [ 7.6898, 45.06633 ], [ 7.68977, 45.06629 ] ], [ [ 7.69031, 45.066 ], [ 7.69025, 45.06602 ], [ 7.69029, 45.06608 ], [ 7.69033, 45.06613 ], [ 7.69045, 45.06609 ], [ 7.69037, 45.06598 ], [ 7.69037, 45.06598 ], [ 7.69034, 45.06599 ], [ 7.69034, 45.066 ], [ 7.69032, 45.066 ], [ 7.69032, 45.066 ], [ 7.69031, 45.066 ], [ 7.69031, 45.066 ] ], [ [ 7.69005, 45.06609 ], [ 7.69005, 45.0661 ], [ 7.69, 45.06612 ], [ 7.69, 45.06612 ], [ 7.69, 45.06611 ], [ 7.69, 45.06611 ], [ 7.68995, 45.06613 ], [ 7.68988, 45.06615 ], [ 7.68989, 45.06617 ], [ 7.6899, 45.06616 ], [ 7.68996, 45.06625 ], [ 7.68995, 45.06625 ], [ 7.68996, 45.06626 ], [ 7.69002, 45.06625 ], [ 7.6902, 45.06618 ], [ 7.6902, 45.06617 ], [ 7.69025, 45.06616 ], [ 7.69025, 45.06616 ], [ 7.69025, 45.06616 ], [ 7.69027, 45.06615 ], [ 7.69019, 45.06604 ], [ 7.69019, 45.06604 ], [ 7.69013, 45.06606 ], [ 7.69005, 45.06609 ] ] ] } },
{ "type": "Feature", "properties": { "uuid": "bec9d04d-8120-4410-ab55-6885dcbb0e95", "data_acq": "2017-12-31 00:00:00", "data_agg": "2017-12-31 00:00:00", "data_fin": "9999-12-31 00:00:00", "ente_for": "REGIONE PIEMONTE", "ente_prod": "ARPA PIEMONTE", "modo_prod": "banche dati esterne - geometrie da catasto, altezza volumi da ARPA PIEMONTE (DSM-DTM,LAS)", "sc_acq": "1:10000", "un_vol_av": "19", "un_vol_por": "al suolo", "un_vol_qe": "", "un_vol_ex": "altezza", "source": "BDTRE un_vol" }, "geometry": { "type": "Polygon", "coordinates": [ [ [ 7.69142, 45.08074 ], [ 7.69133, 45.08084 ], [ 7.69132, 45.08083 ], [ 7.69132, 45.08082 ], [ 7.6912, 45.08076 ], [ 7.69119, 45.08077 ], [ 7.69118, 45.08078 ], [ 7.69114, 45.08076 ], [ 7.69109, 45.08073 ], [ 7.69104, 45.08071 ], [ 7.69099, 45.08069 ], [ 7.69108, 45.08059 ], [ 7.69142, 45.08074 ] ] ] } },
{ "type": "Feature", "properties": { "uuid": "740410da-fa03-4018-b6d9-8dc50bdb4020", "data_acq": "2017-12-31 00:00:00", "data_agg": "2017-12-31 00:00:00", "data_fin": "9999-12-31 00:00:00", "ente_for": "REGIONE PIEMONTE", "ente_prod": "ARPA PIEMONTE", "modo_prod": "banche dati esterne - geometrie da catasto, altezza volumi da ARPA PIEMONTE (DSM-DTM,LAS)", "sc_acq": "1:10000", "un_vol_av": "21", "un_vol_por": "al suolo", "un_vol_qe": "", "un_vol_ex": "altezza", "source": "BDTRE un_vol" }, "geometry": { "type": "Polygon", "coordinates": [ [ [ 7.67779, 45.07639 ], [ 7.67818, 45.07626 ], [ 7.6783, 45.07644 ], [ 7.67814, 45.07649 ], [ 7.67811, 45.0765 ], [ 7.67805, 45.07642 ], [ 7.67785, 45.07649 ], [ 7.67785, 45.07649 ], [ 7.67779, 45.07639 ] ] ] } },
{ "type": "Feature", "properties": { "uuid": "9c0830b2-ec55-4fcf-ba19-750a96da6cc0", "data_acq": "2017-12-31 00:00:00", "data_agg": "2017-12-31 00:00:00", "data_fin": "9999-12-31 00:00:00", "ente_for": "REGIONE PIEMONTE", "ente_prod": "ARPA PIEMONTE", "modo_prod": "banche dati esterne - geometrie da catasto, altezza volumi da ARPA PIEMONTE (DSM-DTM,LAS)", "sc_acq": "1:10000", "un_vol_av": "12", "un_vol_por": "al suolo", "un_vol_qe": "", "un_vol_ex": "altezza", "source": "BDTRE un_vol" }, "geometry": { "type": "Polygon", "coordinates": [ [ [ 7.67933, 45.06551 ], [ 7.67949, 45.06573 ], [ 7.67934, 45.06579 ], [ 7.67934, 45.06579 ], [ 7.67924, 45.06582 ], [ 7.67924, 45.06582 ], [ 7.67921, 45.06578 ], [ 7.67928, 45.06576 ], [ 7.67923, 45.06568 ], [ 7.67923, 45.06568 ], [ 7.67921, 45.06569 ], [ 7.67921, 45.06569 ], [ 7.6792, 45.06568 ], [ 7.67919, 45.06567 ], [ 7.67921, 45.06567 ], [ 7.6792, 45.06565 ], [ 7.67915, 45.06557 ], [ 7.67926, 45.06553 ], [ 7.67933, 45.06551 ] ] ] } },
{ "type": "Feature", "properties": { "uuid": "d0c412f1-9a1a-4b39-97c7-3630b0b54374", "data_acq": "2017-12-31 00:00:00", "data_agg": "2017-12-31 00:00:00", "data_fin": "9999-12-31 00:00:00", "ente_for": "REGIONE PIEMONTE", "ente_prod": "ARPA PIEMONTE", "modo_prod": "banche dati esterne - geometrie da catasto, altezza volumi da ARPA PIEMONTE (DSM-DTM,LAS)", "sc_acq": "1:10000", "un_vol_av": "23", "un_vol_por": "al suolo", "un_vol_qe": "", "un_vol_ex": "altezza", "source": "BDTRE un_vol" }, "geometry": { "type": "Polygon", "coordinates": [ [ [ 7.67051, 45.076 ], [ 7.6705, 45.07599 ], [ 7.67081, 45.07588 ], [ 7.67081, 45.07588 ], [ 7.67082, 45.07588 ], [ 7.6709, 45.07585 ], [ 7.6709, 45.07585 ], [ 7.67096, 45.07582 ], [ 7.67096, 45.07582 ], [ 7.67096, 45.07581 ], [ 7.67092, 45.07577 ], [ 7.6709, 45.07578 ], [ 7.67086, 45.07579 ], [ 7.67085, 45.07579 ], [ 7.6708, 45.0757 ], [ 7.67079, 45.0757 ], [ 7.67073, 45.07561 ], [ 7.6707, 45.07557 ], [ 7.67054, 45.07562 ], [ 7.67056, 45.07566 ], [ 7.67061, 45.07573 ], [ 7.67063, 45.07576 ], [ 7.67057, 45.07578 ], [ 7.67056, 45.07577 ], [ 7.67052, 45.07578 ], [ 7.67053, 45.07579 ], [ 7.67049, 45.07581 ], [ 7.67044, 45.07583 ], [ 7.67041, 45.07584 ], [ 7.67039, 45.07582 ], [ 7.67027, 45.07587 ], [ 7.67026, 45.07587 ], [ 7.67029, 45.07591 ], [ 7.67022, 45.07594 ], [ 7.67008, 45.07574 ], [ 7.67004, 45.07576 ], [ 7.67001, 45.07572 ], [ 7.66995, 45.07574 ], [ 7.66997, 45.07578 ], [ 7.66993, 45.07579 ], [ 7.66992, 45.07578 ], [ 7.6699, 45.07579 ], [ 7.66987, 45.07574 ], [ 7.66984, 45.07574 ], [ 7.66977, 45.07563 ], [ 7.6698, 45.07562 ], [ 7.66981, 45.07562 ], [ 7.66982, 45.07563 ], [ 7.66982, 45.07563 ], [ 7.66982, 45.07563 ], [ 7.66983, 45.07563 ], [ 7.66984, 45.07564 ], [ 7.66984, 45.07564 ], [ 7.67005, 45.07557 ], [ 7.67005, 45.07557 ], [ 7.6701, 45.07565 ], [ 7.67006, 45.07567 ], [ 7.6701, 45.07573 ], [ 7.67023, 45.07569 ], [ 7.67006, 45.07544 ], [ 7.67005, 45.07544 ], [ 7.66993, 45.07549 ], [ 7.66964, 45.07559 ], [ 7.66964, 45.07558 ], [ 7.66959, 45.0756 ], [ 7.66956, 45.07561 ], [ 7.66955, 45.07562 ], [ 7.66956, 45.07564 ], [ 7.66959, 45.07568 ], [ 7.6696, 45.07568 ], [ 7.6696, 45.07568 ], [ 7.66978, 45.07594 ], [ 7.6698, 45.07597 ], [ 7.66983, 45.07601 ], [ 7.66991, 45.07612 ], [ 7.6699, 45.07612 ], [ 7.6699, 45.07612 ], [ 7.66995, 45.07618 ], [ 7.66995, 45.07618 ], [ 7.66995, 45.07618 ], [ 7.66995, 45.07618 ], [ 7.67003, 45.07615 ], [ 7.67004, 45.07615 ], [ 7.67003, 45.07615 ], [ 7.67035, 45.07604 ], [ 7.67036, 45.07607 ], [ 7.67037, 45.07607 ], [ 7.67037, 45.07607 ], [ 7.67051, 45.07602 ], [ 7.67052, 45.07602 ], [ 7.67051, 45.07601 ], [ 7.67052, 45.07601 ], [ 7.67051, 45.076 ], [ 7.67051, 45.076 ] ], [ [ 7.66994, 45.07585 ], [ 7.66998, 45.07583 ], [ 7.66998, 45.07583 ], [ 7.67005, 45.07581 ], [ 7.67014, 45.07594 ], [ 7.67013, 45.07594 ], [ 7.67014, 45.07597 ], [ 7.67009, 45.07599 ], [ 7.67006, 45.07594 ], [ 7.67, 45.07596 ], [ 7.66992, 45.07585 ], [ 7.66993, 45.07584 ], [ 7.66994, 45.07585 ] ] ] } },
{ "type": "Feature", "properties": { "uuid": "86d61423-e19e-4de9-84fb-7ffd8c40ab64", "data_acq": "2017-12-31 00:00:00", "data_agg": "2017-12-31 00:00:00", "data_fin": "9999-12-31 00:00:00", "ente_for": "REGIONE PIEMONTE", "ente_prod": "ARPA PIEMONTE", "modo_prod": "banche dati esterne - geometrie da catasto, altezza volumi da ARPA PIEMONTE (DSM-DTM,LAS)", "sc_acq": "1:10000", "un_vol_av": "23", "un_vol_por": "al suolo", "un_vol_qe": "", "un_vol_ex": "altezza", "source": "BDTRE un_vol" }, "geometry": { "type": "Polygon", "coordinates": [ [ [ 7.68472, 45.08287 ], [ 7.6849, 45.08275 ], [ 7.68501, 45.08268 ], [ 7.68505, 45.08269 ], [ 7.68512, 45.08283 ], [ 7.68512, 45.08283 ], [ 7.68507, 45.08284 ], [ 7.68499, 45.08286 ], [ 7.68496, 45.08286 ], [ 7.68495, 45.08286 ], [ 7.68482, 45.08294 ], [ 7.68481, 45.08294 ], [ 7.68472, 45.08287 ] ] ] } },
{ "type": "Feature", "properties": { "uuid": "488cd5d0-4918-4d66-b5a9-348673356e8e", "data_acq": "2017-12-31 00:00:00", "data_agg": "2017-12-31 00:00:00", "data_fin": "9999-12-31 00:00:00", "ente_for": "REGIONE PIEMONTE", "ente_prod": "ARPA PIEMONTE", "modo_prod": "banche dati esterne - geometrie da catasto, altezza volumi da ARPA PIEMONTE (DSM-DTM,LAS)", "sc_acq": "1:10000", "un_vol_av": "20", "un_vol_por": "al suolo", "un_vol_qe": "", "un_vol_ex": "altezza", "source": "BDTRE un_vol" }, "geometry": { "type": "Polygon", "coordinates": [ [ [ 7.66618, 45.08207 ], [ 7.66629, 45.08222 ], [ 7.66629, 45.08222 ], [ 7.66603, 45.08231 ], [ 7.66596, 45.08221 ], [ 7.66608, 45.08217 ], [ 7.66609, 45.08216 ], [ 7.66606, 45.08211 ], [ 7.66618, 45.08207 ] ] ] } },
{ "type": "Feature", "properties": { "uuid": "2b6cd7f5-ae5c-46b2-92bc-72c6e0ded389", "data_acq": "2017-12-31 00:00:00", "data_agg": "2017-12-31 00:00:00", "data_fin": "9999-12-31 00:00:00", "ente_for": "REGIONE PIEMONTE", "ente_prod": "ARPA PIEMONTE", "modo_prod": "banche dati esterne - geometrie da catasto, altezza volumi da ARPA PIEMONTE (DSM-DTM,LAS)", "sc_acq": "1:10000", "un_vol_av": "14", "un_vol_por": "al suolo", "un_vol_qe": "", "un_vol_ex": "altezza", "source": "BDTRE un_vol" }, "geometry": { "type": "Polygon", "coordinates": [ [ [ 7.69445, 45.08281 ], [ 7.69442, 45.08284 ], [ 7.69436, 45.08281 ], [ 7.69438, 45.08278 ], [ 7.69445, 45.08281 ] ] ] } },
{ "type": "Feature", "properties": { "uuid": "2a093afd-4147-4b12-8dcb-6937436a133d", "data_acq": "2017-12-31 00:00:00", "data_agg": "2017-12-31 00:00:00", "data_fin": "9999-12-31 00:00:00", "ente_for": "REGIONE PIEMONTE", "ente_prod": "ARPA PIEMONTE", "modo_prod": "banche dati esterne - geometrie da catasto, altezza volumi da ARPA PIEMONTE (DSM-DTM,LAS)", "sc_acq": "1:10000", "un_vol_av": "31", "un_vol_por": "al suolo", "un_vol_qe": "", "un_vol_ex": "altezza", "source": "BDTRE un_vol" }, "geometry": { "type": "Polygon", "coordinates": [ [ [ 7.68674, 45.08202 ], [ 7.6866, 45.08207 ], [ 7.68659, 45.08207 ], [ 7.6865, 45.08194 ], [ 7.68652, 45.08193 ], [ 7.6865, 45.08191 ], [ 7.68647, 45.0819 ], [ 7.68641, 45.08193 ], [ 7.68641, 45.08193 ], [ 7.68621, 45.08206 ], [ 7.68614, 45.08195 ], [ 7.68633, 45.08182 ], [ 7.68648, 45.08177 ], [ 7.6866, 45.08179 ], [ 7.68674, 45.08202 ] ] ] } },
{ "type": "Feature", "properties": { "uuid": "6bb92322-0806-4165-814f-c40530c915d9", "data_acq": "2017-12-31 00:00:00", "data_agg": "2017-12-31 00:00:00", "data_fin": "9999-12-31 00:00:00", "ente_for": "REGIONE PIEMONTE", "ente_prod": "ARPA PIEMONTE", "modo_prod": "banche dati esterne - geometrie da catasto, altezza volumi da ARPA PIEMONTE (DSM-DTM,LAS)", "sc_acq": "1:10000", "un_vol_av": "15", "un_vol_por": "al suolo", "un_vol_qe": "", "un_vol_ex": "altezza", "source": "BDTRE un_vol" }, "geometry": { "type": "Polygon", "coordinates": [ [ [ 7.67422, 45.08178 ], [ 7.67409, 45.08159 ], [ 7.67401, 45.08161 ], [ 7.67403, 45.08165 ], [ 7.67405, 45.08169 ], [ 7.67412, 45.08167 ], [ 7.67413, 45.08169 ], [ 7.67395, 45.08175 ], [ 7.67401, 45.08185 ], [ 7.67401, 45.08185 ], [ 7.67422, 45.08178 ] ] ] } },
{ "type": "Feature", "properties": { "uuid": "39f7bb3c-0c24-48ba-8cec-75b5ceb97556", "data_acq": "2017-12-31 00:00:00", "data_agg": "2017-12-31 00:00:00", "data_fin": "9999-12-31 00:00:00", "ente_for": "REGIONE PIEMONTE", "ente_prod": "ARPA PIEMONTE", "modo_prod": "banche dati esterne - geometrie da catasto, altezza volumi da ARPA PIEMONTE (DSM-DTM,LAS)", "sc_acq": "1:10000", "un_vol_av": "34", "un_vol_por": "al suolo", "un_vol_qe": "", "un_vol_ex": "altezza", "source": "BDTRE un_vol" }, "geometry": { "type": "Polygon", "coordinates": [ [ [ 7.67195, 45.08113 ], [ 7.67214, 45.08106 ], [ 7.67213, 45.08106 ], [ 7.6721, 45.08107 ], [ 7.67207, 45.08102 ], [ 7.67206, 45.08103 ], [ 7.67205, 45.08102 ], [ 7.67206, 45.08102 ], [ 7.67207, 45.081 ], [ 7.67207, 45.081 ], [ 7.67207, 45.081 ], [ 7.67208, 45.08101 ], [ 7.67208, 45.08099 ], [ 7.67207, 45.08099 ], [ 7.67208, 45.08097 ], [ 7.67209, 45.08097 ], [ 7.6721, 45.08097 ], [ 7.6721, 45.08095 ], [ 7.67208, 45.08095 ], [ 7.67209, 45.08092 ], [ 7.67207, 45.08092 ], [ 7.67207, 45.08091 ], [ 7.6721, 45.0809 ], [ 7.6721, 45.0809 ], [ 7.67211, 45.08091 ], [ 7.67211, 45.08091 ], [ 7.67212, 45.0809 ], [ 7.67211, 45.0809 ], [ 7.67215, 45.08089 ], [ 7.67214, 45.08088 ], [ 7.67222, 45.08086 ], [ 7.67216, 45.08076 ], [ 7.67207, 45.08079 ], [ 7.67203, 45.08081 ], [ 7.67201, 45.08081 ], [ 7.67197, 45.08082 ], [ 7.67196, 45.08085 ], [ 7.67196, 45.08087 ], [ 7.67195, 45.08089 ], [ 7.67195, 45.08091 ], [ 7.67194, 45.08092 ], [ 7.67193, 45.08093 ], [ 7.67192, 45.08095 ], [ 7.67192, 45.08095 ], [ 7.67192, 45.08096 ], [ 7.67191, 45.08096 ], [ 7.67191, 45.08097 ], [ 7.6719, 45.08098 ], [ 7.67189, 45.081 ], [ 7.67187, 45.08102 ], [ 7.67195, 45.08113 ] ] ] } },
{ "type": "Feature", "properties": { "uuid": "81855fa2-c464-4184-b29e-bdf99fdcb043", "data_acq": "2017-12-31 00:00:00", "data_agg": "2017-12-31 00:00:00", "data_fin": "9999-12-31 00:00:00", "ente_for": "REGIONE PIEMONTE", "ente_prod": "ARPA PIEMONTE", "modo_prod": "banche dati esterne - geometrie da catasto, altezza volumi da ARPA PIEMONTE (DSM-DTM,LAS)", "sc_acq": "1:10000", "un_vol_av": "18", "un_vol_por": "al suolo", "un_vol_qe": "", "un_vol_ex": "altezza", "source": "BDTRE un_vol" }, "geometry": { "type": "Polygon", "coordinates": [ [ [ 7.68446, 45.07954 ], [ 7.68438, 45.07955 ], [ 7.68438, 45.07954 ], [ 7.68433, 45.07947 ], [ 7.68425, 45.07936 ], [ 7.68444, 45.0793 ], [ 7.68449, 45.07944 ], [ 7.68447, 45.07944 ], [ 7.68446, 45.07943 ], [ 7.68439, 45.07945 ], [ 7.68443, 45.07952 ], [ 7.68445, 45.07952 ], [ 7.68446, 45.07954 ] ] ] } },
{ "type": "Feature", "properties": { "uuid": "3a903dc0-7fb5-4b24-b1f6-40eba010eae4", "data_acq": "2017-12-31 00:00:00", "data_agg": "2017-12-31 00:00:00", "data_fin": "9999-12-31 00:00:00", "ente_for": "REGIONE PIEMONTE", "ente_prod": "ARPA PIEMONTE", "modo_prod": "banche dati esterne - geometrie da catasto, altezza volumi da ARPA PIEMONTE (DSM-DTM,LAS)", "sc_acq": "1:10000", "un_vol_av": "12", "un_vol_por": "al suolo", "un_vol_qe": "", "un_vol_ex": "altezza", "source": "BDTRE un_vol" }, "geometry": { "type": "Polygon", "coordinates": [ [ [ 7.677, 45.06582 ], [ 7.67692, 45.06585 ], [ 7.6769, 45.06585 ], [ 7.67708, 45.0661 ], [ 7.67667, 45.06625 ], [ 7.67648, 45.06598 ], [ 7.67648, 45.06598 ], [ 7.67648, 45.06598 ], [ 7.67647, 45.06596 ], [ 7.67646, 45.06594 ], [ 7.67644, 45.06592 ], [ 7.67643, 45.06591 ], [ 7.67645, 45.0659 ], [ 7.67654, 45.06587 ], [ 7.67668, 45.06582 ], [ 7.67693, 45.06573 ], [ 7.677, 45.06582 ] ], [ [ 7.67666, 45.06591 ], [ 7.6767, 45.06597 ], [ 7.67677, 45.06594 ], [ 7.67673, 45.06589 ], [ 7.67666, 45.06591 ] ], [ [ 7.67662, 45.06593 ], [ 7.67654, 45.06596 ], [ 7.67656, 45.06598 ], [ 7.67664, 45.06595 ], [ 7.67663, 45.06593 ], [ 7.67662, 45.06593 ] ], [ [ 7.67664, 45.06609 ], [ 7.67672, 45.0662 ], [ 7.67678, 45.06618 ], [ 7.67672, 45.0661 ], [ 7.67674, 45.06609 ], [ 7.67672, 45.06606 ], [ 7.67664, 45.06609 ] ] ] } },
{ "type": "Feature", "properties": { "uuid": "88b720f1-9bcc-47a5-a7ea-1275d722ed31", "data_acq": "2017-12-31 00:00:00", "data_agg": "2017-12-31 00:00:00", "data_fin": "9999-12-31 00:00:00", "ente_for": "REGIONE PIEMONTE", "ente_prod": "ARPA PIEMONTE", "modo_prod": "banche dati esterne - geometrie da catasto, altezza volumi da ARPA PIEMONTE (DSM-DTM,LAS)", "sc_acq": "1:10000", "un_vol_av": "23", "un_vol_por": "al suolo", "un_vol_qe": "", "un_vol_ex": "altezza", "source": "BDTRE un_vol" }, "geometry": { "type": "Polygon", "coordinates": [ [ [ 7.67335, 45.06963 ], [ 7.67323, 45.06946 ], [ 7.67296, 45.06956 ], [ 7.67303, 45.06968 ], [ 7.67304, 45.06967 ], [ 7.67305, 45.06967 ], [ 7.67305, 45.06967 ], [ 7.67315, 45.06963 ], [ 7.67319, 45.06969 ], [ 7.67335, 45.06963 ] ] ] } },
{ "type": "Feature", "properties": { "uuid": "b1345fa9-394d-44d5-85a1-e3ce4a529791", "data_acq": "2017-12-31 00:00:00", "data_agg": "2017-12-31 00:00:00", "data_fin": "9999-12-31 00:00:00", "ente_for": "REGIONE PIEMONTE", "ente_prod": "ARPA PIEMONTE", "modo_prod": "banche dati esterne - geometrie da catasto, altezza volumi da ARPA PIEMONTE (DSM-DTM,LAS)", "sc_acq": "1:10000", "un_vol_av": "20", "un_vol_por": "al suolo", "un_vol_qe": "", "un_vol_ex": "altezza", "source": "BDTRE un_vol" }, "geometry": { "type": "Polygon", "coordinates": [ [ [ 7.67733, 45.07377 ], [ 7.67735, 45.07379 ], [ 7.67741, 45.07387 ], [ 7.67719, 45.07395 ], [ 7.67713, 45.07384 ], [ 7.67712, 45.07385 ], [ 7.67708, 45.07378 ], [ 7.67707, 45.07378 ], [ 7.67718, 45.07374 ], [ 7.67718, 45.07375 ], [ 7.67717, 45.07375 ], [ 7.67722, 45.07382 ], [ 7.67724, 45.07382 ], [ 7.67724, 45.07381 ], [ 7.67725, 45.07381 ], [ 7.67726, 45.07381 ], [ 7.67729, 45.0738 ], [ 7.67728, 45.07379 ], [ 7.67728, 45.07379 ], [ 7.67733, 45.07377 ] ] ] } },
{ "type": "Feature", "properties": { "uuid": "96e5b89d-81e5-46af-8412-8e165c848d37", "data_acq": "2017-12-31 00:00:00", "data_agg": "2017-12-31 00:00:00", "data_fin": "9999-12-31 00:00:00", "ente_for": "REGIONE PIEMONTE", "ente_prod": "ARPA PIEMONTE", "modo_prod": "banche dati esterne - geometrie da catasto, altezza volumi da ARPA PIEMONTE (DSM-DTM,LAS)", "sc_acq": "1:10000", "un_vol_av": "22", "un_vol_por": "al suolo", "un_vol_qe": "", "un_vol_ex": "altezza", "source": "BDTRE un_vol" }, "geometry": { "type": "Polygon", "coordinates": [ [ [ 7.69445, 45.07137 ], [ 7.69429, 45.07143 ], [ 7.69422, 45.07132 ], [ 7.69422, 45.07132 ], [ 7.69405, 45.07108 ], [ 7.69406, 45.07107 ], [ 7.694, 45.07099 ], [ 7.69394, 45.071 ], [ 7.6939, 45.07104 ], [ 7.69389, 45.07104 ], [ 7.69379, 45.07113 ], [ 7.69377, 45.07112 ], [ 7.69375, 45.07115 ], [ 7.69374, 45.07114 ], [ 7.69363, 45.07109 ], [ 7.69393, 45.07078 ], [ 7.69402, 45.07078 ], [ 7.69445, 45.07137 ] ] ] } },
{ "type": "Feature", "properties": { "uuid": "02b01299-c8e2-4185-89db-4973d666d90a", "data_acq": "2017-12-31 00:00:00", "data_agg": "2017-12-31 00:00:00", "data_fin": "9999-12-31 00:00:00", "ente_for": "REGIONE PIEMONTE", "ente_prod": "ARPA PIEMONTE", "modo_prod": "banche dati esterne - geometrie da catasto, altezza volumi da ARPA PIEMONTE (DSM-DTM,LAS)", "sc_acq": "1:10000", "un_vol_av": "24", "un_vol_por": "al suolo", "un_vol_qe": "", "un_vol_ex": "altezza", "source": "BDTRE un_vol" }, "geometry": { "type": "Polygon", "coordinates": [ [ [ 7.68728, 45.079 ], [ 7.68716, 45.07897 ], [ 7.68713, 45.07895 ], [ 7.68706, 45.07888 ], [ 7.68718, 45.07882 ], [ 7.68723, 45.07886 ], [ 7.68734, 45.0789 ], [ 7.68728, 45.079 ] ] ] } },
{ "type": "Feature", "properties": { "uuid": "7cd91159-eaa6-431b-a2ad-2aa93d966ebd", "data_acq": "2017-12-31 00:00:00", "data_agg": "2017-12-31 00:00:00", "data_fin": "9999-12-31 00:00:00", "ente_for": "REGIONE PIEMONTE", "ente_prod": "ARPA PIEMONTE", "modo_prod": "banche dati esterne - geometrie da catasto, altezza volumi da ARPA PIEMONTE (DSM-DTM,LAS)", "sc_acq": "1:10000", "un_vol_av": "27", "un_vol_por": "al suolo", "un_vol_qe": "", "un_vol_ex": "altezza", "source": "BDTRE un_vol" }, "geometry": { "type": "Polygon", "coordinates": [ [ [ 7.67943, 45.0837 ], [ 7.6793, 45.08375 ], [ 7.67929, 45.08375 ], [ 7.6794, 45.0839 ], [ 7.67953, 45.08385 ], [ 7.67943, 45.0837 ] ] ] } },
{ "type": "Feature", "properties": { "uuid": "240e3ea6-d147-436d-98d2-168411d8e54c", "data_acq": "2017-12-31 00:00:00", "data_agg": "2017-12-31 00:00:00", "data_fin": "9999-12-31 00:00:00", "ente_for": "REGIONE PIEMONTE", "ente_prod": "ARPA PIEMONTE", "modo_prod": "banche dati esterne - geometrie da catasto, altezza volumi da ARPA PIEMONTE (DSM-DTM,LAS)", "sc_acq": "1:10000", "un_vol_av": "14", "un_vol_por": "al suolo", "un_vol_qe": "", "un_vol_ex": "altezza", "source": "BDTRE un_vol" }, "geometry": { "type": "Polygon", "coordinates": [ [ [ 7.66603, 45.0831 ], [ 7.66599, 45.08303 ], [ 7.66587, 45.08284 ], [ 7.66576, 45.08288 ], [ 7.66579, 45.08297 ], [ 7.6658, 45.083 ], [ 7.6658, 45.08301 ], [ 7.66589, 45.08298 ], [ 7.66594, 45.08307 ], [ 7.66594, 45.08307 ], [ 7.66594, 45.08307 ], [ 7.66585, 45.0831 ], [ 7.66584, 45.0831 ], [ 7.66583, 45.0831 ], [ 7.66585, 45.08315 ], [ 7.66588, 45.08314 ], [ 7.66603, 45.0831 ] ] ] } },
{ "type": "Feature", "properties": { "uuid": "b2015fff-fc53-4fff-8cca-f9a761633603", "data_acq": "2017-12-31 00:00:00", "data_agg": "2017-12-31 00:00:00", "data_fin": "9999-12-31 00:00:00", "ente_for": "REGIONE PIEMONTE", "ente_prod": "ARPA PIEMONTE", "modo_prod": "banche dati esterne - geometrie da catasto, altezza volumi da ARPA PIEMONTE (DSM-DTM,LAS)", "sc_acq": "1:10000", "un_vol_av": "25", "un_vol_por": "al suolo", "un_vol_qe": "", "un_vol_ex": "altezza", "source": "BDTRE un_vol" }, "geometry": { "type": "Polygon", "coordinates": [ [ [ 7.66753, 45.07749 ], [ 7.6676, 45.07759 ], [ 7.6676, 45.07759 ], [ 7.66763, 45.07758 ], [ 7.66775, 45.07774 ], [ 7.66785, 45.0777 ], [ 7.66785, 45.0777 ], [ 7.66786, 45.07768 ], [ 7.66776, 45.07754 ], [ 7.66776, 45.07754 ], [ 7.6679, 45.07749 ], [ 7.66793, 45.07753 ], [ 7.66797, 45.07758 ], [ 7.66799, 45.07759 ], [ 7.66799, 45.07759 ], [ 7.6681, 45.07756 ], [ 7.66795, 45.07734 ], [ 7.66773, 45.07742 ], [ 7.66753, 45.07749 ], [ 7.66753, 45.07749 ] ] ] } },
{ "type": "Feature", "properties": { "uuid": "eaf763e7-735e-4010-bf5f-44fe5882c8d5", "data_acq": "2017-12-31 00:00:00", "data_agg": "2017-12-31 00:00:00", "data_fin": "9999-12-31 00:00:00", "ente_for": "REGIONE PIEMONTE", "ente_prod": "ARPA PIEMONTE", "modo_prod": "banche dati esterne - geometrie da catasto, altezza volumi da ARPA PIEMONTE (DSM-DTM,LAS)", "sc_acq": "1:10000", "un_vol_av": "21", "un_vol_por": "al suolo", "un_vol_qe": "", "un_vol_ex": "altezza", "source": "BDTRE un_vol" }, "geometry": { "type": "Polygon", "coordinates": [ [ [ 7.68018, 45.07689 ], [ 7.68011, 45.07692 ], [ 7.68009, 45.0769 ], [ 7.68002, 45.07692 ], [ 7.68002, 45.07691 ], [ 7.68003, 45.0769 ], [ 7.67999, 45.07685 ], [ 7.67999, 45.07685 ], [ 7.67985, 45.0769 ], [ 7.67987, 45.07693 ], [ 7.67989, 45.07693 ], [ 7.67991, 45.07696 ], [ 7.67992, 45.07696 ], [ 7.67993, 45.07696 ], [ 7.67985, 45.07699 ], [ 7.67977, 45.07687 ], [ 7.6798, 45.07686 ], [ 7.67977, 45.07681 ], [ 7.67999, 45.07673 ], [ 7.68006, 45.07671 ], [ 7.68018, 45.07689 ] ] ] } },
{ "type": "Feature", "properties": { "uuid": "71bd4b27-c206-4aa1-99eb-9034b184d417", "data_acq": "2017-12-31 00:00:00", "data_agg": "2017-12-31 00:00:00", "data_fin": "9999-12-31 00:00:00", "ente_for": "REGIONE PIEMONTE", "ente_prod": "ARPA PIEMONTE", "modo_prod": "banche dati esterne - geometrie da catasto, altezza volumi da ARPA PIEMONTE (DSM-DTM,LAS)", "sc_acq": "1:10000", "un_vol_av": "21", "un_vol_por": "al suolo", "un_vol_qe": "", "un_vol_ex": "altezza", "source": "BDTRE un_vol" }, "geometry": { "type": "Polygon", "coordinates": [ [ [ 7.68267, 45.07121 ], [ 7.68282, 45.07136 ], [ 7.68286, 45.07134 ], [ 7.6828, 45.07128 ], [ 7.68286, 45.07125 ], [ 7.68281, 45.07116 ], [ 7.68281, 45.07116 ], [ 7.68281, 45.07116 ], [ 7.6828, 45.07115 ], [ 7.6828, 45.07115 ], [ 7.6828, 45.07115 ], [ 7.68277, 45.07117 ], [ 7.68267, 45.07121 ] ] ] } },
{ "type": "Feature", "properties": { "uuid": "4a0de56f-2950-4abd-a5b0-1aaafe118b1a", "data_acq": "2017-12-31 00:00:00", "data_agg": "2017-12-31 00:00:00", "data_fin": "9999-12-31 00:00:00", "ente_for": "REGIONE PIEMONTE", "ente_prod": "ARPA PIEMONTE", "modo_prod": "banche dati esterne - geometrie da catasto, altezza volumi da ARPA PIEMONTE (DSM-DTM,LAS)", "sc_acq": "1:10000", "un_vol_av": "24", "un_vol_por": "al suolo", "un_vol_qe": "", "un_vol_ex": "altezza", "source": "BDTRE un_vol" }, "geometry": { "type": "Polygon", "coordinates": [ [ [ 7.66963, 45.08112 ], [ 7.66956, 45.08101 ], [ 7.66954, 45.08102 ], [ 7.66954, 45.08102 ], [ 7.66954, 45.08102 ], [ 7.66955, 45.08102 ], [ 7.66951, 45.08104 ], [ 7.66949, 45.08104 ], [ 7.66949, 45.08104 ], [ 7.66948, 45.08104 ], [ 7.66944, 45.08105 ], [ 7.66944, 45.08105 ], [ 7.66945, 45.08105 ], [ 7.66945, 45.08106 ], [ 7.66942, 45.08106 ], [ 7.66938, 45.08108 ], [ 7.66944, 45.08118 ], [ 7.66951, 45.08116 ], [ 7.66955, 45.08115 ], [ 7.66963, 45.08112 ] ] ] } },
{ "type": "Feature", "properties": { "uuid": "cd3d966e-4626-4078-b110-af3fdc146eed", "data_acq": "2017-12-31 00:00:00", "data_agg": "2017-12-31 00:00:00", "data_fin": "9999-12-31 00:00:00", "ente_for": "REGIONE PIEMONTE", "ente_prod": "ARPA PIEMONTE", "modo_prod": "banche dati esterne - geometrie da catasto, altezza volumi da ARPA PIEMONTE (DSM-DTM,LAS)", "sc_acq": "1:10000", "un_vol_av": "20", "un_vol_por": "al suolo", "un_vol_qe": "", "un_vol_ex": "altezza", "source": "BDTRE un_vol" }, "geometry": { "type": "Polygon", "coordinates": [ [ [ 7.67909, 45.07078 ], [ 7.67901, 45.07067 ], [ 7.67901, 45.07067 ], [ 7.67901, 45.07066 ], [ 7.679, 45.07065 ], [ 7.67877, 45.07073 ], [ 7.67877, 45.07073 ], [ 7.67884, 45.07084 ], [ 7.67884, 45.07084 ], [ 7.67897, 45.0708 ], [ 7.67903, 45.07078 ], [ 7.67907, 45.07078 ], [ 7.67909, 45.07078 ] ] ] } },
{ "type": "Feature", "properties": { "uuid": "e1230ad2-5290-48f7-bb66-d256a08eb839", "data_acq": "2017-12-31 00:00:00", "data_agg": "2017-12-31 00:00:00", "data_fin": "9999-12-31 00:00:00", "ente_for": "REGIONE PIEMONTE", "ente_prod": "ARPA PIEMONTE", "modo_prod": "banche dati esterne - geometrie da catasto, altezza volumi da ARPA PIEMONTE (DSM-DTM,LAS)", "sc_acq": "1:10000", "un_vol_av": "18", "un_vol_por": "al suolo", "un_vol_qe": "", "un_vol_ex": "altezza", "source": "BDTRE un_vol" }, "geometry": { "type": "Polygon", "coordinates": [ [ [ 7.68239, 45.07004 ], [ 7.68231, 45.07007 ], [ 7.6822, 45.07011 ], [ 7.68224, 45.07017 ], [ 7.68231, 45.07025 ], [ 7.6823, 45.07025 ], [ 7.68231, 45.07026 ], [ 7.68237, 45.07024 ], [ 7.68241, 45.0703 ], [ 7.68237, 45.07032 ], [ 7.68243, 45.07039 ], [ 7.68245, 45.07042 ], [ 7.68246, 45.07043 ], [ 7.68259, 45.07038 ], [ 7.68248, 45.0702 ], [ 7.68239, 45.07004 ] ] ] } },
{ "type": "Feature", "properties": { "uuid": "df121657-b680-4bed-97e1-f0006d624f56", "data_acq": "2017-12-31 00:00:00", "data_agg": "2017-12-31 00:00:00", "data_fin": "9999-12-31 00:00:00", "ente_for": "REGIONE PIEMONTE", "ente_prod": "ARPA PIEMONTE", "modo_prod": "banche dati esterne - geometrie da catasto, altezza volumi da ARPA PIEMONTE (DSM-DTM,LAS)", "sc_acq": "1:10000", "un_vol_av": "25", "un_vol_por": "al suolo", "un_vol_qe": "", "un_vol_ex": "altezza", "source": "BDTRE un_vol" }, "geometry": { "type": "Polygon", "coordinates": [ [ [ 7.68242, 45.06925 ], [ 7.68243, 45.06925 ], [ 7.68243, 45.06925 ], [ 7.68245, 45.06928 ], [ 7.68247, 45.06931 ], [ 7.68246, 45.06931 ], [ 7.68217, 45.06939 ], [ 7.68217, 45.06939 ], [ 7.68216, 45.06938 ], [ 7.68216, 45.06938 ], [ 7.6821, 45.06928 ], [ 7.68204, 45.06916 ], [ 7.68204, 45.06916 ], [ 7.68204, 45.06916 ], [ 7.68205, 45.06916 ], [ 7.68205, 45.06916 ], [ 7.6822, 45.06912 ], [ 7.68222, 45.06916 ], [ 7.68224, 45.06915 ], [ 7.68226, 45.0692 ], [ 7.68224, 45.0692 ], [ 7.68229, 45.06928 ], [ 7.6823, 45.0693 ], [ 7.6824, 45.06927 ], [ 7.68241, 45.06927 ], [ 7.68241, 45.06926 ], [ 7.68242, 45.06925 ] ] ] } },
{ "type": "Feature", "properties": { "uuid": "d10a78c4-8287-4581-a8bf-892c771bc369", "data_acq": "2017-12-31 00:00:00", "data_agg": "2017-12-31 00:00:00", "data_fin": "9999-12-31 00:00:00", "ente_for": "REGIONE PIEMONTE", "ente_prod": "ARPA PIEMONTE", "modo_prod": "banche dati esterne - geometrie da catasto, altezza volumi da ARPA PIEMONTE (DSM-DTM,LAS)", "sc_acq": "1:10000", "un_vol_av": "9", "un_vol_por": "al suolo", "un_vol_qe": "", "un_vol_ex": "altezza", "source": "BDTRE un_vol" }, "geometry": { "type": "Polygon", "coordinates": [ [ [ 7.66914, 45.06989 ], [ 7.66914, 45.06989 ], [ 7.66914, 45.0699 ], [ 7.66915, 45.06991 ], [ 7.66917, 45.06994 ], [ 7.66902, 45.06999 ], [ 7.66899, 45.06994 ], [ 7.66899, 45.06994 ], [ 7.66914, 45.06989 ] ] ] } },
{ "type": "Feature", "properties": { "uuid": "91a2a7ed-b82d-468e-b910-a70bb6202d48", "data_acq": "2019-11-30 00:00:00", "data_agg": "2020-12-31 00:00:00", "data_fin": "9999-12-31 00:00:00", "ente_for": "REGIONE PIEMONTE", "ente_prod": "CSI PIEMONTE", "modo_prod": "elaborazione automatica e verifiche manuali", "sc_acq": "1:5000", "un_vol_av": "12", "un_vol_por": "al suolo", "un_vol_qe": "", "un_vol_ex": "altezza", "source": "BDTRE un_vol" }, "geometry": { "type": "Polygon", "coordinates": [ [ [ 7.67728, 45.07628 ], [ 7.67717, 45.07614 ], [ 7.67717, 45.07613 ], [ 7.67703, 45.07593 ], [ 7.6774, 45.0758 ], [ 7.67748, 45.07592 ], [ 7.6776, 45.07609 ], [ 7.67762, 45.07612 ], [ 7.67764, 45.07615 ], [ 7.67755, 45.07619 ], [ 7.67743, 45.07623 ], [ 7.67743, 45.07623 ], [ 7.67728, 45.07628 ] ], [ [ 7.67726, 45.07601 ], [ 7.67739, 45.07619 ], [ 7.67753, 45.07614 ], [ 7.67753, 45.07613 ], [ 7.6774, 45.07596 ], [ 7.67726, 45.07601 ] ] ] } },
{ "type": "Feature", "properties": { "uuid": "635deb92-34a3-45ec-b284-372208fcaa15", "data_acq": "2017-12-31 00:00:00", "data_agg": "2017-12-31 00:00:00", "data_fin": "9999-12-31 00:00:00", "ente_for": "REGIONE PIEMONTE", "ente_prod": "ARPA PIEMONTE", "modo_prod": "banche dati esterne - geometrie da catasto, altezza volumi da ARPA PIEMONTE (DSM-DTM,LAS)", "sc_acq": "1:10000", "un_vol_av": "21", "un_vol_por": "al suolo", "un_vol_qe": "", "un_vol_ex": "altezza", "source": "BDTRE un_vol" }, "geometry": { "type": "Polygon", "coordinates": [ [ [ 7.68697, 45.06703 ], [ 7.68709, 45.06699 ], [ 7.68728, 45.06692 ], [ 7.68737, 45.06689 ], [ 7.68756, 45.06715 ], [ 7.68754, 45.06716 ], [ 7.68762, 45.06727 ], [ 7.68757, 45.06729 ], [ 7.68757, 45.06729 ], [ 7.68736, 45.06737 ], [ 7.68727, 45.0674 ], [ 7.68716, 45.06724 ], [ 7.68716, 45.06724 ], [ 7.68708, 45.06712 ], [ 7.68705, 45.06708 ], [ 7.68701, 45.0671 ], [ 7.68697, 45.06703 ] ], [ [ 7.68716, 45.0671 ], [ 7.68728, 45.06726 ], [ 7.6875, 45.06718 ], [ 7.68739, 45.06701 ], [ 7.68739, 45.06701 ], [ 7.68716, 45.0671 ] ] ] } },
{ "type": "Feature", "properties": { "uuid": "ebf490d7-dc0c-4a41-b7de-290a8e126bda", "data_acq": "2019-11-30 00:00:00", "data_agg": "2020-12-31 00:00:00", "data_fin": "9999-12-31 00:00:00", "ente_for": "REGIONE PIEMONTE", "ente_prod": "CSI PIEMONTE", "modo_prod": "elaborazione automatica e verifiche manuali", "sc_acq": "1:5000", "un_vol_av": "6", "un_vol_por": "al suolo", "un_vol_qe": "", "un_vol_ex": "altezza", "source": "BDTRE un_vol" }, "geometry": { "type": "Polygon", "coordinates": [ [ [ 7.6925, 45.06743 ], [ 7.69271, 45.06735 ], [ 7.69276, 45.06741 ], [ 7.69255, 45.06749 ], [ 7.6925, 45.06743 ] ] ] } },
{ "type": "Feature", "properties": { "uuid": "3e5cca3d-5568-43c7-86d6-81cc9681041a", "data_acq": "2017-12-31 00:00:00", "data_agg": "2017-12-31 00:00:00", "data_fin": "9999-12-31 00:00:00", "ente_for": "REGIONE PIEMONTE", "ente_prod": "ARPA PIEMONTE", "modo_prod": "banche dati esterne - geometrie da catasto, altezza volumi da ARPA PIEMONTE (DSM-DTM,LAS)", "sc_acq": "1:10000", "un_vol_av": "27", "un_vol_por": "al suolo", "un_vol_qe": "", "un_vol_ex": "altezza", "source": "BDTRE un_vol" }, "geometry": { "type": "Polygon", "coordinates": [ [ [ 7.66828, 45.0799 ], [ 7.66827, 45.0799 ], [ 7.66818, 45.07993 ], [ 7.66818, 45.07994 ], [ 7.66805, 45.07998 ], [ 7.66798, 45.07987 ], [ 7.66833, 45.07975 ], [ 7.6684, 45.07986 ], [ 7.66828, 45.0799 ] ] ] } },
{ "type": "Feature", "properties": { "uuid": "f655780c-440f-455e-b787-26472978c18d", "data_acq": "2017-12-31 00:00:00", "data_agg": "2017-12-31 00:00:00", "data_fin": "9999-12-31 00:00:00", "ente_for": "REGIONE PIEMONTE", "ente_prod": "ARPA PIEMONTE", "modo_prod": "banche dati esterne - geometrie da catasto, altezza volumi da ARPA PIEMONTE (DSM-DTM,LAS)", "sc_acq": "1:10000", "un_vol_av": "32", "un_vol_por": "al suolo", "un_vol_qe": "", "un_vol_ex": "altezza", "source": "BDTRE un_vol" }, "geometry": { "type": "Polygon", "coordinates": [ [ [ 7.67895, 45.08236 ], [ 7.67899, 45.08235 ], [ 7.679, 45.08236 ], [ 7.67898, 45.08237 ], [ 7.679, 45.08239 ], [ 7.67901, 45.08238 ], [ 7.67905, 45.08243 ], [ 7.67902, 45.08243 ], [ 7.67904, 45.08246 ], [ 7.67907, 45.08246 ], [ 7.6791, 45.0825 ], [ 7.67908, 45.08251 ], [ 7.67909, 45.08252 ], [ 7.67911, 45.08252 ], [ 7.67912, 45.08254 ], [ 7.67911, 45.08254 ], [ 7.67915, 45.0826 ], [ 7.67913, 45.0826 ], [ 7.67914, 45.08261 ], [ 7.67912, 45.08262 ], [ 7.67913, 45.08263 ], [ 7.67923, 45.0826 ], [ 7.67928, 45.08269 ], [ 7.67928, 45.08269 ], [ 7.6791, 45.08275 ], [ 7.67908, 45.08275 ], [ 7.67884, 45.0824 ], [ 7.67895, 45.08236 ] ] ] } },
{ "type": "Feature", "properties": { "uuid": "51d64e80-cf7d-4b3c-83bf-d3c6e1fec95a", "data_acq": "2017-12-31 00:00:00", "data_agg": "2017-12-31 00:00:00", "data_fin": "9999-12-31 00:00:00", "ente_for": "REGIONE PIEMONTE", "ente_prod": "ARPA PIEMONTE", "modo_prod": "banche dati esterne - geometrie da catasto, altezza volumi da ARPA PIEMONTE (DSM-DTM,LAS)", "sc_acq": "1:10000", "un_vol_av": "15", "un_vol_por": "al suolo", "un_vol_qe": "", "un_vol_ex": "altezza", "source": "BDTRE un_vol" }, "geometry": { "type": "Polygon", "coordinates": [ [ [ 7.68496, 45.08348 ], [ 7.68493, 45.08355 ], [ 7.6849, 45.08365 ], [ 7.68478, 45.08363 ], [ 7.68479, 45.08359 ], [ 7.68481, 45.08353 ], [ 7.6848, 45.08353 ], [ 7.6848, 45.08352 ], [ 7.68482, 45.08347 ], [ 7.68481, 45.08347 ], [ 7.68481, 45.08346 ], [ 7.68496, 45.08348 ] ] ] } },
{ "type": "Feature", "properties": { "uuid": "0454c2a4-464b-4cb6-8fab-bfcdb78aec73", "data_acq": "2017-12-31 00:00:00", "data_agg": "2017-12-31 00:00:00", "data_fin": "9999-12-31 00:00:00", "ente_for": "REGIONE PIEMONTE", "ente_prod": "ARPA PIEMONTE", "modo_prod": "banche dati esterne - geometrie da catasto, altezza volumi da ARPA PIEMONTE (DSM-DTM,LAS)", "sc_acq": "1:10000", "un_vol_av": "21", "un_vol_por": "al suolo", "un_vol_qe": "", "un_vol_ex": "altezza", "source": "BDTRE un_vol" }, "geometry": { "type": "Polygon", "coordinates": [ [ [ 7.67801, 45.07674 ], [ 7.67774, 45.07674 ], [ 7.6776, 45.07674 ], [ 7.6776, 45.07674 ], [ 7.6776, 45.07674 ], [ 7.67744, 45.07651 ], [ 7.67779, 45.07639 ], [ 7.67785, 45.07649 ], [ 7.67785, 45.0765 ], [ 7.67786, 45.07651 ], [ 7.67785, 45.07651 ], [ 7.67785, 45.07651 ], [ 7.67784, 45.0765 ], [ 7.67784, 45.0765 ], [ 7.67769, 45.07656 ], [ 7.67775, 45.07665 ], [ 7.67791, 45.07659 ], [ 7.6779, 45.07658 ], [ 7.67791, 45.07658 ], [ 7.67801, 45.07674 ] ] ] } },
{ "type": "Feature", "properties": { "uuid": "8e1077f2-32ec-4ad7-929f-02077c75b645", "data_acq": "2017-12-31 00:00:00", "data_agg": "2017-12-31 00:00:00", "data_fin": "9999-12-31 00:00:00", "ente_for": "REGIONE PIEMONTE", "ente_prod": "ARPA PIEMONTE", "modo_prod": "banche dati esterne - geometrie da catasto, altezza volumi da ARPA PIEMONTE (DSM-DTM,LAS)", "sc_acq": "1:10000", "un_vol_av": "17", "un_vol_por": "al suolo", "un_vol_qe": "", "un_vol_ex": "altezza", "source": "BDTRE un_vol" }, "geometry": { "type": "Polygon", "coordinates": [ [ [ 7.67321, 45.06629 ], [ 7.67304, 45.06635 ], [ 7.67306, 45.06637 ], [ 7.67306, 45.06637 ], [ 7.67308, 45.06637 ], [ 7.67316, 45.06649 ], [ 7.67316, 45.06649 ], [ 7.67315, 45.0665 ], [ 7.67315, 45.06649 ], [ 7.67314, 45.06649 ], [ 7.67315, 45.0665 ], [ 7.67297, 45.06657 ], [ 7.67295, 45.06654 ], [ 7.67302, 45.06652 ], [ 7.67293, 45.06639 ], [ 7.67285, 45.06642 ], [ 7.67286, 45.06644 ], [ 7.67291, 45.06651 ], [ 7.67295, 45.06656 ], [ 7.67295, 45.06656 ], [ 7.67302, 45.06667 ], [ 7.67309, 45.06664 ], [ 7.67311, 45.06664 ], [ 7.6732, 45.0666 ], [ 7.67338, 45.06654 ], [ 7.67336, 45.06651 ], [ 7.67324, 45.06633 ], [ 7.67321, 45.06629 ], [ 7.67321, 45.06629 ] ] ] } },
{ "type": "Feature", "properties": { "uuid": "6b56f04b-a7e8-4d42-9991-56e08f922865", "data_acq": "2017-12-31 00:00:00", "data_agg": "2017-12-31 00:00:00", "data_fin": "9999-12-31 00:00:00", "ente_for": "REGIONE PIEMONTE", "ente_prod": "ARPA PIEMONTE", "modo_prod": "banche dati esterne - geometrie da catasto, altezza volumi da ARPA PIEMONTE (DSM-DTM,LAS)", "sc_acq": "1:10000", "un_vol_av": "9", "un_vol_por": "al suolo", "un_vol_qe": "", "un_vol_ex": "altezza", "source": "BDTRE un_vol" }, "geometry": { "type": "Polygon", "coordinates": [ [ [ 7.69325, 45.07804 ], [ 7.69303, 45.07829 ], [ 7.69297, 45.07826 ], [ 7.69293, 45.07824 ], [ 7.69291, 45.07825 ], [ 7.69274, 45.07825 ], [ 7.69273, 45.07808 ], [ 7.69288, 45.07807 ], [ 7.69289, 45.07815 ], [ 7.6929, 45.07815 ], [ 7.6929, 45.07817 ], [ 7.6929, 45.07817 ], [ 7.69289, 45.07817 ], [ 7.69289, 45.07817 ], [ 7.69289, 45.07819 ], [ 7.69295, 45.07819 ], [ 7.69309, 45.07804 ], [ 7.69299, 45.07799 ], [ 7.69303, 45.07794 ], [ 7.69325, 45.07804 ] ] ] } },
{ "type": "Feature", "properties": { "uuid": "6511df5f-395e-48b3-81d6-64dcd72ce174", "data_acq": "2017-12-31 00:00:00", "data_agg": "2017-12-31 00:00:00", "data_fin": "9999-12-31 00:00:00", "ente_for": "REGIONE PIEMONTE", "ente_prod": "ARPA PIEMONTE", "modo_prod": "banche dati esterne - geometrie da catasto, altezza volumi da ARPA PIEMONTE (DSM-DTM,LAS)", "sc_acq": "1:10000", "un_vol_av": "20", "un_vol_por": "al suolo", "un_vol_qe": "", "un_vol_ex": "altezza", "source": "BDTRE un_vol" }, "geometry": { "type": "Polygon", "coordinates": [ [ [ 7.67532, 45.07527 ], [ 7.67541, 45.0754 ], [ 7.67547, 45.07548 ], [ 7.67548, 45.0755 ], [ 7.67554, 45.07559 ], [ 7.67536, 45.07566 ], [ 7.67521, 45.07571 ], [ 7.67516, 45.07573 ], [ 7.67512, 45.07567 ], [ 7.67509, 45.07562 ], [ 7.6751, 45.07561 ], [ 7.6751, 45.07561 ], [ 7.67521, 45.07557 ], [ 7.67531, 45.07553 ], [ 7.67517, 45.07533 ], [ 7.67532, 45.07527 ] ] ] } },
{ "type": "Feature", "properties": { "uuid": "13973b73-bf91-4247-bf2d-ab86a09c6fd0", "data_acq": "2017-12-31 00:00:00", "data_agg": "2017-12-31 00:00:00", "data_fin": "9999-12-31 00:00:00", "ente_for": "REGIONE PIEMONTE", "ente_prod": "ARPA PIEMONTE", "modo_prod": "banche dati esterne - geometrie da catasto, altezza volumi da ARPA PIEMONTE (DSM-DTM,LAS)", "sc_acq": "1:10000", "un_vol_av": "10", "un_vol_por": "al suolo", "un_vol_qe": "", "un_vol_ex": "altezza", "source": "BDTRE un_vol" }, "geometry": { "type": "Polygon", "coordinates": [ [ [ 7.68308, 45.07473 ], [ 7.68334, 45.07506 ], [ 7.68366, 45.07548 ], [ 7.6836, 45.0755 ], [ 7.68355, 45.07543 ], [ 7.68344, 45.0753 ], [ 7.68331, 45.07513 ], [ 7.68324, 45.07515 ], [ 7.68317, 45.07518 ], [ 7.6831, 45.07508 ], [ 7.68312, 45.07507 ], [ 7.68312, 45.07507 ], [ 7.68314, 45.07506 ], [ 7.68312, 45.07503 ], [ 7.68313, 45.07503 ], [ 7.68301, 45.07486 ], [ 7.68303, 45.07485 ], [ 7.68296, 45.07477 ], [ 7.68308, 45.07473 ] ] ] } },
{ "type": "Feature", "properties": { "uuid": "82566256-c364-4cbb-a6fc-228aa1320a3d", "data_acq": "2017-12-31 00:00:00", "data_agg": "2017-12-31 00:00:00", "data_fin": "9999-12-31 00:00:00", "ente_for": "REGIONE PIEMONTE", "ente_prod": "ARPA PIEMONTE", "modo_prod": "banche dati esterne - geometrie da catasto, altezza volumi da ARPA PIEMONTE (DSM-DTM,LAS)", "sc_acq": "1:10000", "un_vol_av": "23", "un_vol_por": "al suolo", "un_vol_qe": "", "un_vol_ex": "altezza", "source": "BDTRE un_vol" }, "geometry": { "type": "Polygon", "coordinates": [ [ [ 7.68212, 45.07301 ], [ 7.68206, 45.07302 ], [ 7.68196, 45.07287 ], [ 7.68215, 45.07281 ], [ 7.68223, 45.07295 ], [ 7.68222, 45.07296 ], [ 7.68212, 45.073 ], [ 7.68212, 45.07301 ] ] ] } },
{ "type": "Feature", "properties": { "uuid": "69751a0b-62a0-492a-86bc-d02a2507880b", "data_acq": "2017-12-31 00:00:00", "data_agg": "2017-12-31 00:00:00", "data_fin": "9999-12-31 00:00:00", "ente_for": "REGIONE PIEMONTE", "ente_prod": "ARPA PIEMONTE", "modo_prod": "banche dati esterne - geometrie da catasto, altezza volumi da ARPA PIEMONTE (DSM-DTM,LAS)", "sc_acq": "1:10000", "un_vol_av": "22", "un_vol_por": "al suolo", "un_vol_qe": "", "un_vol_ex": "altezza", "source": "BDTRE un_vol" }, "geometry": { "type": "Polygon", "coordinates": [ [ [ 7.68437, 45.08309 ], [ 7.6845, 45.08301 ], [ 7.68455, 45.08306 ], [ 7.68469, 45.08316 ], [ 7.68475, 45.08321 ], [ 7.68465, 45.0833 ], [ 7.68464, 45.0833 ], [ 7.68459, 45.08326 ], [ 7.68457, 45.08325 ], [ 7.68458, 45.08325 ], [ 7.68459, 45.08325 ], [ 7.68465, 45.08321 ], [ 7.68455, 45.08313 ], [ 7.68448, 45.08318 ], [ 7.68447, 45.08317 ], [ 7.68437, 45.08309 ] ] ] } },
{ "type": "Feature", "properties": { "uuid": "dc40b2db-1f28-4be9-b32c-5273c593ad4f", "data_acq": "2017-12-31 00:00:00", "data_agg": "2017-12-31 00:00:00", "data_fin": "9999-12-31 00:00:00", "ente_for": "REGIONE PIEMONTE", "ente_prod": "ARPA PIEMONTE", "modo_prod": "banche dati esterne - geometrie da catasto, altezza volumi da ARPA PIEMONTE (DSM-DTM,LAS)", "sc_acq": "1:10000", "un_vol_av": "12", "un_vol_por": "al suolo", "un_vol_qe": "", "un_vol_ex": "altezza", "source": "BDTRE un_vol" }, "geometry": { "type": "Polygon", "coordinates": [ [ [ 7.67952, 45.0737 ], [ 7.67949, 45.07366 ], [ 7.67946, 45.07362 ], [ 7.67945, 45.07361 ], [ 7.67943, 45.07358 ], [ 7.67956, 45.07354 ], [ 7.67959, 45.07359 ], [ 7.67953, 45.07361 ], [ 7.67957, 45.07366 ], [ 7.67958, 45.07369 ], [ 7.67956, 45.07369 ], [ 7.67954, 45.0737 ], [ 7.67952, 45.0737 ] ] ] } },
{ "type": "Feature", "properties": { "uuid": "f7c0918f-d5bc-44bc-a561-994c508b5187", "data_acq": "2017-12-31 00:00:00", "data_agg": "2017-12-31 00:00:00", "data_fin": "9999-12-31 00:00:00", "ente_for": "REGIONE PIEMONTE", "ente_prod": "ARPA PIEMONTE", "modo_prod": "banche dati esterne - geometrie da catasto, altezza volumi da ARPA PIEMONTE (DSM-DTM,LAS)", "sc_acq": "1:10000", "un_vol_av": "20", "un_vol_por": "al suolo", "un_vol_qe": "", "un_vol_ex": "altezza", "source": "BDTRE un_vol" }, "geometry": { "type": "Polygon", "coordinates": [ [ [ 7.69411, 45.06501 ], [ 7.69443, 45.06479 ], [ 7.69387, 45.06437 ], [ 7.69355, 45.06457 ], [ 7.69396, 45.06489 ], [ 7.69396, 45.06489 ], [ 7.694, 45.06492 ], [ 7.69411, 45.06501 ] ], [ [ 7.69372, 45.06463 ], [ 7.69387, 45.06454 ], [ 7.69387, 45.06454 ], [ 7.69397, 45.06462 ], [ 7.69383, 45.06471 ], [ 7.69372, 45.06463 ] ], [ [ 7.69389, 45.06477 ], [ 7.69404, 45.06467 ], [ 7.69404, 45.06467 ], [ 7.69416, 45.06476 ], [ 7.69401, 45.06486 ], [ 7.69389, 45.06477 ] ] ] } },
{ "type": "Feature", "properties": { "uuid": "0183f655-07d7-4728-91a6-b4925ec13872", "data_acq": "2017-12-31 00:00:00", "data_agg": "2017-12-31 00:00:00", "data_fin": "9999-12-31 00:00:00", "ente_for": "REGIONE PIEMONTE", "ente_prod": "ARPA PIEMONTE", "modo_prod": "banche dati esterne - geometrie da catasto, altezza volumi da ARPA PIEMONTE (DSM-DTM,LAS)", "sc_acq": "1:10000", "un_vol_av": "12", "un_vol_por": "al suolo", "un_vol_qe": "", "un_vol_ex": "altezza", "source": "BDTRE un_vol" }, "geometry": { "type": "Polygon", "coordinates": [ [ [ 7.69015, 45.08017 ], [ 7.69015, 45.08017 ], [ 7.69038, 45.08027 ], [ 7.69033, 45.08032 ], [ 7.69033, 45.08033 ], [ 7.69029, 45.08031 ], [ 7.6903, 45.0803 ], [ 7.69022, 45.08027 ], [ 7.69016, 45.08033 ], [ 7.69017, 45.08034 ], [ 7.69017, 45.08036 ], [ 7.69015, 45.08036 ], [ 7.69019, 45.08042 ], [ 7.69011, 45.08044 ], [ 7.69002, 45.08031 ], [ 7.69015, 45.08017 ] ] ] } },
{ "type": "Feature", "properties": { "uuid": "2837707b-b413-4b34-b396-f6ee01447954", "data_acq": "2017-12-31 00:00:00", "data_agg": "2017-12-31 00:00:00", "data_fin": "9999-12-31 00:00:00", "ente_for": "REGIONE PIEMONTE", "ente_prod": "ARPA PIEMONTE", "modo_prod": "banche dati esterne - geometrie da catasto, altezza volumi da ARPA PIEMONTE (DSM-DTM,LAS)", "sc_acq": "1:10000", "un_vol_av": "21", "un_vol_por": "al suolo", "un_vol_qe": "", "un_vol_ex": "altezza", "source": "BDTRE un_vol" }, "geometry": { "type": "Polygon", "coordinates": [ [ [ 7.68712, 45.07045 ], [ 7.6871, 45.0704 ], [ 7.68703, 45.07032 ], [ 7.68712, 45.07027 ], [ 7.68712, 45.07027 ], [ 7.68737, 45.07011 ], [ 7.68741, 45.07016 ], [ 7.68741, 45.07016 ], [ 7.68748, 45.07025 ], [ 7.68718, 45.07037 ], [ 7.68721, 45.07041 ], [ 7.68712, 45.07045 ] ] ] } },
{ "type": "Feature", "properties": { "uuid": "9da7d371-dc8a-415f-8d63-25a09d5befeb", "data_acq": "2017-12-31 00:00:00", "data_agg": "2017-12-31 00:00:00", "data_fin": "9999-12-31 00:00:00", "ente_for": "REGIONE PIEMONTE", "ente_prod": "ARPA PIEMONTE", "modo_prod": "banche dati esterne - geometrie da catasto, altezza volumi da ARPA PIEMONTE (DSM-DTM,LAS)", "sc_acq": "1:10000", "un_vol_av": "25", "un_vol_por": "al suolo", "un_vol_qe": "", "un_vol_ex": "altezza", "source": "BDTRE un_vol" }, "geometry": { "type": "Polygon", "coordinates": [ [ [ 7.68269, 45.06953 ], [ 7.68235, 45.06966 ], [ 7.68234, 45.06966 ], [ 7.68231, 45.06965 ], [ 7.68228, 45.06959 ], [ 7.68217, 45.06939 ], [ 7.68246, 45.06931 ], [ 7.68247, 45.06931 ], [ 7.6825, 45.06937 ], [ 7.68248, 45.06938 ], [ 7.68247, 45.06937 ], [ 7.68236, 45.0694 ], [ 7.68241, 45.06948 ], [ 7.68242, 45.06949 ], [ 7.68243, 45.06949 ], [ 7.68252, 45.06946 ], [ 7.68261, 45.06942 ], [ 7.68269, 45.06953 ] ] ] } },
{ "type": "Feature", "properties": { "uuid": "a369d8a4-7f57-4d15-b64b-06e55a20b0de", "data_acq": "2017-12-31 00:00:00", "data_agg": "2017-12-31 00:00:00", "data_fin": "9999-12-31 00:00:00", "ente_for": "REGIONE PIEMONTE", "ente_prod": "ARPA PIEMONTE", "modo_prod": "banche dati esterne - geometrie da catasto, altezza volumi da ARPA PIEMONTE (DSM-DTM,LAS)", "sc_acq": "1:10000", "un_vol_av": "21", "un_vol_por": "al suolo", "un_vol_qe": "", "un_vol_ex": "altezza", "source": "BDTRE un_vol" }, "geometry": { "type": "Polygon", "coordinates": [ [ [ 7.67633, 45.07496 ], [ 7.67634, 45.07498 ], [ 7.67639, 45.07505 ], [ 7.6764, 45.07505 ], [ 7.6764, 45.07505 ], [ 7.67646, 45.07513 ], [ 7.67647, 45.07514 ], [ 7.67649, 45.07517 ], [ 7.67651, 45.0752 ], [ 7.67653, 45.07523 ], [ 7.67653, 45.07523 ], [ 7.67673, 45.07516 ], [ 7.67692, 45.07509 ], [ 7.67692, 45.07509 ], [ 7.6769, 45.07506 ], [ 7.67675, 45.07485 ], [ 7.67665, 45.07489 ], [ 7.67665, 45.07489 ], [ 7.67666, 45.07489 ], [ 7.67674, 45.075 ], [ 7.67653, 45.07507 ], [ 7.67646, 45.07498 ], [ 7.67643, 45.07494 ], [ 7.67646, 45.07493 ], [ 7.67645, 45.07492 ], [ 7.67642, 45.07493 ], [ 7.67642, 45.07493 ], [ 7.67633, 45.07496 ] ] ] } },
{ "type": "Feature", "properties": { "uuid": "8e346672-a2c7-486b-9011-c495917dc665", "data_acq": "2017-12-31 00:00:00", "data_agg": "2017-12-31 00:00:00", "data_fin": "9999-12-31 00:00:00", "ente_for": "REGIONE PIEMONTE", "ente_prod": "ARPA PIEMONTE", "modo_prod": "banche dati esterne - geometrie da catasto, altezza volumi da ARPA PIEMONTE (DSM-DTM,LAS)", "sc_acq": "1:10000", "un_vol_av": "19", "un_vol_por": "al suolo", "un_vol_qe": "", "un_vol_ex": "altezza", "source": "BDTRE un_vol" }, "geometry": { "type": "Polygon", "coordinates": [ [ [ 7.69443, 45.06652 ], [ 7.69424, 45.06661 ], [ 7.69419, 45.06655 ], [ 7.69418, 45.06655 ], [ 7.69416, 45.06654 ], [ 7.69406, 45.06645 ], [ 7.69406, 45.06645 ], [ 7.69418, 45.0664 ], [ 7.69416, 45.06638 ], [ 7.69416, 45.06638 ], [ 7.69414, 45.06639 ], [ 7.69414, 45.06639 ], [ 7.69412, 45.06636 ], [ 7.69414, 45.06636 ], [ 7.69411, 45.06632 ], [ 7.69411, 45.06632 ], [ 7.694, 45.06637 ], [ 7.69401, 45.06637 ], [ 7.69399, 45.06638 ], [ 7.69392, 45.06632 ], [ 7.69392, 45.06632 ], [ 7.69394, 45.06631 ], [ 7.69395, 45.06632 ], [ 7.69406, 45.06627 ], [ 7.69399, 45.06618 ], [ 7.69399, 45.06618 ], [ 7.69397, 45.06619 ], [ 7.69398, 45.0662 ], [ 7.69397, 45.0662 ], [ 7.69397, 45.0662 ], [ 7.69395, 45.06621 ], [ 7.69395, 45.06621 ], [ 7.69395, 45.06619 ], [ 7.69395, 45.06619 ], [ 7.69389, 45.0662 ], [ 7.69395, 45.06629 ], [ 7.69391, 45.06631 ], [ 7.69384, 45.06625 ], [ 7.69363, 45.06606 ], [ 7.69364, 45.06605 ], [ 7.69367, 45.06606 ], [ 7.6937, 45.06607 ], [ 7.69373, 45.06607 ], [ 7.69375, 45.06608 ], [ 7.69379, 45.06608 ], [ 7.69381, 45.06609 ], [ 7.69387, 45.06608 ], [ 7.69391, 45.06607 ], [ 7.69394, 45.06607 ], [ 7.69397, 45.06606 ], [ 7.69398, 45.06605 ], [ 7.69402, 45.06604 ], [ 7.69404, 45.06603 ], [ 7.6941, 45.066 ], [ 7.6943, 45.06615 ], [ 7.69429, 45.06616 ], [ 7.69435, 45.0662 ], [ 7.69433, 45.06621 ], [ 7.69433, 45.06623 ], [ 7.69433, 45.06623 ], [ 7.69428, 45.06626 ], [ 7.69428, 45.06626 ], [ 7.69427, 45.06627 ], [ 7.69434, 45.06634 ], [ 7.69426, 45.06637 ], [ 7.69434, 45.06647 ], [ 7.69441, 45.06646 ], [ 7.69443, 45.06651 ], [ 7.69443, 45.06652 ] ] ] } },
{ "type": "Feature", "properties": { "uuid": "c9b8c929-1093-4ab8-bc6c-73b6ab31e367", "data_acq": "2017-12-31 00:00:00", "data_agg": "2017-12-31 00:00:00", "data_fin": "9999-12-31 00:00:00", "ente_for": "REGIONE PIEMONTE", "ente_prod": "ARPA PIEMONTE", "modo_prod": "banche dati esterne - geometrie da catasto, altezza volumi da ARPA PIEMONTE (DSM-DTM,LAS)", "sc_acq": "1:10000", "un_vol_av": "15", "un_vol_por": "al suolo", "un_vol_qe": "", "un_vol_ex": "altezza", "source": "BDTRE un_vol" }, "geometry": { "type": "Polygon", "coordinates": [ [ [ 7.66848, 45.06828 ], [ 7.66834, 45.06808 ], [ 7.6683, 45.0681 ], [ 7.66826, 45.06811 ], [ 7.66827, 45.06812 ], [ 7.66829, 45.06812 ], [ 7.66834, 45.06819 ], [ 7.66818, 45.06825 ], [ 7.66812, 45.06816 ], [ 7.66805, 45.06818 ], [ 7.66819, 45.06838 ], [ 7.66833, 45.06833 ], [ 7.66848, 45.06828 ] ] ] } },
{ "type": "Feature", "properties": { "uuid": "1294eab5-ca99-4ff1-a957-78ebcc104af6", "data_acq": "2017-12-31 00:00:00", "data_agg": "2017-12-31 00:00:00", "data_fin": "9999-12-31 00:00:00", "ente_for": "REGIONE PIEMONTE", "ente_prod": "ARPA PIEMONTE", "modo_prod": "banche dati esterne - geometrie da catasto, altezza volumi da ARPA PIEMONTE (DSM-DTM,LAS)", "sc_acq": "1:10000", "un_vol_av": "20", "un_vol_por": "al suolo", "un_vol_qe": "", "un_vol_ex": "altezza", "source": "BDTRE un_vol" }, "geometry": { "type": "Polygon", "coordinates": [ [ [ 7.69024, 45.06918 ], [ 7.68968, 45.0694 ], [ 7.68952, 45.06917 ], [ 7.68982, 45.069 ], [ 7.68998, 45.0689 ], [ 7.68998, 45.0689 ], [ 7.69, 45.06891 ], [ 7.69003, 45.06895 ], [ 7.68999, 45.06897 ], [ 7.69001, 45.06899 ], [ 7.69002, 45.06901 ], [ 7.69007, 45.06906 ], [ 7.69011, 45.06904 ], [ 7.69011, 45.06904 ], [ 7.69024, 45.06918 ] ], [ [ 7.68991, 45.06903 ], [ 7.68971, 45.06911 ], [ 7.68982, 45.06923 ], [ 7.69002, 45.06915 ], [ 7.68991, 45.06903 ], [ 7.68991, 45.06903 ] ] ] } },
{ "type": "Feature", "properties": { "uuid": "901d8a32-5970-4226-acc5-cb07766a18bd", "data_acq": "2017-12-31 00:00:00", "data_agg": "2017-12-31 00:00:00", "data_fin": "9999-12-31 00:00:00", "ente_for": "REGIONE PIEMONTE", "ente_prod": "ARPA PIEMONTE", "modo_prod": "banche dati esterne - geometrie da catasto, altezza volumi da ARPA PIEMONTE (DSM-DTM,LAS)", "sc_acq": "1:10000", "un_vol_av": "20", "un_vol_por": "al suolo", "un_vol_qe": "", "un_vol_ex": "altezza", "source": "BDTRE un_vol" }, "geometry": { "type": "Polygon", "coordinates": [ [ [ 7.6708, 45.07871 ], [ 7.67061, 45.07878 ], [ 7.67057, 45.07879 ], [ 7.67036, 45.07886 ], [ 7.67033, 45.07882 ], [ 7.67022, 45.07866 ], [ 7.67038, 45.0786 ], [ 7.67049, 45.07856 ], [ 7.67066, 45.07851 ], [ 7.67069, 45.07855 ], [ 7.6707, 45.07857 ], [ 7.67071, 45.07858 ], [ 7.67072, 45.07861 ], [ 7.6708, 45.07871 ] ], [ [ 7.67044, 45.0787 ], [ 7.67066, 45.07863 ], [ 7.67063, 45.07859 ], [ 7.67056, 45.07861 ], [ 7.67053, 45.07858 ], [ 7.67042, 45.07862 ], [ 7.67042, 45.07862 ], [ 7.67041, 45.07863 ], [ 7.67041, 45.07862 ], [ 7.67038, 45.07863 ], [ 7.67044, 45.0787 ] ] ] } },
{ "type": "Feature", "properties": { "uuid": "ff7ba34a-ea25-437a-a13a-9e6633bfc482", "data_acq": "2017-12-31 00:00:00", "data_agg": "2017-12-31 00:00:00", "data_fin": "9999-12-31 00:00:00", "ente_for": "REGIONE PIEMONTE", "ente_prod": "ARPA PIEMONTE", "modo_prod": "banche dati esterne - geometrie da catasto, altezza volumi da ARPA PIEMONTE (DSM-DTM,LAS)", "sc_acq": "1:10000", "un_vol_av": "22", "un_vol_por": "al suolo", "un_vol_qe": "", "un_vol_ex": "altezza", "source": "BDTRE un_vol" }, "geometry": { "type": "Polygon", "coordinates": [ [ [ 7.67578, 45.07593 ], [ 7.67576, 45.0759 ], [ 7.67572, 45.07584 ], [ 7.67561, 45.07568 ], [ 7.67554, 45.07571 ], [ 7.67538, 45.07576 ], [ 7.67545, 45.07587 ], [ 7.67561, 45.07582 ], [ 7.67567, 45.07591 ], [ 7.67553, 45.07596 ], [ 7.67552, 45.07594 ], [ 7.6755, 45.07595 ], [ 7.67552, 45.07596 ], [ 7.67555, 45.07601 ], [ 7.67574, 45.07594 ], [ 7.67578, 45.07593 ] ] ] } },
{ "type": "Feature", "properties": { "uuid": "800076ee-7ee4-46df-b75e-40546ba4e6d5", "data_acq": "2017-12-31 00:00:00", "data_agg": "2017-12-31 00:00:00", "data_fin": "9999-12-31 00:00:00", "ente_for": "REGIONE PIEMONTE", "ente_prod": "ARPA PIEMONTE", "modo_prod": "banche dati esterne - geometrie da catasto, altezza volumi da ARPA PIEMONTE (DSM-DTM,LAS)", "sc_acq": "1:10000", "un_vol_av": "23", "un_vol_por": "al suolo", "un_vol_qe": "", "un_vol_ex": "altezza", "source": "BDTRE un_vol" }, "geometry": { "type": "Polygon", "coordinates": [ [ [ 7.68234, 45.07128 ], [ 7.68233, 45.07128 ], [ 7.68215, 45.07134 ], [ 7.68215, 45.07134 ], [ 7.68214, 45.07134 ], [ 7.68214, 45.07134 ], [ 7.68201, 45.07115 ], [ 7.682, 45.07113 ], [ 7.682, 45.07113 ], [ 7.68212, 45.07109 ], [ 7.68213, 45.0711 ], [ 7.6822, 45.07108 ], [ 7.68224, 45.07113 ], [ 7.68217, 45.07115 ], [ 7.68221, 45.0712 ], [ 7.68225, 45.07118 ], [ 7.68225, 45.07118 ], [ 7.68226, 45.07117 ], [ 7.68234, 45.07128 ] ] ] } },
{ "type": "Feature", "properties": { "uuid": "76631386-64a1-4fa9-930b-d9a11e639386", "data_acq": "2017-12-31 00:00:00", "data_agg": "2017-12-31 00:00:00", "data_fin": "9999-12-31 00:00:00", "ente_for": "REGIONE PIEMONTE", "ente_prod": "ARPA PIEMONTE", "modo_prod": "banche dati esterne - geometrie da catasto, altezza volumi da ARPA PIEMONTE (DSM-DTM,LAS)", "sc_acq": "1:10000", "un_vol_av": "28", "un_vol_por": "al suolo", "un_vol_qe": "", "un_vol_ex": "altezza", "source": "BDTRE un_vol" }, "geometry": { "type": "Polygon", "coordinates": [ [ [ 7.67932, 45.0841 ], [ 7.67933, 45.08411 ], [ 7.67932, 45.08412 ], [ 7.67933, 45.08414 ], [ 7.67933, 45.08415 ], [ 7.67935, 45.08418 ], [ 7.6794, 45.08416 ], [ 7.67946, 45.08424 ], [ 7.67928, 45.0843 ], [ 7.67917, 45.08415 ], [ 7.67931, 45.0841 ], [ 7.67932, 45.0841 ] ] ] } },
{ "type": "Feature", "properties": { "uuid": "7492ab15-a5c3-4587-a503-fe2efa50f42e", "data_acq": "2017-12-31 00:00:00", "data_agg": "2017-12-31 00:00:00", "data_fin": "9999-12-31 00:00:00", "ente_for": "REGIONE PIEMONTE", "ente_prod": "ARPA PIEMONTE", "modo_prod": "banche dati esterne - geometrie da catasto, altezza volumi da ARPA PIEMONTE (DSM-DTM,LAS)", "sc_acq": "1:10000", "un_vol_av": "20", "un_vol_por": "al suolo", "un_vol_qe": "", "un_vol_ex": "altezza", "source": "BDTRE un_vol" }, "geometry": { "type": "Polygon", "coordinates": [ [ [ 7.6831, 45.07298 ], [ 7.68309, 45.07298 ], [ 7.68311, 45.07301 ], [ 7.68306, 45.07304 ], [ 7.68304, 45.07302 ], [ 7.683, 45.07303 ], [ 7.68301, 45.07305 ], [ 7.68305, 45.07309 ], [ 7.68279, 45.0732 ], [ 7.68275, 45.07317 ], [ 7.68265, 45.07325 ], [ 7.68292, 45.07336 ], [ 7.68301, 45.0733 ], [ 7.68299, 45.07329 ], [ 7.683, 45.07329 ], [ 7.68299, 45.07328 ], [ 7.68298, 45.07328 ], [ 7.68295, 45.07326 ], [ 7.68305, 45.07322 ], [ 7.68314, 45.07318 ], [ 7.68314, 45.07318 ], [ 7.68317, 45.07323 ], [ 7.68326, 45.0732 ], [ 7.68324, 45.07316 ], [ 7.6832, 45.0731 ], [ 7.68322, 45.0731 ], [ 7.68317, 45.07301 ], [ 7.68314, 45.07297 ], [ 7.68314, 45.07296 ], [ 7.6831, 45.07298 ] ] ] } },
{ "type": "Feature", "properties": { "uuid": "db52ff33-39b9-4d8d-9546-1d4d9d28560a", "data_acq": "2017-12-31 00:00:00", "data_agg": "2017-12-31 00:00:00", "data_fin": "9999-12-31 00:00:00", "ente_for": "REGIONE PIEMONTE", "ente_prod": "ARPA PIEMONTE", "modo_prod": "banche dati esterne - geometrie da catasto, altezza volumi da ARPA PIEMONTE (DSM-DTM,LAS)", "sc_acq": "1:10000", "un_vol_av": "24", "un_vol_por": "al suolo", "un_vol_qe": "", "un_vol_ex": "altezza", "source": "BDTRE un_vol" }, "geometry": { "type": "Polygon", "coordinates": [ [ [ 7.69211, 45.06634 ], [ 7.69212, 45.06635 ], [ 7.69224, 45.06631 ], [ 7.69207, 45.06609 ], [ 7.69196, 45.06613 ], [ 7.69204, 45.06623 ], [ 7.69201, 45.06624 ], [ 7.69203, 45.06626 ], [ 7.69205, 45.06625 ], [ 7.69211, 45.06634 ] ] ] } },
{ "type": "Feature", "properties": { "uuid": "85e33ce9-a873-4ee9-b2ac-f533760085ad", "data_acq": "2017-12-31 00:00:00", "data_agg": "2017-12-31 00:00:00", "data_fin": "9999-12-31 00:00:00", "ente_for": "REGIONE PIEMONTE", "ente_prod": "ARPA PIEMONTE", "modo_prod": "banche dati esterne - geometrie da catasto, altezza volumi da ARPA PIEMONTE (DSM-DTM,LAS)", "sc_acq": "1:10000", "un_vol_av": "17", "un_vol_por": "al suolo", "un_vol_qe": "", "un_vol_ex": "altezza", "source": "BDTRE un_vol" }, "geometry": { "type": "Polygon", "coordinates": [ [ [ 7.6825, 45.07303 ], [ 7.68248, 45.07304 ], [ 7.68249, 45.07307 ], [ 7.68248, 45.07307 ], [ 7.6825, 45.07311 ], [ 7.6824, 45.07313 ], [ 7.6824, 45.07313 ], [ 7.68237, 45.07308 ], [ 7.68236, 45.07303 ], [ 7.6824, 45.07302 ], [ 7.68239, 45.073 ], [ 7.68245, 45.07299 ], [ 7.68246, 45.07299 ], [ 7.6825, 45.07303 ] ] ] } },
{ "type": "Feature", "properties": { "uuid": "e4767874-522e-47be-a44b-82dc59c1edc9", "data_acq": "2017-12-31 00:00:00", "data_agg": "2017-12-31 00:00:00", "data_fin": "9999-12-31 00:00:00", "ente_for": "REGIONE PIEMONTE", "ente_prod": "ARPA PIEMONTE", "modo_prod": "banche dati esterne - geometrie da catasto, altezza volumi da ARPA PIEMONTE (DSM-DTM,LAS)", "sc_acq": "1:10000", "un_vol_av": "16", "un_vol_por": "al suolo", "un_vol_qe": "", "un_vol_ex": "altezza", "source": "BDTRE un_vol" }, "geometry": { "type": "Polygon", "coordinates": [ [ [ 7.67315, 45.08213 ], [ 7.67298, 45.08218 ], [ 7.67292, 45.08209 ], [ 7.67308, 45.08204 ], [ 7.67307, 45.08203 ], [ 7.67308, 45.08203 ], [ 7.67315, 45.08213 ] ] ] } },
{ "type": "Feature", "properties": { "uuid": "a956aa55-e605-4f6c-98ea-fad6f9de7ccc", "data_acq": "2017-12-31 00:00:00", "data_agg": "2017-12-31 00:00:00", "data_fin": "9999-12-31 00:00:00", "ente_for": "REGIONE PIEMONTE", "ente_prod": "ARPA PIEMONTE", "modo_prod": "banche dati esterne - geometrie da catasto, altezza volumi da ARPA PIEMONTE (DSM-DTM,LAS)", "sc_acq": "1:10000", "un_vol_av": "14", "un_vol_por": "al suolo", "un_vol_qe": "", "un_vol_ex": "altezza", "source": "BDTRE un_vol" }, "geometry": { "type": "Polygon", "coordinates": [ [ [ 7.66849, 45.06672 ], [ 7.66866, 45.06695 ], [ 7.66873, 45.06693 ], [ 7.66873, 45.06693 ], [ 7.66873, 45.06692 ], [ 7.66873, 45.06692 ], [ 7.66867, 45.06683 ], [ 7.66868, 45.06683 ], [ 7.66869, 45.06683 ], [ 7.66898, 45.06673 ], [ 7.66898, 45.06672 ], [ 7.66899, 45.06671 ], [ 7.66906, 45.0668 ], [ 7.66906, 45.06681 ], [ 7.66906, 45.0668 ], [ 7.66912, 45.06678 ], [ 7.669, 45.06661 ], [ 7.66896, 45.06655 ], [ 7.66896, 45.06655 ], [ 7.66873, 45.06663 ], [ 7.66863, 45.06667 ], [ 7.66849, 45.06672 ] ] ] } },
{ "type": "Feature", "properties": { "uuid": "b79d8875-2392-4641-9597-b52232630de5", "data_acq": "2017-12-31 00:00:00", "data_agg": "2017-12-31 00:00:00", "data_fin": "9999-12-31 00:00:00", "ente_for": "REGIONE PIEMONTE", "ente_prod": "ARPA PIEMONTE", "modo_prod": "banche dati esterne - geometrie da catasto, altezza volumi da ARPA PIEMONTE (DSM-DTM,LAS)", "sc_acq": "1:10000", "un_vol_av": "11", "un_vol_por": "al suolo", "un_vol_qe": "", "un_vol_ex": "altezza", "source": "BDTRE un_vol" }, "geometry": { "type": "Polygon", "coordinates": [ [ [ 7.68387, 45.08043 ], [ 7.68388, 45.08044 ], [ 7.68399, 45.08064 ], [ 7.68383, 45.08068 ], [ 7.68383, 45.08068 ], [ 7.68382, 45.08068 ], [ 7.6838, 45.08063 ], [ 7.68386, 45.08061 ], [ 7.68383, 45.08056 ], [ 7.68382, 45.08056 ], [ 7.68382, 45.08055 ], [ 7.68386, 45.08054 ], [ 7.68384, 45.08051 ], [ 7.68373, 45.08054 ], [ 7.68373, 45.08054 ], [ 7.6837, 45.08048 ], [ 7.68371, 45.08048 ], [ 7.68387, 45.08043 ] ] ] } },
{ "type": "Feature", "properties": { "uuid": "147b64d5-a8fd-4fab-948d-1a3b57520dcb", "data_acq": "2017-12-31 00:00:00", "data_agg": "2017-12-31 00:00:00", "data_fin": "9999-12-31 00:00:00", "ente_for": "REGIONE PIEMONTE", "ente_prod": "ARPA PIEMONTE", "modo_prod": "banche dati esterne - geometrie da catasto, altezza volumi da ARPA PIEMONTE (DSM-DTM,LAS)", "sc_acq": "1:10000", "un_vol_av": "15", "un_vol_por": "al suolo", "un_vol_qe": "", "un_vol_ex": "altezza", "source": "BDTRE un_vol" }, "geometry": { "type": "Polygon", "coordinates": [ [ [ 7.67399, 45.08236 ], [ 7.67389, 45.08222 ], [ 7.67393, 45.0822 ], [ 7.67397, 45.08224 ], [ 7.67401, 45.08223 ], [ 7.67404, 45.08227 ], [ 7.67405, 45.08226 ], [ 7.67407, 45.08228 ], [ 7.67405, 45.08229 ], [ 7.67408, 45.08233 ], [ 7.67399, 45.08236 ] ] ] } },
{ "type": "Feature", "properties": { "uuid": "0053df05-1c49-4a76-ad0e-51fb8ecb0a3f", "data_acq": "2017-12-31 00:00:00", "data_agg": "2017-12-31 00:00:00", "data_fin": "9999-12-31 00:00:00", "ente_for": "REGIONE PIEMONTE", "ente_prod": "ARPA PIEMONTE", "modo_prod": "banche dati esterne - geometrie da catasto, altezza volumi da ARPA PIEMONTE (DSM-DTM,LAS)", "sc_acq": "1:10000", "un_vol_av": "16", "un_vol_por": "al suolo", "un_vol_qe": "", "un_vol_ex": "altezza", "source": "BDTRE un_vol" }, "geometry": { "type": "Polygon", "coordinates": [ [ [ 7.68802, 45.06902 ], [ 7.68788, 45.06882 ], [ 7.68795, 45.0688 ], [ 7.68801, 45.06877 ], [ 7.68806, 45.06885 ], [ 7.68806, 45.06885 ], [ 7.68799, 45.06888 ], [ 7.68803, 45.06894 ], [ 7.68805, 45.06893 ], [ 7.68806, 45.06895 ], [ 7.68812, 45.06893 ], [ 7.68813, 45.06895 ], [ 7.68813, 45.06895 ], [ 7.68815, 45.06897 ], [ 7.68802, 45.06902 ] ] ] } },
{ "type": "Feature", "properties": { "uuid": "90aa4773-3eab-4a3f-9073-3baa5f76fb76", "data_acq": "2017-12-31 00:00:00", "data_agg": "2017-12-31 00:00:00", "data_fin": "9999-12-31 00:00:00", "ente_for": "REGIONE PIEMONTE", "ente_prod": "ARPA PIEMONTE", "modo_prod": "banche dati esterne - geometrie da catasto, altezza volumi da ARPA PIEMONTE (DSM-DTM,LAS)", "sc_acq": "1:10000", "un_vol_av": "21", "un_vol_por": "al suolo", "un_vol_qe": "", "un_vol_ex": "altezza", "source": "BDTRE un_vol" }, "geometry": { "type": "Polygon", "coordinates": [ [ [ 7.66556, 45.07798 ], [ 7.66549, 45.07788 ], [ 7.66523, 45.07797 ], [ 7.6653, 45.07807 ], [ 7.66533, 45.07806 ], [ 7.66543, 45.07802 ], [ 7.66556, 45.07798 ] ] ] } },
{ "type": "Feature", "properties": { "uuid": "868547e8-9868-4221-b9d7-c9ca62025a00", "data_acq": "2017-12-31 00:00:00", "data_agg": "2017-12-31 00:00:00", "data_fin": "9999-12-31 00:00:00", "ente_for": "REGIONE PIEMONTE", "ente_prod": "ARPA PIEMONTE", "modo_prod": "banche dati esterne - geometrie da catasto, altezza volumi da ARPA PIEMONTE (DSM-DTM,LAS)", "sc_acq": "1:10000", "un_vol_av": "3", "un_vol_por": "al suolo", "un_vol_qe": "", "un_vol_ex": "altezza", "source": "BDTRE un_vol" }, "geometry": { "type": "Polygon", "coordinates": [ [ [ 7.6684, 45.06806 ], [ 7.6684, 45.06807 ], [ 7.66845, 45.06805 ], [ 7.66844, 45.06804 ], [ 7.66843, 45.06805 ], [ 7.6684, 45.06806 ] ] ] } },
{ "type": "Feature", "properties": { "uuid": "18926fe7-61ed-451e-8ddd-f5d8cae8e081", "data_acq": "2017-12-31 00:00:00", "data_agg": "2017-12-31 00:00:00", "data_fin": "9999-12-31 00:00:00", "ente_for": "REGIONE PIEMONTE", "ente_prod": "ARPA PIEMONTE", "modo_prod": "banche dati esterne - geometrie da catasto, altezza volumi da ARPA PIEMONTE (DSM-DTM,LAS)", "sc_acq": "1:10000", "un_vol_av": "21", "un_vol_por": "al suolo", "un_vol_qe": "", "un_vol_ex": "altezza", "source": "BDTRE un_vol" }, "geometry": { "type": "Polygon", "coordinates": [ [ [ 7.67909, 45.07016 ], [ 7.67908, 45.07015 ], [ 7.67902, 45.07005 ], [ 7.679, 45.07003 ], [ 7.67891, 45.0699 ], [ 7.67903, 45.06985 ], [ 7.67919, 45.06979 ], [ 7.67924, 45.06978 ], [ 7.6793, 45.06987 ], [ 7.67937, 45.06997 ], [ 7.67931, 45.06999 ], [ 7.67937, 45.07006 ], [ 7.67936, 45.07007 ], [ 7.67935, 45.07007 ], [ 7.67922, 45.07012 ], [ 7.67923, 45.07012 ], [ 7.67916, 45.07015 ], [ 7.67916, 45.07013 ], [ 7.67909, 45.07016 ] ], [ [ 7.67917, 45.07004 ], [ 7.6793, 45.06999 ], [ 7.67924, 45.06989 ], [ 7.6791, 45.06994 ], [ 7.67917, 45.07004 ] ] ] } },
{ "type": "Feature", "properties": { "uuid": "e213cee0-ba68-493d-b9b7-a9fea951e08f", "data_acq": "2017-12-31 00:00:00", "data_agg": "2017-12-31 00:00:00", "data_fin": "9999-12-31 00:00:00", "ente_for": "REGIONE PIEMONTE", "ente_prod": "ARPA PIEMONTE", "modo_prod": "banche dati esterne - geometrie da catasto, altezza volumi da ARPA PIEMONTE (DSM-DTM,LAS)", "sc_acq": "1:10000", "un_vol_av": "19", "un_vol_por": "al suolo", "un_vol_qe": "", "un_vol_ex": "altezza", "source": "BDTRE un_vol" }, "geometry": { "type": "Polygon", "coordinates": [ [ [ 7.67795, 45.07283 ], [ 7.67809, 45.07278 ], [ 7.67822, 45.07274 ], [ 7.67822, 45.07274 ], [ 7.67818, 45.07269 ], [ 7.67808, 45.07256 ], [ 7.67787, 45.07262 ], [ 7.67781, 45.0725 ], [ 7.67774, 45.07251 ], [ 7.67774, 45.07252 ], [ 7.67778, 45.0726 ], [ 7.67772, 45.07261 ], [ 7.67776, 45.07268 ], [ 7.67784, 45.07265 ], [ 7.67786, 45.07268 ], [ 7.67788, 45.07268 ], [ 7.67806, 45.07263 ], [ 7.67809, 45.07267 ], [ 7.67808, 45.07267 ], [ 7.67809, 45.07268 ], [ 7.67808, 45.07268 ], [ 7.67809, 45.07269 ], [ 7.67804, 45.07271 ], [ 7.67805, 45.07272 ], [ 7.67793, 45.07276 ], [ 7.67795, 45.07283 ], [ 7.67795, 45.07283 ] ] ] } },
{ "type": "Feature", "properties": { "uuid": "d964baa3-672d-4c90-8937-1448051c3cad", "data_acq": "2017-12-31 00:00:00", "data_agg": "2017-12-31 00:00:00", "data_fin": "9999-12-31 00:00:00", "ente_for": "REGIONE PIEMONTE", "ente_prod": "ARPA PIEMONTE", "modo_prod": "banche dati esterne - geometrie da catasto, altezza volumi da ARPA PIEMONTE (DSM-DTM,LAS)", "sc_acq": "1:10000", "un_vol_av": "24", "un_vol_por": "al suolo", "un_vol_qe": "", "un_vol_ex": "altezza", "source": "BDTRE un_vol" }, "geometry": { "type": "Polygon", "coordinates": [ [ [ 7.69029, 45.07521 ], [ 7.69022, 45.07529 ], [ 7.69021, 45.0753 ], [ 7.69016, 45.07528 ], [ 7.69015, 45.07529 ], [ 7.69002, 45.07523 ], [ 7.69002, 45.07524 ], [ 7.68996, 45.07522 ], [ 7.68997, 45.07521 ], [ 7.68995, 45.0752 ], [ 7.68984, 45.07532 ], [ 7.68965, 45.07523 ], [ 7.68959, 45.07521 ], [ 7.6897, 45.07509 ], [ 7.6897, 45.07509 ], [ 7.68971, 45.07509 ], [ 7.68972, 45.07509 ], [ 7.68973, 45.07509 ], [ 7.68974, 45.0751 ], [ 7.68986, 45.07506 ], [ 7.68986, 45.07505 ], [ 7.68986, 45.07504 ], [ 7.68987, 45.07504 ], [ 7.68988, 45.07503 ], [ 7.68989, 45.07503 ], [ 7.6899, 45.07503 ], [ 7.69029, 45.07521 ], [ 7.69029, 45.07521 ] ] ] } },
{ "type": "Feature", "properties": { "uuid": "5a1bb754-d2bc-4fb2-bf35-d62de3256064", "data_acq": "2017-12-31 00:00:00", "data_agg": "2017-12-31 00:00:00", "data_fin": "9999-12-31 00:00:00", "ente_for": "REGIONE PIEMONTE", "ente_prod": "ARPA PIEMONTE", "modo_prod": "banche dati esterne - geometrie da catasto, altezza volumi da ARPA PIEMONTE (DSM-DTM,LAS)", "sc_acq": "1:10000", "un_vol_av": "3", "un_vol_por": "al suolo", "un_vol_qe": "", "un_vol_ex": "altezza", "source": "BDTRE un_vol" }, "geometry": { "type": "Polygon", "coordinates": [ [ [ 7.66522, 45.07543 ], [ 7.66519, 45.0754 ], [ 7.66522, 45.07539 ], [ 7.66523, 45.07541 ], [ 7.66522, 45.07542 ], [ 7.66523, 45.07543 ], [ 7.66522, 45.07543 ] ] ] } },
{ "type": "Feature", "properties": { "uuid": "e72d4202-d9ad-43e2-8bdf-5847f4309ccd", "data_acq": "2017-12-31 00:00:00", "data_agg": "2017-12-31 00:00:00", "data_fin": "9999-12-31 00:00:00", "ente_for": "REGIONE PIEMONTE", "ente_prod": "ARPA PIEMONTE", "modo_prod": "banche dati esterne - geometrie da catasto, altezza volumi da ARPA PIEMONTE (DSM-DTM,LAS)", "sc_acq": "1:10000", "un_vol_av": "21", "un_vol_por": "al suolo", "un_vol_qe": "", "un_vol_ex": "altezza", "source": "BDTRE un_vol" }, "geometry": { "type": "Polygon", "coordinates": [ [ [ 7.6744, 45.08125 ], [ 7.67438, 45.08126 ], [ 7.67437, 45.08125 ], [ 7.67428, 45.08128 ], [ 7.67429, 45.08129 ], [ 7.67427, 45.0813 ], [ 7.6742, 45.08119 ], [ 7.67426, 45.08117 ], [ 7.67431, 45.08116 ], [ 7.67434, 45.08115 ], [ 7.6744, 45.08125 ] ] ] } },
{ "type": "Feature", "properties": { "uuid": "61aca373-ef7e-4597-bc0a-98ba68501460", "data_acq": "2017-12-31 00:00:00", "data_agg": "2017-12-31 00:00:00", "data_fin": "9999-12-31 00:00:00", "ente_for": "REGIONE PIEMONTE", "ente_prod": "ARPA PIEMONTE", "modo_prod": "banche dati esterne - geometrie da catasto, altezza volumi da ARPA PIEMONTE (DSM-DTM,LAS)", "sc_acq": "1:10000", "un_vol_av": "14", "un_vol_por": "al suolo", "un_vol_qe": "", "un_vol_ex": "altezza", "source": "BDTRE un_vol" }, "geometry": { "type": "Polygon", "coordinates": [ [ [ 7.68496, 45.06765 ], [ 7.68482, 45.0677 ], [ 7.68472, 45.06773 ], [ 7.68464, 45.06776 ], [ 7.68451, 45.06758 ], [ 7.68439, 45.06742 ], [ 7.68447, 45.06739 ], [ 7.68448, 45.0674 ], [ 7.68461, 45.06758 ], [ 7.68467, 45.06756 ], [ 7.68476, 45.06752 ], [ 7.68464, 45.06734 ], [ 7.68463, 45.06733 ], [ 7.68471, 45.0673 ], [ 7.68472, 45.06731 ], [ 7.6848, 45.06742 ], [ 7.68488, 45.06754 ], [ 7.68496, 45.06765 ] ] ] } },
{ "type": "Feature", "properties": { "uuid": "3567b0c2-9f1e-4f89-a9fc-994e5094d5a1", "data_acq": "2017-12-31 00:00:00", "data_agg": "2017-12-31 00:00:00", "data_fin": "9999-12-31 00:00:00", "ente_for": "REGIONE PIEMONTE", "ente_prod": "ARPA PIEMONTE", "modo_prod": "banche dati esterne - geometrie da catasto, altezza volumi da ARPA PIEMONTE (DSM-DTM,LAS)", "sc_acq": "1:10000", "un_vol_av": "8", "un_vol_por": "al suolo", "un_vol_qe": "", "un_vol_ex": "altezza", "source": "BDTRE un_vol" }, "geometry": { "type": "Polygon", "coordinates": [ [ [ 7.66528, 45.07959 ], [ 7.66522, 45.07964 ], [ 7.66522, 45.07964 ], [ 7.66519, 45.07962 ], [ 7.66512, 45.07958 ], [ 7.66513, 45.0795 ], [ 7.66514, 45.07944 ], [ 7.66515, 45.07932 ], [ 7.66521, 45.07936 ], [ 7.66524, 45.07938 ], [ 7.66524, 45.0794 ], [ 7.66523, 45.07939 ], [ 7.66521, 45.07955 ], [ 7.66528, 45.07959 ] ] ] } },
{ "type": "Feature", "properties": { "uuid": "9c8f75f9-b46b-476b-ad79-60506d5039a5", "data_acq": "2017-12-31 00:00:00", "data_agg": "2017-12-31 00:00:00", "data_fin": "9999-12-31 00:00:00", "ente_for": "REGIONE PIEMONTE", "ente_prod": "ARPA PIEMONTE", "modo_prod": "banche dati esterne - geometrie da catasto, altezza volumi da ARPA PIEMONTE (DSM-DTM,LAS)", "sc_acq": "1:10000", "un_vol_av": "20", "un_vol_por": "al suolo", "un_vol_qe": "", "un_vol_ex": "altezza", "source": "BDTRE un_vol" }, "geometry": { "type": "Polygon", "coordinates": [ [ [ 7.68039, 45.07125 ], [ 7.68046, 45.07136 ], [ 7.68058, 45.07131 ], [ 7.68064, 45.07139 ], [ 7.68066, 45.07141 ], [ 7.6808, 45.07135 ], [ 7.68074, 45.07128 ], [ 7.6807, 45.07123 ], [ 7.68066, 45.07118 ], [ 7.68064, 45.07117 ], [ 7.68062, 45.07117 ], [ 7.68053, 45.0712 ], [ 7.68039, 45.07125 ] ] ] } },
{ "type": "Feature", "properties": { "uuid": "715e299c-9176-4486-8108-404c98d66aee", "data_acq": "2017-12-31 00:00:00", "data_agg": "2017-12-31 00:00:00", "data_fin": "9999-12-31 00:00:00", "ente_for": "REGIONE PIEMONTE", "ente_prod": "ARPA PIEMONTE", "modo_prod": "banche dati esterne - geometrie da catasto, altezza volumi da ARPA PIEMONTE (DSM-DTM,LAS)", "sc_acq": "1:10000", "un_vol_av": "13", "un_vol_por": "al suolo", "un_vol_qe": "", "un_vol_ex": "altezza", "source": "BDTRE un_vol" }, "geometry": { "type": "Polygon", "coordinates": [ [ [ 7.67764, 45.07927 ], [ 7.67726, 45.07939 ], [ 7.67721, 45.0793 ], [ 7.67718, 45.07924 ], [ 7.67712, 45.07911 ], [ 7.67733, 45.07904 ], [ 7.67747, 45.079 ], [ 7.67754, 45.07911 ], [ 7.67761, 45.07922 ], [ 7.67763, 45.07925 ], [ 7.67764, 45.07927 ], [ 7.67764, 45.07927 ] ], [ [ 7.67743, 45.0791 ], [ 7.67724, 45.07917 ], [ 7.67726, 45.07918 ], [ 7.67732, 45.07929 ], [ 7.67751, 45.07923 ], [ 7.67743, 45.0791 ] ] ] } },
{ "type": "Feature", "properties": { "uuid": "b012023a-675d-4944-90dd-335776f72fee", "data_acq": "2017-12-31 00:00:00", "data_agg": "2017-12-31 00:00:00", "data_fin": "9999-12-31 00:00:00", "ente_for": "REGIONE PIEMONTE", "ente_prod": "ARPA PIEMONTE", "modo_prod": "banche dati esterne - geometrie da catasto, altezza volumi da ARPA PIEMONTE (DSM-DTM,LAS)", "sc_acq": "1:10000", "un_vol_av": "10", "un_vol_por": "al suolo", "un_vol_qe": "", "un_vol_ex": "altezza", "source": "BDTRE un_vol" }, "geometry": { "type": "Polygon", "coordinates": [ [ [ 7.666, 45.07988 ], [ 7.66592, 45.07993 ], [ 7.66587, 45.07989 ], [ 7.6659, 45.07987 ], [ 7.66585, 45.07982 ], [ 7.66591, 45.07979 ], [ 7.666, 45.07988 ] ] ] } },
{ "type": "Feature", "properties": { "uuid": "2664488f-f4c9-4b03-9cf1-a9ae75ce4c3c", "data_acq": "2017-12-31 00:00:00", "data_agg": "2017-12-31 00:00:00", "data_fin": "9999-12-31 00:00:00", "ente_for": "REGIONE PIEMONTE", "ente_prod": "ARPA PIEMONTE", "modo_prod": "banche dati esterne - geometrie da catasto, altezza volumi da ARPA PIEMONTE (DSM-DTM,LAS)", "sc_acq": "1:10000", "un_vol_av": "21", "un_vol_por": "al suolo", "un_vol_qe": "", "un_vol_ex": "altezza", "source": "BDTRE un_vol" }, "geometry": { "type": "Polygon", "coordinates": [ [ [ 7.67094, 45.07921 ], [ 7.67095, 45.07922 ], [ 7.67096, 45.07922 ], [ 7.67149, 45.07904 ], [ 7.67149, 45.07903 ], [ 7.67125, 45.07869 ], [ 7.67124, 45.07868 ], [ 7.67124, 45.07868 ], [ 7.6707, 45.07887 ], [ 7.6707, 45.07887 ], [ 7.67077, 45.07897 ], [ 7.67077, 45.07897 ], [ 7.67084, 45.07895 ], [ 7.67085, 45.07897 ], [ 7.67085, 45.07897 ], [ 7.67084, 45.07898 ], [ 7.67085, 45.07899 ], [ 7.67086, 45.07898 ], [ 7.67086, 45.07899 ], [ 7.671, 45.07919 ], [ 7.67095, 45.0792 ], [ 7.67094, 45.07921 ] ], [ [ 7.67121, 45.07906 ], [ 7.67113, 45.07909 ], [ 7.6711, 45.0791 ], [ 7.67097, 45.07891 ], [ 7.67107, 45.07887 ], [ 7.67118, 45.07883 ], [ 7.67131, 45.07903 ], [ 7.67121, 45.07906 ] ] ] } },
{ "type": "Feature", "properties": { "uuid": "44d8d539-291d-4946-bbfe-967aa386187a", "data_acq": "2017-12-31 00:00:00", "data_agg": "2017-12-31 00:00:00", "data_fin": "9999-12-31 00:00:00", "ente_for": "REGIONE PIEMONTE", "ente_prod": "ARPA PIEMONTE", "modo_prod": "banche dati esterne - geometrie da catasto, altezza volumi da ARPA PIEMONTE (DSM-DTM,LAS)", "sc_acq": "1:10000", "un_vol_av": "4", "un_vol_por": "al suolo", "un_vol_qe": "", "un_vol_ex": "altezza", "source": "BDTRE un_vol" }, "geometry": { "type": "Polygon", "coordinates": [ [ [ 7.69316, 45.07574 ], [ 7.69321, 45.07576 ], [ 7.69317, 45.0758 ], [ 7.69312, 45.07578 ], [ 7.69316, 45.07574 ] ] ] } },
{ "type": "Feature", "properties": { "uuid": "5529f347-5c8c-4d81-a8be-d66a8bd34a69", "data_acq": "2017-12-31 00:00:00", "data_agg": "2017-12-31 00:00:00", "data_fin": "9999-12-31 00:00:00", "ente_for": "REGIONE PIEMONTE", "ente_prod": "ARPA PIEMONTE", "modo_prod": "banche dati esterne - geometrie da catasto, altezza volumi da ARPA PIEMONTE (DSM-DTM,LAS)", "sc_acq": "1:10000", "un_vol_av": "17", "un_vol_por": "al suolo", "un_vol_qe": "", "un_vol_ex": "altezza", "source": "BDTRE un_vol" }, "geometry": { "type": "Polygon", "coordinates": [ [ [ 7.68265, 45.07325 ], [ 7.68265, 45.07325 ], [ 7.68255, 45.07321 ], [ 7.68247, 45.07316 ], [ 7.68252, 45.07313 ], [ 7.68252, 45.07313 ], [ 7.68261, 45.07308 ], [ 7.68267, 45.07306 ], [ 7.68268, 45.07307 ], [ 7.68268, 45.07308 ], [ 7.6827, 45.0731 ], [ 7.6827, 45.0731 ], [ 7.68272, 45.07311 ], [ 7.6827, 45.07312 ], [ 7.68274, 45.07315 ], [ 7.68275, 45.07317 ], [ 7.68265, 45.07325 ] ] ] } },
{ "type": "Feature", "properties": { "uuid": "9b94dcb7-9384-4eda-94fc-33cbbfaed1be", "data_acq": "2017-12-31 00:00:00", "data_agg": "2017-12-31 00:00:00", "data_fin": "9999-12-31 00:00:00", "ente_for": "REGIONE PIEMONTE", "ente_prod": "ARPA PIEMONTE", "modo_prod": "banche dati esterne - geometrie da catasto, altezza volumi da ARPA PIEMONTE (DSM-DTM,LAS)", "sc_acq": "1:10000", "un_vol_av": "13", "un_vol_por": "al suolo", "un_vol_qe": "", "un_vol_ex": "altezza", "source": "BDTRE un_vol" }, "geometry": { "type": "Polygon", "coordinates": [ [ [ 7.66543, 45.07336 ], [ 7.66545, 45.07339 ], [ 7.66549, 45.07344 ], [ 7.66543, 45.07347 ], [ 7.66543, 45.07347 ], [ 7.66533, 45.0735 ], [ 7.6652, 45.07354 ], [ 7.66515, 45.07348 ], [ 7.6651, 45.07341 ], [ 7.66524, 45.07336 ], [ 7.66527, 45.07341 ], [ 7.66528, 45.07341 ], [ 7.66543, 45.07336 ], [ 7.66543, 45.07336 ] ] ] } },
{ "type": "Feature", "properties": { "uuid": "9f080d6d-4a83-4c08-9a0e-7966a4e401cc", "data_acq": "2017-12-31 00:00:00", "data_agg": "2017-12-31 00:00:00", "data_fin": "9999-12-31 00:00:00", "ente_for": "REGIONE PIEMONTE", "ente_prod": "ARPA PIEMONTE", "modo_prod": "banche dati esterne - geometrie da catasto, altezza volumi da ARPA PIEMONTE (DSM-DTM,LAS)", "sc_acq": "1:10000", "un_vol_av": "17", "un_vol_por": "al suolo", "un_vol_qe": "", "un_vol_ex": "altezza", "source": "BDTRE un_vol" }, "geometry": { "type": "Polygon", "coordinates": [ [ [ 7.66646, 45.07947 ], [ 7.66646, 45.07947 ], [ 7.66658, 45.07938 ], [ 7.66671, 45.07948 ], [ 7.66657, 45.07955 ], [ 7.66646, 45.07947 ] ] ] } },
{ "type": "Feature", "properties": { "uuid": "237c6d70-a5f4-45ac-8406-d379e458cc21", "data_acq": "2017-12-31 00:00:00", "data_agg": "2017-12-31 00:00:00", "data_fin": "9999-12-31 00:00:00", "ente_for": "REGIONE PIEMONTE", "ente_prod": "ARPA PIEMONTE", "modo_prod": "banche dati esterne - geometrie da catasto, altezza volumi da ARPA PIEMONTE (DSM-DTM,LAS)", "sc_acq": "1:10000", "un_vol_av": "24", "un_vol_por": "al suolo", "un_vol_qe": "", "un_vol_ex": "altezza", "source": "BDTRE un_vol" }, "geometry": { "type": "Polygon", "coordinates": [ [ [ 7.68852, 45.08364 ], [ 7.6885, 45.08369 ], [ 7.68864, 45.08391 ], [ 7.6885, 45.08395 ], [ 7.6885, 45.08395 ], [ 7.68829, 45.08363 ], [ 7.68831, 45.0836 ], [ 7.68852, 45.08364 ] ] ] } },
{ "type": "Feature", "properties": { "uuid": "8203b2f2-6d90-4c24-85b1-6f55dedbc828", "data_acq": "2017-12-31 00:00:00", "data_agg": "2017-12-31 00:00:00", "data_fin": "9999-12-31 00:00:00", "ente_for": "REGIONE PIEMONTE", "ente_prod": "ARPA PIEMONTE", "modo_prod": "banche dati esterne - geometrie da catasto, altezza volumi da ARPA PIEMONTE (DSM-DTM,LAS)", "sc_acq": "1:10000", "un_vol_av": "21", "un_vol_por": "al suolo", "un_vol_qe": "", "un_vol_ex": "altezza", "source": "BDTRE un_vol" }, "geometry": { "type": "Polygon", "coordinates": [ [ [ 7.69245, 45.0663 ], [ 7.69247, 45.06628 ], [ 7.69246, 45.06627 ], [ 7.69256, 45.06621 ], [ 7.69256, 45.06621 ], [ 7.69262, 45.06617 ], [ 7.69254, 45.0661 ], [ 7.69252, 45.06609 ], [ 7.69245, 45.06603 ], [ 7.69238, 45.06597 ], [ 7.69238, 45.06597 ], [ 7.69238, 45.06597 ], [ 7.69219, 45.06604 ], [ 7.69227, 45.06614 ], [ 7.6924, 45.06633 ], [ 7.69244, 45.0663 ], [ 7.69245, 45.0663 ] ], [ [ 7.6924, 45.06609 ], [ 7.69246, 45.06606 ], [ 7.69246, 45.06606 ], [ 7.69254, 45.06613 ], [ 7.69246, 45.06618 ], [ 7.6924, 45.06609 ] ] ] } },
{ "type": "Feature", "properties": { "uuid": "3d2062f1-53d9-4e19-877f-ad825e41b4a4", "data_acq": "2017-12-31 00:00:00", "data_agg": "2017-12-31 00:00:00", "data_fin": "9999-12-31 00:00:00", "ente_for": "REGIONE PIEMONTE", "ente_prod": "ARPA PIEMONTE", "modo_prod": "banche dati esterne - geometrie da catasto, altezza volumi da ARPA PIEMONTE (DSM-DTM,LAS)", "sc_acq": "1:10000", "un_vol_av": "20", "un_vol_por": "al suolo", "un_vol_qe": "", "un_vol_ex": "altezza", "source": "BDTRE un_vol" }, "geometry": { "type": "Polygon", "coordinates": [ [ [ 7.66825, 45.07686 ], [ 7.66835, 45.077 ], [ 7.66819, 45.07706 ], [ 7.66813, 45.07708 ], [ 7.6681, 45.07704 ], [ 7.66795, 45.07709 ], [ 7.66798, 45.07713 ], [ 7.66792, 45.07715 ], [ 7.66789, 45.0771 ], [ 7.66786, 45.07707 ], [ 7.66804, 45.07701 ], [ 7.66803, 45.07699 ], [ 7.66805, 45.07699 ], [ 7.66806, 45.07696 ], [ 7.6681, 45.07695 ], [ 7.66812, 45.07696 ], [ 7.66813, 45.07694 ], [ 7.6681, 45.07694 ], [ 7.66808, 45.07692 ], [ 7.66809, 45.07688 ], [ 7.66825, 45.07686 ] ] ] } },
{ "type": "Feature", "properties": { "uuid": "8a2ee1ae-92ee-43ac-8b9b-189f0bb6fbf3", "data_acq": "2017-12-31 00:00:00", "data_agg": "2017-12-31 00:00:00", "data_fin": "9999-12-31 00:00:00", "ente_for": "REGIONE PIEMONTE", "ente_prod": "ARPA PIEMONTE", "modo_prod": "banche dati esterne - geometrie da catasto, altezza volumi da ARPA PIEMONTE (DSM-DTM,LAS)", "sc_acq": "1:10000", "un_vol_av": "17", "un_vol_por": "al suolo", "un_vol_qe": "", "un_vol_ex": "altezza", "source": "BDTRE un_vol" }, "geometry": { "type": "Polygon", "coordinates": [ [ [ 7.68099, 45.06916 ], [ 7.68103, 45.06922 ], [ 7.68105, 45.06921 ], [ 7.68109, 45.06927 ], [ 7.68109, 45.06927 ], [ 7.6812, 45.06923 ], [ 7.68122, 45.06926 ], [ 7.68119, 45.06929 ], [ 7.68121, 45.06932 ], [ 7.68133, 45.06928 ], [ 7.68137, 45.06933 ], [ 7.68137, 45.06933 ], [ 7.68144, 45.0693 ], [ 7.68146, 45.06932 ], [ 7.68148, 45.06931 ], [ 7.6813, 45.06905 ], [ 7.68114, 45.06911 ], [ 7.68099, 45.06916 ] ] ] } },
{ "type": "Feature", "properties": { "uuid": "32dcfb01-c5b2-4e11-b5db-85e748422333", "data_acq": "2017-12-31 00:00:00", "data_agg": "2017-12-31 00:00:00", "data_fin": "9999-12-31 00:00:00", "ente_for": "REGIONE PIEMONTE", "ente_prod": "ARPA PIEMONTE", "modo_prod": "banche dati esterne - geometrie da catasto, altezza volumi da ARPA PIEMONTE (DSM-DTM,LAS)", "sc_acq": "1:10000", "un_vol_av": "14", "un_vol_por": "al suolo", "un_vol_qe": "", "un_vol_ex": "altezza", "source": "BDTRE un_vol" }, "geometry": { "type": "Polygon", "coordinates": [ [ [ 7.68346, 45.07916 ], [ 7.68345, 45.07916 ], [ 7.68332, 45.07913 ], [ 7.68345, 45.07897 ], [ 7.68357, 45.07896 ], [ 7.6836, 45.07916 ], [ 7.68346, 45.07916 ] ] ] } },
{ "type": "Feature", "properties": { "uuid": "b2c456d3-a6d1-4327-8b42-e2a1d540041d", "data_acq": "2017-12-31 00:00:00", "data_agg": "2017-12-31 00:00:00", "data_fin": "9999-12-31 00:00:00", "ente_for": "REGIONE PIEMONTE", "ente_prod": "ARPA PIEMONTE", "modo_prod": "banche dati esterne - geometrie da catasto, altezza volumi da ARPA PIEMONTE (DSM-DTM,LAS)", "sc_acq": "1:10000", "un_vol_av": "19", "un_vol_por": "al suolo", "un_vol_qe": "", "un_vol_ex": "altezza", "source": "BDTRE un_vol" }, "geometry": { "type": "Polygon", "coordinates": [ [ [ 7.69307, 45.06692 ], [ 7.69297, 45.06684 ], [ 7.69297, 45.06684 ], [ 7.6929, 45.06679 ], [ 7.69286, 45.06676 ], [ 7.69281, 45.06672 ], [ 7.69274, 45.06668 ], [ 7.6927, 45.06665 ], [ 7.69271, 45.06664 ], [ 7.69272, 45.06665 ], [ 7.69291, 45.06652 ], [ 7.69296, 45.06649 ], [ 7.69301, 45.06653 ], [ 7.69303, 45.06655 ], [ 7.69316, 45.06669 ], [ 7.69324, 45.06677 ], [ 7.69328, 45.06682 ], [ 7.69322, 45.06684 ], [ 7.69304, 45.06665 ], [ 7.69304, 45.06665 ], [ 7.69301, 45.06667 ], [ 7.69298, 45.06668 ], [ 7.693, 45.0667 ], [ 7.693, 45.0667 ], [ 7.69297, 45.06672 ], [ 7.69313, 45.06689 ], [ 7.69307, 45.06692 ] ] ] } },
{ "type": "Feature", "properties": { "uuid": "fada895a-e22b-4a00-a5a6-9902140a94e5", "data_acq": "2017-12-31 00:00:00", "data_agg": "2017-12-31 00:00:00", "data_fin": "9999-12-31 00:00:00", "ente_for": "REGIONE PIEMONTE", "ente_prod": "ARPA PIEMONTE", "modo_prod": "banche dati esterne - geometrie da catasto, altezza volumi da ARPA PIEMONTE (DSM-DTM,LAS)", "sc_acq": "1:10000", "un_vol_av": "20", "un_vol_por": "al suolo", "un_vol_qe": "", "un_vol_ex": "altezza", "source": "BDTRE un_vol" }, "geometry": { "type": "Polygon", "coordinates": [ [ [ 7.67837, 45.07195 ], [ 7.67826, 45.07199 ], [ 7.67815, 45.07202 ], [ 7.67825, 45.07216 ], [ 7.67835, 45.0723 ], [ 7.67845, 45.07227 ], [ 7.67855, 45.07223 ], [ 7.67854, 45.07222 ], [ 7.67852, 45.07218 ], [ 7.67848, 45.07213 ], [ 7.67845, 45.07214 ], [ 7.67844, 45.07214 ], [ 7.67843, 45.07214 ], [ 7.67843, 45.07215 ], [ 7.6784, 45.07216 ], [ 7.67838, 45.07214 ], [ 7.67839, 45.07213 ], [ 7.67837, 45.0721 ], [ 7.67836, 45.07211 ], [ 7.67834, 45.07208 ], [ 7.67838, 45.07207 ], [ 7.67839, 45.07207 ], [ 7.6784, 45.07207 ], [ 7.6784, 45.07206 ], [ 7.67843, 45.07205 ], [ 7.67843, 45.07205 ], [ 7.67839, 45.07199 ], [ 7.67837, 45.07195 ] ] ] } },
{ "type": "Feature", "properties": { "uuid": "9c366e78-ecc5-48c5-834c-ff09ce9cc35d", "data_acq": "2017-12-31 00:00:00", "data_agg": "2017-12-31 00:00:00", "data_fin": "9999-12-31 00:00:00", "ente_for": "REGIONE PIEMONTE", "ente_prod": "ARPA PIEMONTE", "modo_prod": "banche dati esterne - geometrie da catasto, altezza volumi da ARPA PIEMONTE (DSM-DTM,LAS)", "sc_acq": "1:10000", "un_vol_av": "6", "un_vol_por": "al suolo", "un_vol_qe": "", "un_vol_ex": "altezza", "source": "BDTRE un_vol" }, "geometry": { "type": "Polygon", "coordinates": [ [ [ 7.69127, 45.084 ], [ 7.69148, 45.08394 ], [ 7.69155, 45.08405 ], [ 7.69162, 45.08416 ], [ 7.69141, 45.08423 ], [ 7.69135, 45.08413 ], [ 7.69127, 45.084 ] ] ] } },
{ "type": "Feature", "properties": { "uuid": "4049d1a6-8b2d-4e71-b25f-45ee4babf932", "data_acq": "2017-12-31 00:00:00", "data_agg": "2017-12-31 00:00:00", "data_fin": "9999-12-31 00:00:00", "ente_for": "REGIONE PIEMONTE", "ente_prod": "ARPA PIEMONTE", "modo_prod": "banche dati esterne - geometrie da catasto, altezza volumi da ARPA PIEMONTE (DSM-DTM,LAS)", "sc_acq": "1:10000", "un_vol_av": "15", "un_vol_por": "al suolo", "un_vol_qe": "", "un_vol_ex": "altezza", "source": "BDTRE un_vol" }, "geometry": { "type": "Polygon", "coordinates": [ [ [ 7.67365, 45.08282 ], [ 7.67381, 45.08277 ], [ 7.67386, 45.08284 ], [ 7.67386, 45.08284 ], [ 7.67385, 45.08284 ], [ 7.67385, 45.08284 ], [ 7.67384, 45.08284 ], [ 7.67384, 45.08284 ], [ 7.67375, 45.08287 ], [ 7.67376, 45.08289 ], [ 7.67371, 45.0829 ], [ 7.67365, 45.08282 ] ] ] } },
{ "type": "Feature", "properties": { "uuid": "5e1ac1c4-26fd-48de-86ff-340563eef331", "data_acq": "2017-12-31 00:00:00", "data_agg": "2017-12-31 00:00:00", "data_fin": "9999-12-31 00:00:00", "ente_for": "REGIONE PIEMONTE", "ente_prod": "ARPA PIEMONTE", "modo_prod": "banche dati esterne - geometrie da catasto, altezza volumi da ARPA PIEMONTE (DSM-DTM,LAS)", "sc_acq": "1:10000", "un_vol_av": "15", "un_vol_por": "al suolo", "un_vol_qe": "", "un_vol_ex": "altezza", "source": "BDTRE un_vol" }, "geometry": { "type": "Polygon", "coordinates": [ [ [ 7.68593, 45.06741 ], [ 7.68606, 45.06736 ], [ 7.68607, 45.06736 ], [ 7.68615, 45.06748 ], [ 7.68615, 45.06748 ], [ 7.68601, 45.06753 ], [ 7.68593, 45.06741 ] ] ] } },
{ "type": "Feature", "properties": { "uuid": "616d34a5-d843-4f4f-a017-8e86a0af0627", "data_acq": "2017-12-31 00:00:00", "data_agg": "2017-12-31 00:00:00", "data_fin": "9999-12-31 00:00:00", "ente_for": "REGIONE PIEMONTE", "ente_prod": "ARPA PIEMONTE", "modo_prod": "banche dati esterne - geometrie da catasto, altezza volumi da ARPA PIEMONTE (DSM-DTM,LAS)", "sc_acq": "1:10000", "un_vol_av": "21", "un_vol_por": "al suolo", "un_vol_qe": "", "un_vol_ex": "altezza", "source": "BDTRE un_vol" }, "geometry": { "type": "Polygon", "coordinates": [ [ [ 7.68397, 45.08409 ], [ 7.68386, 45.08412 ], [ 7.68377, 45.08415 ], [ 7.68365, 45.08396 ], [ 7.68377, 45.08392 ], [ 7.68384, 45.08402 ], [ 7.6839, 45.084 ], [ 7.68389, 45.08399 ], [ 7.68391, 45.08399 ], [ 7.68391, 45.08399 ], [ 7.68397, 45.08409 ] ] ] } },
{ "type": "Feature", "properties": { "uuid": "47251cad-3199-4911-9b90-880754f52cb1", "data_acq": "2017-12-31 00:00:00", "data_agg": "2017-12-31 00:00:00", "data_fin": "9999-12-31 00:00:00", "ente_for": "REGIONE PIEMONTE", "ente_prod": "ARPA PIEMONTE", "modo_prod": "banche dati esterne - geometrie da catasto, altezza volumi da ARPA PIEMONTE (DSM-DTM,LAS)", "sc_acq": "1:10000", "un_vol_av": "18", "un_vol_por": "al suolo", "un_vol_qe": "", "un_vol_ex": "altezza", "source": "BDTRE un_vol" }, "geometry": { "type": "Polygon", "coordinates": [ [ [ 7.67011, 45.07792 ], [ 7.67016, 45.07793 ], [ 7.6702, 45.07794 ], [ 7.67022, 45.07794 ], [ 7.67024, 45.07795 ], [ 7.67016, 45.078 ], [ 7.67021, 45.07805 ], [ 7.6702, 45.07807 ], [ 7.6702, 45.07808 ], [ 7.67027, 45.07818 ], [ 7.67016, 45.07821 ], [ 7.67007, 45.07824 ], [ 7.66995, 45.07828 ], [ 7.66993, 45.07825 ], [ 7.66988, 45.07818 ], [ 7.66981, 45.07809 ], [ 7.6699, 45.07804 ], [ 7.67011, 45.07792 ] ], [ [ 7.67003, 45.07804 ], [ 7.66997, 45.07807 ], [ 7.67002, 45.07814 ], [ 7.67011, 45.07811 ], [ 7.67003, 45.07804 ] ] ] } },
{ "type": "Feature", "properties": { "uuid": "52abfeff-6773-4b9f-8bd9-f1707ce4cc93", "data_acq": "2017-12-31 00:00:00", "data_agg": "2017-12-31 00:00:00", "data_fin": "9999-12-31 00:00:00", "ente_for": "REGIONE PIEMONTE", "ente_prod": "ARPA PIEMONTE", "modo_prod": "banche dati esterne - geometrie da catasto, altezza volumi da ARPA PIEMONTE (DSM-DTM,LAS)", "sc_acq": "1:10000", "un_vol_av": "19", "un_vol_por": "al suolo", "un_vol_qe": "", "un_vol_ex": "altezza", "source": "BDTRE un_vol" }, "geometry": { "type": "Polygon", "coordinates": [ [ [ 7.67656, 45.07417 ], [ 7.67648, 45.07406 ], [ 7.6765, 45.07406 ], [ 7.6765, 45.07407 ], [ 7.67653, 45.07406 ], [ 7.67649, 45.074 ], [ 7.67649, 45.074 ], [ 7.67645, 45.07401 ], [ 7.67638, 45.07392 ], [ 7.67642, 45.0739 ], [ 7.67647, 45.07389 ], [ 7.67652, 45.07387 ], [ 7.67661, 45.07399 ], [ 7.67669, 45.07412 ], [ 7.67669, 45.07412 ], [ 7.67669, 45.07412 ], [ 7.67656, 45.07417 ] ] ] } },
{ "type": "Feature", "properties": { "uuid": "bcd74644-f45d-47ed-9470-5f62ce4009d3", "data_acq": "2017-12-31 00:00:00", "data_agg": "2017-12-31 00:00:00", "data_fin": "9999-12-31 00:00:00", "ente_for": "REGIONE PIEMONTE", "ente_prod": "ARPA PIEMONTE", "modo_prod": "banche dati esterne - geometrie da catasto, altezza volumi da ARPA PIEMONTE (DSM-DTM,LAS)", "sc_acq": "1:10000", "un_vol_av": "22", "un_vol_por": "al suolo", "un_vol_qe": "", "un_vol_ex": "altezza", "source": "BDTRE un_vol" }, "geometry": { "type": "Polygon", "coordinates": [ [ [ 7.68303, 45.08481 ], [ 7.68299, 45.08485 ], [ 7.68294, 45.0849 ], [ 7.6829, 45.08494 ], [ 7.68288, 45.08493 ], [ 7.68289, 45.08491 ], [ 7.68285, 45.08488 ], [ 7.68289, 45.08484 ], [ 7.68286, 45.08482 ], [ 7.68289, 45.08479 ], [ 7.68286, 45.08478 ], [ 7.68284, 45.0848 ], [ 7.68277, 45.08482 ], [ 7.68278, 45.08483 ], [ 7.68275, 45.08484 ], [ 7.68274, 45.08483 ], [ 7.68274, 45.08483 ], [ 7.68273, 45.08482 ], [ 7.68266, 45.08485 ], [ 7.6826, 45.08476 ], [ 7.68279, 45.0847 ], [ 7.68303, 45.08481 ] ] ] } },
{ "type": "Feature", "properties": { "uuid": "1877a0c4-a21b-4f17-9e6e-5233e6ae8a5c", "data_acq": "2017-12-31 00:00:00", "data_agg": "2017-12-31 00:00:00", "data_fin": "9999-12-31 00:00:00", "ente_for": "REGIONE PIEMONTE", "ente_prod": "ARPA PIEMONTE", "modo_prod": "banche dati esterne - geometrie da catasto, altezza volumi da ARPA PIEMONTE (DSM-DTM,LAS)", "sc_acq": "1:10000", "un_vol_av": "23", "un_vol_por": "al suolo", "un_vol_qe": "", "un_vol_ex": "altezza", "source": "BDTRE un_vol" }, "geometry": { "type": "Polygon", "coordinates": [ [ [ 7.68341, 45.06518 ], [ 7.68375, 45.06506 ], [ 7.68384, 45.0652 ], [ 7.68395, 45.06535 ], [ 7.68396, 45.06536 ], [ 7.68382, 45.06541 ], [ 7.68382, 45.06541 ], [ 7.68378, 45.06535 ], [ 7.68372, 45.06526 ], [ 7.6835, 45.06533 ], [ 7.68341, 45.06518 ] ] ] } },
{ "type": "Feature", "properties": { "uuid": "72fa1ffa-f95f-4fec-9b6d-ac0ac549d390", "data_acq": "2017-12-31 00:00:00", "data_agg": "2017-12-31 00:00:00", "data_fin": "9999-12-31 00:00:00", "ente_for": "REGIONE PIEMONTE", "ente_prod": "ARPA PIEMONTE", "modo_prod": "banche dati esterne - geometrie da catasto, altezza volumi da ARPA PIEMONTE (DSM-DTM,LAS)", "sc_acq": "1:10000", "un_vol_av": "19", "un_vol_por": "al suolo", "un_vol_qe": "", "un_vol_ex": "altezza", "source": "BDTRE un_vol" }, "geometry": { "type": "Polygon", "coordinates": [ [ [ 7.69449, 45.07633 ], [ 7.69473, 45.07644 ], [ 7.69462, 45.07655 ], [ 7.69451, 45.0765 ], [ 7.69451, 45.0765 ], [ 7.69454, 45.07646 ], [ 7.69442, 45.0764 ], [ 7.69449, 45.07633 ] ] ] } },
{ "type": "Feature", "properties": { "uuid": "bebfa325-f3ce-4fb3-8696-4097312f7687", "data_acq": "2017-12-31 00:00:00", "data_agg": "2017-12-31 00:00:00", "data_fin": "9999-12-31 00:00:00", "ente_for": "REGIONE PIEMONTE", "ente_prod": "ARPA PIEMONTE", "modo_prod": "banche dati esterne - geometrie da catasto, altezza volumi da ARPA PIEMONTE (DSM-DTM,LAS)", "sc_acq": "1:10000", "un_vol_av": "22", "un_vol_por": "al suolo", "un_vol_qe": "", "un_vol_ex": "altezza", "source": "BDTRE un_vol" }, "geometry": { "type": "Polygon", "coordinates": [ [ [ 7.66651, 45.08385 ], [ 7.66656, 45.08393 ], [ 7.66644, 45.08397 ], [ 7.66638, 45.08389 ], [ 7.66638, 45.08389 ], [ 7.66651, 45.08385 ] ] ] } },
{ "type": "Feature", "properties": { "uuid": "7a8ed76c-5924-41bb-bf88-fc2f303f8ab2", "data_acq": "2017-12-31 00:00:00", "data_agg": "2017-12-31 00:00:00", "data_fin": "9999-12-31 00:00:00", "ente_for": "REGIONE PIEMONTE", "ente_prod": "ARPA PIEMONTE", "modo_prod": "banche dati esterne - geometrie da catasto, altezza volumi da ARPA PIEMONTE (DSM-DTM,LAS)", "sc_acq": "1:10000", "un_vol_av": "3", "un_vol_por": "al suolo", "un_vol_qe": "", "un_vol_ex": "altezza", "source": "BDTRE un_vol" }, "geometry": { "type": "Polygon", "coordinates": [ [ [ 7.68224, 45.07089 ], [ 7.68225, 45.07085 ], [ 7.68221, 45.07084 ], [ 7.68221, 45.07089 ], [ 7.68224, 45.07089 ] ] ] } },
{ "type": "Feature", "properties": { "uuid": "290c3a8c-27a6-450a-be25-63816938b860", "data_acq": "2017-12-31 00:00:00", "data_agg": "2017-12-31 00:00:00", "data_fin": "9999-12-31 00:00:00", "ente_for": "REGIONE PIEMONTE", "ente_prod": "ARPA PIEMONTE", "modo_prod": "banche dati esterne - geometrie da catasto, altezza volumi da ARPA PIEMONTE (DSM-DTM,LAS)", "sc_acq": "1:10000", "un_vol_av": "22", "un_vol_por": "al suolo", "un_vol_qe": "", "un_vol_ex": "altezza", "source": "BDTRE un_vol" }, "geometry": { "type": "Polygon", "coordinates": [ [ [ 7.6935, 45.08168 ], [ 7.69371, 45.08178 ], [ 7.69362, 45.08187 ], [ 7.69361, 45.08186 ], [ 7.69362, 45.08186 ], [ 7.69346, 45.08179 ], [ 7.69345, 45.08179 ], [ 7.69343, 45.08178 ], [ 7.69343, 45.08178 ], [ 7.69342, 45.08177 ], [ 7.6935, 45.08168 ] ] ] } },
{ "type": "Feature", "properties": { "uuid": "7bec3c6b-54dc-41b8-8108-3d688ae54cb7", "data_acq": "2017-12-31 00:00:00", "data_agg": "2017-12-31 00:00:00", "data_fin": "9999-12-31 00:00:00", "ente_for": "REGIONE PIEMONTE", "ente_prod": "ARPA PIEMONTE", "modo_prod": "banche dati esterne - geometrie da catasto, altezza volumi da ARPA PIEMONTE (DSM-DTM,LAS)", "sc_acq": "1:10000", "un_vol_av": "34", "un_vol_por": "al suolo", "un_vol_qe": "", "un_vol_ex": "altezza", "source": "BDTRE un_vol" }, "geometry": { "type": "Polygon", "coordinates": [ [ [ 7.66677, 45.07668 ], [ 7.66677, 45.07668 ], [ 7.66677, 45.07681 ], [ 7.66677, 45.07681 ], [ 7.66684, 45.07682 ], [ 7.66684, 45.07684 ], [ 7.6669, 45.07684 ], [ 7.6669, 45.07688 ], [ 7.66699, 45.07688 ], [ 7.667, 45.07679 ], [ 7.66707, 45.07679 ], [ 7.66706, 45.07681 ], [ 7.66707, 45.07682 ], [ 7.6676, 45.07684 ], [ 7.66761, 45.07682 ], [ 7.66794, 45.07683 ], [ 7.66795, 45.07681 ], [ 7.66804, 45.07683 ], [ 7.66804, 45.07683 ], [ 7.66806, 45.07684 ], [ 7.66806, 45.07685 ], [ 7.66805, 45.07685 ], [ 7.66808, 45.07689 ], [ 7.66809, 45.07688 ], [ 7.66825, 45.07686 ], [ 7.66825, 45.07686 ], [ 7.66816, 45.07673 ], [ 7.66815, 45.07673 ], [ 7.66677, 45.07668 ] ] ] } },
{ "type": "Feature", "properties": { "uuid": "3655459b-81e3-4012-bcf6-87df63a62a00", "data_acq": "2017-12-31 00:00:00", "data_agg": "2017-12-31 00:00:00", "data_fin": "9999-12-31 00:00:00", "ente_for": "REGIONE PIEMONTE", "ente_prod": "ARPA PIEMONTE", "modo_prod": "banche dati esterne - geometrie da catasto, altezza volumi da ARPA PIEMONTE (DSM-DTM,LAS)", "sc_acq": "1:10000", "un_vol_av": "13", "un_vol_por": "al suolo", "un_vol_qe": "", "un_vol_ex": "altezza", "source": "BDTRE un_vol" }, "geometry": { "type": "Polygon", "coordinates": [ [ [ 7.68831, 45.0687 ], [ 7.68829, 45.06868 ], [ 7.68801, 45.06877 ], [ 7.68806, 45.06885 ], [ 7.68812, 45.06893 ], [ 7.68813, 45.06895 ], [ 7.68813, 45.06895 ], [ 7.68819, 45.06893 ], [ 7.68813, 45.06884 ], [ 7.68827, 45.06879 ], [ 7.68828, 45.06879 ], [ 7.68835, 45.06876 ], [ 7.68831, 45.0687 ] ] ] } },
{ "type": "Feature", "properties": { "uuid": "4c23bb3c-c362-44b3-a3c2-d69b15a8c911", "data_acq": "2017-12-31 00:00:00", "data_agg": "2017-12-31 00:00:00", "data_fin": "9999-12-31 00:00:00", "ente_for": "REGIONE PIEMONTE", "ente_prod": "ARPA PIEMONTE", "modo_prod": "banche dati esterne - geometrie da catasto, altezza volumi da ARPA PIEMONTE (DSM-DTM,LAS)", "sc_acq": "1:10000", "un_vol_av": "16", "un_vol_por": "al suolo", "un_vol_qe": "", "un_vol_ex": "altezza", "source": "BDTRE un_vol" }, "geometry": { "type": "Polygon", "coordinates": [ [ [ 7.68065, 45.07417 ], [ 7.68049, 45.07422 ], [ 7.68048, 45.07422 ], [ 7.68052, 45.07427 ], [ 7.68044, 45.07429 ], [ 7.68045, 45.0743 ], [ 7.68033, 45.07433 ], [ 7.6803, 45.07429 ], [ 7.68033, 45.07428 ], [ 7.68043, 45.07425 ], [ 7.68041, 45.07421 ], [ 7.68034, 45.07423 ], [ 7.68032, 45.07424 ], [ 7.68027, 45.07425 ], [ 7.68022, 45.07426 ], [ 7.68023, 45.07427 ], [ 7.68033, 45.07443 ], [ 7.68041, 45.07441 ], [ 7.68052, 45.07437 ], [ 7.68062, 45.07434 ], [ 7.68068, 45.07443 ], [ 7.68061, 45.07446 ], [ 7.68055, 45.07448 ], [ 7.68056, 45.07448 ], [ 7.68056, 45.07448 ], [ 7.68055, 45.07448 ], [ 7.68055, 45.07449 ], [ 7.68055, 45.07449 ], [ 7.68051, 45.0745 ], [ 7.68053, 45.07453 ], [ 7.68059, 45.0746 ], [ 7.6806, 45.0746 ], [ 7.68061, 45.07459 ], [ 7.68064, 45.07458 ], [ 7.68087, 45.07449 ], [ 7.68081, 45.0744 ], [ 7.68065, 45.07417 ] ] ] } },
{ "type": "Feature", "properties": { "uuid": "3009817c-e800-4de2-aa08-b0d4632a02fc", "data_acq": "2017-12-31 00:00:00", "data_agg": "2017-12-31 00:00:00", "data_fin": "9999-12-31 00:00:00", "ente_for": "REGIONE PIEMONTE", "ente_prod": "ARPA PIEMONTE", "modo_prod": "banche dati esterne - geometrie da catasto, altezza volumi da ARPA PIEMONTE (DSM-DTM,LAS)", "sc_acq": "1:10000", "un_vol_av": "5", "un_vol_por": "al suolo", "un_vol_qe": "", "un_vol_ex": "altezza", "source": "BDTRE un_vol" }, "geometry": { "type": "Polygon", "coordinates": [ [ [ 7.68403, 45.07024 ], [ 7.68406, 45.07023 ], [ 7.68404, 45.07021 ], [ 7.68402, 45.07022 ], [ 7.68403, 45.07024 ] ] ] } },
{ "type": "Feature", "properties": { "uuid": "77e3a2a1-9a90-4e6d-ab88-77b389cf006f", "data_acq": "2017-12-31 00:00:00", "data_agg": "2017-12-31 00:00:00", "data_fin": "9999-12-31 00:00:00", "ente_for": "REGIONE PIEMONTE", "ente_prod": "ARPA PIEMONTE", "modo_prod": "banche dati esterne - geometrie da catasto, altezza volumi da ARPA PIEMONTE (DSM-DTM,LAS)", "sc_acq": "1:10000", "un_vol_av": "14", "un_vol_por": "al suolo", "un_vol_qe": "", "un_vol_ex": "altezza", "source": "BDTRE un_vol" }, "geometry": { "type": "Polygon", "coordinates": [ [ [ 7.66793, 45.07878 ], [ 7.66814, 45.07863 ], [ 7.66814, 45.07863 ], [ 7.66785, 45.07843 ], [ 7.6678, 45.07847 ], [ 7.66773, 45.07852 ], [ 7.66778, 45.07855 ], [ 7.66795, 45.07867 ], [ 7.66795, 45.07867 ], [ 7.66786, 45.07874 ], [ 7.66793, 45.07878 ] ] ] } },
{ "type": "Feature", "properties": { "uuid": "8ab86192-eee7-4e92-9dd9-4de83a79e668", "data_acq": "2017-12-31 00:00:00", "data_agg": "2017-12-31 00:00:00", "data_fin": "9999-12-31 00:00:00", "ente_for": "REGIONE PIEMONTE", "ente_prod": "ARPA PIEMONTE", "modo_prod": "banche dati esterne - geometrie da catasto, altezza volumi da ARPA PIEMONTE (DSM-DTM,LAS)", "sc_acq": "1:10000", "un_vol_av": "5", "un_vol_por": "al suolo", "un_vol_qe": "", "un_vol_ex": "altezza", "source": "BDTRE un_vol" }, "geometry": { "type": "Polygon", "coordinates": [ [ [ 7.66504, 45.08465 ], [ 7.6656, 45.08463 ], [ 7.66565, 45.0847 ], [ 7.66508, 45.08487 ], [ 7.66506, 45.08479 ], [ 7.66506, 45.08479 ], [ 7.66506, 45.08476 ], [ 7.66506, 45.08473 ], [ 7.66505, 45.0847 ], [ 7.66504, 45.08465 ] ] ] } },
{ "type": "Feature", "properties": { "uuid": "f4e8125d-900d-4995-98d1-c50442498a7b", "data_acq": "2017-12-31 00:00:00", "data_agg": "2017-12-31 00:00:00", "data_fin": "9999-12-31 00:00:00", "ente_for": "REGIONE PIEMONTE", "ente_prod": "ARPA PIEMONTE", "modo_prod": "banche dati esterne - geometrie da catasto, altezza volumi da ARPA PIEMONTE (DSM-DTM,LAS)", "sc_acq": "1:10000", "un_vol_av": "22", "un_vol_por": "al suolo", "un_vol_qe": "", "un_vol_ex": "altezza", "source": "BDTRE un_vol" }, "geometry": { "type": "Polygon", "coordinates": [ [ [ 7.66704, 45.08466 ], [ 7.6669, 45.08469 ], [ 7.66693, 45.08475 ], [ 7.66683, 45.08478 ], [ 7.66688, 45.08486 ], [ 7.66689, 45.08485 ], [ 7.66707, 45.08479 ], [ 7.66711, 45.08477 ], [ 7.66709, 45.08474 ], [ 7.66708, 45.08473 ], [ 7.66704, 45.08466 ] ] ] } },
{ "type": "Feature", "properties": { "uuid": "7aa857f6-3409-49c1-bfeb-49131ed0a222", "data_acq": "2017-12-31 00:00:00", "data_agg": "2017-12-31 00:00:00", "data_fin": "9999-12-31 00:00:00", "ente_for": "REGIONE PIEMONTE", "ente_prod": "ARPA PIEMONTE", "modo_prod": "banche dati esterne - geometrie da catasto, altezza volumi da ARPA PIEMONTE (DSM-DTM,LAS)", "sc_acq": "1:10000", "un_vol_av": "7", "un_vol_por": "al suolo", "un_vol_qe": "", "un_vol_ex": "altezza", "source": "BDTRE un_vol" }, "geometry": { "type": "Polygon", "coordinates": [ [ [ 7.67136, 45.08394 ], [ 7.67138, 45.08394 ], [ 7.67131, 45.0838 ], [ 7.67131, 45.0838 ], [ 7.67122, 45.08381 ], [ 7.67112, 45.08383 ], [ 7.67111, 45.08383 ], [ 7.6711, 45.08383 ], [ 7.6705, 45.08392 ], [ 7.67043, 45.08393 ], [ 7.67049, 45.08401 ], [ 7.67057, 45.08412 ], [ 7.67111, 45.084 ], [ 7.67136, 45.08394 ], [ 7.67136, 45.08394 ] ], [ [ 7.67095, 45.08397 ], [ 7.67096, 45.08399 ], [ 7.6708, 45.08403 ], [ 7.67077, 45.08394 ], [ 7.67089, 45.08392 ], [ 7.67089, 45.08392 ], [ 7.6709, 45.08394 ], [ 7.6709, 45.08394 ], [ 7.67096, 45.08393 ], [ 7.67095, 45.08391 ], [ 7.67119, 45.08387 ], [ 7.67122, 45.08394 ], [ 7.67122, 45.08394 ], [ 7.67098, 45.08399 ], [ 7.67097, 45.08397 ], [ 7.67095, 45.08397 ] ] ] } },
{ "type": "Feature", "properties": { "uuid": "e4b41238-0203-48f8-915f-d383cae3bb1b", "data_acq": "2017-12-31 00:00:00", "data_agg": "2017-12-31 00:00:00", "data_fin": "9999-12-31 00:00:00", "ente_for": "REGIONE PIEMONTE", "ente_prod": "ARPA PIEMONTE", "modo_prod": "banche dati esterne - geometrie da catasto, altezza volumi da ARPA PIEMONTE (DSM-DTM,LAS)", "sc_acq": "1:10000", "un_vol_av": "15", "un_vol_por": "al suolo", "un_vol_qe": "", "un_vol_ex": "altezza", "source": "BDTRE un_vol" }, "geometry": { "type": "Polygon", "coordinates": [ [ [ 7.67207, 45.06468 ], [ 7.67189, 45.06475 ], [ 7.67188, 45.06473 ], [ 7.67186, 45.06474 ], [ 7.67187, 45.06474 ], [ 7.67185, 45.06475 ], [ 7.67184, 45.06474 ], [ 7.67183, 45.06475 ], [ 7.67182, 45.06475 ], [ 7.67181, 45.06475 ], [ 7.6718, 45.06475 ], [ 7.6718, 45.06476 ], [ 7.67179, 45.06476 ], [ 7.67179, 45.06477 ], [ 7.67177, 45.06477 ], [ 7.67177, 45.06477 ], [ 7.67175, 45.06478 ], [ 7.67176, 45.06479 ], [ 7.67169, 45.06482 ], [ 7.67164, 45.06484 ], [ 7.67157, 45.06486 ], [ 7.67159, 45.06489 ], [ 7.67167, 45.06499 ], [ 7.67167, 45.065 ], [ 7.67173, 45.06508 ], [ 7.6718, 45.06505 ], [ 7.67187, 45.06503 ], [ 7.67181, 45.06494 ], [ 7.67203, 45.06487 ], [ 7.67209, 45.06495 ], [ 7.67215, 45.06492 ], [ 7.67223, 45.0649 ], [ 7.67219, 45.06485 ], [ 7.67215, 45.06479 ], [ 7.67215, 45.06479 ], [ 7.67214, 45.06478 ], [ 7.67211, 45.06473 ], [ 7.67208, 45.06469 ], [ 7.67207, 45.06468 ] ] ] } },
{ "type": "Feature", "properties": { "uuid": "98b3d7ac-a197-4a3f-af30-d3c61419a1dd", "data_acq": "2017-12-31 00:00:00", "data_agg": "2017-12-31 00:00:00", "data_fin": "9999-12-31 00:00:00", "ente_for": "REGIONE PIEMONTE", "ente_prod": "ARPA PIEMONTE", "modo_prod": "banche dati esterne - geometrie da catasto, altezza volumi da ARPA PIEMONTE (DSM-DTM,LAS)", "sc_acq": "1:10000", "un_vol_av": "23", "un_vol_por": "al suolo", "un_vol_qe": "", "un_vol_ex": "altezza", "source": "BDTRE un_vol" }, "geometry": { "type": "Polygon", "coordinates": [ [ [ 7.68181, 45.07264 ], [ 7.682, 45.07259 ], [ 7.682, 45.07259 ], [ 7.68204, 45.07258 ], [ 7.68207, 45.07257 ], [ 7.682, 45.07248 ], [ 7.68198, 45.07248 ], [ 7.68192, 45.07239 ], [ 7.68176, 45.07244 ], [ 7.68169, 45.07247 ], [ 7.68179, 45.0726 ], [ 7.68181, 45.07264 ] ], [ [ 7.68196, 45.07252 ], [ 7.68196, 45.07253 ], [ 7.68196, 45.07253 ], [ 7.68185, 45.07257 ], [ 7.68183, 45.07254 ], [ 7.68185, 45.07253 ], [ 7.68195, 45.0725 ], [ 7.68197, 45.07252 ], [ 7.68197, 45.07252 ], [ 7.68196, 45.07252 ] ] ] } },
{ "type": "Feature", "properties": { "uuid": "f200e6f8-b975-4100-9285-c70a93fe4c1d", "data_acq": "2017-12-31 00:00:00", "data_agg": "2017-12-31 00:00:00", "data_fin": "9999-12-31 00:00:00", "ente_for": "REGIONE PIEMONTE", "ente_prod": "ARPA PIEMONTE", "modo_prod": "banche dati esterne - geometrie da catasto, altezza volumi da ARPA PIEMONTE (DSM-DTM,LAS)", "sc_acq": "1:10000", "un_vol_av": "24", "un_vol_por": "al suolo", "un_vol_qe": "", "un_vol_ex": "altezza", "source": "BDTRE un_vol" }, "geometry": { "type": "Polygon", "coordinates": [ [ [ 7.66696, 45.08111 ], [ 7.66688, 45.081 ], [ 7.66678, 45.08086 ], [ 7.66664, 45.0809 ], [ 7.66644, 45.08096 ], [ 7.6665, 45.08106 ], [ 7.66659, 45.08103 ], [ 7.66659, 45.08104 ], [ 7.66663, 45.08103 ], [ 7.66664, 45.08103 ], [ 7.66663, 45.08102 ], [ 7.6667, 45.081 ], [ 7.66672, 45.08101 ], [ 7.66676, 45.08107 ], [ 7.66675, 45.08107 ], [ 7.66675, 45.08107 ], [ 7.66677, 45.0811 ], [ 7.66677, 45.0811 ], [ 7.66678, 45.0811 ], [ 7.6668, 45.08112 ], [ 7.66676, 45.08113 ], [ 7.66676, 45.08113 ], [ 7.66679, 45.08116 ], [ 7.66679, 45.08116 ], [ 7.66682, 45.08115 ], [ 7.66682, 45.08115 ], [ 7.66696, 45.08111 ] ] ] } },
{ "type": "Feature", "properties": { "uuid": "630e730b-0dd3-4866-92be-5edb23bcbfc7", "data_acq": "2017-12-31 00:00:00", "data_agg": "2017-12-31 00:00:00", "data_fin": "9999-12-31 00:00:00", "ente_for": "REGIONE PIEMONTE", "ente_prod": "ARPA PIEMONTE", "modo_prod": "banche dati esterne - geometrie da catasto, altezza volumi da ARPA PIEMONTE (DSM-DTM,LAS)", "sc_acq": "1:10000", "un_vol_av": "19", "un_vol_por": "al suolo", "un_vol_qe": "", "un_vol_ex": "altezza", "source": "BDTRE un_vol" }, "geometry": { "type": "Polygon", "coordinates": [ [ [ 7.67429, 45.07227 ], [ 7.67416, 45.07232 ], [ 7.67417, 45.07233 ], [ 7.67412, 45.07235 ], [ 7.67413, 45.07237 ], [ 7.67414, 45.07236 ], [ 7.67417, 45.07239 ], [ 7.67417, 45.0724 ], [ 7.67402, 45.07245 ], [ 7.67399, 45.07241 ], [ 7.67395, 45.07243 ], [ 7.67401, 45.07252 ], [ 7.67423, 45.07244 ], [ 7.67438, 45.07239 ], [ 7.67435, 45.07235 ], [ 7.67431, 45.07229 ], [ 7.67429, 45.07227 ] ] ] } },
{ "type": "Feature", "properties": { "uuid": "d5410e46-f025-458b-ae98-6537121e59aa", "data_acq": "2017-12-31 00:00:00", "data_agg": "2017-12-31 00:00:00", "data_fin": "9999-12-31 00:00:00", "ente_for": "REGIONE PIEMONTE", "ente_prod": "ARPA PIEMONTE", "modo_prod": "banche dati esterne - geometrie da catasto, altezza volumi da ARPA PIEMONTE (DSM-DTM,LAS)", "sc_acq": "1:10000", "un_vol_av": "14", "un_vol_por": "al suolo", "un_vol_qe": "", "un_vol_ex": "altezza", "source": "BDTRE un_vol" }, "geometry": { "type": "Polygon", "coordinates": [ [ [ 7.67279, 45.0816 ], [ 7.67293, 45.08156 ], [ 7.67299, 45.08165 ], [ 7.67299, 45.08165 ], [ 7.67291, 45.08168 ], [ 7.67292, 45.0817 ], [ 7.67293, 45.08169 ], [ 7.67294, 45.08171 ], [ 7.67293, 45.08171 ], [ 7.67299, 45.08179 ], [ 7.67293, 45.08181 ], [ 7.67279, 45.0816 ] ] ] } },
{ "type": "Feature", "properties": { "uuid": "b752921e-7cce-41f3-9e45-9b61d5eb2e1b", "data_acq": "2017-12-31 00:00:00", "data_agg": "2017-12-31 00:00:00", "data_fin": "9999-12-31 00:00:00", "ente_for": "REGIONE PIEMONTE", "ente_prod": "ARPA PIEMONTE", "modo_prod": "banche dati esterne - geometrie da catasto, altezza volumi da ARPA PIEMONTE (DSM-DTM,LAS)", "sc_acq": "1:10000", "un_vol_av": "3", "un_vol_por": "al suolo", "un_vol_qe": "", "un_vol_ex": "altezza", "source": "BDTRE un_vol" }, "geometry": { "type": "Polygon", "coordinates": [ [ [ 7.67901, 45.08168 ], [ 7.67903, 45.08171 ], [ 7.6789, 45.08175 ], [ 7.67889, 45.08172 ], [ 7.67891, 45.08171 ], [ 7.67901, 45.08168 ] ] ] } },
{ "type": "Feature", "properties": { "uuid": "21bee29b-8323-414a-9564-9cab5ba28667", "data_acq": "2019-11-30 00:00:00", "data_agg": "2019-11-30 00:00:00", "data_fin": "9999-12-31 00:00:00", "ente_for": "REGIONE PIEMONTE", "ente_prod": "REGIONE PIEMONTE", "modo_prod": "banche dati esterne - catasto", "sc_acq": "1:2000", "un_vol_av": "", "un_vol_por": "al suolo", "un_vol_qe": "", "un_vol_ex": "", "source": "BDTRE un_vol" }, "geometry": { "type": "Polygon", "coordinates": [ [ [ 7.68852, 45.07206 ], [ 7.68851, 45.07207 ], [ 7.68851, 45.07208 ], [ 7.68853, 45.07208 ], [ 7.68852, 45.07206 ] ] ] } },
{ "type": "Feature", "properties": { "uuid": "b0740766-dcce-4ca2-b681-e8a72f738855", "data_acq": "2017-12-31 00:00:00", "data_agg": "2017-12-31 00:00:00", "data_fin": "9999-12-31 00:00:00", "ente_for": "REGIONE PIEMONTE", "ente_prod": "ARPA PIEMONTE", "modo_prod": "banche dati esterne - geometrie da catasto, altezza volumi da ARPA PIEMONTE (DSM-DTM,LAS)", "sc_acq": "1:10000", "un_vol_av": "8", "un_vol_por": "al suolo", "un_vol_qe": "", "un_vol_ex": "altezza", "source": "BDTRE un_vol" }, "geometry": { "type": "Polygon", "coordinates": [ [ [ 7.67995, 45.0838 ], [ 7.67994, 45.08377 ], [ 7.67988, 45.0838 ], [ 7.67989, 45.08382 ], [ 7.67995, 45.0838 ] ] ] } },
{ "type": "Feature", "properties": { "uuid": "97151b8c-0b95-4301-a53a-8855e6ec2e4c", "data_acq": "2017-12-31 00:00:00", "data_agg": "2017-12-31 00:00:00", "data_fin": "9999-12-31 00:00:00", "ente_for": "REGIONE PIEMONTE", "ente_prod": "ARPA PIEMONTE", "modo_prod": "banche dati esterne - geometrie da catasto, altezza volumi da ARPA PIEMONTE (DSM-DTM,LAS)", "sc_acq": "1:10000", "un_vol_av": "5", "un_vol_por": "al suolo", "un_vol_qe": "", "un_vol_ex": "altezza", "source": "BDTRE un_vol" }, "geometry": { "type": "Polygon", "coordinates": [ [ [ 7.69237, 45.08294 ], [ 7.69259, 45.08293 ], [ 7.69259, 45.08297 ], [ 7.69259, 45.08297 ], [ 7.69259, 45.08297 ], [ 7.69259, 45.08297 ], [ 7.69245, 45.08298 ], [ 7.69245, 45.08303 ], [ 7.69245, 45.08304 ], [ 7.69249, 45.08303 ], [ 7.69249, 45.08307 ], [ 7.69238, 45.08308 ], [ 7.69237, 45.08294 ] ] ] } },
{ "type": "Feature", "properties": { "uuid": "4b6d3bee-f18f-40b8-b44d-3792f9d64ae3", "data_acq": "2019-11-30 00:00:00", "data_agg": "2019-11-30 00:00:00", "data_fin": "9999-12-31 00:00:00", "ente_for": "REGIONE PIEMONTE", "ente_prod": "REGIONE PIEMONTE", "modo_prod": "banche dati esterne - catasto", "sc_acq": "1:2000", "un_vol_av": "", "un_vol_por": "al suolo", "un_vol_qe": "", "un_vol_ex": "", "source": "BDTRE un_vol" }, "geometry": { "type": "Polygon", "coordinates": [ [ [ 7.67309, 45.07689 ], [ 7.67307, 45.0769 ], [ 7.67303, 45.07691 ], [ 7.67299, 45.07685 ], [ 7.67288, 45.07689 ], [ 7.67286, 45.07685 ], [ 7.67283, 45.07682 ], [ 7.67296, 45.07677 ], [ 7.67301, 45.07678 ], [ 7.67309, 45.07689 ] ] ] } },
{ "type": "Feature", "properties": { "uuid": "60297c48-480e-4891-aafa-acdf95b6c86e", "data_acq": "2017-12-31 00:00:00", "data_agg": "2017-12-31 00:00:00", "data_fin": "9999-12-31 00:00:00", "ente_for": "REGIONE PIEMONTE", "ente_prod": "ARPA PIEMONTE", "modo_prod": "banche dati esterne - geometrie da catasto, altezza volumi da ARPA PIEMONTE (DSM-DTM,LAS)", "sc_acq": "1:10000", "un_vol_av": "3", "un_vol_por": "al suolo", "un_vol_qe": "", "un_vol_ex": "altezza", "source": "BDTRE un_vol" }, "geometry": { "type": "Polygon", "coordinates": [ [ [ 7.69383, 45.08334 ], [ 7.69388, 45.08328 ], [ 7.69396, 45.08332 ], [ 7.69391, 45.08337 ], [ 7.69383, 45.08334 ] ] ] } },
{ "type": "Feature", "properties": { "uuid": "35179395-ce3f-414d-b482-0e0f1cf0cb34", "data_acq": "2017-12-31 00:00:00", "data_agg": "2017-12-31 00:00:00", "data_fin": "9999-12-31 00:00:00", "ente_for": "REGIONE PIEMONTE", "ente_prod": "ARPA PIEMONTE", "modo_prod": "banche dati esterne - geometrie da catasto, altezza volumi da ARPA PIEMONTE (DSM-DTM,LAS)", "sc_acq": "1:10000", "un_vol_av": "5", "un_vol_por": "al suolo", "un_vol_qe": "", "un_vol_ex": "altezza", "source": "BDTRE un_vol" }, "geometry": { "type": "Polygon", "coordinates": [ [ [ 7.69255, 45.08348 ], [ 7.69242, 45.08352 ], [ 7.69235, 45.08341 ], [ 7.69235, 45.08336 ], [ 7.69239, 45.08335 ], [ 7.69238, 45.08334 ], [ 7.69241, 45.08332 ], [ 7.69245, 45.08331 ], [ 7.69255, 45.08348 ] ] ] } },
{ "type": "Feature", "properties": { "uuid": "2cf3f119-7ea0-44d9-bbab-6b7e463c6494", "data_acq": "2017-12-31 00:00:00", "data_agg": "2017-12-31 00:00:00", "data_fin": "9999-12-31 00:00:00", "ente_for": "REGIONE PIEMONTE", "ente_prod": "ARPA PIEMONTE", "modo_prod": "banche dati esterne - geometrie da catasto, altezza volumi da ARPA PIEMONTE (DSM-DTM,LAS)", "sc_acq": "1:10000", "un_vol_av": "21", "un_vol_por": "al suolo", "un_vol_qe": "", "un_vol_ex": "altezza", "source": "BDTRE un_vol" }, "geometry": { "type": "Polygon", "coordinates": [ [ [ 7.67341, 45.0766 ], [ 7.67351, 45.07656 ], [ 7.67352, 45.07657 ], [ 7.67367, 45.07651 ], [ 7.67367, 45.07652 ], [ 7.6737, 45.0765 ], [ 7.6737, 45.0765 ], [ 7.67377, 45.07647 ], [ 7.67376, 45.07647 ], [ 7.67381, 45.07645 ], [ 7.67376, 45.07637 ], [ 7.67352, 45.07645 ], [ 7.6732, 45.07657 ], [ 7.67322, 45.07659 ], [ 7.67326, 45.07665 ], [ 7.67341, 45.0766 ] ] ] } },
{ "type": "Feature", "properties": { "uuid": "fd41370b-414a-4638-b08a-641aa6927fec", "data_acq": "2017-12-31 00:00:00", "data_agg": "2017-12-31 00:00:00", "data_fin": "9999-12-31 00:00:00", "ente_for": "REGIONE PIEMONTE", "ente_prod": "ARPA PIEMONTE", "modo_prod": "banche dati esterne - geometrie da catasto, altezza volumi da ARPA PIEMONTE (DSM-DTM,LAS)", "sc_acq": "1:10000", "un_vol_av": "20", "un_vol_por": "al suolo", "un_vol_qe": "", "un_vol_ex": "altezza", "source": "BDTRE un_vol" }, "geometry": { "type": "Polygon", "coordinates": [ [ [ 7.69411, 45.07837 ], [ 7.69403, 45.07846 ], [ 7.69401, 45.07848 ], [ 7.694, 45.07849 ], [ 7.694, 45.07849 ], [ 7.69396, 45.07847 ], [ 7.69395, 45.07848 ], [ 7.69385, 45.07844 ], [ 7.69397, 45.07831 ], [ 7.69398, 45.07832 ], [ 7.69411, 45.07837 ] ] ] } },
{ "type": "Feature", "properties": { "uuid": "b17ba840-e213-4e89-aa05-24fec221db4d", "data_acq": "2017-12-31 00:00:00", "data_agg": "2017-12-31 00:00:00", "data_fin": "9999-12-31 00:00:00", "ente_for": "REGIONE PIEMONTE", "ente_prod": "ARPA PIEMONTE", "modo_prod": "banche dati esterne - geometrie da catasto, altezza volumi da ARPA PIEMONTE (DSM-DTM,LAS)", "sc_acq": "1:10000", "un_vol_av": "4", "un_vol_por": "al suolo", "un_vol_qe": "", "un_vol_ex": "altezza", "source": "BDTRE un_vol" }, "geometry": { "type": "Polygon", "coordinates": [ [ [ 7.67761, 45.08012 ], [ 7.67781, 45.08054 ], [ 7.67776, 45.08056 ], [ 7.67774, 45.08051 ], [ 7.67763, 45.08052 ], [ 7.67747, 45.08029 ], [ 7.67746, 45.08029 ], [ 7.67748, 45.08028 ], [ 7.6775, 45.08031 ], [ 7.67761, 45.08027 ], [ 7.67756, 45.08015 ], [ 7.67761, 45.08012 ] ] ] } },
{ "type": "Feature", "properties": { "uuid": "9a5f4fe1-b7af-4312-ae44-b1ce17122439", "data_acq": "2017-12-31 00:00:00", "data_agg": "2017-12-31 00:00:00", "data_fin": "9999-12-31 00:00:00", "ente_for": "REGIONE PIEMONTE", "ente_prod": "ARPA PIEMONTE", "modo_prod": "banche dati esterne - geometrie da catasto, altezza volumi da ARPA PIEMONTE (DSM-DTM,LAS)", "sc_acq": "1:10000", "un_vol_av": "13", "un_vol_por": "al suolo", "un_vol_qe": "", "un_vol_ex": "altezza", "source": "BDTRE un_vol" }, "geometry": { "type": "Polygon", "coordinates": [ [ [ 7.67768, 45.08009 ], [ 7.67761, 45.08011 ], [ 7.67758, 45.08005 ], [ 7.67784, 45.07994 ], [ 7.67789, 45.08 ], [ 7.67768, 45.08009 ] ] ] } },
{ "type": "Feature", "properties": { "uuid": "42df747a-52ed-48c8-8b91-1c8d87587f45", "data_acq": "2017-12-31 00:00:00", "data_agg": "2017-12-31 00:00:00", "data_fin": "9999-12-31 00:00:00", "ente_for": "REGIONE PIEMONTE", "ente_prod": "ARPA PIEMONTE", "modo_prod": "banche dati esterne - geometrie da catasto, altezza volumi da ARPA PIEMONTE (DSM-DTM,LAS)", "sc_acq": "1:10000", "un_vol_av": "5", "un_vol_por": "al suolo", "un_vol_qe": "", "un_vol_ex": "altezza", "source": "BDTRE un_vol" }, "geometry": { "type": "Polygon", "coordinates": [ [ [ 7.68008, 45.0774 ], [ 7.68008, 45.0774 ], [ 7.68003, 45.07741 ], [ 7.68003, 45.07741 ], [ 7.68001, 45.07739 ], [ 7.68, 45.07737 ], [ 7.68003, 45.07736 ], [ 7.68004, 45.07738 ], [ 7.68006, 45.07737 ], [ 7.68008, 45.0774 ] ] ] } },
{ "type": "Feature", "properties": { "uuid": "81e91782-308b-4dda-9a01-dff6b976b9c8", "data_acq": "2019-11-30 00:00:00", "data_agg": "2019-11-30 00:00:00", "data_fin": "9999-12-31 00:00:00", "ente_for": "REGIONE PIEMONTE", "ente_prod": "REGIONE PIEMONTE", "modo_prod": "banche dati esterne - catasto", "sc_acq": "1:2000", "un_vol_av": "", "un_vol_por": "al suolo", "un_vol_qe": "", "un_vol_ex": "", "source": "BDTRE un_vol" }, "geometry": { "type": "Polygon", "coordinates": [ [ [ 7.673, 45.07705 ], [ 7.67296, 45.07707 ], [ 7.67296, 45.07707 ], [ 7.67287, 45.07711 ], [ 7.67282, 45.07709 ], [ 7.67278, 45.07704 ], [ 7.67279, 45.07704 ], [ 7.67283, 45.07702 ], [ 7.67288, 45.077 ], [ 7.67294, 45.07698 ], [ 7.673, 45.07705 ] ] ] } },
{ "type": "Feature", "properties": { "uuid": "595c83df-5bc7-4bb6-8682-42f0f85622a2", "data_acq": "2017-12-31 00:00:00", "data_agg": "2017-12-31 00:00:00", "data_fin": "9999-12-31 00:00:00", "ente_for": "REGIONE PIEMONTE", "ente_prod": "ARPA PIEMONTE", "modo_prod": "banche dati esterne - geometrie da catasto, altezza volumi da ARPA PIEMONTE (DSM-DTM,LAS)", "sc_acq": "1:10000", "un_vol_av": "4", "un_vol_por": "al suolo", "un_vol_qe": "", "un_vol_ex": "altezza", "source": "BDTRE un_vol" }, "geometry": { "type": "Polygon", "coordinates": [ [ [ 7.68031, 45.0839 ], [ 7.68026, 45.08393 ], [ 7.68018, 45.08386 ], [ 7.68009, 45.08392 ], [ 7.68006, 45.0839 ], [ 7.68009, 45.08388 ], [ 7.68005, 45.08385 ], [ 7.68005, 45.08385 ], [ 7.67997, 45.08388 ], [ 7.67997, 45.08388 ], [ 7.67994, 45.08385 ], [ 7.67994, 45.08385 ], [ 7.67992, 45.08386 ], [ 7.67989, 45.08387 ], [ 7.67987, 45.08383 ], [ 7.67989, 45.08382 ], [ 7.67995, 45.0838 ], [ 7.6801, 45.08375 ], [ 7.68011, 45.08374 ], [ 7.68031, 45.0839 ] ] ] } },
{ "type": "Feature", "properties": { "uuid": "e446ab60-f25d-4cb8-80da-86c43739b4b7", "data_acq": "2017-12-31 00:00:00", "data_agg": "2017-12-31 00:00:00", "data_fin": "9999-12-31 00:00:00", "ente_for": "REGIONE PIEMONTE", "ente_prod": "ARPA PIEMONTE", "modo_prod": "banche dati esterne - geometrie da catasto, altezza volumi da ARPA PIEMONTE (DSM-DTM,LAS)", "sc_acq": "1:10000", "un_vol_av": "5", "un_vol_por": "al suolo", "un_vol_qe": "", "un_vol_ex": "altezza", "source": "BDTRE un_vol" }, "geometry": { "type": "Polygon", "coordinates": [ [ [ 7.6737, 45.08082 ], [ 7.67375, 45.08078 ], [ 7.67372, 45.08075 ], [ 7.67383, 45.08068 ], [ 7.6739, 45.08073 ], [ 7.67385, 45.08076 ], [ 7.67393, 45.08082 ], [ 7.67402, 45.08076 ], [ 7.67386, 45.08064 ], [ 7.6738, 45.08059 ], [ 7.67372, 45.08062 ], [ 7.67373, 45.08064 ], [ 7.67359, 45.08075 ], [ 7.67359, 45.08076 ], [ 7.6737, 45.08082 ] ] ] } },
{ "type": "Feature", "properties": { "uuid": "32373967-094e-4a27-a8fa-cf4ee262b55c", "data_acq": "2019-11-30 00:00:00", "data_agg": "2019-11-30 00:00:00", "data_fin": "9999-12-31 00:00:00", "ente_for": "REGIONE PIEMONTE", "ente_prod": "REGIONE PIEMONTE", "modo_prod": "banche dati esterne - catasto", "sc_acq": "1:2000", "un_vol_av": "", "un_vol_por": "al suolo", "un_vol_qe": "", "un_vol_ex": "", "source": "BDTRE un_vol" }, "geometry": { "type": "Polygon", "coordinates": [ [ [ 7.67309, 45.07689 ], [ 7.67307, 45.0769 ], [ 7.67303, 45.07691 ], [ 7.67305, 45.07694 ], [ 7.67294, 45.07698 ], [ 7.673, 45.07705 ], [ 7.673, 45.07706 ], [ 7.67314, 45.07701 ], [ 7.67315, 45.07697 ], [ 7.67309, 45.07689 ] ] ] } },
{ "type": "Feature", "properties": { "uuid": "e532b756-04eb-48a7-b040-b3e476804f9d", "data_acq": "2017-12-31 00:00:00", "data_agg": "2017-12-31 00:00:00", "data_fin": "9999-12-31 00:00:00", "ente_for": "REGIONE PIEMONTE", "ente_prod": "ARPA PIEMONTE", "modo_prod": "banche dati esterne - geometrie da catasto, altezza volumi da ARPA PIEMONTE (DSM-DTM,LAS)", "sc_acq": "1:10000", "un_vol_av": "6", "un_vol_por": "al suolo", "un_vol_qe": "", "un_vol_ex": "altezza", "source": "BDTRE un_vol" }, "geometry": { "type": "Polygon", "coordinates": [ [ [ 7.6937, 45.07829 ], [ 7.69355, 45.07823 ], [ 7.69351, 45.07827 ], [ 7.69343, 45.07836 ], [ 7.69344, 45.07836 ], [ 7.69346, 45.07837 ], [ 7.69357, 45.07842 ], [ 7.69368, 45.07831 ], [ 7.6937, 45.07829 ] ] ] } },
{ "type": "Feature", "properties": { "uuid": "6b888616-4a4c-4e29-8dfb-6a06fb178099", "data_acq": "2017-12-31 00:00:00", "data_agg": "2017-12-31 00:00:00", "data_fin": "9999-12-31 00:00:00", "ente_for": "REGIONE PIEMONTE", "ente_prod": "ARPA PIEMONTE", "modo_prod": "banche dati esterne - geometrie da catasto, altezza volumi da ARPA PIEMONTE (DSM-DTM,LAS)", "sc_acq": "1:10000", "un_vol_av": "3", "un_vol_por": "al suolo", "un_vol_qe": "", "un_vol_ex": "altezza", "source": "BDTRE un_vol" }, "geometry": { "type": "Polygon", "coordinates": [ [ [ 7.66734, 45.08034 ], [ 7.66748, 45.0803 ], [ 7.66751, 45.08034 ], [ 7.66736, 45.08038 ], [ 7.66734, 45.08034 ] ] ] } },
{ "type": "Feature", "properties": { "uuid": "d669016c-dbee-4334-863b-afa894d69ea3", "data_acq": "2017-12-31 00:00:00", "data_agg": "2017-12-31 00:00:00", "data_fin": "9999-12-31 00:00:00", "ente_for": "REGIONE PIEMONTE", "ente_prod": "ARPA PIEMONTE", "modo_prod": "banche dati esterne - geometrie da catasto, altezza volumi da ARPA PIEMONTE (DSM-DTM,LAS)", "sc_acq": "1:10000", "un_vol_av": "13", "un_vol_por": "al suolo", "un_vol_qe": "", "un_vol_ex": "altezza", "source": "BDTRE un_vol" }, "geometry": { "type": "Polygon", "coordinates": [ [ [ 7.67829, 45.08009 ], [ 7.67848, 45.08045 ], [ 7.6785, 45.08049 ], [ 7.6785, 45.0805 ], [ 7.67837, 45.08053 ], [ 7.67818, 45.08016 ], [ 7.67816, 45.08012 ], [ 7.67829, 45.08009 ] ] ] } },
{ "type": "Feature", "properties": { "uuid": "26cce647-9320-4f39-aa7e-28ff5005681f", "data_acq": "2017-12-31 00:00:00", "data_agg": "2017-12-31 00:00:00", "data_fin": "9999-12-31 00:00:00", "ente_for": "REGIONE PIEMONTE", "ente_prod": "ARPA PIEMONTE", "modo_prod": "banche dati esterne - geometrie da catasto, altezza volumi da ARPA PIEMONTE (DSM-DTM,LAS)", "sc_acq": "1:10000", "un_vol_av": "7", "un_vol_por": "al suolo", "un_vol_qe": "", "un_vol_ex": "altezza", "source": "BDTRE un_vol" }, "geometry": { "type": "Polygon", "coordinates": [ [ [ 7.67775, 45.08195 ], [ 7.67772, 45.0819 ], [ 7.67772, 45.0819 ], [ 7.67768, 45.08184 ], [ 7.67785, 45.08178 ], [ 7.67788, 45.08182 ], [ 7.67779, 45.08185 ], [ 7.67783, 45.08192 ], [ 7.67775, 45.08195 ] ] ] } },
{ "type": "Feature", "properties": { "uuid": "313d8ddf-cbc6-4af7-9df4-800a49b49ea3", "data_acq": "2019-11-30 00:00:00", "data_agg": "2019-11-30 00:00:00", "data_fin": "9999-12-31 00:00:00", "ente_for": "REGIONE PIEMONTE", "ente_prod": "REGIONE PIEMONTE", "modo_prod": "banche dati esterne - catasto", "sc_acq": "1:2000", "un_vol_av": "", "un_vol_por": "al suolo", "un_vol_qe": "", "un_vol_ex": "", "source": "BDTRE un_vol" }, "geometry": { "type": "Polygon", "coordinates": [ [ [ 7.67241, 45.06794 ], [ 7.67242, 45.06794 ], [ 7.67243, 45.06794 ], [ 7.67244, 45.06793 ], [ 7.67246, 45.06792 ], [ 7.67248, 45.06792 ], [ 7.6725, 45.06795 ], [ 7.67251, 45.06797 ], [ 7.6725, 45.06798 ], [ 7.67248, 45.06798 ], [ 7.67248, 45.06799 ], [ 7.67249, 45.06799 ], [ 7.67249, 45.06799 ], [ 7.67249, 45.06799 ], [ 7.67249, 45.06799 ], [ 7.67249, 45.06799 ], [ 7.67245, 45.06801 ], [ 7.67245, 45.068 ], [ 7.67242, 45.06796 ], [ 7.67241, 45.06794 ] ] ] } },
{ "type": "Feature", "properties": { "uuid": "57297b78-3f33-453d-8668-a1a9cd3d06ee", "data_acq": "2017-12-31 00:00:00", "data_agg": "2017-12-31 00:00:00", "data_fin": "9999-12-31 00:00:00", "ente_for": "REGIONE PIEMONTE", "ente_prod": "ARPA PIEMONTE", "modo_prod": "banche dati esterne - geometrie da catasto, altezza volumi da ARPA PIEMONTE (DSM-DTM,LAS)", "sc_acq": "1:10000", "un_vol_av": "5", "un_vol_por": "al suolo", "un_vol_qe": "", "un_vol_ex": "altezza", "source": "BDTRE un_vol" }, "geometry": { "type": "Polygon", "coordinates": [ [ [ 7.66971, 45.08398 ], [ 7.66965, 45.08388 ], [ 7.66958, 45.08377 ], [ 7.66958, 45.08377 ], [ 7.66954, 45.08377 ], [ 7.66945, 45.08378 ], [ 7.66949, 45.08386 ], [ 7.66955, 45.08395 ], [ 7.6694, 45.084 ], [ 7.66944, 45.08407 ], [ 7.66958, 45.08403 ], [ 7.66971, 45.08398 ] ] ] } },
{ "type": "Feature", "properties": { "uuid": "1f5de823-3ca9-4f43-8c37-a2bd8f09e5af", "data_acq": "2017-12-31 00:00:00", "data_agg": "2017-12-31 00:00:00", "data_fin": "9999-12-31 00:00:00", "ente_for": "REGIONE PIEMONTE", "ente_prod": "ARPA PIEMONTE", "modo_prod": "banche dati esterne - geometrie da catasto, altezza volumi da ARPA PIEMONTE (DSM-DTM,LAS)", "sc_acq": "1:10000", "un_vol_av": "5", "un_vol_por": "al suolo", "un_vol_qe": "", "un_vol_ex": "altezza", "source": "BDTRE un_vol" }, "geometry": { "type": "Polygon", "coordinates": [ [ [ 7.675, 45.08343 ], [ 7.67503, 45.08347 ], [ 7.67522, 45.0837 ], [ 7.6753, 45.08381 ], [ 7.67519, 45.08384 ], [ 7.67501, 45.0838 ], [ 7.67492, 45.08368 ], [ 7.67505, 45.08363 ], [ 7.67504, 45.08362 ], [ 7.67507, 45.08361 ], [ 7.67501, 45.08353 ], [ 7.67501, 45.08353 ], [ 7.67498, 45.08354 ], [ 7.67486, 45.08358 ], [ 7.67479, 45.0835 ], [ 7.675, 45.08343 ] ] ] } },
{ "type": "Feature", "properties": { "uuid": "6be474c1-b66e-42ca-af35-8b93ba46274b", "data_acq": "2017-12-31 00:00:00", "data_agg": "2017-12-31 00:00:00", "data_fin": "9999-12-31 00:00:00", "ente_for": "REGIONE PIEMONTE", "ente_prod": "ARPA PIEMONTE", "modo_prod": "banche dati esterne - geometrie da catasto, altezza volumi da ARPA PIEMONTE (DSM-DTM,LAS)", "sc_acq": "1:10000", "un_vol_av": "3", "un_vol_por": "al suolo", "un_vol_qe": "", "un_vol_ex": "altezza", "source": "BDTRE un_vol" }, "geometry": { "type": "Polygon", "coordinates": [ [ [ 7.67993, 45.08369 ], [ 7.67998, 45.08367 ], [ 7.68002, 45.08372 ], [ 7.67997, 45.08373 ], [ 7.67993, 45.08369 ] ] ] } },
{ "type": "Feature", "properties": { "uuid": "7659156f-149d-4881-97de-eacbb04c6e9e", "data_acq": "2017-12-31 00:00:00", "data_agg": "2017-12-31 00:00:00", "data_fin": "9999-12-31 00:00:00", "ente_for": "REGIONE PIEMONTE", "ente_prod": "ARPA PIEMONTE", "modo_prod": "banche dati esterne - geometrie da catasto, altezza volumi da ARPA PIEMONTE (DSM-DTM,LAS)", "sc_acq": "1:10000", "un_vol_av": "20", "un_vol_por": "al suolo", "un_vol_qe": "", "un_vol_ex": "altezza", "source": "BDTRE un_vol" }, "geometry": { "type": "Polygon", "coordinates": [ [ [ 7.69395, 45.07848 ], [ 7.6938, 45.07864 ], [ 7.69385, 45.07866 ], [ 7.69382, 45.07868 ], [ 7.69378, 45.07873 ], [ 7.69376, 45.07875 ], [ 7.69373, 45.07878 ], [ 7.69357, 45.07871 ], [ 7.69358, 45.0787 ], [ 7.69357, 45.0787 ], [ 7.69363, 45.07863 ], [ 7.69365, 45.07864 ], [ 7.69366, 45.07862 ], [ 7.69365, 45.07862 ], [ 7.69373, 45.07853 ], [ 7.69372, 45.07853 ], [ 7.69375, 45.0785 ], [ 7.69376, 45.0785 ], [ 7.6938, 45.07846 ], [ 7.69379, 45.07846 ], [ 7.69383, 45.07843 ], [ 7.69385, 45.07844 ], [ 7.69395, 45.07848 ] ] ] } },
{ "type": "Feature", "properties": { "uuid": "b7144ef2-1901-45d8-928d-8ec9f6bb6125", "data_acq": "2017-12-31 00:00:00", "data_agg": "2017-12-31 00:00:00", "data_fin": "9999-12-31 00:00:00", "ente_for": "REGIONE PIEMONTE", "ente_prod": "ARPA PIEMONTE", "modo_prod": "banche dati esterne - geometrie da catasto, altezza volumi da ARPA PIEMONTE (DSM-DTM,LAS)", "sc_acq": "1:10000", "un_vol_av": "4", "un_vol_por": "al suolo", "un_vol_qe": "", "un_vol_ex": "altezza", "source": "BDTRE un_vol" }, "geometry": { "type": "Polygon", "coordinates": [ [ [ 7.66703, 45.08049 ], [ 7.66701, 45.08046 ], [ 7.66714, 45.0804 ], [ 7.66716, 45.08045 ], [ 7.66703, 45.08049 ] ] ] } },
{ "type": "Feature", "properties": { "uuid": "a049f280-cf9c-4684-b9df-96724472bfdb", "data_acq": "2017-12-31 00:00:00", "data_agg": "2017-12-31 00:00:00", "data_fin": "9999-12-31 00:00:00", "ente_for": "REGIONE PIEMONTE", "ente_prod": "ARPA PIEMONTE", "modo_prod": "banche dati esterne - geometrie da catasto, altezza volumi da ARPA PIEMONTE (DSM-DTM,LAS)", "sc_acq": "1:10000", "un_vol_av": "16", "un_vol_por": "al suolo", "un_vol_qe": "", "un_vol_ex": "altezza", "source": "BDTRE un_vol" }, "geometry": { "type": "Polygon", "coordinates": [ [ [ 7.68852, 45.06562 ], [ 7.68841, 45.06546 ], [ 7.68847, 45.06544 ], [ 7.68844, 45.06539 ], [ 7.68842, 45.06536 ], [ 7.68848, 45.06534 ], [ 7.68849, 45.06534 ], [ 7.68851, 45.06537 ], [ 7.68851, 45.06538 ], [ 7.68859, 45.06535 ], [ 7.68858, 45.06534 ], [ 7.6886, 45.06533 ], [ 7.68861, 45.06532 ], [ 7.6887, 45.06546 ], [ 7.68874, 45.06551 ], [ 7.68865, 45.06554 ], [ 7.68858, 45.06557 ], [ 7.6886, 45.0656 ], [ 7.68852, 45.06562 ] ] ] } },
{ "type": "Feature", "properties": { "uuid": "fb720603-51ee-4325-9446-4db240b84d18", "data_acq": "2017-12-31 00:00:00", "data_agg": "2017-12-31 00:00:00", "data_fin": "9999-12-31 00:00:00", "ente_for": "REGIONE PIEMONTE", "ente_prod": "ARPA PIEMONTE", "modo_prod": "banche dati esterne - geometrie da catasto, altezza volumi da ARPA PIEMONTE (DSM-DTM,LAS)", "sc_acq": "1:10000", "un_vol_av": "3", "un_vol_por": "al suolo", "un_vol_qe": "", "un_vol_ex": "altezza", "source": "BDTRE un_vol" }, "geometry": { "type": "Polygon", "coordinates": [ [ [ 7.66516, 45.08236 ], [ 7.66526, 45.08232 ], [ 7.66529, 45.08235 ], [ 7.66516, 45.08241 ], [ 7.66513, 45.08237 ], [ 7.66516, 45.08236 ] ] ] } },
{ "type": "Feature", "properties": { "uuid": "d9f0c3d9-d95e-481b-94cf-5cf798f2c306", "data_acq": "2017-12-31 00:00:00", "data_agg": "2017-12-31 00:00:00", "data_fin": "9999-12-31 00:00:00", "ente_for": "REGIONE PIEMONTE", "ente_prod": "ARPA PIEMONTE", "modo_prod": "banche dati esterne - geometrie da catasto, altezza volumi da ARPA PIEMONTE (DSM-DTM,LAS)", "sc_acq": "1:10000", "un_vol_av": "3", "un_vol_por": "al suolo", "un_vol_qe": "", "un_vol_ex": "altezza", "source": "BDTRE un_vol" }, "geometry": { "type": "Polygon", "coordinates": [ [ [ 7.66733, 45.07923 ], [ 7.66731, 45.07925 ], [ 7.6673, 45.07925 ], [ 7.6673, 45.07926 ], [ 7.66705, 45.07944 ], [ 7.66703, 45.07939 ], [ 7.66728, 45.0792 ], [ 7.66733, 45.07923 ] ] ] } },
{ "type": "Feature", "properties": { "uuid": "0a3d00b9-9b04-44c7-bfa1-e46b3ed9caff", "data_acq": "2017-12-31 00:00:00", "data_agg": "2017-12-31 00:00:00", "data_fin": "9999-12-31 00:00:00", "ente_for": "REGIONE PIEMONTE", "ente_prod": "ARPA PIEMONTE", "modo_prod": "banche dati esterne - geometrie da catasto, altezza volumi da ARPA PIEMONTE (DSM-DTM,LAS)", "sc_acq": "1:10000", "un_vol_av": "3", "un_vol_por": "al suolo", "un_vol_qe": "", "un_vol_ex": "altezza", "source": "BDTRE un_vol" }, "geometry": { "type": "Polygon", "coordinates": [ [ [ 7.69407, 45.08331 ], [ 7.69398, 45.08341 ], [ 7.69391, 45.08337 ], [ 7.69396, 45.08332 ], [ 7.69401, 45.08326 ], [ 7.69408, 45.08329 ], [ 7.69407, 45.08331 ] ] ] } },
{ "type": "Feature", "properties": { "uuid": "6c25537a-0554-4a17-922a-b56b6c3e469a", "data_acq": "2017-12-31 00:00:00", "data_agg": "2017-12-31 00:00:00", "data_fin": "9999-12-31 00:00:00", "ente_for": "REGIONE PIEMONTE", "ente_prod": "ARPA PIEMONTE", "modo_prod": "banche dati esterne - geometrie da catasto, altezza volumi da ARPA PIEMONTE (DSM-DTM,LAS)", "sc_acq": "1:10000", "un_vol_av": "4", "un_vol_por": "al suolo", "un_vol_qe": "", "un_vol_ex": "altezza", "source": "BDTRE un_vol" }, "geometry": { "type": "Polygon", "coordinates": [ [ [ 7.67412, 45.0831 ], [ 7.67415, 45.08314 ], [ 7.67402, 45.08318 ], [ 7.67403, 45.08321 ], [ 7.67398, 45.08323 ], [ 7.67398, 45.08323 ], [ 7.67397, 45.0832 ], [ 7.67396, 45.08319 ], [ 7.67395, 45.08319 ], [ 7.67394, 45.08316 ], [ 7.67412, 45.0831 ] ] ] } },
{ "type": "Feature", "properties": { "uuid": "8b40d5f2-d5a1-489e-b531-23e6a1aacf64", "data_acq": "2017-12-31 00:00:00", "data_agg": "2017-12-31 00:00:00", "data_fin": "9999-12-31 00:00:00", "ente_for": "REGIONE PIEMONTE", "ente_prod": "ARPA PIEMONTE", "modo_prod": "banche dati esterne - geometrie da catasto, altezza volumi da ARPA PIEMONTE (DSM-DTM,LAS)", "sc_acq": "1:10000", "un_vol_av": "3", "un_vol_por": "al suolo", "un_vol_qe": "", "un_vol_ex": "altezza", "source": "BDTRE un_vol" }, "geometry": { "type": "Polygon", "coordinates": [ [ [ 7.69327, 45.06511 ], [ 7.69336, 45.06517 ], [ 7.69323, 45.06526 ], [ 7.69316, 45.06517 ], [ 7.69325, 45.06511 ], [ 7.69327, 45.06511 ] ] ] } },
{ "type": "Feature", "properties": { "uuid": "6ac6de76-a929-453a-a423-3df055126169", "data_acq": "2017-12-31 00:00:00", "data_agg": "2017-12-31 00:00:00", "data_fin": "9999-12-31 00:00:00", "ente_for": "REGIONE PIEMONTE", "ente_prod": "ARPA PIEMONTE", "modo_prod": "banche dati esterne - geometrie da catasto, altezza volumi da ARPA PIEMONTE (DSM-DTM,LAS)", "sc_acq": "1:10000", "un_vol_av": "10", "un_vol_por": "al suolo", "un_vol_qe": "", "un_vol_ex": "altezza", "source": "BDTRE un_vol" }, "geometry": { "type": "Polygon", "coordinates": [ [ [ 7.67979, 45.08367 ], [ 7.67979, 45.08367 ], [ 7.67981, 45.0837 ], [ 7.67985, 45.08368 ], [ 7.67985, 45.08368 ], [ 7.67983, 45.08366 ], [ 7.67979, 45.08367 ] ] ] } },
{ "type": "Feature", "properties": { "uuid": "7920c11a-02e8-4220-a95a-2a72f3713eb1", "data_acq": "2017-12-31 00:00:00", "data_agg": "2017-12-31 00:00:00", "data_fin": "9999-12-31 00:00:00", "ente_for": "REGIONE PIEMONTE", "ente_prod": "ARPA PIEMONTE", "modo_prod": "banche dati esterne - geometrie da catasto, altezza volumi da ARPA PIEMONTE (DSM-DTM,LAS)", "sc_acq": "1:10000", "un_vol_av": "5", "un_vol_por": "al suolo", "un_vol_qe": "", "un_vol_ex": "altezza", "source": "BDTRE un_vol" }, "geometry": { "type": "Polygon", "coordinates": [ [ [ 7.67983, 45.08366 ], [ 7.68, 45.0836 ], [ 7.6801, 45.08375 ], [ 7.67995, 45.0838 ], [ 7.67994, 45.08377 ], [ 7.67998, 45.08376 ], [ 7.67997, 45.08373 ], [ 7.68002, 45.08372 ], [ 7.67998, 45.08367 ], [ 7.67993, 45.08369 ], [ 7.67993, 45.08369 ], [ 7.67987, 45.08371 ], [ 7.67987, 45.08371 ], [ 7.67985, 45.08368 ], [ 7.67983, 45.08366 ] ] ] } },
{ "type": "Feature", "properties": { "uuid": "2dcf3e76-3262-4613-bd1a-af57e61a269d", "data_acq": "2017-12-31 00:00:00", "data_agg": "2017-12-31 00:00:00", "data_fin": "9999-12-31 00:00:00", "ente_for": "REGIONE PIEMONTE", "ente_prod": "ARPA PIEMONTE", "modo_prod": "banche dati esterne - geometrie da catasto, altezza volumi da ARPA PIEMONTE (DSM-DTM,LAS)", "sc_acq": "1:10000", "un_vol_av": "23", "un_vol_por": "al suolo", "un_vol_qe": "", "un_vol_ex": "altezza", "source": "BDTRE un_vol" }, "geometry": { "type": "Polygon", "coordinates": [ [ [ 7.68889, 45.06568 ], [ 7.68887, 45.06569 ], [ 7.68887, 45.06568 ], [ 7.68884, 45.06564 ], [ 7.68881, 45.06561 ], [ 7.68878, 45.06556 ], [ 7.68874, 45.06551 ], [ 7.68865, 45.06554 ], [ 7.68858, 45.06557 ], [ 7.6886, 45.0656 ], [ 7.68852, 45.06562 ], [ 7.6886, 45.06574 ], [ 7.68863, 45.06577 ], [ 7.68865, 45.06578 ], [ 7.68869, 45.06576 ], [ 7.68869, 45.06575 ], [ 7.6887, 45.06575 ], [ 7.68872, 45.06575 ], [ 7.68872, 45.06576 ], [ 7.68874, 45.06575 ], [ 7.68875, 45.06575 ], [ 7.68875, 45.06575 ], [ 7.68878, 45.06574 ], [ 7.68881, 45.06573 ], [ 7.68881, 45.06573 ], [ 7.68882, 45.06572 ], [ 7.68882, 45.06571 ], [ 7.68883, 45.0657 ], [ 7.68884, 45.0657 ], [ 7.68886, 45.0657 ], [ 7.6889, 45.06569 ], [ 7.68889, 45.06568 ] ] ] } },
{ "type": "Feature", "properties": { "uuid": "3823c72b-7f84-4f5c-b686-dcce63928547", "data_acq": "2017-12-31 00:00:00", "data_agg": "2017-12-31 00:00:00", "data_fin": "9999-12-31 00:00:00", "ente_for": "REGIONE PIEMONTE", "ente_prod": "ARPA PIEMONTE", "modo_prod": "banche dati esterne - geometrie da catasto, altezza volumi da ARPA PIEMONTE (DSM-DTM,LAS)", "sc_acq": "1:10000", "un_vol_av": "13", "un_vol_por": "al suolo", "un_vol_qe": "", "un_vol_ex": "altezza", "source": "BDTRE un_vol" }, "geometry": { "type": "Polygon", "coordinates": [ [ [ 7.67789, 45.07992 ], [ 7.67809, 45.07983 ], [ 7.67816, 45.07992 ], [ 7.67816, 45.07992 ], [ 7.67796, 45.08001 ], [ 7.67789, 45.07992 ] ] ] } },
{ "type": "Feature", "properties": { "uuid": "5dc64947-d312-4fb1-9a4e-0139769ae9ae", "data_acq": "2017-12-31 00:00:00", "data_agg": "2017-12-31 00:00:00", "data_fin": "9999-12-31 00:00:00", "ente_for": "REGIONE PIEMONTE", "ente_prod": "ARPA PIEMONTE", "modo_prod": "banche dati esterne - geometrie da catasto, altezza volumi da ARPA PIEMONTE (DSM-DTM,LAS)", "sc_acq": "1:10000", "un_vol_av": "5", "un_vol_por": "al suolo", "un_vol_qe": "", "un_vol_ex": "altezza", "source": "BDTRE un_vol" }, "geometry": { "type": "Polygon", "coordinates": [ [ [ 7.69558, 45.0781 ], [ 7.6954, 45.0783 ], [ 7.69524, 45.07847 ], [ 7.69517, 45.07855 ], [ 7.69517, 45.07855 ], [ 7.69516, 45.07854 ], [ 7.69516, 45.07854 ], [ 7.69516, 45.07854 ], [ 7.69483, 45.07839 ], [ 7.69489, 45.07832 ], [ 7.69495, 45.07826 ], [ 7.69506, 45.07831 ], [ 7.69512, 45.07833 ], [ 7.69522, 45.07822 ], [ 7.6954, 45.07802 ], [ 7.69558, 45.0781 ] ] ] } },
{ "type": "Feature", "properties": { "uuid": "f900de20-39de-4a71-8861-e9e9737f8585", "data_acq": "2017-12-31 00:00:00", "data_agg": "2017-12-31 00:00:00", "data_fin": "9999-12-31 00:00:00", "ente_for": "REGIONE PIEMONTE", "ente_prod": "ARPA PIEMONTE", "modo_prod": "banche dati esterne - geometrie da catasto, altezza volumi da ARPA PIEMONTE (DSM-DTM,LAS)", "sc_acq": "1:10000", "un_vol_av": "4", "un_vol_por": "al suolo", "un_vol_qe": "", "un_vol_ex": "altezza", "source": "BDTRE un_vol" }, "geometry": { "type": "Polygon", "coordinates": [ [ [ 7.66977, 45.08346 ], [ 7.66955, 45.08348 ], [ 7.66954, 45.08345 ], [ 7.6696, 45.08344 ], [ 7.6696, 45.08339 ], [ 7.66963, 45.08338 ], [ 7.66969, 45.08337 ], [ 7.66968, 45.08333 ], [ 7.66968, 45.08333 ], [ 7.66963, 45.08334 ], [ 7.66963, 45.08334 ], [ 7.66962, 45.08333 ], [ 7.66959, 45.08325 ], [ 7.66971, 45.08322 ], [ 7.66977, 45.08346 ] ] ] } },
{ "type": "Feature", "properties": { "uuid": "af4b4349-1d41-4690-8499-8c185a29aa88", "data_acq": "2019-11-30 00:00:00", "data_agg": "2019-11-30 00:00:00", "data_fin": "9999-12-31 00:00:00", "ente_for": "REGIONE PIEMONTE", "ente_prod": "REGIONE PIEMONTE", "modo_prod": "banche dati esterne - catasto", "sc_acq": "1:2000", "un_vol_av": "", "un_vol_por": "al suolo", "un_vol_qe": "", "un_vol_ex": "", "source": "BDTRE un_vol" }, "geometry": { "type": "Polygon", "coordinates": [ [ [ 7.66994, 45.07585 ], [ 7.66993, 45.07584 ], [ 7.66992, 45.07585 ], [ 7.67, 45.07596 ], [ 7.67006, 45.07594 ], [ 7.67009, 45.07599 ], [ 7.67014, 45.07597 ], [ 7.67013, 45.07594 ], [ 7.67014, 45.07594 ], [ 7.67005, 45.07581 ], [ 7.66998, 45.07583 ], [ 7.66998, 45.07583 ], [ 7.66994, 45.07585 ] ] ] } },
{ "type": "Feature", "properties": { "uuid": "798ccb14-3cab-4bc0-b439-0a3dffc27e01", "data_acq": "2017-12-31 00:00:00", "data_agg": "2017-12-31 00:00:00", "data_fin": "9999-12-31 00:00:00", "ente_for": "REGIONE PIEMONTE", "ente_prod": "ARPA PIEMONTE", "modo_prod": "banche dati esterne - geometrie da catasto, altezza volumi da ARPA PIEMONTE (DSM-DTM,LAS)", "sc_acq": "1:10000", "un_vol_av": "4", "un_vol_por": "al suolo", "un_vol_qe": "", "un_vol_ex": "altezza", "source": "BDTRE un_vol" }, "geometry": { "type": "Polygon", "coordinates": [ [ [ 7.69145, 45.08141 ], [ 7.69152, 45.08139 ], [ 7.69152, 45.08138 ], [ 7.69151, 45.08135 ], [ 7.69152, 45.08135 ], [ 7.69151, 45.08134 ], [ 7.6915, 45.08134 ], [ 7.69143, 45.08124 ], [ 7.69139, 45.08124 ], [ 7.69135, 45.08124 ], [ 7.69143, 45.08137 ], [ 7.69145, 45.08141 ] ] ] } },
{ "type": "Feature", "properties": { "uuid": "4e405ecd-2cd5-47e0-9654-0fd26dad4137", "data_acq": "2017-12-31 00:00:00", "data_agg": "2017-12-31 00:00:00", "data_fin": "9999-12-31 00:00:00", "ente_for": "REGIONE PIEMONTE", "ente_prod": "ARPA PIEMONTE", "modo_prod": "banche dati esterne - geometrie da catasto, altezza volumi da ARPA PIEMONTE (DSM-DTM,LAS)", "sc_acq": "1:10000", "un_vol_av": "3", "un_vol_por": "al suolo", "un_vol_qe": "", "un_vol_ex": "altezza", "source": "BDTRE un_vol" }, "geometry": { "type": "Polygon", "coordinates": [ [ [ 7.67278, 45.07704 ], [ 7.67266, 45.07688 ], [ 7.67283, 45.07682 ], [ 7.67286, 45.07685 ], [ 7.67288, 45.07689 ], [ 7.67277, 45.07694 ], [ 7.67283, 45.07702 ], [ 7.67279, 45.07704 ], [ 7.67278, 45.07704 ] ] ] } },
{ "type": "Feature", "properties": { "uuid": "3206ca12-f972-4e72-b31f-001826eea044", "data_acq": "2017-12-31 00:00:00", "data_agg": "2017-12-31 00:00:00", "data_fin": "9999-12-31 00:00:00", "ente_for": "REGIONE PIEMONTE", "ente_prod": "ARPA PIEMONTE", "modo_prod": "banche dati esterne - geometrie da catasto, altezza volumi da ARPA PIEMONTE (DSM-DTM,LAS)", "sc_acq": "1:10000", "un_vol_av": "12", "un_vol_por": "al suolo", "un_vol_qe": "", "un_vol_ex": "altezza", "source": "BDTRE un_vol" }, "geometry": { "type": "Polygon", "coordinates": [ [ [ 7.67219, 45.07299 ], [ 7.67211, 45.07302 ], [ 7.67217, 45.07309 ], [ 7.67216, 45.0731 ], [ 7.67218, 45.07313 ], [ 7.6722, 45.07316 ], [ 7.67225, 45.07314 ], [ 7.67237, 45.0731 ], [ 7.67241, 45.07309 ], [ 7.67236, 45.07302 ], [ 7.6723, 45.07304 ], [ 7.6723, 45.07305 ], [ 7.67228, 45.07305 ], [ 7.67227, 45.07304 ], [ 7.67226, 45.07304 ], [ 7.67222, 45.07304 ], [ 7.67219, 45.07299 ] ] ] } },
{ "type": "Feature", "properties": { "uuid": "6ea6cd2c-23e5-472c-b328-4294d9d9861c", "data_acq": "2017-12-31 00:00:00", "data_agg": "2017-12-31 00:00:00", "data_fin": "9999-12-31 00:00:00", "ente_for": "REGIONE PIEMONTE", "ente_prod": "ARPA PIEMONTE", "modo_prod": "banche dati esterne - geometrie da catasto, altezza volumi da ARPA PIEMONTE (DSM-DTM,LAS)", "sc_acq": "1:10000", "un_vol_av": "3", "un_vol_por": "al suolo", "un_vol_qe": "", "un_vol_ex": "altezza", "source": "BDTRE un_vol" }, "geometry": { "type": "Polygon", "coordinates": [ [ [ 7.67453, 45.08284 ], [ 7.67468, 45.08279 ], [ 7.67471, 45.08284 ], [ 7.67477, 45.08294 ], [ 7.67472, 45.08296 ], [ 7.67466, 45.08287 ], [ 7.67463, 45.08286 ], [ 7.67463, 45.08286 ], [ 7.67457, 45.08288 ], [ 7.67457, 45.08288 ], [ 7.67454, 45.08285 ], [ 7.67453, 45.08284 ] ] ] } },
{ "type": "Feature", "properties": { "uuid": "25e206f8-1a71-4305-857c-1b3427b63279", "data_acq": "2017-12-31 00:00:00", "data_agg": "2017-12-31 00:00:00", "data_fin": "9999-12-31 00:00:00", "ente_for": "REGIONE PIEMONTE", "ente_prod": "ARPA PIEMONTE", "modo_prod": "banche dati esterne - geometrie da catasto, altezza volumi da ARPA PIEMONTE (DSM-DTM,LAS)", "sc_acq": "1:10000", "un_vol_av": "5", "un_vol_por": "al suolo", "un_vol_qe": "", "un_vol_ex": "altezza", "source": "BDTRE un_vol" }, "geometry": { "type": "Polygon", "coordinates": [ [ [ 7.67936, 45.08297 ], [ 7.67942, 45.08307 ], [ 7.67945, 45.08312 ], [ 7.67937, 45.08315 ], [ 7.67936, 45.08314 ], [ 7.67925, 45.08298 ], [ 7.67925, 45.08297 ], [ 7.67921, 45.08292 ], [ 7.67921, 45.08291 ], [ 7.67922, 45.08291 ], [ 7.67923, 45.08291 ], [ 7.67924, 45.0829 ], [ 7.67923, 45.08289 ], [ 7.67928, 45.08288 ], [ 7.67934, 45.08298 ], [ 7.67936, 45.08297 ] ] ] } },
{ "type": "Feature", "properties": { "uuid": "f4c13aba-8fe8-4f76-ab15-1e40968dd8f1", "data_acq": "2017-12-31 00:00:00", "data_agg": "2017-12-31 00:00:00", "data_fin": "9999-12-31 00:00:00", "ente_for": "REGIONE PIEMONTE", "ente_prod": "ARPA PIEMONTE", "modo_prod": "banche dati esterne - geometrie da catasto, altezza volumi da ARPA PIEMONTE (DSM-DTM,LAS)", "sc_acq": "1:10000", "un_vol_av": "4", "un_vol_por": "al suolo", "un_vol_qe": "", "un_vol_ex": "altezza", "source": "BDTRE un_vol" }, "geometry": { "type": "Polygon", "coordinates": [ [ [ 7.69472, 45.07867 ], [ 7.69483, 45.07872 ], [ 7.69487, 45.07874 ], [ 7.69495, 45.07877 ], [ 7.69491, 45.07881 ], [ 7.69483, 45.07878 ], [ 7.6948, 45.07876 ], [ 7.69469, 45.07871 ], [ 7.69472, 45.07867 ] ] ] } },
{ "type": "Feature", "properties": { "uuid": "4ddb8ae6-fe45-4284-ada3-f48e0def97fc", "data_acq": "2017-12-31 00:00:00", "data_agg": "2017-12-31 00:00:00", "data_fin": "9999-12-31 00:00:00", "ente_for": "REGIONE PIEMONTE", "ente_prod": "ARPA PIEMONTE", "modo_prod": "banche dati esterne - geometrie da catasto, altezza volumi da ARPA PIEMONTE (DSM-DTM,LAS)", "sc_acq": "1:10000", "un_vol_av": "11", "un_vol_por": "al suolo", "un_vol_qe": "", "un_vol_ex": "altezza", "source": "BDTRE un_vol" }, "geometry": { "type": "Polygon", "coordinates": [ [ [ 7.66721, 45.0796 ], [ 7.66714, 45.07951 ], [ 7.66723, 45.07944 ], [ 7.66733, 45.0795 ], [ 7.66724, 45.07956 ], [ 7.66725, 45.07956 ], [ 7.66721, 45.0796 ] ] ] } },
{ "type": "Feature", "properties": { "uuid": "5e5955e4-2dd5-47c0-a7ab-d985ef735d7e", "data_acq": "2017-12-31 00:00:00", "data_agg": "2017-12-31 00:00:00", "data_fin": "9999-12-31 00:00:00", "ente_for": "REGIONE PIEMONTE", "ente_prod": "ARPA PIEMONTE", "modo_prod": "banche dati esterne - geometrie da catasto, altezza volumi da ARPA PIEMONTE (DSM-DTM,LAS)", "sc_acq": "1:10000", "un_vol_av": "4", "un_vol_por": "al suolo", "un_vol_qe": "", "un_vol_ex": "altezza", "source": "BDTRE un_vol" }, "geometry": { "type": "Polygon", "coordinates": [ [ [ 7.67753, 45.0806 ], [ 7.67745, 45.08063 ], [ 7.67742, 45.0806 ], [ 7.67753, 45.08056 ], [ 7.67737, 45.08033 ], [ 7.67747, 45.08029 ], [ 7.67763, 45.08052 ], [ 7.67765, 45.08055 ], [ 7.67753, 45.0806 ] ] ] } },
{ "type": "Feature", "properties": { "uuid": "c7df7f99-bb2f-408e-a0e3-d82ad4d90324", "data_acq": "2017-12-31 00:00:00", "data_agg": "2017-12-31 00:00:00", "data_fin": "9999-12-31 00:00:00", "ente_for": "REGIONE PIEMONTE", "ente_prod": "ARPA PIEMONTE", "modo_prod": "banche dati esterne - geometrie da catasto, altezza volumi da ARPA PIEMONTE (DSM-DTM,LAS)", "sc_acq": "1:10000", "un_vol_av": "19", "un_vol_por": "al suolo", "un_vol_qe": "", "un_vol_ex": "altezza", "source": "BDTRE un_vol" }, "geometry": { "type": "Polygon", "coordinates": [ [ [ 7.69405, 45.0779 ], [ 7.69412, 45.07792 ], [ 7.69411, 45.07793 ], [ 7.69426, 45.078 ], [ 7.69441, 45.07783 ], [ 7.6944, 45.07783 ], [ 7.69444, 45.07779 ], [ 7.69457, 45.07785 ], [ 7.69455, 45.0779 ], [ 7.69438, 45.07808 ], [ 7.6943, 45.07816 ], [ 7.6942, 45.07811 ], [ 7.69398, 45.07802 ], [ 7.69396, 45.078 ], [ 7.69405, 45.0779 ] ] ] } },
{ "type": "Feature", "properties": { "uuid": "517c3911-5037-47eb-833b-b3df6dda7a70", "data_acq": "2017-12-31 00:00:00", "data_agg": "2017-12-31 00:00:00", "data_fin": "9999-12-31 00:00:00", "ente_for": "REGIONE PIEMONTE", "ente_prod": "ARPA PIEMONTE", "modo_prod": "banche dati esterne - geometrie da catasto, altezza volumi da ARPA PIEMONTE (DSM-DTM,LAS)", "sc_acq": "1:10000", "un_vol_av": "6", "un_vol_por": "al suolo", "un_vol_qe": "", "un_vol_ex": "altezza", "source": "BDTRE un_vol" }, "geometry": { "type": "Polygon", "coordinates": [ [ [ 7.69177, 45.06676 ], [ 7.69176, 45.06676 ], [ 7.6917, 45.06668 ], [ 7.69181, 45.06664 ], [ 7.69184, 45.06667 ], [ 7.6919, 45.06665 ], [ 7.6919, 45.06664 ], [ 7.69192, 45.06663 ], [ 7.69192, 45.06664 ], [ 7.69193, 45.06665 ], [ 7.69177, 45.06676 ] ] ] } },
{ "type": "Feature", "properties": { "uuid": "748f2d7b-803b-43db-b52e-751a713b7839", "data_acq": "2017-12-31 00:00:00", "data_agg": "2017-12-31 00:00:00", "data_fin": "9999-12-31 00:00:00", "ente_for": "REGIONE PIEMONTE", "ente_prod": "ARPA PIEMONTE", "modo_prod": "banche dati esterne - geometrie da catasto, altezza volumi da ARPA PIEMONTE (DSM-DTM,LAS)", "sc_acq": "1:10000", "un_vol_av": "3", "un_vol_por": "al suolo", "un_vol_qe": "", "un_vol_ex": "altezza", "source": "BDTRE un_vol" }, "geometry": { "type": "Polygon", "coordinates": [ [ [ 7.67997, 45.08373 ], [ 7.67998, 45.08376 ], [ 7.67994, 45.08377 ], [ 7.67992, 45.08375 ], [ 7.67997, 45.08373 ] ] ] } },
{ "type": "Feature", "properties": { "uuid": "0439bf1c-fbd1-4017-bb41-da903f8a968a", "data_acq": "2019-11-30 00:00:00", "data_agg": "2019-11-30 00:00:00", "data_fin": "9999-12-31 00:00:00", "ente_for": "REGIONE PIEMONTE", "ente_prod": "REGIONE PIEMONTE", "modo_prod": "banche dati esterne - catasto", "sc_acq": "1:2000", "un_vol_av": "", "un_vol_por": "al suolo", "un_vol_qe": "", "un_vol_ex": "", "source": "BDTRE un_vol" }, "geometry": { "type": "Polygon", "coordinates": [ [ [ 7.67306, 45.06864 ], [ 7.67306, 45.06864 ], [ 7.67306, 45.06863 ], [ 7.67306, 45.06863 ], [ 7.67306, 45.06863 ], [ 7.67303, 45.06864 ], [ 7.67301, 45.06862 ], [ 7.67301, 45.06861 ], [ 7.67299, 45.06859 ], [ 7.67303, 45.06857 ], [ 7.67306, 45.06856 ], [ 7.67311, 45.06862 ], [ 7.6731, 45.06863 ], [ 7.67306, 45.06864 ], [ 7.67306, 45.06864 ] ] ] } },
{ "type": "Feature", "properties": { "uuid": "dad3915a-77a1-4d19-8f88-8d4ec91093dc", "data_acq": "2017-12-31 00:00:00", "data_agg": "2017-12-31 00:00:00", "data_fin": "9999-12-31 00:00:00", "ente_for": "REGIONE PIEMONTE", "ente_prod": "ARPA PIEMONTE", "modo_prod": "banche dati esterne - geometrie da catasto, altezza volumi da ARPA PIEMONTE (DSM-DTM,LAS)", "sc_acq": "1:10000", "un_vol_av": "5", "un_vol_por": "al suolo", "un_vol_qe": "", "un_vol_ex": "altezza", "source": "BDTRE un_vol" }, "geometry": { "type": "Polygon", "coordinates": [ [ [ 7.67269, 45.08195 ], [ 7.67265, 45.0819 ], [ 7.67269, 45.08189 ], [ 7.67266, 45.08185 ], [ 7.6728, 45.0818 ], [ 7.67285, 45.08188 ], [ 7.67288, 45.08187 ], [ 7.67289, 45.08188 ], [ 7.67279, 45.08191 ], [ 7.67279, 45.08192 ], [ 7.67276, 45.08193 ], [ 7.67272, 45.08194 ], [ 7.6727, 45.08195 ], [ 7.67269, 45.08195 ] ] ] } },
{ "type": "Feature", "properties": { "uuid": "8e98e635-9f78-4b77-bcc0-5d17500b69bb", "data_acq": "2017-12-31 00:00:00", "data_agg": "2017-12-31 00:00:00", "data_fin": "9999-12-31 00:00:00", "ente_for": "REGIONE PIEMONTE", "ente_prod": "ARPA PIEMONTE", "modo_prod": "banche dati esterne - geometrie da catasto, altezza volumi da ARPA PIEMONTE (DSM-DTM,LAS)", "sc_acq": "1:10000", "un_vol_av": "12", "un_vol_por": "al suolo", "un_vol_qe": "", "un_vol_ex": "altezza", "source": "BDTRE un_vol" }, "geometry": { "type": "Polygon", "coordinates": [ [ [ 7.68734, 45.08272 ], [ 7.6873, 45.08266 ], [ 7.68732, 45.08266 ], [ 7.68736, 45.08271 ], [ 7.68736, 45.08271 ], [ 7.68735, 45.08271 ], [ 7.68735, 45.08272 ], [ 7.68734, 45.08272 ], [ 7.68734, 45.08272 ] ] ] } },
{ "type": "Feature", "properties": { "uuid": "aa653e35-84e1-4f81-bd28-b38597fbb0a0", "data_acq": "2017-12-31 00:00:00", "data_agg": "2017-12-31 00:00:00", "data_fin": "9999-12-31 00:00:00", "ente_for": "REGIONE PIEMONTE", "ente_prod": "ARPA PIEMONTE", "modo_prod": "banche dati esterne - geometrie da catasto, altezza volumi da ARPA PIEMONTE (DSM-DTM,LAS)", "sc_acq": "1:10000", "un_vol_av": "6", "un_vol_por": "al suolo", "un_vol_qe": "", "un_vol_ex": "altezza", "source": "BDTRE un_vol" }, "geometry": { "type": "Polygon", "coordinates": [ [ [ 7.6843, 45.07746 ], [ 7.68424, 45.07747 ], [ 7.68399, 45.0771 ], [ 7.68405, 45.07709 ], [ 7.6843, 45.07746 ] ] ] } },
{ "type": "Feature", "properties": { "uuid": "b429b9fb-e522-4bde-8ff3-4519af119232", "data_acq": "2017-12-31 00:00:00", "data_agg": "2017-12-31 00:00:00", "data_fin": "9999-12-31 00:00:00", "ente_for": "REGIONE PIEMONTE", "ente_prod": "ARPA PIEMONTE", "modo_prod": "banche dati esterne - geometrie da catasto, altezza volumi da ARPA PIEMONTE (DSM-DTM,LAS)", "sc_acq": "1:10000", "un_vol_av": "21", "un_vol_por": "al suolo", "un_vol_qe": "", "un_vol_ex": "altezza", "source": "BDTRE un_vol" }, "geometry": { "type": "Polygon", "coordinates": [ [ [ 7.67617, 45.08323 ], [ 7.67613, 45.08318 ], [ 7.67607, 45.08309 ], [ 7.67596, 45.08293 ], [ 7.67587, 45.0828 ], [ 7.67605, 45.08274 ], [ 7.67607, 45.08277 ], [ 7.67608, 45.08277 ], [ 7.67613, 45.08283 ], [ 7.67606, 45.08286 ], [ 7.67608, 45.08289 ], [ 7.67608, 45.08289 ], [ 7.67612, 45.08296 ], [ 7.67614, 45.08296 ], [ 7.67614, 45.08296 ], [ 7.67614, 45.08296 ], [ 7.67614, 45.08297 ], [ 7.67614, 45.08297 ], [ 7.67616, 45.083 ], [ 7.67617, 45.083 ], [ 7.67617, 45.083 ], [ 7.67617, 45.083 ], [ 7.67617, 45.08301 ], [ 7.67616, 45.08301 ], [ 7.6762, 45.08307 ], [ 7.67621, 45.08306 ], [ 7.67621, 45.08307 ], [ 7.6762, 45.08307 ], [ 7.67622, 45.08309 ], [ 7.67623, 45.08309 ], [ 7.67623, 45.0831 ], [ 7.67623, 45.08309 ], [ 7.67624, 45.0831 ], [ 7.67623, 45.0831 ], [ 7.67626, 45.08313 ], [ 7.67626, 45.08313 ], [ 7.67626, 45.08313 ], [ 7.67626, 45.08313 ], [ 7.67626, 45.08314 ], [ 7.67625, 45.08314 ], [ 7.67629, 45.08319 ], [ 7.67617, 45.08323 ] ] ] } },
{ "type": "Feature", "properties": { "uuid": "521ae8e0-9275-41f4-a6b2-ebe310ef58fd", "data_acq": "2017-12-31 00:00:00", "data_agg": "2017-12-31 00:00:00", "data_fin": "9999-12-31 00:00:00", "ente_for": "REGIONE PIEMONTE", "ente_prod": "ARPA PIEMONTE", "modo_prod": "banche dati esterne - geometrie da catasto, altezza volumi da ARPA PIEMONTE (DSM-DTM,LAS)", "sc_acq": "1:10000", "un_vol_av": "13", "un_vol_por": "al suolo", "un_vol_qe": "", "un_vol_ex": "altezza", "source": "BDTRE un_vol" }, "geometry": { "type": "Polygon", "coordinates": [ [ [ 7.69514, 45.08488 ], [ 7.69514, 45.08489 ], [ 7.69512, 45.08491 ], [ 7.69504, 45.085 ], [ 7.69494, 45.08496 ], [ 7.69489, 45.08493 ], [ 7.69473, 45.08486 ], [ 7.69484, 45.08475 ], [ 7.69514, 45.08488 ] ] ] } },
{ "type": "Feature", "properties": { "uuid": "b0d4a0bc-6d00-48f6-800e-d29c40812133", "data_acq": "2017-12-31 00:00:00", "data_agg": "2017-12-31 00:00:00", "data_fin": "9999-12-31 00:00:00", "ente_for": "REGIONE PIEMONTE", "ente_prod": "ARPA PIEMONTE", "modo_prod": "banche dati esterne - geometrie da catasto, altezza volumi da ARPA PIEMONTE (DSM-DTM,LAS)", "sc_acq": "1:10000", "un_vol_av": "3", "un_vol_por": "al suolo", "un_vol_qe": "", "un_vol_ex": "altezza", "source": "BDTRE un_vol" }, "geometry": { "type": "Polygon", "coordinates": [ [ [ 7.69114, 45.08076 ], [ 7.69118, 45.08078 ], [ 7.69112, 45.08085 ], [ 7.69112, 45.08085 ], [ 7.69126, 45.08092 ], [ 7.69121, 45.08097 ], [ 7.69118, 45.081 ], [ 7.69116, 45.08097 ], [ 7.69114, 45.08095 ], [ 7.69112, 45.08094 ], [ 7.69103, 45.08089 ], [ 7.69105, 45.08086 ], [ 7.69114, 45.08076 ] ] ] } },
{ "type": "Feature", "properties": { "uuid": "96f25f38-3720-4e38-8e39-f03a9ea762c3", "data_acq": "2017-12-31 00:00:00", "data_agg": "2017-12-31 00:00:00", "data_fin": "9999-12-31 00:00:00", "ente_for": "REGIONE PIEMONTE", "ente_prod": "ARPA PIEMONTE", "modo_prod": "banche dati esterne - geometrie da catasto, altezza volumi da ARPA PIEMONTE (DSM-DTM,LAS)", "sc_acq": "1:10000", "un_vol_av": "9", "un_vol_por": "al suolo", "un_vol_qe": "", "un_vol_ex": "altezza", "source": "BDTRE un_vol" }, "geometry": { "type": "Polygon", "coordinates": [ [ [ 7.67122, 45.08419 ], [ 7.67106, 45.08424 ], [ 7.67101, 45.08425 ], [ 7.67098, 45.08426 ], [ 7.67081, 45.08431 ], [ 7.67053, 45.08439 ], [ 7.67037, 45.08444 ], [ 7.67034, 45.08433 ], [ 7.6703, 45.08418 ], [ 7.67057, 45.08412 ], [ 7.67111, 45.084 ], [ 7.67122, 45.08419 ] ] ] } },
{ "type": "Feature", "properties": { "uuid": "607debfb-3673-41c4-8479-afd17e79ba35", "data_acq": "2017-12-31 00:00:00", "data_agg": "2017-12-31 00:00:00", "data_fin": "9999-12-31 00:00:00", "ente_for": "REGIONE PIEMONTE", "ente_prod": "ARPA PIEMONTE", "modo_prod": "banche dati esterne - geometrie da catasto, altezza volumi da ARPA PIEMONTE (DSM-DTM,LAS)", "sc_acq": "1:10000", "un_vol_av": "4", "un_vol_por": "al suolo", "un_vol_qe": "", "un_vol_ex": "altezza", "source": "BDTRE un_vol" }, "geometry": { "type": "Polygon", "coordinates": [ [ [ 7.66601, 45.06804 ], [ 7.66591, 45.06808 ], [ 7.66582, 45.06811 ], [ 7.66581, 45.06809 ], [ 7.66578, 45.06805 ], [ 7.66573, 45.06798 ], [ 7.66592, 45.06791 ], [ 7.66592, 45.06792 ], [ 7.66601, 45.06804 ] ] ] } },
{ "type": "Feature", "properties": { "uuid": "14600d99-e437-494d-b3af-d3b7209d9063", "data_acq": "2017-12-31 00:00:00", "data_agg": "2017-12-31 00:00:00", "data_fin": "9999-12-31 00:00:00", "ente_for": "REGIONE PIEMONTE", "ente_prod": "ARPA PIEMONTE", "modo_prod": "banche dati esterne - geometrie da catasto, altezza volumi da ARPA PIEMONTE (DSM-DTM,LAS)", "sc_acq": "1:10000", "un_vol_av": "12", "un_vol_por": "al suolo", "un_vol_qe": "", "un_vol_ex": "altezza", "source": "BDTRE un_vol" }, "geometry": { "type": "Polygon", "coordinates": [ [ [ 7.66979, 45.06673 ], [ 7.66993, 45.06668 ], [ 7.66995, 45.06667 ], [ 7.66985, 45.06653 ], [ 7.66985, 45.06653 ], [ 7.66969, 45.06659 ], [ 7.66969, 45.06659 ], [ 7.66974, 45.06666 ], [ 7.66978, 45.06671 ], [ 7.66979, 45.06672 ], [ 7.66979, 45.06673 ] ] ] } },
{ "type": "Feature", "properties": { "uuid": "8181e900-f07a-4248-af6e-785c0b6b46aa", "data_acq": "2017-12-31 00:00:00", "data_agg": "2017-12-31 00:00:00", "data_fin": "9999-12-31 00:00:00", "ente_for": "REGIONE PIEMONTE", "ente_prod": "ARPA PIEMONTE", "modo_prod": "banche dati esterne - geometrie da catasto, altezza volumi da ARPA PIEMONTE (DSM-DTM,LAS)", "sc_acq": "1:10000", "un_vol_av": "11", "un_vol_por": "al suolo", "un_vol_qe": "", "un_vol_ex": "altezza", "source": "BDTRE un_vol" }, "geometry": { "type": "Polygon", "coordinates": [ [ [ 7.67021, 45.06658 ], [ 7.66998, 45.06666 ], [ 7.66995, 45.06667 ], [ 7.66985, 45.06653 ], [ 7.66985, 45.06653 ], [ 7.66985, 45.06653 ], [ 7.67004, 45.06646 ], [ 7.67004, 45.06647 ], [ 7.67016, 45.06642 ], [ 7.67016, 45.06643 ], [ 7.67025, 45.06656 ], [ 7.67021, 45.06658 ] ] ] } },
{ "type": "Feature", "properties": { "uuid": "7ff72e38-853c-4ef7-a00b-327bc1be0cde", "data_acq": "2017-12-31 00:00:00", "data_agg": "2017-12-31 00:00:00", "data_fin": "9999-12-31 00:00:00", "ente_for": "REGIONE PIEMONTE", "ente_prod": "ARPA PIEMONTE", "modo_prod": "banche dati esterne - geometrie da catasto, altezza volumi da ARPA PIEMONTE (DSM-DTM,LAS)", "sc_acq": "1:10000", "un_vol_av": "7", "un_vol_por": "al suolo", "un_vol_qe": "", "un_vol_ex": "altezza", "source": "BDTRE un_vol" }, "geometry": { "type": "Polygon", "coordinates": [ [ [ 7.6799, 45.07547 ], [ 7.6798, 45.07535 ], [ 7.67986, 45.07532 ], [ 7.67997, 45.07544 ], [ 7.67997, 45.07544 ], [ 7.6799, 45.07547 ] ] ] } },
{ "type": "Feature", "properties": { "uuid": "04b6106a-f873-44e1-8b2b-2f1dfa90aa0e", "data_acq": "2017-12-31 00:00:00", "data_agg": "2017-12-31 00:00:00", "data_fin": "9999-12-31 00:00:00", "ente_for": "REGIONE PIEMONTE", "ente_prod": "ARPA PIEMONTE", "modo_prod": "banche dati esterne - geometrie da catasto, altezza volumi da ARPA PIEMONTE (DSM-DTM,LAS)", "sc_acq": "1:10000", "un_vol_av": "11", "un_vol_por": "al suolo", "un_vol_qe": "", "un_vol_ex": "altezza", "source": "BDTRE un_vol" }, "geometry": { "type": "Polygon", "coordinates": [ [ [ 7.66685, 45.08033 ], [ 7.66681, 45.08029 ], [ 7.66684, 45.08028 ], [ 7.6668, 45.08022 ], [ 7.66662, 45.08029 ], [ 7.66656, 45.08031 ], [ 7.66667, 45.08046 ], [ 7.66669, 45.08049 ], [ 7.6667, 45.08051 ], [ 7.66679, 45.08048 ], [ 7.66693, 45.08042 ], [ 7.66685, 45.08033 ] ] ] } },
{ "type": "Feature", "properties": { "uuid": "91e5195f-3135-4399-8282-272f5069be36", "data_acq": "2017-12-31 00:00:00", "data_agg": "2017-12-31 00:00:00", "data_fin": "9999-12-31 00:00:00", "ente_for": "REGIONE PIEMONTE", "ente_prod": "ARPA PIEMONTE", "modo_prod": "banche dati esterne - geometrie da catasto, altezza volumi da ARPA PIEMONTE (DSM-DTM,LAS)", "sc_acq": "1:10000", "un_vol_av": "13", "un_vol_por": "al suolo", "un_vol_qe": "", "un_vol_ex": "altezza", "source": "BDTRE un_vol" }, "geometry": { "type": "Polygon", "coordinates": [ [ [ 7.67424, 45.07374 ], [ 7.67397, 45.07384 ], [ 7.67397, 45.07384 ], [ 7.67403, 45.07391 ], [ 7.67409, 45.074 ], [ 7.67409, 45.074 ], [ 7.67423, 45.07396 ], [ 7.67423, 45.07396 ], [ 7.67436, 45.07391 ], [ 7.6743, 45.07383 ], [ 7.67424, 45.07374 ] ] ] } },
{ "type": "Feature", "properties": { "uuid": "a9439e26-82cc-4ea5-86d5-533905989920", "data_acq": "2017-12-31 00:00:00", "data_agg": "2017-12-31 00:00:00", "data_fin": "9999-12-31 00:00:00", "ente_for": "REGIONE PIEMONTE", "ente_prod": "ARPA PIEMONTE", "modo_prod": "banche dati esterne - geometrie da catasto, altezza volumi da ARPA PIEMONTE (DSM-DTM,LAS)", "sc_acq": "1:10000", "un_vol_av": "16", "un_vol_por": "al suolo", "un_vol_qe": "", "un_vol_ex": "altezza", "source": "BDTRE un_vol" }, "geometry": { "type": "Polygon", "coordinates": [ [ [ 7.67503, 45.07771 ], [ 7.67488, 45.07776 ], [ 7.67494, 45.07785 ], [ 7.67492, 45.07784 ], [ 7.6747, 45.07792 ], [ 7.67465, 45.07785 ], [ 7.67449, 45.0779 ], [ 7.67451, 45.07793 ], [ 7.6745, 45.07793 ], [ 7.67464, 45.07812 ], [ 7.67465, 45.07813 ], [ 7.67481, 45.07808 ], [ 7.67484, 45.07812 ], [ 7.67494, 45.07825 ], [ 7.67501, 45.07823 ], [ 7.675, 45.07823 ], [ 7.67497, 45.07818 ], [ 7.67515, 45.07812 ], [ 7.67518, 45.07817 ], [ 7.67519, 45.07818 ], [ 7.67519, 45.07818 ], [ 7.67533, 45.07813 ], [ 7.67526, 45.07803 ], [ 7.67516, 45.0779 ], [ 7.67515, 45.07788 ], [ 7.67509, 45.0778 ], [ 7.67507, 45.07777 ], [ 7.67503, 45.07771 ] ] ] } },
{ "type": "Feature", "properties": { "uuid": "5b0fe78e-4245-4c25-be8b-0993f4584f63", "data_acq": "2017-12-31 00:00:00", "data_agg": "2017-12-31 00:00:00", "data_fin": "9999-12-31 00:00:00", "ente_for": "REGIONE PIEMONTE", "ente_prod": "ARPA PIEMONTE", "modo_prod": "banche dati esterne - geometrie da catasto, altezza volumi da ARPA PIEMONTE (DSM-DTM,LAS)", "sc_acq": "1:10000", "un_vol_av": "4", "un_vol_por": "al suolo", "un_vol_qe": "", "un_vol_ex": "altezza", "source": "BDTRE un_vol" }, "geometry": { "type": "Polygon", "coordinates": [ [ [ 7.67708, 45.07685 ], [ 7.67716, 45.07684 ], [ 7.67714, 45.07678 ], [ 7.67695, 45.07682 ], [ 7.67697, 45.07685 ], [ 7.67708, 45.07685 ] ] ] } },
{ "type": "Feature", "properties": { "uuid": "76dbbcd2-9512-4fe7-822a-8c74d8db9863", "data_acq": "2017-12-31 00:00:00", "data_agg": "2017-12-31 00:00:00", "data_fin": "9999-12-31 00:00:00", "ente_for": "REGIONE PIEMONTE", "ente_prod": "ARPA PIEMONTE", "modo_prod": "banche dati esterne - geometrie da catasto, altezza volumi da ARPA PIEMONTE (DSM-DTM,LAS)", "sc_acq": "1:10000", "un_vol_av": "22", "un_vol_por": "al suolo", "un_vol_qe": "", "un_vol_ex": "altezza", "source": "BDTRE un_vol" }, "geometry": { "type": "Polygon", "coordinates": [ [ [ 7.67508, 45.07048 ], [ 7.6751, 45.07051 ], [ 7.6752, 45.07047 ], [ 7.67521, 45.07049 ], [ 7.67527, 45.07046 ], [ 7.67526, 45.07045 ], [ 7.6754, 45.0704 ], [ 7.67548, 45.0705 ], [ 7.67564, 45.07044 ], [ 7.67563, 45.07043 ], [ 7.67555, 45.07032 ], [ 7.67551, 45.07026 ], [ 7.67549, 45.07023 ], [ 7.67528, 45.0703 ], [ 7.67527, 45.07029 ], [ 7.67523, 45.07031 ], [ 7.67523, 45.07032 ], [ 7.67502, 45.07039 ], [ 7.67508, 45.07048 ] ] ] } },
{ "type": "Feature", "properties": { "uuid": "427a1aac-773d-458f-a8f6-6419f17c9738", "data_acq": "2017-12-31 00:00:00", "data_agg": "2017-12-31 00:00:00", "data_fin": "9999-12-31 00:00:00", "ente_for": "REGIONE PIEMONTE", "ente_prod": "ARPA PIEMONTE", "modo_prod": "banche dati esterne - geometrie da catasto, altezza volumi da ARPA PIEMONTE (DSM-DTM,LAS)", "sc_acq": "1:10000", "un_vol_av": "5", "un_vol_por": "al suolo", "un_vol_qe": "", "un_vol_ex": "altezza", "source": "BDTRE un_vol" }, "geometry": { "type": "Polygon", "coordinates": [ [ [ 7.69334, 45.0789 ], [ 7.69344, 45.07879 ], [ 7.69364, 45.07888 ], [ 7.69345, 45.07908 ], [ 7.69325, 45.07899 ], [ 7.69334, 45.0789 ] ] ] } },
{ "type": "Feature", "properties": { "uuid": "93b2c6d7-6d97-407d-a5d9-2ffce493ac1e", "data_acq": "2017-12-31 00:00:00", "data_agg": "2017-12-31 00:00:00", "data_fin": "9999-12-31 00:00:00", "ente_for": "REGIONE PIEMONTE", "ente_prod": "ARPA PIEMONTE", "modo_prod": "banche dati esterne - geometrie da catasto, altezza volumi da ARPA PIEMONTE (DSM-DTM,LAS)", "sc_acq": "1:10000", "un_vol_av": "4", "un_vol_por": "al suolo", "un_vol_qe": "", "un_vol_ex": "altezza", "source": "BDTRE un_vol" }, "geometry": { "type": "Polygon", "coordinates": [ [ [ 7.66879, 45.08457 ], [ 7.66879, 45.08458 ], [ 7.66877, 45.08458 ], [ 7.66876, 45.08459 ], [ 7.66874, 45.08461 ], [ 7.66873, 45.08464 ], [ 7.66874, 45.08466 ], [ 7.66875, 45.08467 ], [ 7.66877, 45.08468 ], [ 7.66881, 45.08468 ], [ 7.66883, 45.08468 ], [ 7.66884, 45.08467 ], [ 7.66886, 45.08471 ], [ 7.66892, 45.08469 ], [ 7.66891, 45.08468 ], [ 7.6691, 45.08463 ], [ 7.66907, 45.08457 ], [ 7.66906, 45.08458 ], [ 7.66905, 45.08456 ], [ 7.66907, 45.08455 ], [ 7.66904, 45.0845 ], [ 7.66889, 45.08454 ], [ 7.66891, 45.08458 ], [ 7.66888, 45.08459 ], [ 7.66886, 45.08455 ], [ 7.66884, 45.08456 ], [ 7.66879, 45.08457 ] ] ] } },
{ "type": "Feature", "properties": { "uuid": "1c120d59-f07d-4412-9e4b-078bd19bac46", "data_acq": "2017-12-31 00:00:00", "data_agg": "2017-12-31 00:00:00", "data_fin": "9999-12-31 00:00:00", "ente_for": "REGIONE PIEMONTE", "ente_prod": "ARPA PIEMONTE", "modo_prod": "banche dati esterne - geometrie da catasto, altezza volumi da ARPA PIEMONTE (DSM-DTM,LAS)", "sc_acq": "1:10000", "un_vol_av": "13", "un_vol_por": "al suolo", "un_vol_qe": "", "un_vol_ex": "altezza", "source": "BDTRE un_vol" }, "geometry": { "type": "Polygon", "coordinates": [ [ [ 7.67449, 45.0779 ], [ 7.67451, 45.07793 ], [ 7.6745, 45.07793 ], [ 7.67439, 45.07797 ], [ 7.67455, 45.07819 ], [ 7.6746, 45.07818 ], [ 7.67461, 45.07818 ], [ 7.67464, 45.07821 ], [ 7.67465, 45.07824 ], [ 7.67465, 45.07824 ], [ 7.67451, 45.07828 ], [ 7.67451, 45.07829 ], [ 7.67429, 45.07797 ], [ 7.67449, 45.0779 ] ] ] } },
{ "type": "Feature", "properties": { "uuid": "f618603a-fe56-4221-ab84-9266bbf73e60", "data_acq": "2017-12-31 00:00:00", "data_agg": "2017-12-31 00:00:00", "data_fin": "9999-12-31 00:00:00", "ente_for": "REGIONE PIEMONTE", "ente_prod": "ARPA PIEMONTE", "modo_prod": "banche dati esterne - geometrie da catasto, altezza volumi da ARPA PIEMONTE (DSM-DTM,LAS)", "sc_acq": "1:10000", "un_vol_av": "5", "un_vol_por": "al suolo", "un_vol_qe": "", "un_vol_ex": "altezza", "source": "BDTRE un_vol" }, "geometry": { "type": "Polygon", "coordinates": [ [ [ 7.68455, 45.08047 ], [ 7.68458, 45.08052 ], [ 7.68449, 45.08055 ], [ 7.68446, 45.08056 ], [ 7.68443, 45.08051 ], [ 7.68455, 45.08047 ] ] ] } },
{ "type": "Feature", "properties": { "uuid": "230bc33d-f969-404f-9d18-9761f2476f56", "data_acq": "2017-12-31 00:00:00", "data_agg": "2017-12-31 00:00:00", "data_fin": "9999-12-31 00:00:00", "ente_for": "REGIONE PIEMONTE", "ente_prod": "ARPA PIEMONTE", "modo_prod": "banche dati esterne - geometrie da catasto, altezza volumi da ARPA PIEMONTE (DSM-DTM,LAS)", "sc_acq": "1:10000", "un_vol_av": "7", "un_vol_por": "al suolo", "un_vol_qe": "", "un_vol_ex": "altezza", "source": "BDTRE un_vol" }, "geometry": { "type": "Polygon", "coordinates": [ [ [ 7.67161, 45.08302 ], [ 7.67154, 45.08293 ], [ 7.67185, 45.08282 ], [ 7.67192, 45.08291 ], [ 7.67161, 45.08302 ] ] ] } },
{ "type": "Feature", "properties": { "uuid": "c1d68adf-854a-427f-a4b4-35c746b8a30c", "data_acq": "2017-12-31 00:00:00", "data_agg": "2017-12-31 00:00:00", "data_fin": "9999-12-31 00:00:00", "ente_for": "REGIONE PIEMONTE", "ente_prod": "ARPA PIEMONTE", "modo_prod": "banche dati esterne - geometrie da catasto, altezza volumi da ARPA PIEMONTE (DSM-DTM,LAS)", "sc_acq": "1:10000", "un_vol_av": "3", "un_vol_por": "al suolo", "un_vol_qe": "", "un_vol_ex": "altezza", "source": "BDTRE un_vol" }, "geometry": { "type": "Polygon", "coordinates": [ [ [ 7.68469, 45.08039 ], [ 7.68477, 45.08036 ], [ 7.68481, 45.08035 ], [ 7.68482, 45.08035 ], [ 7.68483, 45.08037 ], [ 7.68471, 45.08041 ], [ 7.68469, 45.08039 ] ] ] } },
{ "type": "Feature", "properties": { "uuid": "f5ff6bda-0dd7-4d44-8049-2c21e10ec017", "data_acq": "2017-12-31 00:00:00", "data_agg": "2017-12-31 00:00:00", "data_fin": "9999-12-31 00:00:00", "ente_for": "REGIONE PIEMONTE", "ente_prod": "ARPA PIEMONTE", "modo_prod": "banche dati esterne - geometrie da catasto, altezza volumi da ARPA PIEMONTE (DSM-DTM,LAS)", "sc_acq": "1:10000", "un_vol_av": "4", "un_vol_por": "al suolo", "un_vol_qe": "", "un_vol_ex": "altezza", "source": "BDTRE un_vol" }, "geometry": { "type": "Polygon", "coordinates": [ [ [ 7.6719, 45.08262 ], [ 7.67201, 45.08259 ], [ 7.67204, 45.08263 ], [ 7.67192, 45.08266 ], [ 7.67191, 45.08264 ], [ 7.6719, 45.08262 ], [ 7.6719, 45.08262 ] ] ] } },
{ "type": "Feature", "properties": { "uuid": "dbd4bb8e-d797-403a-8ff2-413148fda769", "data_acq": "2017-12-31 00:00:00", "data_agg": "2017-12-31 00:00:00", "data_fin": "9999-12-31 00:00:00", "ente_for": "REGIONE PIEMONTE", "ente_prod": "ARPA PIEMONTE", "modo_prod": "banche dati esterne - geometrie da catasto, altezza volumi da ARPA PIEMONTE (DSM-DTM,LAS)", "sc_acq": "1:10000", "un_vol_av": "5", "un_vol_por": "al suolo", "un_vol_qe": "", "un_vol_ex": "altezza", "source": "BDTRE un_vol" }, "geometry": { "type": "Polygon", "coordinates": [ [ [ 7.67168, 45.08274 ], [ 7.67165, 45.08269 ], [ 7.67175, 45.08266 ], [ 7.67175, 45.08266 ], [ 7.67178, 45.08271 ], [ 7.67168, 45.08274 ] ] ] } },
{ "type": "Feature", "properties": { "uuid": "553f5f45-8924-45a9-92c0-2bcdb33473ac", "data_acq": "2017-12-31 00:00:00", "data_agg": "2017-12-31 00:00:00", "data_fin": "9999-12-31 00:00:00", "ente_for": "REGIONE PIEMONTE", "ente_prod": "ARPA PIEMONTE", "modo_prod": "banche dati esterne - geometrie da catasto, altezza volumi da ARPA PIEMONTE (DSM-DTM,LAS)", "sc_acq": "1:10000", "un_vol_av": "6", "un_vol_por": "al suolo", "un_vol_qe": "", "un_vol_ex": "altezza", "source": "BDTRE un_vol" }, "geometry": { "type": "Polygon", "coordinates": [ [ [ 7.68419, 45.07987 ], [ 7.68425, 45.07996 ], [ 7.68424, 45.07996 ], [ 7.68418, 45.07998 ], [ 7.68417, 45.07995 ], [ 7.68414, 45.07989 ], [ 7.68416, 45.07988 ], [ 7.68419, 45.07987 ] ] ] } },
{ "type": "Feature", "properties": { "uuid": "c44e27fc-3d43-4d9a-a9f4-1dd6fb5e4195", "data_acq": "2017-12-31 00:00:00", "data_agg": "2017-12-31 00:00:00", "data_fin": "9999-12-31 00:00:00", "ente_for": "REGIONE PIEMONTE", "ente_prod": "ARPA PIEMONTE", "modo_prod": "banche dati esterne - geometrie da catasto, altezza volumi da ARPA PIEMONTE (DSM-DTM,LAS)", "sc_acq": "1:10000", "un_vol_av": "6", "un_vol_por": "al suolo", "un_vol_qe": "", "un_vol_ex": "altezza", "source": "BDTRE un_vol" }, "geometry": { "type": "Polygon", "coordinates": [ [ [ 7.68453, 45.07998 ], [ 7.68445, 45.07985 ], [ 7.68459, 45.0798 ], [ 7.6846, 45.07982 ], [ 7.68463, 45.07981 ], [ 7.68465, 45.07985 ], [ 7.68463, 45.07986 ], [ 7.68464, 45.07987 ], [ 7.68466, 45.07986 ], [ 7.68471, 45.07995 ], [ 7.68469, 45.07995 ], [ 7.68486, 45.08021 ], [ 7.68486, 45.08021 ], [ 7.68488, 45.08025 ], [ 7.68474, 45.0803 ], [ 7.68471, 45.08026 ], [ 7.68453, 45.07998 ] ] ] } },
{ "type": "Feature", "properties": { "uuid": "2eef4ccb-1c7c-4b5b-87c8-e3f3c2477a69", "data_acq": "2017-12-31 00:00:00", "data_agg": "2017-12-31 00:00:00", "data_fin": "9999-12-31 00:00:00", "ente_for": "REGIONE PIEMONTE", "ente_prod": "ARPA PIEMONTE", "modo_prod": "banche dati esterne - geometrie da catasto, altezza volumi da ARPA PIEMONTE (DSM-DTM,LAS)", "sc_acq": "1:10000", "un_vol_av": "3", "un_vol_por": "al suolo", "un_vol_qe": "", "un_vol_ex": "altezza", "source": "BDTRE un_vol" }, "geometry": { "type": "Polygon", "coordinates": [ [ [ 7.68533, 45.0812 ], [ 7.68533, 45.08122 ], [ 7.68533, 45.08122 ], [ 7.68531, 45.08122 ], [ 7.68531, 45.0812 ], [ 7.68533, 45.0812 ] ] ] } },
{ "type": "Feature", "properties": { "uuid": "b695ced9-2c13-4af0-813b-4bd78abb0d59", "data_acq": "2017-12-31 00:00:00", "data_agg": "2017-12-31 00:00:00", "data_fin": "9999-12-31 00:00:00", "ente_for": "REGIONE PIEMONTE", "ente_prod": "ARPA PIEMONTE", "modo_prod": "banche dati esterne - geometrie da catasto, altezza volumi da ARPA PIEMONTE (DSM-DTM,LAS)", "sc_acq": "1:10000", "un_vol_av": "3", "un_vol_por": "al suolo", "un_vol_qe": "", "un_vol_ex": "altezza", "source": "BDTRE un_vol" }, "geometry": { "type": "Polygon", "coordinates": [ [ [ 7.66716, 45.07338 ], [ 7.66721, 45.07336 ], [ 7.66725, 45.0734 ], [ 7.66719, 45.07342 ], [ 7.66716, 45.07338 ] ] ] } },
{ "type": "Feature", "properties": { "uuid": "253e9c6f-615d-48f5-832f-0108ad291be9", "data_acq": "2017-12-31 00:00:00", "data_agg": "2017-12-31 00:00:00", "data_fin": "9999-12-31 00:00:00", "ente_for": "REGIONE PIEMONTE", "ente_prod": "ARPA PIEMONTE", "modo_prod": "banche dati esterne - geometrie da catasto, altezza volumi da ARPA PIEMONTE (DSM-DTM,LAS)", "sc_acq": "1:10000", "un_vol_av": "4", "un_vol_por": "al suolo", "un_vol_qe": "", "un_vol_ex": "altezza", "source": "BDTRE un_vol" }, "geometry": { "type": "Polygon", "coordinates": [ [ [ 7.67188, 45.08298 ], [ 7.67199, 45.08293 ], [ 7.6724, 45.08349 ], [ 7.67228, 45.08353 ], [ 7.67188, 45.08298 ] ] ] } },
{ "type": "Feature", "properties": { "uuid": "9b02a03a-ab5c-497f-8d9f-c052067d5218", "data_acq": "2017-12-31 00:00:00", "data_agg": "2017-12-31 00:00:00", "data_fin": "9999-12-31 00:00:00", "ente_for": "REGIONE PIEMONTE", "ente_prod": "ARPA PIEMONTE", "modo_prod": "banche dati esterne - geometrie da catasto, altezza volumi da ARPA PIEMONTE (DSM-DTM,LAS)", "sc_acq": "1:10000", "un_vol_av": "11", "un_vol_por": "al suolo", "un_vol_qe": "", "un_vol_ex": "altezza", "source": "BDTRE un_vol" }, "geometry": { "type": "Polygon", "coordinates": [ [ [ 7.6856, 45.08041 ], [ 7.68555, 45.08034 ], [ 7.68552, 45.08029 ], [ 7.68547, 45.08021 ], [ 7.68547, 45.08029 ], [ 7.68547, 45.08043 ], [ 7.68547, 45.08056 ], [ 7.6854, 45.08056 ], [ 7.6854, 45.08021 ], [ 7.68546, 45.08019 ], [ 7.68545, 45.08018 ], [ 7.68543, 45.08019 ], [ 7.68536, 45.08008 ], [ 7.68533, 45.08009 ], [ 7.68521, 45.07992 ], [ 7.68524, 45.07991 ], [ 7.68513, 45.07973 ], [ 7.68522, 45.0797 ], [ 7.68523, 45.0797 ], [ 7.68534, 45.07987 ], [ 7.68534, 45.07987 ], [ 7.68537, 45.07987 ], [ 7.68537, 45.07986 ], [ 7.68538, 45.07987 ], [ 7.6854, 45.07989 ], [ 7.6854, 45.07989 ], [ 7.68542, 45.07989 ], [ 7.68549, 45.08 ], [ 7.68548, 45.08001 ], [ 7.68547, 45.08001 ], [ 7.68548, 45.08002 ], [ 7.68549, 45.08004 ], [ 7.68546, 45.08005 ], [ 7.68568, 45.08038 ], [ 7.6856, 45.08041 ] ] ] } },
{ "type": "Feature", "properties": { "uuid": "39263a55-7702-4377-92c3-ca4552b5ac60", "data_acq": "2017-12-31 00:00:00", "data_agg": "2017-12-31 00:00:00", "data_fin": "9999-12-31 00:00:00", "ente_for": "REGIONE PIEMONTE", "ente_prod": "ARPA PIEMONTE", "modo_prod": "banche dati esterne - geometrie da catasto, altezza volumi da ARPA PIEMONTE (DSM-DTM,LAS)", "sc_acq": "1:10000", "un_vol_av": "9", "un_vol_por": "al suolo", "un_vol_qe": "", "un_vol_ex": "altezza", "source": "BDTRE un_vol" }, "geometry": { "type": "Polygon", "coordinates": [ [ [ 7.68419, 45.07987 ], [ 7.68416, 45.07988 ], [ 7.68414, 45.07983 ], [ 7.68412, 45.07974 ], [ 7.68411, 45.07964 ], [ 7.6842, 45.07963 ], [ 7.68423, 45.07975 ], [ 7.68426, 45.07985 ], [ 7.68419, 45.07987 ] ] ] } },
{ "type": "Feature", "properties": { "uuid": "15f3e0a7-e2dc-4def-9871-1d548d9edb34", "data_acq": "2017-12-31 00:00:00", "data_agg": "2017-12-31 00:00:00", "data_fin": "9999-12-31 00:00:00", "ente_for": "REGIONE PIEMONTE", "ente_prod": "ARPA PIEMONTE", "modo_prod": "banche dati esterne - geometrie da catasto, altezza volumi da ARPA PIEMONTE (DSM-DTM,LAS)", "sc_acq": "1:10000", "un_vol_av": "10", "un_vol_por": "al suolo", "un_vol_qe": "", "un_vol_ex": "altezza", "source": "BDTRE un_vol" }, "geometry": { "type": "Polygon", "coordinates": [ [ [ 7.66743, 45.07364 ], [ 7.66739, 45.07366 ], [ 7.66723, 45.07343 ], [ 7.66717, 45.07344 ], [ 7.66713, 45.07339 ], [ 7.66704, 45.07341 ], [ 7.66745, 45.07399 ], [ 7.6679, 45.07463 ], [ 7.668, 45.0746 ], [ 7.66798, 45.07457 ], [ 7.66801, 45.07455 ], [ 7.66772, 45.07413 ], [ 7.66776, 45.07411 ], [ 7.66776, 45.07411 ], [ 7.66772, 45.07405 ], [ 7.66765, 45.07396 ], [ 7.6677, 45.07394 ], [ 7.66759, 45.07378 ], [ 7.66756, 45.07379 ], [ 7.66754, 45.0738 ], [ 7.66743, 45.07364 ] ] ] } },
{ "type": "Feature", "properties": { "uuid": "9c6d8c59-989b-4c67-80fd-102e031f87a0", "data_acq": "2017-12-31 00:00:00", "data_agg": "2017-12-31 00:00:00", "data_fin": "9999-12-31 00:00:00", "ente_for": "REGIONE PIEMONTE", "ente_prod": "ARPA PIEMONTE", "modo_prod": "banche dati esterne - geometrie da catasto, altezza volumi da ARPA PIEMONTE (DSM-DTM,LAS)", "sc_acq": "1:10000", "un_vol_av": "7", "un_vol_por": "al suolo", "un_vol_qe": "", "un_vol_ex": "altezza", "source": "BDTRE un_vol" }, "geometry": { "type": "Polygon", "coordinates": [ [ [ 7.68425, 45.07996 ], [ 7.68435, 45.07992 ], [ 7.68441, 45.08 ], [ 7.68444, 45.07999 ], [ 7.68457, 45.0802 ], [ 7.68461, 45.08018 ], [ 7.68464, 45.08024 ], [ 7.68461, 45.08025 ], [ 7.68469, 45.08039 ], [ 7.68471, 45.08041 ], [ 7.68455, 45.08047 ], [ 7.68443, 45.08051 ], [ 7.68437, 45.08043 ], [ 7.68437, 45.08043 ], [ 7.68429, 45.08031 ], [ 7.68421, 45.0802 ], [ 7.68417, 45.08008 ], [ 7.68429, 45.08004 ], [ 7.68426, 45.07999 ], [ 7.68426, 45.07999 ], [ 7.68424, 45.07996 ], [ 7.68425, 45.07996 ] ] ] } },
{ "type": "Feature", "properties": { "uuid": "f23c044f-e2a7-41d5-84b2-b71e6d471374", "data_acq": "2017-12-31 00:00:00", "data_agg": "2017-12-31 00:00:00", "data_fin": "9999-12-31 00:00:00", "ente_for": "REGIONE PIEMONTE", "ente_prod": "ARPA PIEMONTE", "modo_prod": "banche dati esterne - geometrie da catasto, altezza volumi da ARPA PIEMONTE (DSM-DTM,LAS)", "sc_acq": "1:10000", "un_vol_av": "3", "un_vol_por": "al suolo", "un_vol_qe": "", "un_vol_ex": "altezza", "source": "BDTRE un_vol" }, "geometry": { "type": "Polygon", "coordinates": [ [ [ 7.67168, 45.08274 ], [ 7.67168, 45.08275 ], [ 7.6715, 45.0828 ], [ 7.67147, 45.08274 ], [ 7.67165, 45.08269 ], [ 7.67168, 45.08274 ] ] ] } },
{ "type": "Feature", "properties": { "uuid": "56cc0cb0-e00b-4dd3-8cdc-253ae432789f", "data_acq": "2017-12-31 00:00:00", "data_agg": "2017-12-31 00:00:00", "data_fin": "9999-12-31 00:00:00", "ente_for": "REGIONE PIEMONTE", "ente_prod": "ARPA PIEMONTE", "modo_prod": "banche dati esterne - geometrie da catasto, altezza volumi da ARPA PIEMONTE (DSM-DTM,LAS)", "sc_acq": "1:10000", "un_vol_av": "5", "un_vol_por": "al suolo", "un_vol_qe": "", "un_vol_ex": "altezza", "source": "BDTRE un_vol" }, "geometry": { "type": "Polygon", "coordinates": [ [ [ 7.68499, 45.07934 ], [ 7.68498, 45.07935 ], [ 7.68491, 45.07936 ], [ 7.68493, 45.07939 ], [ 7.6849, 45.07941 ], [ 7.68496, 45.07952 ], [ 7.6849, 45.07954 ], [ 7.68497, 45.07964 ], [ 7.68487, 45.07968 ], [ 7.68467, 45.07938 ], [ 7.68456, 45.07942 ], [ 7.68451, 45.07933 ], [ 7.6845, 45.07931 ], [ 7.68451, 45.07928 ], [ 7.68488, 45.07916 ], [ 7.685, 45.07934 ], [ 7.68499, 45.07934 ] ] ] } },
{ "type": "Feature", "properties": { "uuid": "2acfa506-9041-4a18-b4e6-306e14094cb0", "data_acq": "2017-12-31 00:00:00", "data_agg": "2017-12-31 00:00:00", "data_fin": "9999-12-31 00:00:00", "ente_for": "REGIONE PIEMONTE", "ente_prod": "ARPA PIEMONTE", "modo_prod": "banche dati esterne - geometrie da catasto, altezza volumi da ARPA PIEMONTE (DSM-DTM,LAS)", "sc_acq": "1:10000", "un_vol_av": "12", "un_vol_por": "al suolo", "un_vol_qe": "", "un_vol_ex": "altezza", "source": "BDTRE un_vol" }, "geometry": { "type": "Polygon", "coordinates": [ [ [ 7.68327, 45.06609 ], [ 7.68329, 45.06612 ], [ 7.68333, 45.06617 ], [ 7.68336, 45.06621 ], [ 7.68348, 45.06617 ], [ 7.68351, 45.06616 ], [ 7.68353, 45.06615 ], [ 7.68345, 45.06603 ], [ 7.68344, 45.06603 ], [ 7.68327, 45.06609 ] ] ] } },
{ "type": "Feature", "properties": { "uuid": "9e7a8124-b9cc-447a-99bb-5d85fd006d09", "data_acq": "2017-12-31 00:00:00", "data_agg": "2017-12-31 00:00:00", "data_fin": "9999-12-31 00:00:00", "ente_for": "REGIONE PIEMONTE", "ente_prod": "ARPA PIEMONTE", "modo_prod": "banche dati esterne - geometrie da catasto, altezza volumi da ARPA PIEMONTE (DSM-DTM,LAS)", "sc_acq": "1:10000", "un_vol_av": "4", "un_vol_por": "al suolo", "un_vol_qe": "", "un_vol_ex": "altezza", "source": "BDTRE un_vol" }, "geometry": { "type": "Polygon", "coordinates": [ [ [ 7.69482, 45.07108 ], [ 7.69485, 45.0711 ], [ 7.6949, 45.07114 ], [ 7.69484, 45.07118 ], [ 7.69479, 45.0712 ], [ 7.69475, 45.07122 ], [ 7.6947, 45.07116 ], [ 7.69474, 45.07113 ], [ 7.69482, 45.07108 ] ] ] } },
{ "type": "Feature", "properties": { "uuid": "06297f8d-50bc-40d6-9c2f-1ca938b1ba52", "data_acq": "2017-12-31 00:00:00", "data_agg": "2017-12-31 00:00:00", "data_fin": "9999-12-31 00:00:00", "ente_for": "REGIONE PIEMONTE", "ente_prod": "ARPA PIEMONTE", "modo_prod": "banche dati esterne - geometrie da catasto, altezza volumi da ARPA PIEMONTE (DSM-DTM,LAS)", "sc_acq": "1:10000", "un_vol_av": "3", "un_vol_por": "al suolo", "un_vol_qe": "", "un_vol_ex": "altezza", "source": "BDTRE un_vol" }, "geometry": { "type": "Polygon", "coordinates": [ [ [ 7.69241, 45.08332 ], [ 7.69245, 45.08331 ], [ 7.69244, 45.0833 ], [ 7.69242, 45.08326 ], [ 7.69239, 45.08322 ], [ 7.69238, 45.08321 ], [ 7.6923, 45.08324 ], [ 7.6923, 45.08332 ], [ 7.69239, 45.08329 ], [ 7.69241, 45.08332 ] ] ] } },
{ "type": "Feature", "properties": { "uuid": "8a6bcbe9-5bf1-49bf-9c3b-27a252dfbe17", "data_acq": "2017-12-31 00:00:00", "data_agg": "2017-12-31 00:00:00", "data_fin": "9999-12-31 00:00:00", "ente_for": "REGIONE PIEMONTE", "ente_prod": "ARPA PIEMONTE", "modo_prod": "banche dati esterne - geometrie da catasto, altezza volumi da ARPA PIEMONTE (DSM-DTM,LAS)", "sc_acq": "1:10000", "un_vol_av": "3", "un_vol_por": "al suolo", "un_vol_qe": "", "un_vol_ex": "altezza", "source": "BDTRE un_vol" }, "geometry": { "type": "Polygon", "coordinates": [ [ [ 7.68864, 45.08366 ], [ 7.68873, 45.08367 ], [ 7.68871, 45.08373 ], [ 7.68869, 45.08373 ], [ 7.68864, 45.08366 ] ] ] } },
{ "type": "Feature", "properties": { "uuid": "bb6c8bef-da39-4b01-b18f-4d996dd20952", "data_acq": "2017-12-31 00:00:00", "data_agg": "2017-12-31 00:00:00", "data_fin": "9999-12-31 00:00:00", "ente_for": "REGIONE PIEMONTE", "ente_prod": "ARPA PIEMONTE", "modo_prod": "banche dati esterne - geometrie da catasto, altezza volumi da ARPA PIEMONTE (DSM-DTM,LAS)", "sc_acq": "1:10000", "un_vol_av": "6", "un_vol_por": "al suolo", "un_vol_qe": "", "un_vol_ex": "altezza", "source": "BDTRE un_vol" }, "geometry": { "type": "Polygon", "coordinates": [ [ [ 7.66788, 45.08145 ], [ 7.66788, 45.08145 ], [ 7.66782, 45.08136 ], [ 7.66791, 45.08133 ], [ 7.66792, 45.08134 ], [ 7.66793, 45.08136 ], [ 7.66794, 45.08136 ], [ 7.66796, 45.08139 ], [ 7.66798, 45.08142 ], [ 7.66793, 45.08144 ], [ 7.66788, 45.08145 ] ] ] } },
{ "type": "Feature", "properties": { "uuid": "efcf9591-fcaf-45b6-8894-09c7c1783dfd", "data_acq": "2017-12-31 00:00:00", "data_agg": "2017-12-31 00:00:00", "data_fin": "9999-12-31 00:00:00", "ente_for": "REGIONE PIEMONTE", "ente_prod": "ARPA PIEMONTE", "modo_prod": "banche dati esterne - geometrie da catasto, altezza volumi da ARPA PIEMONTE (DSM-DTM,LAS)", "sc_acq": "1:10000", "un_vol_av": "6", "un_vol_por": "al suolo", "un_vol_qe": "", "un_vol_ex": "altezza", "source": "BDTRE un_vol" }, "geometry": { "type": "Polygon", "coordinates": [ [ [ 7.678, 45.08506 ], [ 7.67791, 45.08493 ], [ 7.67788, 45.08494 ], [ 7.67784, 45.08488 ], [ 7.67794, 45.08485 ], [ 7.678, 45.08496 ], [ 7.67796, 45.08498 ], [ 7.67801, 45.08506 ], [ 7.678, 45.08506 ] ] ] } },
{ "type": "Feature", "properties": { "uuid": "92e7e936-0e69-4af6-b599-8a157c5a5532", "data_acq": "2017-12-31 00:00:00", "data_agg": "2017-12-31 00:00:00", "data_fin": "9999-12-31 00:00:00", "ente_for": "REGIONE PIEMONTE", "ente_prod": "ARPA PIEMONTE", "modo_prod": "banche dati esterne - geometrie da catasto, altezza volumi da ARPA PIEMONTE (DSM-DTM,LAS)", "sc_acq": "1:10000", "un_vol_av": "23", "un_vol_por": "al suolo", "un_vol_qe": "", "un_vol_ex": "altezza", "source": "BDTRE un_vol" }, "geometry": { "type": "Polygon", "coordinates": [ [ [ 7.66598, 45.07865 ], [ 7.66602, 45.07869 ], [ 7.66605, 45.07866 ], [ 7.66611, 45.0786 ], [ 7.66621, 45.0785 ], [ 7.66607, 45.07843 ], [ 7.66606, 45.07843 ], [ 7.66603, 45.07847 ], [ 7.66605, 45.07848 ], [ 7.66602, 45.07851 ], [ 7.66601, 45.07851 ], [ 7.666, 45.07852 ], [ 7.66601, 45.07852 ], [ 7.666, 45.07853 ], [ 7.666, 45.07852 ], [ 7.66599, 45.07853 ], [ 7.666, 45.07853 ], [ 7.66594, 45.07859 ], [ 7.66598, 45.07865 ] ] ] } },
{ "type": "Feature", "properties": { "uuid": "b37005b2-738a-48c2-b163-77d696b31a7f", "data_acq": "2017-12-31 00:00:00", "data_agg": "2017-12-31 00:00:00", "data_fin": "9999-12-31 00:00:00", "ente_for": "REGIONE PIEMONTE", "ente_prod": "ARPA PIEMONTE", "modo_prod": "banche dati esterne - geometrie da catasto, altezza volumi da ARPA PIEMONTE (DSM-DTM,LAS)", "sc_acq": "1:10000", "un_vol_av": "6", "un_vol_por": "al suolo", "un_vol_qe": "", "un_vol_ex": "altezza", "source": "BDTRE un_vol" }, "geometry": { "type": "Polygon", "coordinates": [ [ [ 7.69357, 45.07842 ], [ 7.69329, 45.07872 ], [ 7.69308, 45.07863 ], [ 7.69295, 45.07857 ], [ 7.69322, 45.07827 ], [ 7.69322, 45.07827 ], [ 7.69334, 45.07832 ], [ 7.69334, 45.07832 ], [ 7.69328, 45.07839 ], [ 7.6934, 45.07844 ], [ 7.69346, 45.07837 ], [ 7.69357, 45.07842 ] ] ] } },
{ "type": "Feature", "properties": { "uuid": "9b2f71ae-05ee-4acd-9d2e-ccbacb1559cd", "data_acq": "2017-12-31 00:00:00", "data_agg": "2017-12-31 00:00:00", "data_fin": "9999-12-31 00:00:00", "ente_for": "REGIONE PIEMONTE", "ente_prod": "ARPA PIEMONTE", "modo_prod": "banche dati esterne - geometrie da catasto, altezza volumi da ARPA PIEMONTE (DSM-DTM,LAS)", "sc_acq": "1:10000", "un_vol_av": "3", "un_vol_por": "al suolo", "un_vol_qe": "", "un_vol_ex": "altezza", "source": "BDTRE un_vol" }, "geometry": { "type": "Polygon", "coordinates": [ [ [ 7.69204, 45.07893 ], [ 7.69207, 45.07889 ], [ 7.69215, 45.07893 ], [ 7.69213, 45.07895 ], [ 7.69214, 45.07896 ], [ 7.69213, 45.07897 ], [ 7.69204, 45.07893 ] ] ] } },
{ "type": "Feature", "properties": { "uuid": "3c70cf44-5350-49f0-aa2e-81cf7a57cc9a", "data_acq": "2017-12-31 00:00:00", "data_agg": "2017-12-31 00:00:00", "data_fin": "9999-12-31 00:00:00", "ente_for": "REGIONE PIEMONTE", "ente_prod": "ARPA PIEMONTE", "modo_prod": "banche dati esterne - geometrie da catasto, altezza volumi da ARPA PIEMONTE (DSM-DTM,LAS)", "sc_acq": "1:10000", "un_vol_av": "14", "un_vol_por": "al suolo", "un_vol_qe": "", "un_vol_ex": "altezza", "source": "BDTRE un_vol" }, "geometry": { "type": "Polygon", "coordinates": [ [ [ 7.67231, 45.06655 ], [ 7.67224, 45.06645 ], [ 7.67224, 45.06645 ], [ 7.67212, 45.06649 ], [ 7.67204, 45.06651 ], [ 7.67191, 45.06656 ], [ 7.67196, 45.06665 ], [ 7.67198, 45.06667 ], [ 7.67202, 45.06673 ], [ 7.67202, 45.06673 ], [ 7.67218, 45.06668 ], [ 7.67216, 45.06665 ], [ 7.67217, 45.06665 ], [ 7.67217, 45.06664 ], [ 7.67217, 45.06664 ], [ 7.67215, 45.06661 ], [ 7.67231, 45.06655 ] ] ] } },
{ "type": "Feature", "properties": { "uuid": "85850ff2-1e78-410d-aceb-b25d9ab4f773", "data_acq": "2017-12-31 00:00:00", "data_agg": "2017-12-31 00:00:00", "data_fin": "9999-12-31 00:00:00", "ente_for": "REGIONE PIEMONTE", "ente_prod": "ARPA PIEMONTE", "modo_prod": "banche dati esterne - geometrie da catasto, altezza volumi da ARPA PIEMONTE (DSM-DTM,LAS)", "sc_acq": "1:10000", "un_vol_av": "5", "un_vol_por": "al suolo", "un_vol_qe": "", "un_vol_ex": "altezza", "source": "BDTRE un_vol" }, "geometry": { "type": "Polygon", "coordinates": [ [ [ 7.66891, 45.08289 ], [ 7.66891, 45.0829 ], [ 7.66874, 45.08298 ], [ 7.66868, 45.0829 ], [ 7.66865, 45.08285 ], [ 7.66883, 45.08279 ], [ 7.66885, 45.08282 ], [ 7.66891, 45.08289 ], [ 7.66891, 45.08289 ] ] ] } },
{ "type": "Feature", "properties": { "uuid": "9869a72f-aa2c-4e40-9a84-6b3bed4fb492", "data_acq": "2017-12-31 00:00:00", "data_agg": "2017-12-31 00:00:00", "data_fin": "9999-12-31 00:00:00", "ente_for": "REGIONE PIEMONTE", "ente_prod": "ARPA PIEMONTE", "modo_prod": "banche dati esterne - geometrie da catasto, altezza volumi da ARPA PIEMONTE (DSM-DTM,LAS)", "sc_acq": "1:10000", "un_vol_av": "12", "un_vol_por": "al suolo", "un_vol_qe": "", "un_vol_ex": "altezza", "source": "BDTRE un_vol" }, "geometry": { "type": "Polygon", "coordinates": [ [ [ 7.67902, 45.06704 ], [ 7.67938, 45.0669 ], [ 7.67924, 45.06671 ], [ 7.67913, 45.06675 ], [ 7.67907, 45.06677 ], [ 7.679, 45.06679 ], [ 7.679, 45.06679 ], [ 7.67899, 45.06679 ], [ 7.67897, 45.0668 ], [ 7.67894, 45.06681 ], [ 7.67894, 45.06681 ], [ 7.67894, 45.06682 ], [ 7.67894, 45.06681 ], [ 7.67894, 45.06681 ], [ 7.67893, 45.06682 ], [ 7.67893, 45.06682 ], [ 7.67893, 45.06682 ], [ 7.67893, 45.06682 ], [ 7.67892, 45.06682 ], [ 7.67892, 45.06682 ], [ 7.67891, 45.06682 ], [ 7.6789, 45.06684 ], [ 7.67889, 45.06686 ], [ 7.6789, 45.06686 ], [ 7.6789, 45.06686 ], [ 7.6789, 45.06686 ], [ 7.6789, 45.06686 ], [ 7.6789, 45.06687 ], [ 7.67891, 45.06687 ], [ 7.67891, 45.06687 ], [ 7.67891, 45.06687 ], [ 7.67891, 45.06687 ], [ 7.67891, 45.06687 ], [ 7.67891, 45.06688 ], [ 7.67891, 45.06688 ], [ 7.67896, 45.06696 ], [ 7.679, 45.067 ], [ 7.679, 45.06701 ], [ 7.67902, 45.06704 ] ] ] } },
{ "type": "Feature", "properties": { "uuid": "efc20bd5-6fee-4574-838b-10d96cdd444d", "data_acq": "2017-12-31 00:00:00", "data_agg": "2017-12-31 00:00:00", "data_fin": "9999-12-31 00:00:00", "ente_for": "REGIONE PIEMONTE", "ente_prod": "ARPA PIEMONTE", "modo_prod": "banche dati esterne - geometrie da catasto, altezza volumi da ARPA PIEMONTE (DSM-DTM,LAS)", "sc_acq": "1:10000", "un_vol_av": "4", "un_vol_por": "al suolo", "un_vol_qe": "", "un_vol_ex": "altezza", "source": "BDTRE un_vol" }, "geometry": { "type": "Polygon", "coordinates": [ [ [ 7.678, 45.08496 ], [ 7.67805, 45.08504 ], [ 7.67801, 45.08506 ], [ 7.67796, 45.08498 ], [ 7.678, 45.08496 ] ] ] } },
{ "type": "Feature", "properties": { "uuid": "f23ff90a-e150-4590-8444-80170a1cee0e", "data_acq": "2017-12-31 00:00:00", "data_agg": "2017-12-31 00:00:00", "data_fin": "9999-12-31 00:00:00", "ente_for": "REGIONE PIEMONTE", "ente_prod": "ARPA PIEMONTE", "modo_prod": "banche dati esterne - geometrie da catasto, altezza volumi da ARPA PIEMONTE (DSM-DTM,LAS)", "sc_acq": "1:10000", "un_vol_av": "3", "un_vol_por": "al suolo", "un_vol_qe": "", "un_vol_ex": "altezza", "source": "BDTRE un_vol" }, "geometry": { "type": "Polygon", "coordinates": [ [ [ 7.67462, 45.08295 ], [ 7.67451, 45.08299 ], [ 7.67449, 45.08296 ], [ 7.67458, 45.08293 ], [ 7.67458, 45.08292 ], [ 7.67459, 45.08291 ], [ 7.67462, 45.08295 ] ] ] } },
{ "type": "Feature", "properties": { "uuid": "9f5193d7-b397-43cb-b503-6006ad4d340e", "data_acq": "2017-12-31 00:00:00", "data_agg": "2017-12-31 00:00:00", "data_fin": "9999-12-31 00:00:00", "ente_for": "REGIONE PIEMONTE", "ente_prod": "ARPA PIEMONTE", "modo_prod": "banche dati esterne - geometrie da catasto, altezza volumi da ARPA PIEMONTE (DSM-DTM,LAS)", "sc_acq": "1:10000", "un_vol_av": "6", "un_vol_por": "al suolo", "un_vol_qe": "", "un_vol_ex": "altezza", "source": "BDTRE un_vol" }, "geometry": { "type": "Polygon", "coordinates": [ [ [ 7.66586, 45.08322 ], [ 7.66591, 45.08329 ], [ 7.66596, 45.08337 ], [ 7.66596, 45.08338 ], [ 7.66594, 45.08338 ], [ 7.66594, 45.08339 ], [ 7.66594, 45.08338 ], [ 7.66591, 45.08339 ], [ 7.66588, 45.08336 ], [ 7.66584, 45.08329 ], [ 7.66574, 45.08332 ], [ 7.66582, 45.08344 ], [ 7.66574, 45.08346 ], [ 7.6657, 45.08341 ], [ 7.66563, 45.08329 ], [ 7.66586, 45.08322 ] ] ] } },
{ "type": "Feature", "properties": { "uuid": "290ad1fc-cf5d-4bab-a5d2-71784e07fa60", "data_acq": "2017-12-31 00:00:00", "data_agg": "2017-12-31 00:00:00", "data_fin": "9999-12-31 00:00:00", "ente_for": "REGIONE PIEMONTE", "ente_prod": "ARPA PIEMONTE", "modo_prod": "banche dati esterne - geometrie da catasto, altezza volumi da ARPA PIEMONTE (DSM-DTM,LAS)", "sc_acq": "1:10000", "un_vol_av": "21", "un_vol_por": "al suolo", "un_vol_qe": "", "un_vol_ex": "altezza", "source": "BDTRE un_vol" }, "geometry": { "type": "Polygon", "coordinates": [ [ [ 7.68365, 45.06558 ], [ 7.68369, 45.06566 ], [ 7.68369, 45.06566 ], [ 7.68367, 45.06567 ], [ 7.68361, 45.0656 ], [ 7.68365, 45.06558 ] ] ] } },
{ "type": "Feature", "properties": { "uuid": "5bb20443-85f2-45b9-9613-ce40fc201959", "data_acq": "2017-12-31 00:00:00", "data_agg": "2017-12-31 00:00:00", "data_fin": "9999-12-31 00:00:00", "ente_for": "REGIONE PIEMONTE", "ente_prod": "ARPA PIEMONTE", "modo_prod": "banche dati esterne - geometrie da catasto, altezza volumi da ARPA PIEMONTE (DSM-DTM,LAS)", "sc_acq": "1:10000", "un_vol_av": "7", "un_vol_por": "al suolo", "un_vol_qe": "", "un_vol_ex": "altezza", "source": "BDTRE un_vol" }, "geometry": { "type": "Polygon", "coordinates": [ [ [ 7.68985, 45.08097 ], [ 7.68998, 45.08093 ], [ 7.69001, 45.08092 ], [ 7.68997, 45.08087 ], [ 7.68982, 45.08091 ], [ 7.68975, 45.0808 ], [ 7.68972, 45.08076 ], [ 7.6896, 45.08079 ], [ 7.68974, 45.08101 ], [ 7.68981, 45.08098 ], [ 7.68985, 45.08097 ] ] ] } },
{ "type": "Feature", "properties": { "uuid": "52aa5092-3e6e-40fb-a2cc-040f468e3762", "data_acq": "2017-12-31 00:00:00", "data_agg": "2017-12-31 00:00:00", "data_fin": "9999-12-31 00:00:00", "ente_for": "REGIONE PIEMONTE", "ente_prod": "ARPA PIEMONTE", "modo_prod": "banche dati esterne - geometrie da catasto, altezza volumi da ARPA PIEMONTE (DSM-DTM,LAS)", "sc_acq": "1:10000", "un_vol_av": "3", "un_vol_por": "al suolo", "un_vol_qe": "", "un_vol_ex": "altezza", "source": "BDTRE un_vol" }, "geometry": { "type": "Polygon", "coordinates": [ [ [ 7.6914, 45.08476 ], [ 7.69149, 45.08473 ], [ 7.69157, 45.08485 ], [ 7.69148, 45.08488 ], [ 7.69144, 45.08482 ], [ 7.6914, 45.08477 ], [ 7.6914, 45.08476 ] ] ] } },
{ "type": "Feature", "properties": { "uuid": "08f6e4cb-e58a-475d-8750-92dbf2a92cd8", "data_acq": "2017-12-31 00:00:00", "data_agg": "2017-12-31 00:00:00", "data_fin": "9999-12-31 00:00:00", "ente_for": "REGIONE PIEMONTE", "ente_prod": "ARPA PIEMONTE", "modo_prod": "banche dati esterne - geometrie da catasto, altezza volumi da ARPA PIEMONTE (DSM-DTM,LAS)", "sc_acq": "1:10000", "un_vol_av": "4", "un_vol_por": "al suolo", "un_vol_qe": "", "un_vol_ex": "altezza", "source": "BDTRE un_vol" }, "geometry": { "type": "Polygon", "coordinates": [ [ [ 7.67869, 45.07632 ], [ 7.67877, 45.07629 ], [ 7.67881, 45.07628 ], [ 7.67886, 45.07631 ], [ 7.67871, 45.07636 ], [ 7.67869, 45.07632 ] ] ] } },
{ "type": "Feature", "properties": { "uuid": "ca68ae90-27e1-44a4-8ad0-0ad5e247774c", "data_acq": "2017-12-31 00:00:00", "data_agg": "2017-12-31 00:00:00", "data_fin": "9999-12-31 00:00:00", "ente_for": "REGIONE PIEMONTE", "ente_prod": "ARPA PIEMONTE", "modo_prod": "banche dati esterne - geometrie da catasto, altezza volumi da ARPA PIEMONTE (DSM-DTM,LAS)", "sc_acq": "1:10000", "un_vol_av": "5", "un_vol_por": "al suolo", "un_vol_qe": "", "un_vol_ex": "altezza", "source": "BDTRE un_vol" }, "geometry": { "type": "Polygon", "coordinates": [ [ [ 7.67159, 45.07868 ], [ 7.67152, 45.07858 ], [ 7.67148, 45.0786 ], [ 7.67145, 45.07861 ], [ 7.67144, 45.07861 ], [ 7.67138, 45.07863 ], [ 7.67145, 45.07873 ], [ 7.67159, 45.07868 ] ] ] } },
{ "type": "Feature", "properties": { "uuid": "b9b69693-112b-4db2-bb54-e4f8eb424a78", "data_acq": "2017-12-31 00:00:00", "data_agg": "2017-12-31 00:00:00", "data_fin": "9999-12-31 00:00:00", "ente_for": "REGIONE PIEMONTE", "ente_prod": "ARPA PIEMONTE", "modo_prod": "banche dati esterne - geometrie da catasto, altezza volumi da ARPA PIEMONTE (DSM-DTM,LAS)", "sc_acq": "1:10000", "un_vol_av": "4", "un_vol_por": "al suolo", "un_vol_qe": "", "un_vol_ex": "altezza", "source": "BDTRE un_vol" }, "geometry": { "type": "Polygon", "coordinates": [ [ [ 7.69131, 45.08444 ], [ 7.69138, 45.08454 ], [ 7.69127, 45.08458 ], [ 7.69124, 45.08453 ], [ 7.69119, 45.08445 ], [ 7.69131, 45.08444 ] ] ] } },
{ "type": "Feature", "properties": { "uuid": "969cf701-4d64-4bbe-8ca3-2ec265796378", "data_acq": "2017-12-31 00:00:00", "data_agg": "2017-12-31 00:00:00", "data_fin": "9999-12-31 00:00:00", "ente_for": "REGIONE PIEMONTE", "ente_prod": "ARPA PIEMONTE", "modo_prod": "banche dati esterne - geometrie da catasto, altezza volumi da ARPA PIEMONTE (DSM-DTM,LAS)", "sc_acq": "1:10000", "un_vol_av": "3", "un_vol_por": "al suolo", "un_vol_qe": "", "un_vol_ex": "altezza", "source": "BDTRE un_vol" }, "geometry": { "type": "Polygon", "coordinates": [ [ [ 7.69433, 45.08343 ], [ 7.69428, 45.0835 ], [ 7.69422, 45.08347 ], [ 7.69425, 45.08344 ], [ 7.69413, 45.08339 ], [ 7.69416, 45.08335 ], [ 7.69418, 45.08336 ], [ 7.69433, 45.08343 ] ] ] } },
{ "type": "Feature", "properties": { "uuid": "3f181baa-ae74-488b-8929-039ead3c54fe", "data_acq": "2017-12-31 00:00:00", "data_agg": "2017-12-31 00:00:00", "data_fin": "9999-12-31 00:00:00", "ente_for": "REGIONE PIEMONTE", "ente_prod": "ARPA PIEMONTE", "modo_prod": "banche dati esterne - geometrie da catasto, altezza volumi da ARPA PIEMONTE (DSM-DTM,LAS)", "sc_acq": "1:10000", "un_vol_av": "4", "un_vol_por": "al suolo", "un_vol_qe": "", "un_vol_ex": "altezza", "source": "BDTRE un_vol" }, "geometry": { "type": "Polygon", "coordinates": [ [ [ 7.68282, 45.0843 ], [ 7.68279, 45.08426 ], [ 7.68292, 45.08422 ], [ 7.68291, 45.0842 ], [ 7.68328, 45.08404 ], [ 7.68332, 45.0841 ], [ 7.68324, 45.08413 ], [ 7.68322, 45.08412 ], [ 7.68318, 45.08414 ], [ 7.68313, 45.08416 ], [ 7.68296, 45.08422 ], [ 7.68297, 45.08424 ], [ 7.68282, 45.0843 ] ] ] } },
{ "type": "Feature", "properties": { "uuid": "1c98d0e1-8000-48ed-964f-4e85f664e52d", "data_acq": "2017-12-31 00:00:00", "data_agg": "2017-12-31 00:00:00", "data_fin": "9999-12-31 00:00:00", "ente_for": "REGIONE PIEMONTE", "ente_prod": "ARPA PIEMONTE", "modo_prod": "banche dati esterne - geometrie da catasto, altezza volumi da ARPA PIEMONTE (DSM-DTM,LAS)", "sc_acq": "1:10000", "un_vol_av": "3", "un_vol_por": "al suolo", "un_vol_qe": "", "un_vol_ex": "altezza", "source": "BDTRE un_vol" }, "geometry": { "type": "Polygon", "coordinates": [ [ [ 7.66982, 45.08177 ], [ 7.66998, 45.08172 ], [ 7.66995, 45.08168 ], [ 7.66979, 45.08173 ], [ 7.66982, 45.08177 ] ] ] } },
{ "type": "Feature", "properties": { "uuid": "58a25fff-1f33-4ccc-85d0-a71080888ca5", "data_acq": "2017-12-31 00:00:00", "data_agg": "2017-12-31 00:00:00", "data_fin": "9999-12-31 00:00:00", "ente_for": "REGIONE PIEMONTE", "ente_prod": "ARPA PIEMONTE", "modo_prod": "banche dati esterne - geometrie da catasto, altezza volumi da ARPA PIEMONTE (DSM-DTM,LAS)", "sc_acq": "1:10000", "un_vol_av": "5", "un_vol_por": "al suolo", "un_vol_qe": "", "un_vol_ex": "altezza", "source": "BDTRE un_vol" }, "geometry": { "type": "Polygon", "coordinates": [ [ [ 7.66638, 45.06619 ], [ 7.66635, 45.06614 ], [ 7.66631, 45.06615 ], [ 7.66635, 45.0662 ], [ 7.66635, 45.06619 ], [ 7.66638, 45.06619 ], [ 7.66638, 45.06619 ] ] ] } },
{ "type": "Feature", "properties": { "uuid": "74cd2a2d-2795-4c63-8530-1e3052400651", "data_acq": "2017-12-31 00:00:00", "data_agg": "2017-12-31 00:00:00", "data_fin": "9999-12-31 00:00:00", "ente_for": "REGIONE PIEMONTE", "ente_prod": "ARPA PIEMONTE", "modo_prod": "banche dati esterne - geometrie da catasto, altezza volumi da ARPA PIEMONTE (DSM-DTM,LAS)", "sc_acq": "1:10000", "un_vol_av": "16", "un_vol_por": "al suolo", "un_vol_qe": "", "un_vol_ex": "altezza", "source": "BDTRE un_vol" }, "geometry": { "type": "Polygon", "coordinates": [ [ [ 7.67547, 45.06518 ], [ 7.67534, 45.06522 ], [ 7.67518, 45.06501 ], [ 7.67525, 45.06498 ], [ 7.67533, 45.06509 ], [ 7.67539, 45.06507 ], [ 7.67547, 45.06518 ] ] ] } },
{ "type": "Feature", "properties": { "uuid": "9a9b4755-58ca-45f0-9cb2-bdc758882385", "data_acq": "2017-12-31 00:00:00", "data_agg": "2017-12-31 00:00:00", "data_fin": "9999-12-31 00:00:00", "ente_for": "REGIONE PIEMONTE", "ente_prod": "ARPA PIEMONTE", "modo_prod": "banche dati esterne - geometrie da catasto, altezza volumi da ARPA PIEMONTE (DSM-DTM,LAS)", "sc_acq": "1:10000", "un_vol_av": "4", "un_vol_por": "al suolo", "un_vol_qe": "", "un_vol_ex": "altezza", "source": "BDTRE un_vol" }, "geometry": { "type": "Polygon", "coordinates": [ [ [ 7.67378, 45.08301 ], [ 7.67383, 45.08307 ], [ 7.67383, 45.08307 ], [ 7.67378, 45.08309 ], [ 7.67378, 45.08309 ], [ 7.67374, 45.08302 ], [ 7.67378, 45.08301 ] ] ] } },
{ "type": "Feature", "properties": { "uuid": "fad4c524-3f93-4054-b64d-52211e81cb73", "data_acq": "2017-12-31 00:00:00", "data_agg": "2017-12-31 00:00:00", "data_fin": "9999-12-31 00:00:00", "ente_for": "REGIONE PIEMONTE", "ente_prod": "ARPA PIEMONTE", "modo_prod": "banche dati esterne - geometrie da catasto, altezza volumi da ARPA PIEMONTE (DSM-DTM,LAS)", "sc_acq": "1:10000", "un_vol_av": "11", "un_vol_por": "al suolo", "un_vol_qe": "", "un_vol_ex": "altezza", "source": "BDTRE un_vol" }, "geometry": { "type": "Polygon", "coordinates": [ [ [ 7.68993, 45.08131 ], [ 7.68928, 45.08152 ], [ 7.68894, 45.08101 ], [ 7.68911, 45.08096 ], [ 7.68913, 45.08095 ], [ 7.6896, 45.08079 ], [ 7.68974, 45.08101 ], [ 7.68993, 45.08131 ] ], [ [ 7.68954, 45.08103 ], [ 7.68955, 45.08104 ], [ 7.68931, 45.08112 ], [ 7.68924, 45.08114 ], [ 7.68921, 45.08115 ], [ 7.68925, 45.08122 ], [ 7.68927, 45.08125 ], [ 7.68933, 45.08134 ], [ 7.68935, 45.08133 ], [ 7.68938, 45.08132 ], [ 7.6894, 45.08136 ], [ 7.68946, 45.08134 ], [ 7.68944, 45.08131 ], [ 7.6895, 45.08129 ], [ 7.68951, 45.08129 ], [ 7.68952, 45.08132 ], [ 7.68958, 45.0813 ], [ 7.68956, 45.08128 ], [ 7.68962, 45.08125 ], [ 7.68964, 45.08128 ], [ 7.6897, 45.08126 ], [ 7.68979, 45.08123 ], [ 7.68978, 45.08123 ], [ 7.68964, 45.08101 ], [ 7.68965, 45.08101 ], [ 7.68964, 45.081 ], [ 7.68964, 45.081 ], [ 7.68954, 45.08103 ] ] ] } },
{ "type": "Feature", "properties": { "uuid": "4306afd0-d52d-4cc3-af52-33790f75786e", "data_acq": "2017-12-31 00:00:00", "data_agg": "2017-12-31 00:00:00", "data_fin": "9999-12-31 00:00:00", "ente_for": "REGIONE PIEMONTE", "ente_prod": "ARPA PIEMONTE", "modo_prod": "banche dati esterne - geometrie da catasto, altezza volumi da ARPA PIEMONTE (DSM-DTM,LAS)", "sc_acq": "1:10000", "un_vol_av": "32", "un_vol_por": "al suolo", "un_vol_qe": "", "un_vol_ex": "altezza", "source": "BDTRE un_vol" }, "geometry": { "type": "Polygon", "coordinates": [ [ [ 7.66866, 45.07745 ], [ 7.66874, 45.07756 ], [ 7.66874, 45.07757 ], [ 7.66858, 45.07768 ], [ 7.66849, 45.07761 ], [ 7.66854, 45.07758 ], [ 7.6685, 45.07751 ], [ 7.66866, 45.07745 ] ] ] } },
{ "type": "Feature", "properties": { "uuid": "ecd95077-2ec2-4d44-a586-0f345af1ed77", "data_acq": "2017-12-31 00:00:00", "data_agg": "2017-12-31 00:00:00", "data_fin": "9999-12-31 00:00:00", "ente_for": "REGIONE PIEMONTE", "ente_prod": "ARPA PIEMONTE", "modo_prod": "banche dati esterne - geometrie da catasto, altezza volumi da ARPA PIEMONTE (DSM-DTM,LAS)", "sc_acq": "1:10000", "un_vol_av": "22", "un_vol_por": "al suolo", "un_vol_qe": "", "un_vol_ex": "altezza", "source": "BDTRE un_vol" }, "geometry": { "type": "Polygon", "coordinates": [ [ [ 7.67093, 45.07967 ], [ 7.67107, 45.07961 ], [ 7.67104, 45.07957 ], [ 7.67105, 45.07956 ], [ 7.67103, 45.07954 ], [ 7.67104, 45.07954 ], [ 7.67103, 45.07953 ], [ 7.67102, 45.07953 ], [ 7.67102, 45.07952 ], [ 7.67101, 45.07952 ], [ 7.67095, 45.07944 ], [ 7.67096, 45.07944 ], [ 7.67094, 45.07941 ], [ 7.67093, 45.07942 ], [ 7.67088, 45.07934 ], [ 7.67089, 45.07934 ], [ 7.67086, 45.07929 ], [ 7.67085, 45.0793 ], [ 7.67085, 45.0793 ], [ 7.67084, 45.07929 ], [ 7.67082, 45.07926 ], [ 7.67082, 45.07926 ], [ 7.67068, 45.07931 ], [ 7.67093, 45.07967 ] ] ] } },
{ "type": "Feature", "properties": { "uuid": "57822d68-e60d-4795-9005-a4b106409a47", "data_acq": "2017-12-31 00:00:00", "data_agg": "2017-12-31 00:00:00", "data_fin": "9999-12-31 00:00:00", "ente_for": "REGIONE PIEMONTE", "ente_prod": "ARPA PIEMONTE", "modo_prod": "banche dati esterne - geometrie da catasto, altezza volumi da ARPA PIEMONTE (DSM-DTM,LAS)", "sc_acq": "1:10000", "un_vol_av": "4", "un_vol_por": "al suolo", "un_vol_qe": "", "un_vol_ex": "altezza", "source": "BDTRE un_vol" }, "geometry": { "type": "Polygon", "coordinates": [ [ [ 7.69474, 45.07768 ], [ 7.69474, 45.07769 ], [ 7.69471, 45.07773 ], [ 7.69468, 45.07775 ], [ 7.69462, 45.07773 ], [ 7.69468, 45.07766 ], [ 7.69474, 45.07768 ] ] ] } },
{ "type": "Feature", "properties": { "uuid": "e3c19515-29b3-4458-ab81-686a2f22bf6f", "data_acq": "2017-12-31 00:00:00", "data_agg": "2017-12-31 00:00:00", "data_fin": "9999-12-31 00:00:00", "ente_for": "REGIONE PIEMONTE", "ente_prod": "ARPA PIEMONTE", "modo_prod": "banche dati esterne - geometrie da catasto, altezza volumi da ARPA PIEMONTE (DSM-DTM,LAS)", "sc_acq": "1:10000", "un_vol_av": "22", "un_vol_por": "al suolo", "un_vol_qe": "", "un_vol_ex": "altezza", "source": "BDTRE un_vol" }, "geometry": { "type": "Polygon", "coordinates": [ [ [ 7.69008, 45.08064 ], [ 7.69022, 45.08085 ], [ 7.69022, 45.08085 ], [ 7.69005, 45.0809 ], [ 7.69004, 45.08089 ], [ 7.69007, 45.08088 ], [ 7.69, 45.08078 ], [ 7.69, 45.08078 ], [ 7.68998, 45.08079 ], [ 7.68998, 45.08079 ], [ 7.68997, 45.08077 ], [ 7.68999, 45.08077 ], [ 7.68998, 45.08075 ], [ 7.68998, 45.08075 ], [ 7.68997, 45.08075 ], [ 7.68997, 45.08075 ], [ 7.68996, 45.08072 ], [ 7.68996, 45.08072 ], [ 7.68995, 45.0807 ], [ 7.68995, 45.0807 ], [ 7.68993, 45.08071 ], [ 7.68993, 45.08071 ], [ 7.68992, 45.08069 ], [ 7.69008, 45.08064 ] ] ] } },
{ "type": "Feature", "properties": { "uuid": "08dd0cb6-72ff-4ce3-a857-6e4f1bdb9f0a", "data_acq": "2017-12-31 00:00:00", "data_agg": "2017-12-31 00:00:00", "data_fin": "9999-12-31 00:00:00", "ente_for": "REGIONE PIEMONTE", "ente_prod": "ARPA PIEMONTE", "modo_prod": "banche dati esterne - geometrie da catasto, altezza volumi da ARPA PIEMONTE (DSM-DTM,LAS)", "sc_acq": "1:10000", "un_vol_av": "5", "un_vol_por": "al suolo", "un_vol_qe": "", "un_vol_ex": "altezza", "source": "BDTRE un_vol" }, "geometry": { "type": "Polygon", "coordinates": [ [ [ 7.67846, 45.08167 ], [ 7.67833, 45.08172 ], [ 7.67803, 45.0813 ], [ 7.67816, 45.08125 ], [ 7.67846, 45.08167 ] ] ] } },
{ "type": "Feature", "properties": { "uuid": "cf94d3f2-a935-4683-8427-4adec91dbfb5", "data_acq": "2017-12-31 00:00:00", "data_agg": "2017-12-31 00:00:00", "data_fin": "9999-12-31 00:00:00", "ente_for": "REGIONE PIEMONTE", "ente_prod": "ARPA PIEMONTE", "modo_prod": "banche dati esterne - geometrie da catasto, altezza volumi da ARPA PIEMONTE (DSM-DTM,LAS)", "sc_acq": "1:10000", "un_vol_av": "16", "un_vol_por": "al suolo", "un_vol_qe": "", "un_vol_ex": "altezza", "source": "BDTRE un_vol" }, "geometry": { "type": "Polygon", "coordinates": [ [ [ 7.67837, 45.07413 ], [ 7.67852, 45.07407 ], [ 7.67852, 45.07408 ], [ 7.67879, 45.07399 ], [ 7.67875, 45.07392 ], [ 7.67868, 45.07383 ], [ 7.67874, 45.0738 ], [ 7.67879, 45.07379 ], [ 7.67879, 45.07378 ], [ 7.67879, 45.07377 ], [ 7.67878, 45.07378 ], [ 7.67875, 45.07374 ], [ 7.67875, 45.07374 ], [ 7.67873, 45.0737 ], [ 7.67869, 45.07372 ], [ 7.67869, 45.07372 ], [ 7.67857, 45.07376 ], [ 7.67854, 45.07373 ], [ 7.67847, 45.07375 ], [ 7.67846, 45.07375 ], [ 7.67844, 45.07375 ], [ 7.67843, 45.07374 ], [ 7.67842, 45.07375 ], [ 7.67848, 45.07383 ], [ 7.6784, 45.07386 ], [ 7.67831, 45.07389 ], [ 7.67822, 45.07392 ], [ 7.67825, 45.07396 ], [ 7.67826, 45.07398 ], [ 7.67828, 45.074 ], [ 7.67828, 45.074 ], [ 7.67827, 45.074 ], [ 7.67829, 45.07402 ], [ 7.6783, 45.07404 ], [ 7.6783, 45.07404 ], [ 7.67831, 45.07404 ], [ 7.67834, 45.07409 ], [ 7.67837, 45.07413 ] ], [ [ 7.67848, 45.07389 ], [ 7.67854, 45.07388 ], [ 7.67861, 45.07397 ], [ 7.67847, 45.07402 ], [ 7.67839, 45.07392 ], [ 7.67848, 45.07389 ] ] ] } },
{ "type": "Feature", "properties": { "uuid": "e9fe8499-0aa4-42b9-8244-3d6d2bc0b3ee", "data_acq": "2017-12-31 00:00:00", "data_agg": "2017-12-31 00:00:00", "data_fin": "9999-12-31 00:00:00", "ente_for": "REGIONE PIEMONTE", "ente_prod": "ARPA PIEMONTE", "modo_prod": "banche dati esterne - geometrie da catasto, altezza volumi da ARPA PIEMONTE (DSM-DTM,LAS)", "sc_acq": "1:10000", "un_vol_av": "31", "un_vol_por": "al suolo", "un_vol_qe": "", "un_vol_ex": "altezza", "source": "BDTRE un_vol" }, "geometry": { "type": "Polygon", "coordinates": [ [ [ 7.68703, 45.07728 ], [ 7.6871, 45.07741 ], [ 7.68716, 45.07753 ], [ 7.68721, 45.07762 ], [ 7.68721, 45.07762 ], [ 7.68701, 45.07768 ], [ 7.68694, 45.0777 ], [ 7.68683, 45.0775 ], [ 7.68687, 45.07749 ], [ 7.68687, 45.0775 ], [ 7.6869, 45.07749 ], [ 7.68694, 45.07757 ], [ 7.68695, 45.07756 ], [ 7.68696, 45.07759 ], [ 7.68698, 45.07758 ], [ 7.68698, 45.07757 ], [ 7.68701, 45.07756 ], [ 7.68698, 45.07751 ], [ 7.68696, 45.07752 ], [ 7.68694, 45.07751 ], [ 7.68693, 45.07749 ], [ 7.68694, 45.07748 ], [ 7.68697, 45.07747 ], [ 7.68695, 45.07745 ], [ 7.68694, 45.07745 ], [ 7.68693, 45.07743 ], [ 7.68694, 45.07743 ], [ 7.68693, 45.0774 ], [ 7.6869, 45.07741 ], [ 7.68689, 45.07741 ], [ 7.68688, 45.07738 ], [ 7.68689, 45.07737 ], [ 7.68691, 45.07736 ], [ 7.68688, 45.07732 ], [ 7.68688, 45.07732 ], [ 7.68703, 45.07728 ] ] ] } },
{ "type": "Feature", "properties": { "uuid": "dd07f09c-0cdd-4d4d-bf94-7a85bce26841", "data_acq": "2017-12-31 00:00:00", "data_agg": "2017-12-31 00:00:00", "data_fin": "9999-12-31 00:00:00", "ente_for": "REGIONE PIEMONTE", "ente_prod": "ARPA PIEMONTE", "modo_prod": "banche dati esterne - geometrie da catasto, altezza volumi da ARPA PIEMONTE (DSM-DTM,LAS)", "sc_acq": "1:10000", "un_vol_av": "3", "un_vol_por": "al suolo", "un_vol_qe": "", "un_vol_ex": "altezza", "source": "BDTRE un_vol" }, "geometry": { "type": "Polygon", "coordinates": [ [ [ 7.68265, 45.06844 ], [ 7.68265, 45.06844 ], [ 7.68264, 45.06844 ], [ 7.68264, 45.06844 ], [ 7.68264, 45.06844 ], [ 7.68264, 45.06844 ], [ 7.68263, 45.06843 ], [ 7.68263, 45.06843 ], [ 7.68263, 45.06843 ], [ 7.68262, 45.06843 ], [ 7.68262, 45.06843 ], [ 7.68262, 45.06844 ], [ 7.68262, 45.06844 ], [ 7.68261, 45.06844 ], [ 7.68261, 45.06844 ], [ 7.68261, 45.06844 ], [ 7.68261, 45.06844 ], [ 7.68261, 45.06844 ], [ 7.68261, 45.06845 ], [ 7.68261, 45.06845 ], [ 7.68261, 45.06845 ], [ 7.68261, 45.06845 ], [ 7.68261, 45.06845 ], [ 7.68261, 45.06845 ], [ 7.68261, 45.06846 ], [ 7.68261, 45.06846 ], [ 7.68261, 45.06846 ], [ 7.68261, 45.06846 ], [ 7.68262, 45.06846 ], [ 7.68262, 45.06846 ], [ 7.68262, 45.06846 ], [ 7.68263, 45.06846 ], [ 7.68263, 45.06846 ], [ 7.68263, 45.06846 ], [ 7.68264, 45.06846 ], [ 7.68264, 45.06846 ], [ 7.68264, 45.06846 ], [ 7.68264, 45.06846 ], [ 7.68265, 45.06846 ], [ 7.68265, 45.06845 ], [ 7.68265, 45.06845 ], [ 7.68265, 45.06845 ], [ 7.68265, 45.06844 ] ] ] } },
{ "type": "Feature", "properties": { "uuid": "e0a029c3-9b54-44c7-bc55-d0daad5d73d4", "data_acq": "2017-12-31 00:00:00", "data_agg": "2017-12-31 00:00:00", "data_fin": "9999-12-31 00:00:00", "ente_for": "REGIONE PIEMONTE", "ente_prod": "ARPA PIEMONTE", "modo_prod": "banche dati esterne - geometrie da catasto, altezza volumi da ARPA PIEMONTE (DSM-DTM,LAS)", "sc_acq": "1:10000", "un_vol_av": "5", "un_vol_por": "al suolo", "un_vol_qe": "", "un_vol_ex": "altezza", "source": "BDTRE un_vol" }, "geometry": { "type": "Polygon", "coordinates": [ [ [ 7.67325, 45.07982 ], [ 7.67319, 45.07981 ], [ 7.67333, 45.07953 ], [ 7.67334, 45.07954 ], [ 7.67338, 45.07955 ], [ 7.67338, 45.07955 ], [ 7.67328, 45.07976 ], [ 7.67328, 45.07978 ], [ 7.67325, 45.07982 ] ] ] } },
{ "type": "Feature", "properties": { "uuid": "b5e9ac27-ec92-47ed-ad39-3af0013ae93f", "data_acq": "2017-12-31 00:00:00", "data_agg": "2017-12-31 00:00:00", "data_fin": "9999-12-31 00:00:00", "ente_for": "REGIONE PIEMONTE", "ente_prod": "ARPA PIEMONTE", "modo_prod": "banche dati esterne - geometrie da catasto, altezza volumi da ARPA PIEMONTE (DSM-DTM,LAS)", "sc_acq": "1:10000", "un_vol_av": "20", "un_vol_por": "al suolo", "un_vol_qe": "", "un_vol_ex": "altezza", "source": "BDTRE un_vol" }, "geometry": { "type": "Polygon", "coordinates": [ [ [ 7.69386, 45.0692 ], [ 7.69418, 45.06909 ], [ 7.69425, 45.06919 ], [ 7.69422, 45.06921 ], [ 7.69424, 45.06924 ], [ 7.69407, 45.0693 ], [ 7.69401, 45.06927 ], [ 7.69386, 45.0692 ] ] ] } },
{ "type": "Feature", "properties": { "uuid": "2466c711-d45c-4f95-b23b-5b4652ce5a94", "data_acq": "2017-12-31 00:00:00", "data_agg": "2017-12-31 00:00:00", "data_fin": "9999-12-31 00:00:00", "ente_for": "REGIONE PIEMONTE", "ente_prod": "ARPA PIEMONTE", "modo_prod": "banche dati esterne - geometrie da catasto, altezza volumi da ARPA PIEMONTE (DSM-DTM,LAS)", "sc_acq": "1:10000", "un_vol_av": "5", "un_vol_por": "al suolo", "un_vol_qe": "", "un_vol_ex": "altezza", "source": "BDTRE un_vol" }, "geometry": { "type": "Polygon", "coordinates": [ [ [ 7.68827, 45.08484 ], [ 7.68826, 45.08484 ], [ 7.68819, 45.08487 ], [ 7.68816, 45.08488 ], [ 7.68791, 45.08449 ], [ 7.68785, 45.08439 ], [ 7.68784, 45.08438 ], [ 7.68795, 45.08435 ], [ 7.68803, 45.08432 ], [ 7.68821, 45.08462 ], [ 7.68816, 45.08467 ], [ 7.6882, 45.08473 ], [ 7.68827, 45.08484 ] ] ] } },
{ "type": "Feature", "properties": { "uuid": "d94d3fc6-36d8-499b-a799-e22558754f33", "data_acq": "2017-12-31 00:00:00", "data_agg": "2017-12-31 00:00:00", "data_fin": "9999-12-31 00:00:00", "ente_for": "REGIONE PIEMONTE", "ente_prod": "ARPA PIEMONTE", "modo_prod": "banche dati esterne - geometrie da catasto, altezza volumi da ARPA PIEMONTE (DSM-DTM,LAS)", "sc_acq": "1:10000", "un_vol_av": "5", "un_vol_por": "al suolo", "un_vol_qe": "", "un_vol_ex": "altezza", "source": "BDTRE un_vol" }, "geometry": { "type": "Polygon", "coordinates": [ [ [ 7.66922, 45.07357 ], [ 7.6693, 45.07354 ], [ 7.66943, 45.07373 ], [ 7.66943, 45.07373 ], [ 7.66916, 45.07382 ], [ 7.6691, 45.07373 ], [ 7.66914, 45.07371 ], [ 7.66928, 45.07366 ], [ 7.66922, 45.07357 ] ] ] } },
{ "type": "Feature", "properties": { "uuid": "c71d4fca-bfb4-4ff2-b374-8b90d2287241", "data_acq": "2017-12-31 00:00:00", "data_agg": "2017-12-31 00:00:00", "data_fin": "9999-12-31 00:00:00", "ente_for": "REGIONE PIEMONTE", "ente_prod": "ARPA PIEMONTE", "modo_prod": "banche dati esterne - geometrie da catasto, altezza volumi da ARPA PIEMONTE (DSM-DTM,LAS)", "sc_acq": "1:10000", "un_vol_av": "8", "un_vol_por": "al suolo", "un_vol_qe": "", "un_vol_ex": "altezza", "source": "BDTRE un_vol" }, "geometry": { "type": "Polygon", "coordinates": [ [ [ 7.69378, 45.08052 ], [ 7.69377, 45.08052 ], [ 7.69377, 45.08051 ], [ 7.69377, 45.0805 ], [ 7.69378, 45.0805 ], [ 7.69379, 45.0805 ], [ 7.6938, 45.08051 ], [ 7.6938, 45.08051 ], [ 7.6938, 45.08052 ], [ 7.69379, 45.08052 ], [ 7.69378, 45.08052 ] ] ] } },
{ "type": "Feature", "properties": { "uuid": "9bbaf01d-d5de-489d-8c46-3f961f87abf0", "data_acq": "2017-12-31 00:00:00", "data_agg": "2017-12-31 00:00:00", "data_fin": "9999-12-31 00:00:00", "ente_for": "REGIONE PIEMONTE", "ente_prod": "ARPA PIEMONTE", "modo_prod": "banche dati esterne - geometrie da catasto, altezza volumi da ARPA PIEMONTE (DSM-DTM,LAS)", "sc_acq": "1:10000", "un_vol_av": "20", "un_vol_por": "al suolo", "un_vol_qe": "", "un_vol_ex": "altezza", "source": "BDTRE un_vol" }, "geometry": { "type": "Polygon", "coordinates": [ [ [ 7.67686, 45.0766 ], [ 7.67676, 45.07646 ], [ 7.67672, 45.07641 ], [ 7.67672, 45.07641 ], [ 7.67666, 45.07632 ], [ 7.67663, 45.07628 ], [ 7.67662, 45.07627 ], [ 7.67658, 45.07628 ], [ 7.67656, 45.07627 ], [ 7.67654, 45.07628 ], [ 7.67665, 45.07644 ], [ 7.67665, 45.07645 ], [ 7.67672, 45.07655 ], [ 7.67673, 45.07655 ], [ 7.67672, 45.07655 ], [ 7.67672, 45.07656 ], [ 7.67672, 45.07656 ], [ 7.67655, 45.07662 ], [ 7.67645, 45.07647 ], [ 7.67636, 45.07634 ], [ 7.67634, 45.07632 ], [ 7.67624, 45.07635 ], [ 7.67632, 45.07647 ], [ 7.6764, 45.07658 ], [ 7.67646, 45.07666 ], [ 7.67652, 45.07675 ], [ 7.67652, 45.07675 ], [ 7.67652, 45.07675 ], [ 7.67652, 45.07675 ], [ 7.67652, 45.07675 ], [ 7.67667, 45.0767 ], [ 7.67668, 45.0767 ], [ 7.67669, 45.0767 ], [ 7.67672, 45.07668 ], [ 7.67672, 45.07668 ], [ 7.67672, 45.07668 ], [ 7.67673, 45.07668 ], [ 7.67673, 45.07668 ], [ 7.67688, 45.07663 ], [ 7.67686, 45.0766 ] ] ] } },
{ "type": "Feature", "properties": { "uuid": "aa61ae7d-9945-45d6-b160-27886dfec43b", "data_acq": "2017-12-31 00:00:00", "data_agg": "2017-12-31 00:00:00", "data_fin": "9999-12-31 00:00:00", "ente_for": "REGIONE PIEMONTE", "ente_prod": "ARPA PIEMONTE", "modo_prod": "banche dati esterne - geometrie da catasto, altezza volumi da ARPA PIEMONTE (DSM-DTM,LAS)", "sc_acq": "1:10000", "un_vol_av": "3", "un_vol_por": "al suolo", "un_vol_qe": "", "un_vol_ex": "altezza", "source": "BDTRE un_vol" }, "geometry": { "type": "Polygon", "coordinates": [ [ [ 7.68414, 45.0838 ], [ 7.68418, 45.08387 ], [ 7.68413, 45.08389 ], [ 7.68408, 45.08382 ], [ 7.68414, 45.0838 ] ] ] } },
{ "type": "Feature", "properties": { "uuid": "e06f3603-b26b-409d-9e1a-24a6ba68e3c0", "data_acq": "2017-12-31 00:00:00", "data_agg": "2017-12-31 00:00:00", "data_fin": "9999-12-31 00:00:00", "ente_for": "REGIONE PIEMONTE", "ente_prod": "ARPA PIEMONTE", "modo_prod": "banche dati esterne - geometrie da catasto, altezza volumi da ARPA PIEMONTE (DSM-DTM,LAS)", "sc_acq": "1:10000", "un_vol_av": "9", "un_vol_por": "al suolo", "un_vol_qe": "", "un_vol_ex": "altezza", "source": "BDTRE un_vol" }, "geometry": { "type": "Polygon", "coordinates": [ [ [ 7.66671, 45.07948 ], [ 7.66657, 45.07955 ], [ 7.66663, 45.07959 ], [ 7.66675, 45.07951 ], [ 7.66671, 45.07948 ] ] ] } },
{ "type": "Feature", "properties": { "uuid": "8d04f8c8-81b4-4c64-9fec-73ca09559c80", "data_acq": "2017-12-31 00:00:00", "data_agg": "2017-12-31 00:00:00", "data_fin": "9999-12-31 00:00:00", "ente_for": "REGIONE PIEMONTE", "ente_prod": "ARPA PIEMONTE", "modo_prod": "banche dati esterne - geometrie da catasto, altezza volumi da ARPA PIEMONTE (DSM-DTM,LAS)", "sc_acq": "1:10000", "un_vol_av": "3", "un_vol_por": "al suolo", "un_vol_qe": "", "un_vol_ex": "altezza", "source": "BDTRE un_vol" }, "geometry": { "type": "Polygon", "coordinates": [ [ [ 7.66671, 45.07958 ], [ 7.66666, 45.07962 ], [ 7.66664, 45.0796 ], [ 7.66664, 45.0796 ], [ 7.66669, 45.07957 ], [ 7.66671, 45.07958 ] ] ] } },
{ "type": "Feature", "properties": { "uuid": "ed49d441-9f1e-49d3-a8c6-62b82bf0f49c", "data_acq": "2017-12-31 00:00:00", "data_agg": "2017-12-31 00:00:00", "data_fin": "9999-12-31 00:00:00", "ente_for": "REGIONE PIEMONTE", "ente_prod": "ARPA PIEMONTE", "modo_prod": "banche dati esterne - geometrie da catasto, altezza volumi da ARPA PIEMONTE (DSM-DTM,LAS)", "sc_acq": "1:10000", "un_vol_av": "18", "un_vol_por": "al suolo", "un_vol_qe": "", "un_vol_ex": "altezza", "source": "BDTRE un_vol" }, "geometry": { "type": "Polygon", "coordinates": [ [ [ 7.67429, 45.07522 ], [ 7.67414, 45.07528 ], [ 7.67415, 45.07529 ], [ 7.6742, 45.07537 ], [ 7.67419, 45.07537 ], [ 7.6742, 45.07538 ], [ 7.67405, 45.07544 ], [ 7.67404, 45.07542 ], [ 7.67404, 45.07543 ], [ 7.67398, 45.07534 ], [ 7.67397, 45.07533 ], [ 7.67381, 45.07539 ], [ 7.67384, 45.07544 ], [ 7.67388, 45.07549 ], [ 7.67393, 45.07556 ], [ 7.67393, 45.07556 ], [ 7.67394, 45.07557 ], [ 7.67394, 45.07557 ], [ 7.67393, 45.07558 ], [ 7.67396, 45.07561 ], [ 7.67397, 45.07561 ], [ 7.67398, 45.07562 ], [ 7.6741, 45.07579 ], [ 7.67411, 45.07579 ], [ 7.67449, 45.07566 ], [ 7.6745, 45.07567 ], [ 7.67459, 45.07564 ], [ 7.67429, 45.07522 ] ] ] } },
{ "type": "Feature", "properties": { "uuid": "21b5a3fd-5649-4fd7-9422-6d7d53a4542f", "data_acq": "2017-12-31 00:00:00", "data_agg": "2017-12-31 00:00:00", "data_fin": "9999-12-31 00:00:00", "ente_for": "REGIONE PIEMONTE", "ente_prod": "ARPA PIEMONTE", "modo_prod": "banche dati esterne - geometrie da catasto, altezza volumi da ARPA PIEMONTE (DSM-DTM,LAS)", "sc_acq": "1:10000", "un_vol_av": "6", "un_vol_por": "al suolo", "un_vol_qe": "", "un_vol_ex": "altezza", "source": "BDTRE un_vol" }, "geometry": { "type": "Polygon", "coordinates": [ [ [ 7.66724, 45.07965 ], [ 7.66738, 45.07961 ], [ 7.66739, 45.07963 ], [ 7.66742, 45.07968 ], [ 7.66745, 45.07972 ], [ 7.66758, 45.07968 ], [ 7.66758, 45.07969 ], [ 7.66766, 45.0798 ], [ 7.66766, 45.0798 ], [ 7.66755, 45.07984 ], [ 7.66741, 45.07989 ], [ 7.6673, 45.07973 ], [ 7.66724, 45.07965 ] ] ] } },
{ "type": "Feature", "properties": { "uuid": "cb71d774-6bc2-4846-8821-a63d0c6aa181", "data_acq": "2017-12-31 00:00:00", "data_agg": "2017-12-31 00:00:00", "data_fin": "9999-12-31 00:00:00", "ente_for": "REGIONE PIEMONTE", "ente_prod": "ARPA PIEMONTE", "modo_prod": "banche dati esterne - geometrie da catasto, altezza volumi da ARPA PIEMONTE (DSM-DTM,LAS)", "sc_acq": "1:10000", "un_vol_av": "25", "un_vol_por": "al suolo", "un_vol_qe": "", "un_vol_ex": "altezza", "source": "BDTRE un_vol" }, "geometry": { "type": "Polygon", "coordinates": [ [ [ 7.67914, 45.07366 ], [ 7.67946, 45.07411 ], [ 7.67946, 45.07411 ], [ 7.67945, 45.07411 ], [ 7.67925, 45.07419 ], [ 7.67923, 45.07417 ], [ 7.67922, 45.07416 ], [ 7.67916, 45.07418 ], [ 7.67911, 45.0742 ], [ 7.67911, 45.0742 ], [ 7.67911, 45.07421 ], [ 7.67891, 45.07428 ], [ 7.67891, 45.07428 ], [ 7.6789, 45.07427 ], [ 7.6789, 45.07427 ], [ 7.67884, 45.07429 ], [ 7.67879, 45.07432 ], [ 7.6788, 45.07433 ], [ 7.67881, 45.07435 ], [ 7.67877, 45.07436 ], [ 7.6787, 45.07439 ], [ 7.67859, 45.07442 ], [ 7.67851, 45.07431 ], [ 7.67841, 45.07418 ], [ 7.67841, 45.07417 ], [ 7.67837, 45.07413 ], [ 7.67852, 45.07407 ], [ 7.67852, 45.07408 ], [ 7.67862, 45.0742 ], [ 7.67867, 45.07427 ], [ 7.67871, 45.07426 ], [ 7.67868, 45.07423 ], [ 7.67871, 45.07422 ], [ 7.67868, 45.07419 ], [ 7.6787, 45.07418 ], [ 7.6787, 45.07418 ], [ 7.67873, 45.07417 ], [ 7.67873, 45.07417 ], [ 7.67874, 45.07417 ], [ 7.67871, 45.07413 ], [ 7.67883, 45.07409 ], [ 7.67905, 45.07401 ], [ 7.67908, 45.07404 ], [ 7.67913, 45.07402 ], [ 7.67915, 45.07405 ], [ 7.67917, 45.07404 ], [ 7.6792, 45.07408 ], [ 7.67924, 45.07407 ], [ 7.67911, 45.07387 ], [ 7.67879, 45.07399 ], [ 7.67875, 45.07392 ], [ 7.67882, 45.0739 ], [ 7.6788, 45.07387 ], [ 7.67904, 45.07378 ], [ 7.67899, 45.07371 ], [ 7.67899, 45.07371 ], [ 7.67914, 45.07366 ] ] ] } },
{ "type": "Feature", "properties": { "uuid": "fb7a3dd4-6804-4507-90a5-e18f3cf6a27f", "data_acq": "2017-12-31 00:00:00", "data_agg": "2017-12-31 00:00:00", "data_fin": "9999-12-31 00:00:00", "ente_for": "REGIONE PIEMONTE", "ente_prod": "ARPA PIEMONTE", "modo_prod": "banche dati esterne - geometrie da catasto, altezza volumi da ARPA PIEMONTE (DSM-DTM,LAS)", "sc_acq": "1:10000", "un_vol_av": "3", "un_vol_por": "al suolo", "un_vol_qe": "", "un_vol_ex": "altezza", "source": "BDTRE un_vol" }, "geometry": { "type": "Polygon", "coordinates": [ [ [ 7.69327, 45.08295 ], [ 7.69335, 45.08295 ], [ 7.69335, 45.08304 ], [ 7.69328, 45.08304 ], [ 7.69327, 45.08295 ] ] ] } },
{ "type": "Feature", "properties": { "uuid": "2c33b039-7d79-4b90-9d8b-dd1dcf2e6fd2", "data_acq": "2017-12-31 00:00:00", "data_agg": "2017-12-31 00:00:00", "data_fin": "9999-12-31 00:00:00", "ente_for": "REGIONE PIEMONTE", "ente_prod": "ARPA PIEMONTE", "modo_prod": "banche dati esterne - geometrie da catasto, altezza volumi da ARPA PIEMONTE (DSM-DTM,LAS)", "sc_acq": "1:10000", "un_vol_av": "3", "un_vol_por": "al suolo", "un_vol_qe": "", "un_vol_ex": "altezza", "source": "BDTRE un_vol" }, "geometry": { "type": "Polygon", "coordinates": [ [ [ 7.6792, 45.08378 ], [ 7.67922, 45.08381 ], [ 7.67918, 45.08383 ], [ 7.67915, 45.08378 ], [ 7.67919, 45.08377 ], [ 7.6792, 45.08378 ] ] ] } },
{ "type": "Feature", "properties": { "uuid": "67a9391d-ada6-4aa3-a203-f09a613a875e", "data_acq": "2017-12-31 00:00:00", "data_agg": "2017-12-31 00:00:00", "data_fin": "9999-12-31 00:00:00", "ente_for": "REGIONE PIEMONTE", "ente_prod": "ARPA PIEMONTE", "modo_prod": "banche dati esterne - geometrie da catasto, altezza volumi da ARPA PIEMONTE (DSM-DTM,LAS)", "sc_acq": "1:10000", "un_vol_av": "5", "un_vol_por": "al suolo", "un_vol_qe": "", "un_vol_ex": "altezza", "source": "BDTRE un_vol" }, "geometry": { "type": "Polygon", "coordinates": [ [ [ 7.68076, 45.08268 ], [ 7.68061, 45.08245 ], [ 7.68033, 45.08254 ], [ 7.68033, 45.08254 ], [ 7.68038, 45.08263 ], [ 7.68041, 45.08268 ], [ 7.68048, 45.08277 ], [ 7.68076, 45.08268 ] ], [ [ 7.68056, 45.08258 ], [ 7.68056, 45.08258 ], [ 7.68061, 45.08265 ], [ 7.6805, 45.08269 ], [ 7.68045, 45.08262 ], [ 7.68056, 45.08258 ] ] ] } },
{ "type": "Feature", "properties": { "uuid": "3b4056c7-0e2c-4318-a766-b78b8e5d3985", "data_acq": "2017-12-31 00:00:00", "data_agg": "2017-12-31 00:00:00", "data_fin": "9999-12-31 00:00:00", "ente_for": "REGIONE PIEMONTE", "ente_prod": "ARPA PIEMONTE", "modo_prod": "banche dati esterne - geometrie da catasto, altezza volumi da ARPA PIEMONTE (DSM-DTM,LAS)", "sc_acq": "1:10000", "un_vol_av": "7", "un_vol_por": "al suolo", "un_vol_qe": "", "un_vol_ex": "altezza", "source": "BDTRE un_vol" }, "geometry": { "type": "Polygon", "coordinates": [ [ [ 7.68427, 45.0719 ], [ 7.68422, 45.07181 ], [ 7.68417, 45.07183 ], [ 7.68418, 45.07184 ], [ 7.68406, 45.07188 ], [ 7.68407, 45.0719 ], [ 7.68405, 45.07191 ], [ 7.68405, 45.07191 ], [ 7.68398, 45.07194 ], [ 7.68402, 45.072 ], [ 7.68406, 45.07198 ], [ 7.68406, 45.07197 ], [ 7.68425, 45.07191 ], [ 7.68427, 45.0719 ] ] ] } },
{ "type": "Feature", "properties": { "uuid": "2b260d11-eb4c-454d-84e7-adb39dd91f94", "data_acq": "2019-11-30 00:00:00", "data_agg": "2019-11-30 00:00:00", "data_fin": "9999-12-31 00:00:00", "ente_for": "REGIONE PIEMONTE", "ente_prod": "REGIONE PIEMONTE", "modo_prod": "banche dati esterne - catasto", "sc_acq": "1:2000", "un_vol_av": "", "un_vol_por": "al suolo", "un_vol_qe": "", "un_vol_ex": "", "source": "BDTRE un_vol" }, "geometry": { "type": "Polygon", "coordinates": [ [ [ 7.66666, 45.06755 ], [ 7.66663, 45.06756 ], [ 7.66664, 45.06757 ], [ 7.66665, 45.06759 ], [ 7.66668, 45.06758 ], [ 7.66667, 45.06757 ], [ 7.66666, 45.06755 ] ] ] } },
{ "type": "Feature", "properties": { "uuid": "744b186f-b81b-421c-9288-e166b5d0b1d0", "data_acq": "2017-12-31 00:00:00", "data_agg": "2017-12-31 00:00:00", "data_fin": "9999-12-31 00:00:00", "ente_for": "REGIONE PIEMONTE", "ente_prod": "ARPA PIEMONTE", "modo_prod": "banche dati esterne - geometrie da catasto, altezza volumi da ARPA PIEMONTE (DSM-DTM,LAS)", "sc_acq": "1:10000", "un_vol_av": "21", "un_vol_por": "al suolo", "un_vol_qe": "", "un_vol_ex": "altezza", "source": "BDTRE un_vol" }, "geometry": { "type": "Polygon", "coordinates": [ [ [ 7.67643, 45.07613 ], [ 7.67655, 45.07609 ], [ 7.67667, 45.07605 ], [ 7.67674, 45.07615 ], [ 7.67675, 45.07616 ], [ 7.67658, 45.07621 ], [ 7.67662, 45.07627 ], [ 7.67658, 45.07628 ], [ 7.67656, 45.07627 ], [ 7.6765, 45.07618 ], [ 7.67647, 45.07619 ], [ 7.67643, 45.07613 ] ] ] } },
{ "type": "Feature", "properties": { "uuid": "8b0b99ac-9636-4ef1-90d2-4f18ba0b221c", "data_acq": "2017-12-31 00:00:00", "data_agg": "2017-12-31 00:00:00", "data_fin": "9999-12-31 00:00:00", "ente_for": "REGIONE PIEMONTE", "ente_prod": "ARPA PIEMONTE", "modo_prod": "banche dati esterne - geometrie da catasto, altezza volumi da ARPA PIEMONTE (DSM-DTM,LAS)", "sc_acq": "1:10000", "un_vol_av": "12", "un_vol_por": "al suolo", "un_vol_qe": "", "un_vol_ex": "altezza", "source": "BDTRE un_vol" }, "geometry": { "type": "Polygon", "coordinates": [ [ [ 7.67503, 45.07146 ], [ 7.67505, 45.07148 ], [ 7.67506, 45.0715 ], [ 7.67505, 45.07151 ], [ 7.67503, 45.07152 ], [ 7.67501, 45.07149 ], [ 7.675, 45.07147 ], [ 7.67502, 45.07146 ], [ 7.67503, 45.07146 ] ] ] } },
{ "type": "Feature", "properties": { "uuid": "edc7a368-9bce-475a-ad06-432d974401f7", "data_acq": "2017-12-31 00:00:00", "data_agg": "2017-12-31 00:00:00", "data_fin": "9999-12-31 00:00:00", "ente_for": "REGIONE PIEMONTE", "ente_prod": "ARPA PIEMONTE", "modo_prod": "banche dati esterne - geometrie da catasto, altezza volumi da ARPA PIEMONTE (DSM-DTM,LAS)", "sc_acq": "1:10000", "un_vol_av": "17", "un_vol_por": "al suolo", "un_vol_qe": "", "un_vol_ex": "altezza", "source": "BDTRE un_vol" }, "geometry": { "type": "Polygon", "coordinates": [ [ [ 7.68406, 45.07438 ], [ 7.68406, 45.07438 ], [ 7.68392, 45.07443 ], [ 7.68392, 45.07444 ], [ 7.68392, 45.07444 ], [ 7.68393, 45.07445 ], [ 7.68395, 45.07449 ], [ 7.68397, 45.07451 ], [ 7.68395, 45.07452 ], [ 7.68391, 45.07455 ], [ 7.6839, 45.07455 ], [ 7.6839, 45.07455 ], [ 7.6839, 45.07455 ], [ 7.68399, 45.07465 ], [ 7.684, 45.07467 ], [ 7.68409, 45.07464 ], [ 7.68421, 45.0746 ], [ 7.68406, 45.07438 ] ] ] } },
{ "type": "Feature", "properties": { "uuid": "c164a70c-503d-4d0d-ab57-b4adbb0606e1", "data_acq": "2017-12-31 00:00:00", "data_agg": "2017-12-31 00:00:00", "data_fin": "9999-12-31 00:00:00", "ente_for": "REGIONE PIEMONTE", "ente_prod": "ARPA PIEMONTE", "modo_prod": "banche dati esterne - geometrie da catasto, altezza volumi da ARPA PIEMONTE (DSM-DTM,LAS)", "sc_acq": "1:10000", "un_vol_av": "10", "un_vol_por": "al suolo", "un_vol_qe": "", "un_vol_ex": "altezza", "source": "BDTRE un_vol" }, "geometry": { "type": "Polygon", "coordinates": [ [ [ 7.66526, 45.07868 ], [ 7.66511, 45.07874 ], [ 7.66511, 45.07874 ], [ 7.66505, 45.07876 ], [ 7.66489, 45.07881 ], [ 7.66491, 45.07885 ], [ 7.66493, 45.07888 ], [ 7.66496, 45.07893 ], [ 7.665, 45.07898 ], [ 7.66504, 45.07904 ], [ 7.66506, 45.07903 ], [ 7.66507, 45.07903 ], [ 7.66511, 45.07901 ], [ 7.66514, 45.079 ], [ 7.66502, 45.07882 ], [ 7.66529, 45.07873 ], [ 7.66528, 45.07871 ], [ 7.66526, 45.07868 ] ] ] } },
{ "type": "Feature", "properties": { "uuid": "4dc7b7e6-f417-463c-9683-68482180c8d7", "data_acq": "2017-12-31 00:00:00", "data_agg": "2017-12-31 00:00:00", "data_fin": "9999-12-31 00:00:00", "ente_for": "REGIONE PIEMONTE", "ente_prod": "ARPA PIEMONTE", "modo_prod": "banche dati esterne - geometrie da catasto, altezza volumi da ARPA PIEMONTE (DSM-DTM,LAS)", "sc_acq": "1:10000", "un_vol_av": "5", "un_vol_por": "al suolo", "un_vol_qe": "", "un_vol_ex": "altezza", "source": "BDTRE un_vol" }, "geometry": { "type": "Polygon", "coordinates": [ [ [ 7.67875, 45.0841 ], [ 7.6787, 45.08412 ], [ 7.67866, 45.08413 ], [ 7.67866, 45.08413 ], [ 7.67856, 45.08416 ], [ 7.67856, 45.08416 ], [ 7.67855, 45.08416 ], [ 7.67855, 45.08416 ], [ 7.67852, 45.08411 ], [ 7.67872, 45.08405 ], [ 7.67875, 45.0841 ] ] ] } },
{ "type": "Feature", "properties": { "uuid": "43537b3b-73ef-4908-a0f6-2f8077b8cca9", "data_acq": "2017-12-31 00:00:00", "data_agg": "2017-12-31 00:00:00", "data_fin": "9999-12-31 00:00:00", "ente_for": "REGIONE PIEMONTE", "ente_prod": "ARPA PIEMONTE", "modo_prod": "banche dati esterne - geometrie da catasto, altezza volumi da ARPA PIEMONTE (DSM-DTM,LAS)", "sc_acq": "1:10000", "un_vol_av": "3", "un_vol_por": "al suolo", "un_vol_qe": "", "un_vol_ex": "altezza", "source": "BDTRE un_vol" }, "geometry": { "type": "Polygon", "coordinates": [ [ [ 7.6921, 45.08458 ], [ 7.69208, 45.08457 ], [ 7.69211, 45.08453 ], [ 7.69212, 45.08454 ], [ 7.69211, 45.08455 ], [ 7.69212, 45.08456 ], [ 7.6921, 45.08458 ] ] ] } },
{ "type": "Feature", "properties": { "uuid": "e3dba30e-ef9c-41fa-b0e0-27b02c46bb4f", "data_acq": "2017-12-31 00:00:00", "data_agg": "2017-12-31 00:00:00", "data_fin": "9999-12-31 00:00:00", "ente_for": "REGIONE PIEMONTE", "ente_prod": "ARPA PIEMONTE", "modo_prod": "banche dati esterne - geometrie da catasto, altezza volumi da ARPA PIEMONTE (DSM-DTM,LAS)", "sc_acq": "1:10000", "un_vol_av": "7", "un_vol_por": "al suolo", "un_vol_qe": "", "un_vol_ex": "altezza", "source": "BDTRE un_vol" }, "geometry": { "type": "Polygon", "coordinates": [ [ [ 7.69519, 45.07956 ], [ 7.69445, 45.07923 ], [ 7.69438, 45.0793 ], [ 7.69434, 45.07935 ], [ 7.69473, 45.07952 ], [ 7.69509, 45.07968 ], [ 7.69519, 45.07956 ] ] ] } },
{ "type": "Feature", "properties": { "uuid": "f86d5d84-a756-4bac-8dd0-aa3df6ad5786", "data_acq": "2017-12-31 00:00:00", "data_agg": "2017-12-31 00:00:00", "data_fin": "9999-12-31 00:00:00", "ente_for": "REGIONE PIEMONTE", "ente_prod": "ARPA PIEMONTE", "modo_prod": "banche dati esterne - geometrie da catasto, altezza volumi da ARPA PIEMONTE (DSM-DTM,LAS)", "sc_acq": "1:10000", "un_vol_av": "4", "un_vol_por": "al suolo", "un_vol_qe": "", "un_vol_ex": "altezza", "source": "BDTRE un_vol" }, "geometry": { "type": "Polygon", "coordinates": [ [ [ 7.66951, 45.08359 ], [ 7.66949, 45.08363 ], [ 7.66949, 45.08365 ], [ 7.66938, 45.08361 ], [ 7.66942, 45.08357 ], [ 7.66945, 45.08358 ], [ 7.66946, 45.08357 ], [ 7.66951, 45.08359 ] ] ] } },
{ "type": "Feature", "properties": { "uuid": "c3867758-d885-4a58-a69b-085c080c3249", "data_acq": "2017-12-31 00:00:00", "data_agg": "2017-12-31 00:00:00", "data_fin": "9999-12-31 00:00:00", "ente_for": "REGIONE PIEMONTE", "ente_prod": "ARPA PIEMONTE", "modo_prod": "banche dati esterne - geometrie da catasto, altezza volumi da ARPA PIEMONTE (DSM-DTM,LAS)", "sc_acq": "1:10000", "un_vol_av": "3", "un_vol_por": "al suolo", "un_vol_qe": "", "un_vol_ex": "altezza", "source": "BDTRE un_vol" }, "geometry": { "type": "Polygon", "coordinates": [ [ [ 7.69212, 45.08421 ], [ 7.69223, 45.08436 ], [ 7.69215, 45.08439 ], [ 7.69205, 45.08423 ], [ 7.69212, 45.08421 ] ] ] } },
{ "type": "Feature", "properties": { "uuid": "786a5b4f-75ea-46fa-8c50-df184af05fa4", "data_acq": "2017-12-31 00:00:00", "data_agg": "2017-12-31 00:00:00", "data_fin": "9999-12-31 00:00:00", "ente_for": "REGIONE PIEMONTE", "ente_prod": "ARPA PIEMONTE", "modo_prod": "banche dati esterne - geometrie da catasto, altezza volumi da ARPA PIEMONTE (DSM-DTM,LAS)", "sc_acq": "1:10000", "un_vol_av": "13", "un_vol_por": "al suolo", "un_vol_qe": "", "un_vol_ex": "altezza", "source": "BDTRE un_vol" }, "geometry": { "type": "Polygon", "coordinates": [ [ [ 7.67604, 45.07077 ], [ 7.67604, 45.07077 ], [ 7.67602, 45.07073 ], [ 7.67596, 45.07065 ], [ 7.6758, 45.07043 ], [ 7.67596, 45.07037 ], [ 7.67596, 45.07037 ], [ 7.67611, 45.07032 ], [ 7.67616, 45.0703 ], [ 7.6762, 45.07035 ], [ 7.67613, 45.07038 ], [ 7.6761, 45.07034 ], [ 7.67608, 45.07034 ], [ 7.67609, 45.07037 ], [ 7.6761, 45.07038 ], [ 7.67617, 45.07048 ], [ 7.67619, 45.07048 ], [ 7.67624, 45.07054 ], [ 7.67626, 45.07057 ], [ 7.6763, 45.07055 ], [ 7.67631, 45.07056 ], [ 7.67633, 45.07055 ], [ 7.67632, 45.07054 ], [ 7.67633, 45.07054 ], [ 7.67641, 45.07064 ], [ 7.67604, 45.07077 ] ] ] } },
{ "type": "Feature", "properties": { "uuid": "c785cccd-3bd5-4c66-a7d5-d61855e2f236", "data_acq": "2017-12-31 00:00:00", "data_agg": "2017-12-31 00:00:00", "data_fin": "9999-12-31 00:00:00", "ente_for": "REGIONE PIEMONTE", "ente_prod": "ARPA PIEMONTE", "modo_prod": "banche dati esterne - geometrie da catasto, altezza volumi da ARPA PIEMONTE (DSM-DTM,LAS)", "sc_acq": "1:10000", "un_vol_av": "6", "un_vol_por": "al suolo", "un_vol_qe": "", "un_vol_ex": "altezza", "source": "BDTRE un_vol" }, "geometry": { "type": "Polygon", "coordinates": [ [ [ 7.69249, 45.08362 ], [ 7.69258, 45.08359 ], [ 7.69264, 45.08367 ], [ 7.69255, 45.0837 ], [ 7.69249, 45.08362 ] ] ] } },
{ "type": "Feature", "properties": { "uuid": "1a0e2274-6e54-48e5-a4aa-0f163fe98fc0", "data_acq": "2017-12-31 00:00:00", "data_agg": "2017-12-31 00:00:00", "data_fin": "9999-12-31 00:00:00", "ente_for": "REGIONE PIEMONTE", "ente_prod": "ARPA PIEMONTE", "modo_prod": "banche dati esterne - geometrie da catasto, altezza volumi da ARPA PIEMONTE (DSM-DTM,LAS)", "sc_acq": "1:10000", "un_vol_av": "8", "un_vol_por": "al suolo", "un_vol_qe": "", "un_vol_ex": "altezza", "source": "BDTRE un_vol" }, "geometry": { "type": "Polygon", "coordinates": [ [ [ 7.69407, 45.07916 ], [ 7.694, 45.07924 ], [ 7.69396, 45.07922 ], [ 7.69403, 45.07915 ], [ 7.69407, 45.07916 ] ] ] } },
{ "type": "Feature", "properties": { "uuid": "2c28768c-b4d9-43c3-9f7d-704f8bb471ad", "data_acq": "2017-12-31 00:00:00", "data_agg": "2017-12-31 00:00:00", "data_fin": "9999-12-31 00:00:00", "ente_for": "REGIONE PIEMONTE", "ente_prod": "ARPA PIEMONTE", "modo_prod": "banche dati esterne - geometrie da catasto, altezza volumi da ARPA PIEMONTE (DSM-DTM,LAS)", "sc_acq": "1:10000", "un_vol_av": "5", "un_vol_por": "al suolo", "un_vol_qe": "", "un_vol_ex": "altezza", "source": "BDTRE un_vol" }, "geometry": { "type": "Polygon", "coordinates": [ [ [ 7.69272, 45.08385 ], [ 7.69268, 45.08386 ], [ 7.69268, 45.08387 ], [ 7.69265, 45.08387 ], [ 7.69243, 45.08394 ], [ 7.6924, 45.08389 ], [ 7.69256, 45.08384 ], [ 7.6926, 45.08383 ], [ 7.69272, 45.08382 ], [ 7.69272, 45.08385 ] ] ] } },
{ "type": "Feature", "properties": { "uuid": "d768464e-1e84-4e4b-a602-8ee669f3b4fd", "data_acq": "2017-12-31 00:00:00", "data_agg": "2017-12-31 00:00:00", "data_fin": "9999-12-31 00:00:00", "ente_for": "REGIONE PIEMONTE", "ente_prod": "ARPA PIEMONTE", "modo_prod": "banche dati esterne - geometrie da catasto, altezza volumi da ARPA PIEMONTE (DSM-DTM,LAS)", "sc_acq": "1:10000", "un_vol_av": "4", "un_vol_por": "al suolo", "un_vol_qe": "", "un_vol_ex": "altezza", "source": "BDTRE un_vol" }, "geometry": { "type": "Polygon", "coordinates": [ [ [ 7.69335, 45.08295 ], [ 7.69336, 45.08293 ], [ 7.69349, 45.08298 ], [ 7.69346, 45.08302 ], [ 7.69337, 45.08312 ], [ 7.69336, 45.08312 ], [ 7.69335, 45.08306 ], [ 7.69335, 45.08304 ], [ 7.69335, 45.08295 ] ] ] } },
{ "type": "Feature", "properties": { "uuid": "39fdd87f-6365-429a-a4fb-69b21fe54f94", "data_acq": "2017-12-31 00:00:00", "data_agg": "2017-12-31 00:00:00", "data_fin": "9999-12-31 00:00:00", "ente_for": "REGIONE PIEMONTE", "ente_prod": "ARPA PIEMONTE", "modo_prod": "banche dati esterne - geometrie da catasto, altezza volumi da ARPA PIEMONTE (DSM-DTM,LAS)", "sc_acq": "1:10000", "un_vol_av": "3", "un_vol_por": "al suolo", "un_vol_qe": "", "un_vol_ex": "altezza", "source": "BDTRE un_vol" }, "geometry": { "type": "Polygon", "coordinates": [ [ [ 7.68329, 45.07866 ], [ 7.68327, 45.07867 ], [ 7.68327, 45.07863 ], [ 7.6835, 45.07861 ], [ 7.6835, 45.07862 ], [ 7.68329, 45.07866 ] ] ] } },
{ "type": "Feature", "properties": { "uuid": "5b505e77-4147-415e-bb6b-dfc7e7b2a767", "data_acq": "2017-12-31 00:00:00", "data_agg": "2017-12-31 00:00:00", "data_fin": "9999-12-31 00:00:00", "ente_for": "REGIONE PIEMONTE", "ente_prod": "ARPA PIEMONTE", "modo_prod": "banche dati esterne - geometrie da catasto, altezza volumi da ARPA PIEMONTE (DSM-DTM,LAS)", "sc_acq": "1:10000", "un_vol_av": "3", "un_vol_por": "al suolo", "un_vol_qe": "", "un_vol_ex": "altezza", "source": "BDTRE un_vol" }, "geometry": { "type": "Polygon", "coordinates": [ [ [ 7.69046, 45.0806 ], [ 7.69043, 45.08061 ], [ 7.69042, 45.08061 ], [ 7.6904, 45.08057 ], [ 7.69047, 45.08055 ], [ 7.69052, 45.08049 ], [ 7.69059, 45.08052 ], [ 7.69054, 45.08058 ], [ 7.69046, 45.0806 ] ] ] } },
{ "type": "Feature", "properties": { "uuid": "cf69eaa3-5f57-4d10-81df-ae3ae3c4aedd", "data_acq": "2017-12-31 00:00:00", "data_agg": "2017-12-31 00:00:00", "data_fin": "9999-12-31 00:00:00", "ente_for": "REGIONE PIEMONTE", "ente_prod": "ARPA PIEMONTE", "modo_prod": "banche dati esterne - geometrie da catasto, altezza volumi da ARPA PIEMONTE (DSM-DTM,LAS)", "sc_acq": "1:10000", "un_vol_av": "3", "un_vol_por": "al suolo", "un_vol_qe": "", "un_vol_ex": "altezza", "source": "BDTRE un_vol" }, "geometry": { "type": "Polygon", "coordinates": [ [ [ 7.67652, 45.08307 ], [ 7.67649, 45.08302 ], [ 7.67652, 45.08302 ], [ 7.67653, 45.08303 ], [ 7.67668, 45.08298 ], [ 7.6767, 45.08298 ], [ 7.67672, 45.08301 ], [ 7.67671, 45.08301 ], [ 7.67652, 45.08307 ] ] ] } },
{ "type": "Feature", "properties": { "uuid": "bc17addf-945b-49fb-a134-046345332f62", "data_acq": "2017-12-31 00:00:00", "data_agg": "2017-12-31 00:00:00", "data_fin": "9999-12-31 00:00:00", "ente_for": "REGIONE PIEMONTE", "ente_prod": "ARPA PIEMONTE", "modo_prod": "banche dati esterne - geometrie da catasto, altezza volumi da ARPA PIEMONTE (DSM-DTM,LAS)", "sc_acq": "1:10000", "un_vol_av": "22", "un_vol_por": "al suolo", "un_vol_qe": "", "un_vol_ex": "altezza", "source": "BDTRE un_vol" }, "geometry": { "type": "Polygon", "coordinates": [ [ [ 7.67414, 45.07417 ], [ 7.6738, 45.07429 ], [ 7.67357, 45.07398 ], [ 7.67373, 45.07392 ], [ 7.67377, 45.07391 ], [ 7.67378, 45.07392 ], [ 7.67374, 45.07393 ], [ 7.67387, 45.07412 ], [ 7.67388, 45.07411 ], [ 7.67389, 45.07412 ], [ 7.67401, 45.07408 ], [ 7.674, 45.07406 ], [ 7.67402, 45.07405 ], [ 7.67401, 45.07404 ], [ 7.67403, 45.07403 ], [ 7.67407, 45.07408 ], [ 7.67414, 45.07417 ] ] ] } },
{ "type": "Feature", "properties": { "uuid": "cd8e82fc-f6fa-4b85-8cb5-0c3f819df10f", "data_acq": "2017-12-31 00:00:00", "data_agg": "2017-12-31 00:00:00", "data_fin": "9999-12-31 00:00:00", "ente_for": "REGIONE PIEMONTE", "ente_prod": "ARPA PIEMONTE", "modo_prod": "banche dati esterne - geometrie da catasto, altezza volumi da ARPA PIEMONTE (DSM-DTM,LAS)", "sc_acq": "1:10000", "un_vol_av": "4", "un_vol_por": "al suolo", "un_vol_qe": "", "un_vol_ex": "altezza", "source": "BDTRE un_vol" }, "geometry": { "type": "Polygon", "coordinates": [ [ [ 7.67393, 45.0759 ], [ 7.67392, 45.0759 ], [ 7.6739, 45.07588 ], [ 7.6739, 45.07587 ], [ 7.67392, 45.07586 ], [ 7.67393, 45.07587 ], [ 7.67395, 45.07589 ], [ 7.67394, 45.0759 ], [ 7.67393, 45.0759 ] ] ] } },
{ "type": "Feature", "properties": { "uuid": "45a6432c-9a47-477d-92c6-ab5615b01359", "data_acq": "2017-12-31 00:00:00", "data_agg": "2017-12-31 00:00:00", "data_fin": "9999-12-31 00:00:00", "ente_for": "REGIONE PIEMONTE", "ente_prod": "ARPA PIEMONTE", "modo_prod": "banche dati esterne - geometrie da catasto, altezza volumi da ARPA PIEMONTE (DSM-DTM,LAS)", "sc_acq": "1:10000", "un_vol_av": "16", "un_vol_por": "al suolo", "un_vol_qe": "", "un_vol_ex": "altezza", "source": "BDTRE un_vol" }, "geometry": { "type": "Polygon", "coordinates": [ [ [ 7.67522, 45.06681 ], [ 7.67526, 45.0668 ], [ 7.67526, 45.0668 ], [ 7.67546, 45.06708 ], [ 7.67539, 45.06711 ], [ 7.6754, 45.06712 ], [ 7.67514, 45.06721 ], [ 7.67514, 45.06721 ], [ 7.67488, 45.06731 ], [ 7.67489, 45.06732 ], [ 7.67481, 45.06734 ], [ 7.67473, 45.06723 ], [ 7.67466, 45.06713 ], [ 7.67462, 45.06708 ], [ 7.67459, 45.06704 ], [ 7.67522, 45.06681 ] ], [ [ 7.67495, 45.06705 ], [ 7.67483, 45.0671 ], [ 7.67493, 45.06723 ], [ 7.67504, 45.06719 ], [ 7.67503, 45.06717 ], [ 7.67516, 45.06712 ], [ 7.67517, 45.06714 ], [ 7.67528, 45.0671 ], [ 7.67518, 45.06697 ], [ 7.67507, 45.06701 ], [ 7.67508, 45.06702 ], [ 7.67495, 45.06706 ], [ 7.67495, 45.06705 ] ] ] } },
{ "type": "Feature", "properties": { "uuid": "64e84aff-3538-432c-98dd-e9f922c64fd5", "data_acq": "2017-12-31 00:00:00", "data_agg": "2017-12-31 00:00:00", "data_fin": "9999-12-31 00:00:00", "ente_for": "REGIONE PIEMONTE", "ente_prod": "ARPA PIEMONTE", "modo_prod": "banche dati esterne - geometrie da catasto, altezza volumi da ARPA PIEMONTE (DSM-DTM,LAS)", "sc_acq": "1:10000", "un_vol_av": "6", "un_vol_por": "al suolo", "un_vol_qe": "", "un_vol_ex": "altezza", "source": "BDTRE un_vol" }, "geometry": { "type": "Polygon", "coordinates": [ [ [ 7.68243, 45.08444 ], [ 7.68244, 45.08445 ], [ 7.68247, 45.08447 ], [ 7.68251, 45.08451 ], [ 7.68254, 45.08456 ], [ 7.68232, 45.08463 ], [ 7.68192, 45.08477 ], [ 7.68187, 45.08471 ], [ 7.68205, 45.0846 ], [ 7.68237, 45.08439 ], [ 7.68243, 45.08444 ] ] ] } },
{ "type": "Feature", "properties": { "uuid": "192cc426-0e61-41c8-acae-3446edb5f937", "data_acq": "2017-12-31 00:00:00", "data_agg": "2017-12-31 00:00:00", "data_fin": "9999-12-31 00:00:00", "ente_for": "REGIONE PIEMONTE", "ente_prod": "ARPA PIEMONTE", "modo_prod": "banche dati esterne - geometrie da catasto, altezza volumi da ARPA PIEMONTE (DSM-DTM,LAS)", "sc_acq": "1:10000", "un_vol_av": "6", "un_vol_por": "al suolo", "un_vol_qe": "", "un_vol_ex": "altezza", "source": "BDTRE un_vol" }, "geometry": { "type": "Polygon", "coordinates": [ [ [ 7.6883, 45.07759 ], [ 7.6886, 45.07771 ], [ 7.6886, 45.07771 ], [ 7.68847, 45.07787 ], [ 7.68844, 45.07791 ], [ 7.68852, 45.07806 ], [ 7.68846, 45.07808 ], [ 7.68834, 45.07787 ], [ 7.68814, 45.07779 ], [ 7.6883, 45.07759 ] ] ] } },
{ "type": "Feature", "properties": { "uuid": "ab8135b5-4b65-4c0c-a2c8-245810436900", "data_acq": "2017-12-31 00:00:00", "data_agg": "2017-12-31 00:00:00", "data_fin": "9999-12-31 00:00:00", "ente_for": "REGIONE PIEMONTE", "ente_prod": "ARPA PIEMONTE", "modo_prod": "banche dati esterne - geometrie da catasto, altezza volumi da ARPA PIEMONTE (DSM-DTM,LAS)", "sc_acq": "1:10000", "un_vol_av": "11", "un_vol_por": "al suolo", "un_vol_qe": "", "un_vol_ex": "altezza", "source": "BDTRE un_vol" }, "geometry": { "type": "Polygon", "coordinates": [ [ [ 7.67149, 45.0767 ], [ 7.67133, 45.07675 ], [ 7.67121, 45.0768 ], [ 7.67114, 45.07682 ], [ 7.67108, 45.07685 ], [ 7.67113, 45.07692 ], [ 7.67114, 45.07693 ], [ 7.67121, 45.07691 ], [ 7.67121, 45.0769 ], [ 7.67139, 45.07684 ], [ 7.67144, 45.07691 ], [ 7.67136, 45.07694 ], [ 7.67137, 45.07695 ], [ 7.67129, 45.07697 ], [ 7.67129, 45.07697 ], [ 7.67127, 45.07697 ], [ 7.67119, 45.077 ], [ 7.6712, 45.07702 ], [ 7.67128, 45.07713 ], [ 7.67152, 45.07704 ], [ 7.67152, 45.07704 ], [ 7.67163, 45.077 ], [ 7.67169, 45.07698 ], [ 7.67158, 45.07684 ], [ 7.67149, 45.0767 ] ] ] } },
{ "type": "Feature", "properties": { "uuid": "86a867a3-7775-427d-ade8-27fcd2606a5c", "data_acq": "2017-12-31 00:00:00", "data_agg": "2017-12-31 00:00:00", "data_fin": "9999-12-31 00:00:00", "ente_for": "REGIONE PIEMONTE", "ente_prod": "ARPA PIEMONTE", "modo_prod": "banche dati esterne - geometrie da catasto, altezza volumi da ARPA PIEMONTE (DSM-DTM,LAS)", "sc_acq": "1:10000", "un_vol_av": "3", "un_vol_por": "al suolo", "un_vol_qe": "", "un_vol_ex": "altezza", "source": "BDTRE un_vol" }, "geometry": { "type": "Polygon", "coordinates": [ [ [ 7.66645, 45.08063 ], [ 7.66646, 45.08064 ], [ 7.66642, 45.08066 ], [ 7.66642, 45.08066 ], [ 7.66641, 45.08065 ], [ 7.66645, 45.08063 ] ] ] } },
{ "type": "Feature", "properties": { "uuid": "4debf91d-064c-4d29-bca9-b752fe422e87", "data_acq": "2017-12-31 00:00:00", "data_agg": "2017-12-31 00:00:00", "data_fin": "9999-12-31 00:00:00", "ente_for": "REGIONE PIEMONTE", "ente_prod": "ARPA PIEMONTE", "modo_prod": "banche dati esterne - geometrie da catasto, altezza volumi da ARPA PIEMONTE (DSM-DTM,LAS)", "sc_acq": "1:10000", "un_vol_av": "16", "un_vol_por": "al suolo", "un_vol_qe": "", "un_vol_ex": "altezza", "source": "BDTRE un_vol" }, "geometry": { "type": "Polygon", "coordinates": [ [ [ 7.68669, 45.06802 ], [ 7.68667, 45.06803 ], [ 7.68643, 45.06767 ], [ 7.68641, 45.06764 ], [ 7.68657, 45.06758 ], [ 7.6866, 45.06757 ], [ 7.68671, 45.06774 ], [ 7.68672, 45.06775 ], [ 7.68672, 45.06775 ], [ 7.68657, 45.06779 ], [ 7.68663, 45.06788 ], [ 7.68677, 45.06783 ], [ 7.68686, 45.06796 ], [ 7.68669, 45.06802 ] ], [ [ 7.68662, 45.06764 ], [ 7.68652, 45.06767 ], [ 7.68654, 45.0677 ], [ 7.68664, 45.06766 ], [ 7.68662, 45.06764 ] ] ] } },
{ "type": "Feature", "properties": { "uuid": "22015842-d0fa-4449-a057-dccf78698779", "data_acq": "2017-12-31 00:00:00", "data_agg": "2017-12-31 00:00:00", "data_fin": "9999-12-31 00:00:00", "ente_for": "REGIONE PIEMONTE", "ente_prod": "ARPA PIEMONTE", "modo_prod": "banche dati esterne - geometrie da catasto, altezza volumi da ARPA PIEMONTE (DSM-DTM,LAS)", "sc_acq": "1:10000", "un_vol_av": "8", "un_vol_por": "al suolo", "un_vol_qe": "", "un_vol_ex": "altezza", "source": "BDTRE un_vol" }, "geometry": { "type": "Polygon", "coordinates": [ [ [ 7.674, 45.07625 ], [ 7.67378, 45.07633 ], [ 7.67379, 45.07635 ], [ 7.67413, 45.07683 ], [ 7.67423, 45.0768 ], [ 7.67425, 45.07679 ], [ 7.67432, 45.07676 ], [ 7.67436, 45.07675 ], [ 7.674, 45.07625 ] ] ] } },
{ "type": "Feature", "properties": { "uuid": "feadaef4-dc9e-472b-ae08-affabe45ffd8", "data_acq": "2017-12-31 00:00:00", "data_agg": "2017-12-31 00:00:00", "data_fin": "9999-12-31 00:00:00", "ente_for": "REGIONE PIEMONTE", "ente_prod": "ARPA PIEMONTE", "modo_prod": "banche dati esterne - geometrie da catasto, altezza volumi da ARPA PIEMONTE (DSM-DTM,LAS)", "sc_acq": "1:10000", "un_vol_av": "3", "un_vol_por": "al suolo", "un_vol_qe": "", "un_vol_ex": "altezza", "source": "BDTRE un_vol" }, "geometry": { "type": "Polygon", "coordinates": [ [ [ 7.67189, 45.0788 ], [ 7.67193, 45.07886 ], [ 7.67201, 45.07888 ], [ 7.67204, 45.07882 ], [ 7.67196, 45.0788 ], [ 7.67191, 45.07873 ], [ 7.67186, 45.07872 ], [ 7.67184, 45.07873 ], [ 7.67189, 45.0788 ] ] ] } },
{ "type": "Feature", "properties": { "uuid": "4f8a381a-be4d-437d-bc8a-7a533a7848b7", "data_acq": "2017-12-31 00:00:00", "data_agg": "2017-12-31 00:00:00", "data_fin": "9999-12-31 00:00:00", "ente_for": "REGIONE PIEMONTE", "ente_prod": "ARPA PIEMONTE", "modo_prod": "banche dati esterne - geometrie da catasto, altezza volumi da ARPA PIEMONTE (DSM-DTM,LAS)", "sc_acq": "1:10000", "un_vol_av": "3", "un_vol_por": "al suolo", "un_vol_qe": "", "un_vol_ex": "altezza", "source": "BDTRE un_vol" }, "geometry": { "type": "Polygon", "coordinates": [ [ [ 7.69142, 45.08333 ], [ 7.69138, 45.08333 ], [ 7.69136, 45.08324 ], [ 7.69132, 45.0831 ], [ 7.69131, 45.08305 ], [ 7.69135, 45.08305 ], [ 7.69136, 45.08306 ], [ 7.69144, 45.08304 ], [ 7.69154, 45.08321 ], [ 7.69148, 45.08323 ], [ 7.69149, 45.08327 ], [ 7.69141, 45.08329 ], [ 7.69142, 45.08333 ] ] ] } },
{ "type": "Feature", "properties": { "uuid": "fa28f942-d3cf-4219-a894-08f4077c775f", "data_acq": "2017-12-31 00:00:00", "data_agg": "2017-12-31 00:00:00", "data_fin": "9999-12-31 00:00:00", "ente_for": "REGIONE PIEMONTE", "ente_prod": "ARPA PIEMONTE", "modo_prod": "banche dati esterne - geometrie da catasto, altezza volumi da ARPA PIEMONTE (DSM-DTM,LAS)", "sc_acq": "1:10000", "un_vol_av": "7", "un_vol_por": "al suolo", "un_vol_qe": "", "un_vol_ex": "altezza", "source": "BDTRE un_vol" }, "geometry": { "type": "Polygon", "coordinates": [ [ [ 7.66594, 45.06566 ], [ 7.66611, 45.0659 ], [ 7.66604, 45.06593 ], [ 7.66611, 45.06602 ], [ 7.66617, 45.06599 ], [ 7.66617, 45.06599 ], [ 7.66619, 45.06598 ], [ 7.6662, 45.06596 ], [ 7.6662, 45.06595 ], [ 7.66619, 45.06594 ], [ 7.6662, 45.06594 ], [ 7.66613, 45.06583 ], [ 7.6661, 45.06578 ], [ 7.66607, 45.06575 ], [ 7.666, 45.06564 ], [ 7.66594, 45.06566 ] ] ] } },
{ "type": "Feature", "properties": { "uuid": "53d95e14-3ef3-44a8-ba38-6f762b56ba9f", "data_acq": "2017-12-31 00:00:00", "data_agg": "2017-12-31 00:00:00", "data_fin": "9999-12-31 00:00:00", "ente_for": "REGIONE PIEMONTE", "ente_prod": "ARPA PIEMONTE", "modo_prod": "banche dati esterne - geometrie da catasto, altezza volumi da ARPA PIEMONTE (DSM-DTM,LAS)", "sc_acq": "1:10000", "un_vol_av": "7", "un_vol_por": "al suolo", "un_vol_qe": "", "un_vol_ex": "altezza", "source": "BDTRE un_vol" }, "geometry": { "type": "Polygon", "coordinates": [ [ [ 7.67232, 45.08084 ], [ 7.67232, 45.08085 ], [ 7.67241, 45.08093 ], [ 7.67246, 45.08098 ], [ 7.6724, 45.08102 ], [ 7.67236, 45.08099 ], [ 7.67232, 45.08095 ], [ 7.67224, 45.08088 ], [ 7.67223, 45.08087 ], [ 7.67223, 45.08087 ], [ 7.67232, 45.08084 ] ] ] } },
{ "type": "Feature", "properties": { "uuid": "c733a11b-107b-4f18-9608-38cb76a398d6", "data_acq": "2017-12-31 00:00:00", "data_agg": "2017-12-31 00:00:00", "data_fin": "9999-12-31 00:00:00", "ente_for": "REGIONE PIEMONTE", "ente_prod": "ARPA PIEMONTE", "modo_prod": "banche dati esterne - geometrie da catasto, altezza volumi da ARPA PIEMONTE (DSM-DTM,LAS)", "sc_acq": "1:10000", "un_vol_av": "4", "un_vol_por": "al suolo", "un_vol_qe": "", "un_vol_ex": "altezza", "source": "BDTRE un_vol" }, "geometry": { "type": "Polygon", "coordinates": [ [ [ 7.66942, 45.08106 ], [ 7.6694, 45.08103 ], [ 7.6694, 45.08102 ], [ 7.66941, 45.08102 ], [ 7.66941, 45.08102 ], [ 7.66941, 45.08102 ], [ 7.66941, 45.08101 ], [ 7.66942, 45.08101 ], [ 7.66943, 45.081 ], [ 7.6694, 45.08095 ], [ 7.66936, 45.08097 ], [ 7.66935, 45.08097 ], [ 7.66931, 45.08098 ], [ 7.66934, 45.08102 ], [ 7.66934, 45.08103 ], [ 7.66937, 45.08107 ], [ 7.66942, 45.08106 ] ] ] } },
{ "type": "Feature", "properties": { "uuid": "649c3c4b-de2d-40fd-ae7f-ab9d289e4b51", "data_acq": "2017-12-31 00:00:00", "data_agg": "2017-12-31 00:00:00", "data_fin": "9999-12-31 00:00:00", "ente_for": "REGIONE PIEMONTE", "ente_prod": "ARPA PIEMONTE", "modo_prod": "banche dati esterne - geometrie da catasto, altezza volumi da ARPA PIEMONTE (DSM-DTM,LAS)", "sc_acq": "1:10000", "un_vol_av": "4", "un_vol_por": "al suolo", "un_vol_qe": "", "un_vol_ex": "altezza", "source": "BDTRE un_vol" }, "geometry": { "type": "Polygon", "coordinates": [ [ [ 7.68729, 45.08412 ], [ 7.68708, 45.08379 ], [ 7.68775, 45.08357 ], [ 7.68772, 45.08352 ], [ 7.68783, 45.08348 ], [ 7.68783, 45.08348 ], [ 7.68783, 45.08349 ], [ 7.68786, 45.08353 ], [ 7.68805, 45.08382 ], [ 7.68807, 45.08386 ], [ 7.68808, 45.08386 ], [ 7.6876, 45.08402 ], [ 7.68729, 45.08412 ] ] ] } },
{ "type": "Feature", "properties": { "uuid": "1620bb9d-eced-49ca-8f5b-2212bbd516c5", "data_acq": "2017-12-31 00:00:00", "data_agg": "2017-12-31 00:00:00", "data_fin": "9999-12-31 00:00:00", "ente_for": "REGIONE PIEMONTE", "ente_prod": "ARPA PIEMONTE", "modo_prod": "banche dati esterne - geometrie da catasto, altezza volumi da ARPA PIEMONTE (DSM-DTM,LAS)", "sc_acq": "1:10000", "un_vol_av": "4", "un_vol_por": "al suolo", "un_vol_qe": "", "un_vol_ex": "altezza", "source": "BDTRE un_vol" }, "geometry": { "type": "Polygon", "coordinates": [ [ [ 7.69053, 45.08344 ], [ 7.69049, 45.08338 ], [ 7.69056, 45.08337 ], [ 7.69059, 45.08342 ], [ 7.69053, 45.08344 ] ] ] } },
{ "type": "Feature", "properties": { "uuid": "ea7e42d7-cea3-4c7f-8c0b-109bf06ff237", "data_acq": "2017-12-31 00:00:00", "data_agg": "2017-12-31 00:00:00", "data_fin": "9999-12-31 00:00:00", "ente_for": "REGIONE PIEMONTE", "ente_prod": "ARPA PIEMONTE", "modo_prod": "banche dati esterne - geometrie da catasto, altezza volumi da ARPA PIEMONTE (DSM-DTM,LAS)", "sc_acq": "1:10000", "un_vol_av": "9", "un_vol_por": "al suolo", "un_vol_qe": "", "un_vol_ex": "altezza", "source": "BDTRE un_vol" }, "geometry": { "type": "Polygon", "coordinates": [ [ [ 7.67054, 45.07562 ], [ 7.67056, 45.07566 ], [ 7.67042, 45.07571 ], [ 7.67037, 45.07573 ], [ 7.67035, 45.07569 ], [ 7.67054, 45.07562 ] ] ] } },
{ "type": "Feature", "properties": { "uuid": "5a4778a5-d1ff-4aa7-bf8f-b0c40b29d4d7", "data_acq": "2017-12-31 00:00:00", "data_agg": "2017-12-31 00:00:00", "data_fin": "9999-12-31 00:00:00", "ente_for": "REGIONE PIEMONTE", "ente_prod": "ARPA PIEMONTE", "modo_prod": "banche dati esterne - geometrie da catasto, altezza volumi da ARPA PIEMONTE (DSM-DTM,LAS)", "sc_acq": "1:10000", "un_vol_av": "10", "un_vol_por": "al suolo", "un_vol_qe": "", "un_vol_ex": "altezza", "source": "BDTRE un_vol" }, "geometry": { "type": "Polygon", "coordinates": [ [ [ 7.6661, 45.06629 ], [ 7.66608, 45.06625 ], [ 7.6661, 45.06624 ], [ 7.66595, 45.06604 ], [ 7.66593, 45.06605 ], [ 7.66592, 45.06602 ], [ 7.66591, 45.06602 ], [ 7.6659, 45.066 ], [ 7.66589, 45.066 ], [ 7.66583, 45.06603 ], [ 7.66583, 45.06602 ], [ 7.66581, 45.06601 ], [ 7.66576, 45.06603 ], [ 7.66575, 45.06605 ], [ 7.66596, 45.06634 ], [ 7.66603, 45.06631 ], [ 7.6661, 45.06629 ] ] ] } },
{ "type": "Feature", "properties": { "uuid": "b97c70d3-28b7-423f-af3a-2f8f81dd6712", "data_acq": "2017-12-31 00:00:00", "data_agg": "2017-12-31 00:00:00", "data_fin": "9999-12-31 00:00:00", "ente_for": "REGIONE PIEMONTE", "ente_prod": "ARPA PIEMONTE", "modo_prod": "banche dati esterne - geometrie da catasto, altezza volumi da ARPA PIEMONTE (DSM-DTM,LAS)", "sc_acq": "1:10000", "un_vol_av": "6", "un_vol_por": "al suolo", "un_vol_qe": "", "un_vol_ex": "altezza", "source": "BDTRE un_vol" }, "geometry": { "type": "Polygon", "coordinates": [ [ [ 7.66693, 45.0782 ], [ 7.6668, 45.07811 ], [ 7.66679, 45.07812 ], [ 7.66672, 45.07819 ], [ 7.66675, 45.07821 ], [ 7.66685, 45.07826 ], [ 7.66693, 45.0782 ] ] ] } },
{ "type": "Feature", "properties": { "uuid": "be73cf9c-918a-4572-a567-035342f27eb8", "data_acq": "2019-11-30 00:00:00", "data_agg": "2020-12-31 00:00:00", "data_fin": "9999-12-31 00:00:00", "ente_for": "REGIONE PIEMONTE", "ente_prod": "CSI PIEMONTE", "modo_prod": "elaborazione automatica e verifiche manuali", "sc_acq": "1:5000", "un_vol_av": "", "un_vol_por": "al suolo", "un_vol_qe": "", "un_vol_ex": "altezza", "source": "BDTRE un_vol" }, "geometry": { "type": "Polygon", "coordinates": [ [ [ 7.68651, 45.07798 ], [ 7.68636, 45.07772 ], [ 7.68628, 45.07759 ], [ 7.68644, 45.07755 ], [ 7.6866, 45.07783 ], [ 7.68693, 45.07774 ], [ 7.68699, 45.07785 ], [ 7.68651, 45.07798 ] ] ] } },
{ "type": "Feature", "properties": { "uuid": "ea36689c-d89f-448f-a09a-f5ea1e36c479", "data_acq": "2017-12-31 00:00:00", "data_agg": "2017-12-31 00:00:00", "data_fin": "9999-12-31 00:00:00", "ente_for": "REGIONE PIEMONTE", "ente_prod": "ARPA PIEMONTE", "modo_prod": "banche dati esterne - geometrie da catasto, altezza volumi da ARPA PIEMONTE (DSM-DTM,LAS)", "sc_acq": "1:10000", "un_vol_av": "3", "un_vol_por": "al suolo", "un_vol_qe": "", "un_vol_ex": "altezza", "source": "BDTRE un_vol" }, "geometry": { "type": "Polygon", "coordinates": [ [ [ 7.67925, 45.08258 ], [ 7.67923, 45.08253 ], [ 7.67924, 45.08253 ], [ 7.67918, 45.08251 ], [ 7.67918, 45.08251 ], [ 7.67909, 45.08239 ], [ 7.67912, 45.08238 ], [ 7.6792, 45.08237 ], [ 7.67926, 45.08242 ], [ 7.6793, 45.08241 ], [ 7.67933, 45.08247 ], [ 7.67937, 45.08252 ], [ 7.67937, 45.08253 ], [ 7.67934, 45.08254 ], [ 7.67935, 45.08255 ], [ 7.67925, 45.08258 ] ] ] } },
{ "type": "Feature", "properties": { "uuid": "82ef4d1d-c544-461b-b45d-265dc6f09eea", "data_acq": "2017-12-31 00:00:00", "data_agg": "2017-12-31 00:00:00", "data_fin": "9999-12-31 00:00:00", "ente_for": "REGIONE PIEMONTE", "ente_prod": "ARPA PIEMONTE", "modo_prod": "banche dati esterne - geometrie da catasto, altezza volumi da ARPA PIEMONTE (DSM-DTM,LAS)", "sc_acq": "1:10000", "un_vol_av": "18", "un_vol_por": "al suolo", "un_vol_qe": "", "un_vol_ex": "altezza", "source": "BDTRE un_vol" }, "geometry": { "type": "Polygon", "coordinates": [ [ [ 7.69158, 45.07351 ], [ 7.69164, 45.0736 ], [ 7.69167, 45.07365 ], [ 7.69152, 45.07369 ], [ 7.69149, 45.07364 ], [ 7.69147, 45.07365 ], [ 7.69146, 45.07362 ], [ 7.69147, 45.07362 ], [ 7.69145, 45.07358 ], [ 7.69145, 45.07356 ], [ 7.69146, 45.07355 ], [ 7.69146, 45.07356 ], [ 7.69158, 45.07351 ] ] ] } },
{ "type": "Feature", "properties": { "uuid": "4bea1421-538a-477f-ab6d-5933a8d2f830", "data_acq": "2017-12-31 00:00:00", "data_agg": "2017-12-31 00:00:00", "data_fin": "9999-12-31 00:00:00", "ente_for": "REGIONE PIEMONTE", "ente_prod": "ARPA PIEMONTE", "modo_prod": "banche dati esterne - geometrie da catasto, altezza volumi da ARPA PIEMONTE (DSM-DTM,LAS)", "sc_acq": "1:10000", "un_vol_av": "9", "un_vol_por": "al suolo", "un_vol_qe": "", "un_vol_ex": "altezza", "source": "BDTRE un_vol" }, "geometry": { "type": "Polygon", "coordinates": [ [ [ 7.69192, 45.08524 ], [ 7.69189, 45.08525 ], [ 7.69187, 45.08526 ], [ 7.69175, 45.0853 ], [ 7.69163, 45.08513 ], [ 7.69162, 45.08511 ], [ 7.69152, 45.08496 ], [ 7.6917, 45.0849 ], [ 7.69192, 45.08524 ] ] ] } },
{ "type": "Feature", "properties": { "uuid": "1db0a35c-0a9b-42b3-ad2e-2f335fa8bbb6", "data_acq": "2017-12-31 00:00:00", "data_agg": "2017-12-31 00:00:00", "data_fin": "9999-12-31 00:00:00", "ente_for": "REGIONE PIEMONTE", "ente_prod": "ARPA PIEMONTE", "modo_prod": "banche dati esterne - geometrie da catasto, altezza volumi da ARPA PIEMONTE (DSM-DTM,LAS)", "sc_acq": "1:10000", "un_vol_av": "7", "un_vol_por": "al suolo", "un_vol_qe": "", "un_vol_ex": "altezza", "source": "BDTRE un_vol" }, "geometry": { "type": "Polygon", "coordinates": [ [ [ 7.68336, 45.08218 ], [ 7.6835, 45.08164 ], [ 7.68388, 45.08169 ], [ 7.68374, 45.08223 ], [ 7.68336, 45.08218 ] ] ] } },
{ "type": "Feature", "properties": { "uuid": "0a0f90e0-363e-4e66-9538-bd988166a7bb", "data_acq": "2017-12-31 00:00:00", "data_agg": "2017-12-31 00:00:00", "data_fin": "9999-12-31 00:00:00", "ente_for": "REGIONE PIEMONTE", "ente_prod": "ARPA PIEMONTE", "modo_prod": "banche dati esterne - geometrie da catasto, altezza volumi da ARPA PIEMONTE (DSM-DTM,LAS)", "sc_acq": "1:10000", "un_vol_av": "5", "un_vol_por": "al suolo", "un_vol_qe": "", "un_vol_ex": "altezza", "source": "BDTRE un_vol" }, "geometry": { "type": "Polygon", "coordinates": [ [ [ 7.66797, 45.0807 ], [ 7.66799, 45.08075 ], [ 7.66798, 45.08076 ], [ 7.668, 45.08081 ], [ 7.66795, 45.08083 ], [ 7.66793, 45.0808 ], [ 7.6678, 45.08084 ], [ 7.6677, 45.08088 ], [ 7.66768, 45.08086 ], [ 7.66751, 45.08092 ], [ 7.66737, 45.08097 ], [ 7.66737, 45.08096 ], [ 7.66734, 45.08092 ], [ 7.66766, 45.08082 ], [ 7.66766, 45.08082 ], [ 7.66766, 45.08082 ], [ 7.6679, 45.08074 ], [ 7.66786, 45.08068 ], [ 7.66788, 45.08066 ], [ 7.66792, 45.08065 ], [ 7.66791, 45.08064 ], [ 7.66791, 45.08064 ], [ 7.66792, 45.08063 ], [ 7.66792, 45.08063 ], [ 7.66795, 45.08068 ], [ 7.66797, 45.0807 ] ] ] } },
{ "type": "Feature", "properties": { "uuid": "4494d302-bffb-483e-86af-5ff3d27a2aa6", "data_acq": "2017-12-31 00:00:00", "data_agg": "2017-12-31 00:00:00", "data_fin": "9999-12-31 00:00:00", "ente_for": "REGIONE PIEMONTE", "ente_prod": "ARPA PIEMONTE", "modo_prod": "banche dati esterne - geometrie da catasto, altezza volumi da ARPA PIEMONTE (DSM-DTM,LAS)", "sc_acq": "1:10000", "un_vol_av": "4", "un_vol_por": "al suolo", "un_vol_qe": "", "un_vol_ex": "altezza", "source": "BDTRE un_vol" }, "geometry": { "type": "Polygon", "coordinates": [ [ [ 7.67765, 45.07421 ], [ 7.67762, 45.07417 ], [ 7.67767, 45.07415 ], [ 7.67764, 45.07409 ], [ 7.67767, 45.07408 ], [ 7.67775, 45.07418 ], [ 7.67765, 45.07421 ] ] ] } },
{ "type": "Feature", "properties": { "uuid": "41a0a397-7156-4ed4-86cc-f531c84b419e", "data_acq": "2017-12-31 00:00:00", "data_agg": "2017-12-31 00:00:00", "data_fin": "9999-12-31 00:00:00", "ente_for": "REGIONE PIEMONTE", "ente_prod": "ARPA PIEMONTE", "modo_prod": "banche dati esterne - geometrie da catasto, altezza volumi da ARPA PIEMONTE (DSM-DTM,LAS)", "sc_acq": "1:10000", "un_vol_av": "8", "un_vol_por": "al suolo", "un_vol_qe": "", "un_vol_ex": "altezza", "source": "BDTRE un_vol" }, "geometry": { "type": "Polygon", "coordinates": [ [ [ 7.69363, 45.08037 ], [ 7.69381, 45.08046 ], [ 7.69389, 45.08049 ], [ 7.69409, 45.08058 ], [ 7.69409, 45.08058 ], [ 7.69406, 45.08061 ], [ 7.69408, 45.08062 ], [ 7.6941, 45.08063 ], [ 7.69412, 45.0806 ], [ 7.69418, 45.08062 ], [ 7.69421, 45.08063 ], [ 7.69426, 45.08066 ], [ 7.69426, 45.08066 ], [ 7.69358, 45.08088 ], [ 7.69328, 45.08075 ], [ 7.69344, 45.08058 ], [ 7.69363, 45.08037 ] ], [ [ 7.69339, 45.0808 ], [ 7.69351, 45.08085 ], [ 7.6937, 45.08064 ], [ 7.69371, 45.08064 ], [ 7.69375, 45.08059 ], [ 7.69379, 45.08061 ], [ 7.6938, 45.08062 ], [ 7.69397, 45.08069 ], [ 7.69397, 45.08069 ], [ 7.69402, 45.08064 ], [ 7.6939, 45.08058 ], [ 7.69389, 45.08059 ], [ 7.69387, 45.08059 ], [ 7.69388, 45.08057 ], [ 7.69384, 45.08055 ], [ 7.6938, 45.08053 ], [ 7.69385, 45.08048 ], [ 7.69385, 45.08048 ], [ 7.69373, 45.08042 ], [ 7.69373, 45.08042 ], [ 7.69339, 45.0808 ] ] ] } },
{ "type": "Feature", "properties": { "uuid": "5e859c5f-7c1f-4ae8-b9a5-fe2f5192a001", "data_acq": "2017-12-31 00:00:00", "data_agg": "2017-12-31 00:00:00", "data_fin": "9999-12-31 00:00:00", "ente_for": "REGIONE PIEMONTE", "ente_prod": "ARPA PIEMONTE", "modo_prod": "banche dati esterne - geometrie da catasto, altezza volumi da ARPA PIEMONTE (DSM-DTM,LAS)", "sc_acq": "1:10000", "un_vol_av": "26", "un_vol_por": "al suolo", "un_vol_qe": "", "un_vol_ex": "altezza", "source": "BDTRE un_vol" }, "geometry": { "type": "Polygon", "coordinates": [ [ [ 7.66823, 45.08024 ], [ 7.66858, 45.08015 ], [ 7.66852, 45.08004 ], [ 7.66839, 45.08007 ], [ 7.6684, 45.08009 ], [ 7.66833, 45.08011 ], [ 7.66826, 45.08001 ], [ 7.66811, 45.08006 ], [ 7.66823, 45.08024 ] ] ] } },
{ "type": "Feature", "properties": { "uuid": "c2c7247f-61e8-438a-85f7-1e1f2dfd7dca", "data_acq": "2017-12-31 00:00:00", "data_agg": "2017-12-31 00:00:00", "data_fin": "9999-12-31 00:00:00", "ente_for": "REGIONE PIEMONTE", "ente_prod": "ARPA PIEMONTE", "modo_prod": "banche dati esterne - geometrie da catasto, altezza volumi da ARPA PIEMONTE (DSM-DTM,LAS)", "sc_acq": "1:10000", "un_vol_av": "3", "un_vol_por": "al suolo", "un_vol_qe": "", "un_vol_ex": "altezza", "source": "BDTRE un_vol" }, "geometry": { "type": "Polygon", "coordinates": [ [ [ 7.66899, 45.08207 ], [ 7.66896, 45.08208 ], [ 7.66894, 45.08206 ], [ 7.66882, 45.0821 ], [ 7.66885, 45.08214 ], [ 7.66887, 45.08213 ], [ 7.66899, 45.08209 ], [ 7.66899, 45.08209 ], [ 7.66899, 45.08207 ] ] ] } },
{ "type": "Feature", "properties": { "uuid": "6d932dc9-c392-4493-aede-b5d68f73bb75", "data_acq": "2017-12-31 00:00:00", "data_agg": "2017-12-31 00:00:00", "data_fin": "9999-12-31 00:00:00", "ente_for": "REGIONE PIEMONTE", "ente_prod": "ARPA PIEMONTE", "modo_prod": "banche dati esterne - geometrie da catasto, altezza volumi da ARPA PIEMONTE (DSM-DTM,LAS)", "sc_acq": "1:10000", "un_vol_av": "7", "un_vol_por": "al suolo", "un_vol_qe": "", "un_vol_ex": "altezza", "source": "BDTRE un_vol" }, "geometry": { "type": "Polygon", "coordinates": [ [ [ 7.6767, 45.08335 ], [ 7.67633, 45.08347 ], [ 7.67617, 45.08323 ], [ 7.67629, 45.08319 ], [ 7.67646, 45.08314 ], [ 7.67654, 45.08311 ], [ 7.67655, 45.08312 ], [ 7.67658, 45.08317 ], [ 7.67659, 45.08319 ], [ 7.6766, 45.0832 ], [ 7.6766, 45.0832 ], [ 7.67652, 45.08322 ], [ 7.67659, 45.08332 ], [ 7.67666, 45.0833 ], [ 7.6767, 45.08335 ] ] ] } },
{ "type": "Feature", "properties": { "uuid": "9c44f358-f05a-473b-97c6-c3a605e5f06f", "data_acq": "2017-12-31 00:00:00", "data_agg": "2017-12-31 00:00:00", "data_fin": "9999-12-31 00:00:00", "ente_for": "REGIONE PIEMONTE", "ente_prod": "ARPA PIEMONTE", "modo_prod": "banche dati esterne - geometrie da catasto, altezza volumi da ARPA PIEMONTE (DSM-DTM,LAS)", "sc_acq": "1:10000", "un_vol_av": "4", "un_vol_por": "al suolo", "un_vol_qe": "", "un_vol_ex": "altezza", "source": "BDTRE un_vol" }, "geometry": { "type": "Polygon", "coordinates": [ [ [ 7.67781, 45.0741 ], [ 7.67784, 45.07414 ], [ 7.67775, 45.07418 ], [ 7.67767, 45.07408 ], [ 7.67771, 45.07406 ], [ 7.67776, 45.07412 ], [ 7.67781, 45.0741 ] ] ] } },
{ "type": "Feature", "properties": { "uuid": "5458a6e3-6d40-44db-9283-57cc48d7547f", "data_acq": "2017-12-31 00:00:00", "data_agg": "2017-12-31 00:00:00", "data_fin": "9999-12-31 00:00:00", "ente_for": "REGIONE PIEMONTE", "ente_prod": "ARPA PIEMONTE", "modo_prod": "banche dati esterne - geometrie da catasto, altezza volumi da ARPA PIEMONTE (DSM-DTM,LAS)", "sc_acq": "1:10000", "un_vol_av": "5", "un_vol_por": "al suolo", "un_vol_qe": "", "un_vol_ex": "altezza", "source": "BDTRE un_vol" }, "geometry": { "type": "Polygon", "coordinates": [ [ [ 7.69182, 45.0843 ], [ 7.69173, 45.08433 ], [ 7.69162, 45.08416 ], [ 7.69141, 45.08423 ], [ 7.69126, 45.08428 ], [ 7.69111, 45.08433 ], [ 7.69116, 45.08441 ], [ 7.69119, 45.08445 ], [ 7.69131, 45.08444 ], [ 7.69144, 45.08441 ], [ 7.69144, 45.08441 ], [ 7.69167, 45.08434 ], [ 7.69169, 45.08437 ], [ 7.69184, 45.08435 ], [ 7.69182, 45.0843 ] ] ] } },
{ "type": "Feature", "properties": { "uuid": "6d09d81a-4f21-40ac-8bc9-74ceeb9ed97d", "data_acq": "2017-12-31 00:00:00", "data_agg": "2017-12-31 00:00:00", "data_fin": "9999-12-31 00:00:00", "ente_for": "REGIONE PIEMONTE", "ente_prod": "ARPA PIEMONTE", "modo_prod": "banche dati esterne - geometrie da catasto, altezza volumi da ARPA PIEMONTE (DSM-DTM,LAS)", "sc_acq": "1:10000", "un_vol_av": "15", "un_vol_por": "al suolo", "un_vol_qe": "", "un_vol_ex": "altezza", "source": "BDTRE un_vol" }, "geometry": { "type": "Polygon", "coordinates": [ [ [ 7.67677, 45.0678 ], [ 7.67677, 45.0678 ], [ 7.67677, 45.0678 ], [ 7.67677, 45.0678 ], [ 7.67677, 45.06779 ], [ 7.67676, 45.06777 ], [ 7.67674, 45.06777 ], [ 7.67674, 45.06777 ], [ 7.67674, 45.06777 ], [ 7.67674, 45.06776 ], [ 7.67674, 45.06776 ], [ 7.67675, 45.06776 ], [ 7.67676, 45.06776 ], [ 7.67671, 45.06769 ], [ 7.67666, 45.06763 ], [ 7.6767, 45.06761 ], [ 7.67683, 45.06756 ], [ 7.677, 45.0675 ], [ 7.67707, 45.06759 ], [ 7.67691, 45.06765 ], [ 7.6769, 45.06768 ], [ 7.67695, 45.06776 ], [ 7.677, 45.06777 ], [ 7.67716, 45.06772 ], [ 7.6772, 45.06777 ], [ 7.6772, 45.06778 ], [ 7.6772, 45.06778 ], [ 7.67721, 45.06779 ], [ 7.67722, 45.06781 ], [ 7.67719, 45.06782 ], [ 7.67717, 45.06779 ], [ 7.67709, 45.06781 ], [ 7.67714, 45.06788 ], [ 7.67701, 45.06793 ], [ 7.67699, 45.06791 ], [ 7.67699, 45.06791 ], [ 7.67699, 45.0679 ], [ 7.67698, 45.0679 ], [ 7.67693, 45.06791 ], [ 7.67688, 45.06793 ], [ 7.67683, 45.06787 ], [ 7.6768, 45.06782 ], [ 7.67678, 45.0678 ], [ 7.67678, 45.0678 ], [ 7.67678, 45.0678 ], [ 7.67678, 45.06781 ], [ 7.67677, 45.0678 ], [ 7.67677, 45.0678 ] ] ] } },
{ "type": "Feature", "properties": { "uuid": "f6a58d17-52fd-4b50-bed1-9c3747b4adac", "data_acq": "2017-12-31 00:00:00", "data_agg": "2017-12-31 00:00:00", "data_fin": "9999-12-31 00:00:00", "ente_for": "REGIONE PIEMONTE", "ente_prod": "ARPA PIEMONTE", "modo_prod": "banche dati esterne - geometrie da catasto, altezza volumi da ARPA PIEMONTE (DSM-DTM,LAS)", "sc_acq": "1:10000", "un_vol_av": "", "un_vol_por": "al suolo", "un_vol_qe": "", "un_vol_ex": "altezza", "source": "BDTRE un_vol" }, "geometry": { "type": "Polygon", "coordinates": [ [ [ 7.68969, 45.08408 ], [ 7.68979, 45.0841 ], [ 7.68978, 45.08414 ], [ 7.68971, 45.08413 ], [ 7.68969, 45.08408 ] ] ] } },
{ "type": "Feature", "properties": { "uuid": "42abb630-2229-4c33-bf90-834378efc38a", "data_acq": "2017-12-31 00:00:00", "data_agg": "2017-12-31 00:00:00", "data_fin": "9999-12-31 00:00:00", "ente_for": "REGIONE PIEMONTE", "ente_prod": "ARPA PIEMONTE", "modo_prod": "banche dati esterne - geometrie da catasto, altezza volumi da ARPA PIEMONTE (DSM-DTM,LAS)", "sc_acq": "1:10000", "un_vol_av": "4", "un_vol_por": "al suolo", "un_vol_qe": "", "un_vol_ex": "altezza", "source": "BDTRE un_vol" }, "geometry": { "type": "Polygon", "coordinates": [ [ [ 7.67706, 45.08299 ], [ 7.67686, 45.08306 ], [ 7.67677, 45.08309 ], [ 7.67671, 45.08301 ], [ 7.67672, 45.08301 ], [ 7.67679, 45.08298 ], [ 7.67701, 45.08291 ], [ 7.67706, 45.08299 ] ] ] } },
{ "type": "Feature", "properties": { "uuid": "2634380b-63b7-4a7e-a239-7ddc51d8294d", "data_acq": "2017-12-31 00:00:00", "data_agg": "2017-12-31 00:00:00", "data_fin": "9999-12-31 00:00:00", "ente_for": "REGIONE PIEMONTE", "ente_prod": "ARPA PIEMONTE", "modo_prod": "banche dati esterne - geometrie da catasto, altezza volumi da ARPA PIEMONTE (DSM-DTM,LAS)", "sc_acq": "1:10000", "un_vol_av": "30", "un_vol_por": "al suolo", "un_vol_qe": "", "un_vol_ex": "altezza", "source": "BDTRE un_vol" }, "geometry": { "type": "Polygon", "coordinates": [ [ [ 7.68213, 45.07049 ], [ 7.68212, 45.07048 ], [ 7.68206, 45.0705 ], [ 7.68207, 45.07051 ], [ 7.6821, 45.0705 ], [ 7.68213, 45.07049 ] ] ] } },
{ "type": "Feature", "properties": { "uuid": "46b6f2ed-087f-44a0-9a0e-e8791a4c52c8", "data_acq": "2017-12-31 00:00:00", "data_agg": "2017-12-31 00:00:00", "data_fin": "9999-12-31 00:00:00", "ente_for": "REGIONE PIEMONTE", "ente_prod": "ARPA PIEMONTE", "modo_prod": "banche dati esterne - geometrie da catasto, altezza volumi da ARPA PIEMONTE (DSM-DTM,LAS)", "sc_acq": "1:10000", "un_vol_av": "", "un_vol_por": "al suolo", "un_vol_qe": "", "un_vol_ex": "altezza", "source": "BDTRE un_vol" }, "geometry": { "type": "Polygon", "coordinates": [ [ [ 7.68176, 45.06891 ], [ 7.68175, 45.06892 ], [ 7.68174, 45.06892 ], [ 7.68176, 45.06895 ], [ 7.68178, 45.06898 ], [ 7.68179, 45.06898 ], [ 7.6818, 45.06897 ], [ 7.68176, 45.06891 ] ] ] } },
{ "type": "Feature", "properties": { "uuid": "e0939649-8021-45c6-8762-00f8082ac9a6", "data_acq": "2017-12-31 00:00:00", "data_agg": "2017-12-31 00:00:00", "data_fin": "9999-12-31 00:00:00", "ente_for": "REGIONE PIEMONTE", "ente_prod": "ARPA PIEMONTE", "modo_prod": "banche dati esterne - geometrie da catasto, altezza volumi da ARPA PIEMONTE (DSM-DTM,LAS)", "sc_acq": "1:10000", "un_vol_av": "5", "un_vol_por": "al suolo", "un_vol_qe": "", "un_vol_ex": "altezza", "source": "BDTRE un_vol" }, "geometry": { "type": "Polygon", "coordinates": [ [ [ 7.6784, 45.08508 ], [ 7.67838, 45.08506 ], [ 7.67841, 45.08504 ], [ 7.67829, 45.08494 ], [ 7.67825, 45.08487 ], [ 7.67819, 45.08477 ], [ 7.67794, 45.08485 ], [ 7.678, 45.08496 ], [ 7.67805, 45.08504 ], [ 7.67801, 45.08506 ], [ 7.678, 45.08506 ], [ 7.67788, 45.08511 ], [ 7.67784, 45.08513 ], [ 7.67756, 45.08524 ], [ 7.67762, 45.08533 ], [ 7.67775, 45.08528 ], [ 7.67785, 45.08542 ], [ 7.6784, 45.08508 ] ] ] } },
{ "type": "Feature", "properties": { "uuid": "c4b32222-891e-4e99-befa-ec4693a8514c", "data_acq": "2017-12-31 00:00:00", "data_agg": "2017-12-31 00:00:00", "data_fin": "9999-12-31 00:00:00", "ente_for": "REGIONE PIEMONTE", "ente_prod": "ARPA PIEMONTE", "modo_prod": "banche dati esterne - geometrie da catasto, altezza volumi da ARPA PIEMONTE (DSM-DTM,LAS)", "sc_acq": "1:10000", "un_vol_av": "3", "un_vol_por": "al suolo", "un_vol_qe": "", "un_vol_ex": "altezza", "source": "BDTRE un_vol" }, "geometry": { "type": "Polygon", "coordinates": [ [ [ 7.69407, 45.08331 ], [ 7.69415, 45.08335 ], [ 7.69414, 45.08336 ], [ 7.69411, 45.08334 ], [ 7.69403, 45.08343 ], [ 7.694, 45.08341 ], [ 7.69397, 45.08344 ], [ 7.69385, 45.08338 ], [ 7.69381, 45.08342 ], [ 7.69393, 45.08348 ], [ 7.69391, 45.08351 ], [ 7.6939, 45.08351 ], [ 7.69381, 45.08347 ], [ 7.6938, 45.08346 ], [ 7.69378, 45.08345 ], [ 7.69377, 45.08341 ], [ 7.69383, 45.08334 ], [ 7.69391, 45.08337 ], [ 7.69398, 45.08341 ], [ 7.69407, 45.08331 ] ] ] } },
{ "type": "Feature", "properties": { "uuid": "da6a7446-2c44-41cf-84d7-891ab83542d9", "data_acq": "2017-12-31 00:00:00", "data_agg": "2017-12-31 00:00:00", "data_fin": "9999-12-31 00:00:00", "ente_for": "REGIONE PIEMONTE", "ente_prod": "ARPA PIEMONTE", "modo_prod": "banche dati esterne - geometrie da catasto, altezza volumi da ARPA PIEMONTE (DSM-DTM,LAS)", "sc_acq": "1:10000", "un_vol_av": "18", "un_vol_por": "al suolo", "un_vol_qe": "", "un_vol_ex": "altezza", "source": "BDTRE un_vol" }, "geometry": { "type": "Polygon", "coordinates": [ [ [ 7.67288, 45.08187 ], [ 7.67285, 45.08188 ], [ 7.6728, 45.08181 ], [ 7.67283, 45.0818 ], [ 7.67283, 45.0818 ], [ 7.67288, 45.08187 ] ] ] } },
{ "type": "Feature", "properties": { "uuid": "23324f06-83a4-46a8-804d-c8fb0525e2c1", "data_acq": "2017-12-31 00:00:00", "data_agg": "2017-12-31 00:00:00", "data_fin": "9999-12-31 00:00:00", "ente_for": "REGIONE PIEMONTE", "ente_prod": "ARPA PIEMONTE", "modo_prod": "banche dati esterne - geometrie da catasto, altezza volumi da ARPA PIEMONTE (DSM-DTM,LAS)", "sc_acq": "1:10000", "un_vol_av": "14", "un_vol_por": "al suolo", "un_vol_qe": "", "un_vol_ex": "altezza", "source": "BDTRE un_vol" }, "geometry": { "type": "Polygon", "coordinates": [ [ [ 7.67225, 45.07521 ], [ 7.67244, 45.07514 ], [ 7.67258, 45.0751 ], [ 7.67253, 45.07503 ], [ 7.67247, 45.07494 ], [ 7.67244, 45.07495 ], [ 7.67237, 45.07497 ], [ 7.67234, 45.07498 ], [ 7.67233, 45.07501 ], [ 7.67222, 45.07505 ], [ 7.6722, 45.07502 ], [ 7.67213, 45.07504 ], [ 7.67225, 45.07521 ] ] ] } },
{ "type": "Feature", "properties": { "uuid": "6d5c6617-85c1-4d07-8b52-b301fe898953", "data_acq": "2017-12-31 00:00:00", "data_agg": "2017-12-31 00:00:00", "data_fin": "9999-12-31 00:00:00", "ente_for": "REGIONE PIEMONTE", "ente_prod": "ARPA PIEMONTE", "modo_prod": "banche dati esterne - geometrie da catasto, altezza volumi da ARPA PIEMONTE (DSM-DTM,LAS)", "sc_acq": "1:10000", "un_vol_av": "5", "un_vol_por": "al suolo", "un_vol_qe": "", "un_vol_ex": "altezza", "source": "BDTRE un_vol" }, "geometry": { "type": "Polygon", "coordinates": [ [ [ 7.66953, 45.08209 ], [ 7.66962, 45.08216 ], [ 7.66964, 45.08216 ], [ 7.66973, 45.08213 ], [ 7.66975, 45.08212 ], [ 7.66977, 45.08211 ], [ 7.66976, 45.08208 ], [ 7.66975, 45.08206 ], [ 7.66973, 45.08204 ], [ 7.6696, 45.08185 ], [ 7.66953, 45.08187 ], [ 7.66957, 45.08193 ], [ 7.66957, 45.08193 ], [ 7.66956, 45.08194 ], [ 7.66957, 45.08195 ], [ 7.66958, 45.08195 ], [ 7.66959, 45.08196 ], [ 7.66962, 45.082 ], [ 7.66948, 45.08204 ], [ 7.66953, 45.08209 ] ] ] } },
{ "type": "Feature", "properties": { "uuid": "a5b68ca1-71f6-459b-b655-fdc7cf657371", "data_acq": "2017-12-31 00:00:00", "data_agg": "2017-12-31 00:00:00", "data_fin": "9999-12-31 00:00:00", "ente_for": "REGIONE PIEMONTE", "ente_prod": "ARPA PIEMONTE", "modo_prod": "banche dati esterne - geometrie da catasto, altezza volumi da ARPA PIEMONTE (DSM-DTM,LAS)", "sc_acq": "1:10000", "un_vol_av": "4", "un_vol_por": "al suolo", "un_vol_qe": "", "un_vol_ex": "altezza", "source": "BDTRE un_vol" }, "geometry": { "type": "Polygon", "coordinates": [ [ [ 7.66746, 45.06746 ], [ 7.66754, 45.06744 ], [ 7.66756, 45.06747 ], [ 7.66748, 45.0675 ], [ 7.66747, 45.06748 ], [ 7.66746, 45.06746 ] ] ] } },
{ "type": "Feature", "properties": { "uuid": "6824b21d-3673-4cce-993f-46ddaf9672a3", "data_acq": "2017-12-31 00:00:00", "data_agg": "2017-12-31 00:00:00", "data_fin": "9999-12-31 00:00:00", "ente_for": "REGIONE PIEMONTE", "ente_prod": "ARPA PIEMONTE", "modo_prod": "banche dati esterne - geometrie da catasto, altezza volumi da ARPA PIEMONTE (DSM-DTM,LAS)", "sc_acq": "1:10000", "un_vol_av": "6", "un_vol_por": "al suolo", "un_vol_qe": "", "un_vol_ex": "altezza", "source": "BDTRE un_vol" }, "geometry": { "type": "Polygon", "coordinates": [ [ [ 7.67144, 45.07759 ], [ 7.67146, 45.07759 ], [ 7.67145, 45.0776 ], [ 7.67144, 45.0776 ], [ 7.67144, 45.07759 ] ] ] } },
{ "type": "Feature", "properties": { "uuid": "c2bc6930-35d5-4802-a0b2-fe6a32402c50", "data_acq": "2017-12-31 00:00:00", "data_agg": "2017-12-31 00:00:00", "data_fin": "9999-12-31 00:00:00", "ente_for": "REGIONE PIEMONTE", "ente_prod": "ARPA PIEMONTE", "modo_prod": "banche dati esterne - geometrie da catasto, altezza volumi da ARPA PIEMONTE (DSM-DTM,LAS)", "sc_acq": "1:10000", "un_vol_av": "23", "un_vol_por": "al suolo", "un_vol_qe": "", "un_vol_ex": "altezza", "source": "BDTRE un_vol" }, "geometry": { "type": "Polygon", "coordinates": [ [ [ 7.69069, 45.08041 ], [ 7.69096, 45.08053 ], [ 7.69087, 45.08062 ], [ 7.69068, 45.08054 ], [ 7.69061, 45.08061 ], [ 7.69054, 45.08058 ], [ 7.69059, 45.08052 ], [ 7.6906, 45.08051 ], [ 7.69069, 45.08041 ] ] ] } },
{ "type": "Feature", "properties": { "uuid": "ba7b35b9-d424-4c8b-93b5-4ca86e75250c", "data_acq": "2017-12-31 00:00:00", "data_agg": "2017-12-31 00:00:00", "data_fin": "9999-12-31 00:00:00", "ente_for": "REGIONE PIEMONTE", "ente_prod": "ARPA PIEMONTE", "modo_prod": "banche dati esterne - geometrie da catasto, altezza volumi da ARPA PIEMONTE (DSM-DTM,LAS)", "sc_acq": "1:10000", "un_vol_av": "3", "un_vol_por": "al suolo", "un_vol_qe": "", "un_vol_ex": "altezza", "source": "BDTRE un_vol" }, "geometry": { "type": "Polygon", "coordinates": [ [ [ 7.68681, 45.07734 ], [ 7.68682, 45.07736 ], [ 7.68679, 45.07736 ], [ 7.6868, 45.07737 ], [ 7.68678, 45.07737 ], [ 7.68679, 45.0774 ], [ 7.68678, 45.0774 ], [ 7.68678, 45.07739 ], [ 7.68676, 45.07735 ], [ 7.68681, 45.07734 ] ] ] } },
{ "type": "Feature", "properties": { "uuid": "bb2ca3c4-e983-4cab-94f8-3958bd8c3620", "data_acq": "2017-12-31 00:00:00", "data_agg": "2017-12-31 00:00:00", "data_fin": "9999-12-31 00:00:00", "ente_for": "REGIONE PIEMONTE", "ente_prod": "ARPA PIEMONTE", "modo_prod": "banche dati esterne - geometrie da catasto, altezza volumi da ARPA PIEMONTE (DSM-DTM,LAS)", "sc_acq": "1:10000", "un_vol_av": "8", "un_vol_por": "al suolo", "un_vol_qe": "", "un_vol_ex": "altezza", "source": "BDTRE un_vol" }, "geometry": { "type": "Polygon", "coordinates": [ [ [ 7.67226, 45.08103 ], [ 7.67215, 45.08106 ], [ 7.67214, 45.08106 ], [ 7.67195, 45.08113 ], [ 7.67208, 45.08132 ], [ 7.67214, 45.0814 ], [ 7.67216, 45.08144 ], [ 7.67219, 45.08148 ], [ 7.67223, 45.08148 ], [ 7.67227, 45.08148 ], [ 7.67231, 45.08144 ], [ 7.67234, 45.0814 ], [ 7.67234, 45.0814 ], [ 7.67244, 45.08129 ], [ 7.67254, 45.08118 ], [ 7.67238, 45.08111 ], [ 7.67232, 45.08113 ], [ 7.67226, 45.08103 ] ] ] } },
{ "type": "Feature", "properties": { "uuid": "17d69863-8010-4ac5-ae3e-4f32b76a0a0f", "data_acq": "2017-12-31 00:00:00", "data_agg": "2017-12-31 00:00:00", "data_fin": "9999-12-31 00:00:00", "ente_for": "REGIONE PIEMONTE", "ente_prod": "ARPA PIEMONTE", "modo_prod": "banche dati esterne - geometrie da catasto, altezza volumi da ARPA PIEMONTE (DSM-DTM,LAS)", "sc_acq": "1:10000", "un_vol_av": "13", "un_vol_por": "al suolo", "un_vol_qe": "", "un_vol_ex": "altezza", "source": "BDTRE un_vol" }, "geometry": { "type": "Polygon", "coordinates": [ [ [ 7.683, 45.06566 ], [ 7.68286, 45.06571 ], [ 7.68285, 45.06571 ], [ 7.68276, 45.06559 ], [ 7.68278, 45.06558 ], [ 7.68278, 45.06559 ], [ 7.68291, 45.06554 ], [ 7.68294, 45.06558 ], [ 7.683, 45.06566 ] ] ] } },
{ "type": "Feature", "properties": { "uuid": "c5fd838e-9b85-4736-809f-34246a469499", "data_acq": "2017-12-31 00:00:00", "data_agg": "2017-12-31 00:00:00", "data_fin": "9999-12-31 00:00:00", "ente_for": "REGIONE PIEMONTE", "ente_prod": "ARPA PIEMONTE", "modo_prod": "banche dati esterne - geometrie da catasto, altezza volumi da ARPA PIEMONTE (DSM-DTM,LAS)", "sc_acq": "1:10000", "un_vol_av": "19", "un_vol_por": "al suolo", "un_vol_qe": "", "un_vol_ex": "altezza", "source": "BDTRE un_vol" }, "geometry": { "type": "Polygon", "coordinates": [ [ [ 7.68131, 45.06827 ], [ 7.68115, 45.06833 ], [ 7.68116, 45.06835 ], [ 7.68106, 45.06838 ], [ 7.68107, 45.0684 ], [ 7.68108, 45.0684 ], [ 7.68109, 45.06842 ], [ 7.68118, 45.06838 ], [ 7.68127, 45.0685 ], [ 7.68128, 45.0685 ], [ 7.68133, 45.06857 ], [ 7.68131, 45.06857 ], [ 7.68117, 45.06862 ], [ 7.68116, 45.06862 ], [ 7.68103, 45.06844 ], [ 7.68098, 45.06846 ], [ 7.68095, 45.06842 ], [ 7.6809, 45.06844 ], [ 7.68098, 45.06855 ], [ 7.68101, 45.06854 ], [ 7.68107, 45.06861 ], [ 7.68105, 45.06862 ], [ 7.68111, 45.0687 ], [ 7.68128, 45.06864 ], [ 7.68134, 45.06862 ], [ 7.68149, 45.06857 ], [ 7.68151, 45.06856 ], [ 7.68145, 45.06847 ], [ 7.68143, 45.06845 ], [ 7.68136, 45.06835 ], [ 7.68131, 45.06827 ] ] ] } },
{ "type": "Feature", "properties": { "uuid": "ee1243b6-12b3-462d-9e30-44c2044798e7", "data_acq": "2017-12-31 00:00:00", "data_agg": "2017-12-31 00:00:00", "data_fin": "9999-12-31 00:00:00", "ente_for": "REGIONE PIEMONTE", "ente_prod": "ARPA PIEMONTE", "modo_prod": "banche dati esterne - geometrie da catasto, altezza volumi da ARPA PIEMONTE (DSM-DTM,LAS)", "sc_acq": "1:10000", "un_vol_av": "3", "un_vol_por": "al suolo", "un_vol_qe": "", "un_vol_ex": "altezza", "source": "BDTRE un_vol" }, "geometry": { "type": "Polygon", "coordinates": [ [ [ 7.69312, 45.07922 ], [ 7.69312, 45.07922 ], [ 7.6931, 45.07925 ], [ 7.69301, 45.07921 ], [ 7.69304, 45.07918 ], [ 7.69312, 45.07922 ] ] ] } },
{ "type": "Feature", "properties": { "uuid": "ada8cc31-135a-4620-b283-e414d3246f85", "data_acq": "2017-12-31 00:00:00", "data_agg": "2017-12-31 00:00:00", "data_fin": "9999-12-31 00:00:00", "ente_for": "REGIONE PIEMONTE", "ente_prod": "ARPA PIEMONTE", "modo_prod": "banche dati esterne - geometrie da catasto, altezza volumi da ARPA PIEMONTE (DSM-DTM,LAS)", "sc_acq": "1:10000", "un_vol_av": "5", "un_vol_por": "al suolo", "un_vol_qe": "", "un_vol_ex": "altezza", "source": "BDTRE un_vol" }, "geometry": { "type": "Polygon", "coordinates": [ [ [ 7.66627, 45.06602 ], [ 7.66625, 45.06603 ], [ 7.66628, 45.06607 ], [ 7.66629, 45.06606 ], [ 7.66628, 45.06605 ], [ 7.66627, 45.06602 ] ] ] } },
{ "type": "Feature", "properties": { "uuid": "a4b0dc8b-6b52-4f91-8599-280d8c8ac840", "data_acq": "2017-12-31 00:00:00", "data_agg": "2017-12-31 00:00:00", "data_fin": "9999-12-31 00:00:00", "ente_for": "REGIONE PIEMONTE", "ente_prod": "ARPA PIEMONTE", "modo_prod": "banche dati esterne - geometrie da catasto, altezza volumi da ARPA PIEMONTE (DSM-DTM,LAS)", "sc_acq": "1:10000", "un_vol_av": "8", "un_vol_por": "al suolo", "un_vol_qe": "", "un_vol_ex": "altezza", "source": "BDTRE un_vol" }, "geometry": { "type": "Polygon", "coordinates": [ [ [ 7.66548, 45.08368 ], [ 7.66542, 45.08359 ], [ 7.66537, 45.0835 ], [ 7.66536, 45.08349 ], [ 7.66525, 45.08353 ], [ 7.6652, 45.08355 ], [ 7.66504, 45.08359 ], [ 7.6651, 45.08368 ], [ 7.66517, 45.08377 ], [ 7.66531, 45.08373 ], [ 7.66542, 45.0837 ], [ 7.66548, 45.08368 ] ], [ [ 7.66525, 45.08361 ], [ 7.66534, 45.08358 ], [ 7.66538, 45.08364 ], [ 7.66538, 45.08364 ], [ 7.66521, 45.08369 ], [ 7.66517, 45.08363 ], [ 7.66525, 45.08361 ] ] ] } },
{ "type": "Feature", "properties": { "uuid": "3f757679-c913-4e8e-b73a-6ba041743e97", "data_acq": "2017-12-31 00:00:00", "data_agg": "2017-12-31 00:00:00", "data_fin": "9999-12-31 00:00:00", "ente_for": "REGIONE PIEMONTE", "ente_prod": "ARPA PIEMONTE", "modo_prod": "banche dati esterne - geometrie da catasto, altezza volumi da ARPA PIEMONTE (DSM-DTM,LAS)", "sc_acq": "1:10000", "un_vol_av": "9", "un_vol_por": "al suolo", "un_vol_qe": "", "un_vol_ex": "altezza", "source": "BDTRE un_vol" }, "geometry": { "type": "Polygon", "coordinates": [ [ [ 7.66669, 45.08362 ], [ 7.66672, 45.08367 ], [ 7.66674, 45.0837 ], [ 7.66676, 45.08373 ], [ 7.66673, 45.08374 ], [ 7.66663, 45.08377 ], [ 7.66656, 45.08365 ], [ 7.66669, 45.08362 ] ] ] } },
{ "type": "Feature", "properties": { "uuid": "c3b5b7ea-89df-46b2-be4a-a9ddda0e23b3", "data_acq": "2017-12-31 00:00:00", "data_agg": "2017-12-31 00:00:00", "data_fin": "9999-12-31 00:00:00", "ente_for": "REGIONE PIEMONTE", "ente_prod": "ARPA PIEMONTE", "modo_prod": "banche dati esterne - geometrie da catasto, altezza volumi da ARPA PIEMONTE (DSM-DTM,LAS)", "sc_acq": "1:10000", "un_vol_av": "15", "un_vol_por": "al suolo", "un_vol_qe": "", "un_vol_ex": "altezza", "source": "BDTRE un_vol" }, "geometry": { "type": "Polygon", "coordinates": [ [ [ 7.67519, 45.0667 ], [ 7.67519, 45.0667 ], [ 7.67506, 45.06651 ], [ 7.67502, 45.06646 ], [ 7.675, 45.06643 ], [ 7.675, 45.06642 ], [ 7.675, 45.06642 ], [ 7.67499, 45.06642 ], [ 7.67495, 45.06644 ], [ 7.67463, 45.06655 ], [ 7.6747, 45.06665 ], [ 7.67471, 45.06667 ], [ 7.67472, 45.06668 ], [ 7.67472, 45.06668 ], [ 7.67474, 45.0667 ], [ 7.67475, 45.06673 ], [ 7.67476, 45.06674 ], [ 7.67478, 45.06677 ], [ 7.67478, 45.06677 ], [ 7.67483, 45.06683 ], [ 7.67499, 45.06678 ], [ 7.67515, 45.06672 ], [ 7.67519, 45.0667 ], [ 7.67519, 45.0667 ] ], [ [ 7.67481, 45.06673 ], [ 7.67479, 45.0667 ], [ 7.67476, 45.06667 ], [ 7.67474, 45.06664 ], [ 7.67476, 45.06663 ], [ 7.6748, 45.06662 ], [ 7.67488, 45.06659 ], [ 7.6749, 45.06661 ], [ 7.67493, 45.0666 ], [ 7.67498, 45.06667 ], [ 7.67495, 45.06668 ], [ 7.67496, 45.0667 ], [ 7.67482, 45.06675 ], [ 7.67481, 45.06673 ] ] ] } },
{ "type": "Feature", "properties": { "uuid": "26833b82-4b90-42a9-9cbb-d95bfd9c0266", "data_acq": "2017-12-31 00:00:00", "data_agg": "2017-12-31 00:00:00", "data_fin": "9999-12-31 00:00:00", "ente_for": "REGIONE PIEMONTE", "ente_prod": "ARPA PIEMONTE", "modo_prod": "banche dati esterne - geometrie da catasto, altezza volumi da ARPA PIEMONTE (DSM-DTM,LAS)", "sc_acq": "1:10000", "un_vol_av": "4", "un_vol_por": "al suolo", "un_vol_qe": "", "un_vol_ex": "altezza", "source": "BDTRE un_vol" }, "geometry": { "type": "Polygon", "coordinates": [ [ [ 7.68693, 45.07018 ], [ 7.6869, 45.07019 ], [ 7.68689, 45.07019 ], [ 7.68688, 45.07018 ], [ 7.68691, 45.07016 ], [ 7.68692, 45.07016 ], [ 7.68693, 45.07018 ] ] ] } },
{ "type": "Feature", "properties": { "uuid": "1d3613a8-b5fa-42d6-a699-ba7a37defa2d", "data_acq": "2017-12-31 00:00:00", "data_agg": "2017-12-31 00:00:00", "data_fin": "9999-12-31 00:00:00", "ente_for": "REGIONE PIEMONTE", "ente_prod": "ARPA PIEMONTE", "modo_prod": "banche dati esterne - geometrie da catasto, altezza volumi da ARPA PIEMONTE (DSM-DTM,LAS)", "sc_acq": "1:10000", "un_vol_av": "26", "un_vol_por": "al suolo", "un_vol_qe": "", "un_vol_ex": "altezza", "source": "BDTRE un_vol" }, "geometry": { "type": "Polygon", "coordinates": [ [ [ 7.68652, 45.085 ], [ 7.6865, 45.08496 ], [ 7.68667, 45.08492 ], [ 7.68673, 45.08502 ], [ 7.68671, 45.08503 ], [ 7.68679, 45.0852 ], [ 7.6868, 45.0852 ], [ 7.6868, 45.08521 ], [ 7.68682, 45.08521 ], [ 7.6869, 45.08518 ], [ 7.68696, 45.08526 ], [ 7.68669, 45.08535 ], [ 7.68654, 45.08503 ], [ 7.68652, 45.085 ] ] ] } },
{ "type": "Feature", "properties": { "uuid": "d420b61f-4a7a-4231-9bbe-166f17a966fe", "data_acq": "2017-12-31 00:00:00", "data_agg": "2017-12-31 00:00:00", "data_fin": "9999-12-31 00:00:00", "ente_for": "REGIONE PIEMONTE", "ente_prod": "ARPA PIEMONTE", "modo_prod": "banche dati esterne - geometrie da catasto, altezza volumi da ARPA PIEMONTE (DSM-DTM,LAS)", "sc_acq": "1:10000", "un_vol_av": "4", "un_vol_por": "al suolo", "un_vol_qe": "", "un_vol_ex": "altezza", "source": "BDTRE un_vol" }, "geometry": { "type": "Polygon", "coordinates": [ [ [ 7.66837, 45.08136 ], [ 7.66834, 45.08132 ], [ 7.66822, 45.08136 ], [ 7.66821, 45.08135 ], [ 7.66816, 45.08137 ], [ 7.66818, 45.0814 ], [ 7.66819, 45.08142 ], [ 7.66821, 45.08142 ], [ 7.66837, 45.08136 ] ] ] } },
{ "type": "Feature", "properties": { "uuid": "a9240ddb-3de7-4b78-99fa-412063df281e", "data_acq": "2017-12-31 00:00:00", "data_agg": "2017-12-31 00:00:00", "data_fin": "9999-12-31 00:00:00", "ente_for": "REGIONE PIEMONTE", "ente_prod": "ARPA PIEMONTE", "modo_prod": "banche dati esterne - geometrie da catasto, altezza volumi da ARPA PIEMONTE (DSM-DTM,LAS)", "sc_acq": "1:10000", "un_vol_av": "21", "un_vol_por": "al suolo", "un_vol_qe": "", "un_vol_ex": "altezza", "source": "BDTRE un_vol" }, "geometry": { "type": "Polygon", "coordinates": [ [ [ 7.68786, 45.06879 ], [ 7.68775, 45.06863 ], [ 7.68774, 45.06863 ], [ 7.68771, 45.06859 ], [ 7.68772, 45.06858 ], [ 7.6875, 45.06827 ], [ 7.68764, 45.06822 ], [ 7.68772, 45.06834 ], [ 7.68774, 45.06837 ], [ 7.68775, 45.06836 ], [ 7.68786, 45.06833 ], [ 7.68776, 45.06818 ], [ 7.68792, 45.06813 ], [ 7.68798, 45.06822 ], [ 7.68801, 45.06827 ], [ 7.68803, 45.06827 ], [ 7.68806, 45.06826 ], [ 7.68813, 45.06837 ], [ 7.68793, 45.06843 ], [ 7.68805, 45.0686 ], [ 7.68845, 45.06846 ], [ 7.68845, 45.06846 ], [ 7.68845, 45.06846 ], [ 7.68845, 45.06846 ], [ 7.68846, 45.06847 ], [ 7.68849, 45.06852 ], [ 7.68849, 45.06852 ], [ 7.68852, 45.06856 ], [ 7.6885, 45.06856 ], [ 7.68853, 45.06861 ], [ 7.68846, 45.06864 ], [ 7.68846, 45.06865 ], [ 7.6884, 45.06867 ], [ 7.6884, 45.06867 ], [ 7.68836, 45.06868 ], [ 7.68831, 45.0687 ], [ 7.68829, 45.06868 ], [ 7.68827, 45.06865 ], [ 7.68827, 45.06865 ], [ 7.68793, 45.06877 ], [ 7.68786, 45.06879 ] ] ] } },
{ "type": "Feature", "properties": { "uuid": "7ef48b2a-7381-4a2f-b33f-5ecc01422201", "data_acq": "2017-12-31 00:00:00", "data_agg": "2017-12-31 00:00:00", "data_fin": "9999-12-31 00:00:00", "ente_for": "REGIONE PIEMONTE", "ente_prod": "ARPA PIEMONTE", "modo_prod": "banche dati esterne - geometrie da catasto, altezza volumi da ARPA PIEMONTE (DSM-DTM,LAS)", "sc_acq": "1:10000", "un_vol_av": "22", "un_vol_por": "al suolo", "un_vol_qe": "", "un_vol_ex": "altezza", "source": "BDTRE un_vol" }, "geometry": { "type": "Polygon", "coordinates": [ [ [ 7.68807, 45.07781 ], [ 7.68818, 45.07801 ], [ 7.68818, 45.07801 ], [ 7.6882, 45.07804 ], [ 7.68824, 45.07803 ], [ 7.68824, 45.07803 ], [ 7.68835, 45.078 ], [ 7.6884, 45.0781 ], [ 7.68816, 45.07816 ], [ 7.68815, 45.07814 ], [ 7.6881, 45.07815 ], [ 7.68793, 45.07785 ], [ 7.68807, 45.07781 ] ] ] } },
{ "type": "Feature", "properties": { "uuid": "98110a04-b424-4c69-b56d-8fc0fbd7eaab", "data_acq": "2017-12-31 00:00:00", "data_agg": "2017-12-31 00:00:00", "data_fin": "9999-12-31 00:00:00", "ente_for": "REGIONE PIEMONTE", "ente_prod": "ARPA PIEMONTE", "modo_prod": "banche dati esterne - geometrie da catasto, altezza volumi da ARPA PIEMONTE (DSM-DTM,LAS)", "sc_acq": "1:10000", "un_vol_av": "12", "un_vol_por": "al suolo", "un_vol_qe": "", "un_vol_ex": "altezza", "source": "BDTRE un_vol" }, "geometry": { "type": "Polygon", "coordinates": [ [ [ 7.69202, 45.08333 ], [ 7.6923, 45.08324 ], [ 7.69238, 45.08321 ], [ 7.69238, 45.08308 ], [ 7.69237, 45.08294 ], [ 7.69211, 45.08295 ], [ 7.69225, 45.08317 ], [ 7.69216, 45.08323 ], [ 7.69215, 45.08323 ], [ 7.69214, 45.08322 ], [ 7.69215, 45.08322 ], [ 7.6921, 45.08313 ], [ 7.69208, 45.08314 ], [ 7.69207, 45.08312 ], [ 7.69209, 45.08312 ], [ 7.69203, 45.08303 ], [ 7.69201, 45.08304 ], [ 7.692, 45.08302 ], [ 7.69201, 45.08302 ], [ 7.69198, 45.08297 ], [ 7.69197, 45.08298 ], [ 7.69182, 45.08303 ], [ 7.69202, 45.08333 ] ] ] } },
{ "type": "Feature", "properties": { "uuid": "5b118811-25ac-4a34-b231-af672a9d6549", "data_acq": "2017-12-31 00:00:00", "data_agg": "2017-12-31 00:00:00", "data_fin": "9999-12-31 00:00:00", "ente_for": "REGIONE PIEMONTE", "ente_prod": "ARPA PIEMONTE", "modo_prod": "banche dati esterne - geometrie da catasto, altezza volumi da ARPA PIEMONTE (DSM-DTM,LAS)", "sc_acq": "1:10000", "un_vol_av": "4", "un_vol_por": "al suolo", "un_vol_qe": "", "un_vol_ex": "altezza", "source": "BDTRE un_vol" }, "geometry": { "type": "Polygon", "coordinates": [ [ [ 7.66537, 45.0835 ], [ 7.66536, 45.08349 ], [ 7.6653, 45.0834 ], [ 7.66546, 45.08334 ], [ 7.66557, 45.08351 ], [ 7.66555, 45.08352 ], [ 7.66554, 45.08352 ], [ 7.66553, 45.0835 ], [ 7.66553, 45.0835 ], [ 7.66551, 45.08351 ], [ 7.66551, 45.0835 ], [ 7.66551, 45.0835 ], [ 7.66549, 45.08348 ], [ 7.66546, 45.08348 ], [ 7.66543, 45.08346 ], [ 7.66537, 45.08348 ], [ 7.66537, 45.08348 ], [ 7.66538, 45.0835 ], [ 7.66537, 45.0835 ], [ 7.66537, 45.0835 ] ] ] } },
{ "type": "Feature", "properties": { "uuid": "245c7070-1bac-4ee5-a773-884696cebb91", "data_acq": "2017-12-31 00:00:00", "data_agg": "2017-12-31 00:00:00", "data_fin": "9999-12-31 00:00:00", "ente_for": "REGIONE PIEMONTE", "ente_prod": "ARPA PIEMONTE", "modo_prod": "banche dati esterne - geometrie da catasto, altezza volumi da ARPA PIEMONTE (DSM-DTM,LAS)", "sc_acq": "1:10000", "un_vol_av": "22", "un_vol_por": "al suolo", "un_vol_qe": "", "un_vol_ex": "altezza", "source": "BDTRE un_vol" }, "geometry": { "type": "Polygon", "coordinates": [ [ [ 7.67597, 45.07003 ], [ 7.67642, 45.06986 ], [ 7.67654, 45.07003 ], [ 7.67654, 45.07003 ], [ 7.67658, 45.07008 ], [ 7.67643, 45.07013 ], [ 7.67642, 45.07012 ], [ 7.67637, 45.07004 ], [ 7.67636, 45.07004 ], [ 7.67634, 45.07001 ], [ 7.67623, 45.07005 ], [ 7.67625, 45.07008 ], [ 7.67613, 45.07012 ], [ 7.67611, 45.0701 ], [ 7.67609, 45.07011 ], [ 7.67609, 45.07011 ], [ 7.67605, 45.07013 ], [ 7.67604, 45.07013 ], [ 7.67597, 45.07003 ] ] ] } },
{ "type": "Feature", "properties": { "uuid": "5c37de7c-569a-4893-aa3d-b6184ef3b108", "data_acq": "2017-12-31 00:00:00", "data_agg": "2017-12-31 00:00:00", "data_fin": "9999-12-31 00:00:00", "ente_for": "REGIONE PIEMONTE", "ente_prod": "ARPA PIEMONTE", "modo_prod": "banche dati esterne - geometrie da catasto, altezza volumi da ARPA PIEMONTE (DSM-DTM,LAS)", "sc_acq": "1:10000", "un_vol_av": "6", "un_vol_por": "al suolo", "un_vol_qe": "", "un_vol_ex": "altezza", "source": "BDTRE un_vol" }, "geometry": { "type": "Polygon", "coordinates": [ [ [ 7.68246, 45.08074 ], [ 7.68256, 45.08076 ], [ 7.68254, 45.08083 ], [ 7.68244, 45.08081 ], [ 7.68246, 45.08074 ] ] ] } },
{ "type": "Feature", "properties": { "uuid": "20bf370c-9ffb-4703-b28e-6c59e25582f6", "data_acq": "2017-12-31 00:00:00", "data_agg": "2017-12-31 00:00:00", "data_fin": "9999-12-31 00:00:00", "ente_for": "REGIONE PIEMONTE", "ente_prod": "ARPA PIEMONTE", "modo_prod": "banche dati esterne - geometrie da catasto, altezza volumi da ARPA PIEMONTE (DSM-DTM,LAS)", "sc_acq": "1:10000", "un_vol_av": "5", "un_vol_por": "al suolo", "un_vol_qe": "", "un_vol_ex": "altezza", "source": "BDTRE un_vol" }, "geometry": { "type": "Polygon", "coordinates": [ [ [ 7.66716, 45.08182 ], [ 7.66717, 45.08183 ], [ 7.66726, 45.0818 ], [ 7.66724, 45.08178 ], [ 7.66721, 45.08173 ], [ 7.66718, 45.0817 ], [ 7.66714, 45.08171 ], [ 7.66706, 45.08173 ], [ 7.66695, 45.08177 ], [ 7.66685, 45.0818 ], [ 7.66685, 45.0818 ], [ 7.66673, 45.08184 ], [ 7.66677, 45.08191 ], [ 7.66714, 45.08179 ], [ 7.66716, 45.08182 ] ] ] } },
{ "type": "Feature", "properties": { "uuid": "8ec3db51-3461-45a0-a159-e1a75e17e1a9", "data_acq": "2017-12-31 00:00:00", "data_agg": "2017-12-31 00:00:00", "data_fin": "9999-12-31 00:00:00", "ente_for": "REGIONE PIEMONTE", "ente_prod": "ARPA PIEMONTE", "modo_prod": "banche dati esterne - geometrie da catasto, altezza volumi da ARPA PIEMONTE (DSM-DTM,LAS)", "sc_acq": "1:10000", "un_vol_av": "5", "un_vol_por": "al suolo", "un_vol_qe": "", "un_vol_ex": "altezza", "source": "BDTRE un_vol" }, "geometry": { "type": "Polygon", "coordinates": [ [ [ 7.68581, 45.08289 ], [ 7.68586, 45.08298 ], [ 7.68584, 45.08299 ], [ 7.68583, 45.083 ], [ 7.68582, 45.08301 ], [ 7.68572, 45.08301 ], [ 7.68568, 45.08294 ], [ 7.68569, 45.08292 ], [ 7.68581, 45.08289 ] ] ] } },
{ "type": "Feature", "properties": { "uuid": "891dae9e-75b4-40bf-8819-f7fed08182de", "data_acq": "2017-12-31 00:00:00", "data_agg": "2017-12-31 00:00:00", "data_fin": "9999-12-31 00:00:00", "ente_for": "REGIONE PIEMONTE", "ente_prod": "ARPA PIEMONTE", "modo_prod": "banche dati esterne - geometrie da catasto, altezza volumi da ARPA PIEMONTE (DSM-DTM,LAS)", "sc_acq": "1:10000", "un_vol_av": "4", "un_vol_por": "al suolo", "un_vol_qe": "", "un_vol_ex": "altezza", "source": "BDTRE un_vol" }, "geometry": { "type": "Polygon", "coordinates": [ [ [ 7.69336, 45.0844 ], [ 7.69341, 45.08434 ], [ 7.69336, 45.08432 ], [ 7.69335, 45.0843 ], [ 7.69338, 45.08427 ], [ 7.69352, 45.08433 ], [ 7.69343, 45.08443 ], [ 7.69336, 45.0844 ] ] ] } },
{ "type": "Feature", "properties": { "uuid": "2b05c40b-fa3d-4f30-8e2f-fce19055e210", "data_acq": "2017-12-31 00:00:00", "data_agg": "2017-12-31 00:00:00", "data_fin": "9999-12-31 00:00:00", "ente_for": "REGIONE PIEMONTE", "ente_prod": "ARPA PIEMONTE", "modo_prod": "banche dati esterne - geometrie da catasto, altezza volumi da ARPA PIEMONTE (DSM-DTM,LAS)", "sc_acq": "1:10000", "un_vol_av": "9", "un_vol_por": "al suolo", "un_vol_qe": "", "un_vol_ex": "altezza", "source": "BDTRE un_vol" }, "geometry": { "type": "Polygon", "coordinates": [ [ [ 7.69341, 45.07217 ], [ 7.6934, 45.07216 ], [ 7.69335, 45.07214 ], [ 7.69334, 45.07214 ], [ 7.69326, 45.0721 ], [ 7.69326, 45.0721 ], [ 7.69328, 45.07207 ], [ 7.69344, 45.07191 ], [ 7.6935, 45.07185 ], [ 7.69369, 45.07194 ], [ 7.69369, 45.07194 ], [ 7.69372, 45.07198 ], [ 7.69372, 45.07198 ], [ 7.69356, 45.07206 ], [ 7.69354, 45.07208 ], [ 7.69351, 45.07206 ], [ 7.69351, 45.07206 ], [ 7.69349, 45.07209 ], [ 7.69351, 45.0721 ], [ 7.69348, 45.07212 ], [ 7.69341, 45.07217 ] ], [ [ 7.69345, 45.07204 ], [ 7.69343, 45.07206 ], [ 7.69343, 45.07206 ], [ 7.69347, 45.07207 ], [ 7.69349, 45.07205 ], [ 7.69345, 45.07204 ], [ 7.69345, 45.07204 ] ] ] } },
{ "type": "Feature", "properties": { "uuid": "a178e884-c3dc-4d3a-99d5-f2ed0b174592", "data_acq": "2017-12-31 00:00:00", "data_agg": "2017-12-31 00:00:00", "data_fin": "9999-12-31 00:00:00", "ente_for": "REGIONE PIEMONTE", "ente_prod": "ARPA PIEMONTE", "modo_prod": "banche dati esterne - geometrie da catasto, altezza volumi da ARPA PIEMONTE (DSM-DTM,LAS)", "sc_acq": "1:10000", "un_vol_av": "4", "un_vol_por": "al suolo", "un_vol_qe": "", "un_vol_ex": "altezza", "source": "BDTRE un_vol" }, "geometry": { "type": "Polygon", "coordinates": [ [ [ 7.68247, 45.07806 ], [ 7.68251, 45.07803 ], [ 7.68268, 45.07807 ], [ 7.68269, 45.07813 ], [ 7.68272, 45.07839 ], [ 7.68273, 45.07842 ], [ 7.68273, 45.07845 ], [ 7.68267, 45.07846 ], [ 7.68263, 45.07815 ], [ 7.68261, 45.07815 ], [ 7.68247, 45.07806 ] ] ] } },
{ "type": "Feature", "properties": { "uuid": "e748f805-4b63-4716-afc3-a7a2fea4fd99", "data_acq": "2017-12-31 00:00:00", "data_agg": "2017-12-31 00:00:00", "data_fin": "9999-12-31 00:00:00", "ente_for": "REGIONE PIEMONTE", "ente_prod": "ARPA PIEMONTE", "modo_prod": "banche dati esterne - geometrie da catasto, altezza volumi da ARPA PIEMONTE (DSM-DTM,LAS)", "sc_acq": "1:10000", "un_vol_av": "7", "un_vol_por": "al suolo", "un_vol_qe": "", "un_vol_ex": "altezza", "source": "BDTRE un_vol" }, "geometry": { "type": "Polygon", "coordinates": [ [ [ 7.69311, 45.076 ], [ 7.69307, 45.07604 ], [ 7.69297, 45.076 ], [ 7.69297, 45.07604 ], [ 7.69324, 45.07616 ], [ 7.69332, 45.07607 ], [ 7.69334, 45.07605 ], [ 7.69349, 45.07588 ], [ 7.69329, 45.0758 ], [ 7.69325, 45.07584 ], [ 7.69311, 45.076 ] ] ] } },
{ "type": "Feature", "properties": { "uuid": "562f918c-de18-426a-b708-1e5014e2547d", "data_acq": "2017-12-31 00:00:00", "data_agg": "2017-12-31 00:00:00", "data_fin": "9999-12-31 00:00:00", "ente_for": "REGIONE PIEMONTE", "ente_prod": "ARPA PIEMONTE", "modo_prod": "banche dati esterne - geometrie da catasto, altezza volumi da ARPA PIEMONTE (DSM-DTM,LAS)", "sc_acq": "1:10000", "un_vol_av": "6", "un_vol_por": "al suolo", "un_vol_qe": "", "un_vol_ex": "altezza", "source": "BDTRE un_vol" }, "geometry": { "type": "Polygon", "coordinates": [ [ [ 7.69248, 45.06773 ], [ 7.69233, 45.06779 ], [ 7.69228, 45.06772 ], [ 7.69253, 45.06763 ], [ 7.69253, 45.06762 ], [ 7.69254, 45.06761 ], [ 7.69255, 45.06762 ], [ 7.6926, 45.06768 ], [ 7.69248, 45.06773 ] ] ] } },
{ "type": "Feature", "properties": { "uuid": "228d3e5c-8524-4d76-bbc8-6ff7f83c0427", "data_acq": "2017-12-31 00:00:00", "data_agg": "2017-12-31 00:00:00", "data_fin": "9999-12-31 00:00:00", "ente_for": "REGIONE PIEMONTE", "ente_prod": "ARPA PIEMONTE", "modo_prod": "banche dati esterne - geometrie da catasto, altezza volumi da ARPA PIEMONTE (DSM-DTM,LAS)", "sc_acq": "1:10000", "un_vol_av": "7", "un_vol_por": "al suolo", "un_vol_qe": "", "un_vol_ex": "altezza", "source": "BDTRE un_vol" }, "geometry": { "type": "Polygon", "coordinates": [ [ [ 7.67718, 45.07924 ], [ 7.67712, 45.07925 ], [ 7.67713, 45.07927 ], [ 7.67712, 45.07927 ], [ 7.67718, 45.07937 ], [ 7.67718, 45.07937 ], [ 7.67706, 45.07942 ], [ 7.67705, 45.07944 ], [ 7.67705, 45.07944 ], [ 7.67708, 45.07948 ], [ 7.67713, 45.07955 ], [ 7.67713, 45.07956 ], [ 7.67714, 45.07957 ], [ 7.67714, 45.07957 ], [ 7.67718, 45.07956 ], [ 7.67732, 45.07951 ], [ 7.67726, 45.07939 ], [ 7.67721, 45.0793 ], [ 7.67718, 45.07924 ] ] ] } },
{ "type": "Feature", "properties": { "uuid": "a7fb9798-93ab-484e-a217-a8ae987ce501", "data_acq": "2017-12-31 00:00:00", "data_agg": "2017-12-31 00:00:00", "data_fin": "9999-12-31 00:00:00", "ente_for": "REGIONE PIEMONTE", "ente_prod": "ARPA PIEMONTE", "modo_prod": "banche dati esterne - geometrie da catasto, altezza volumi da ARPA PIEMONTE (DSM-DTM,LAS)", "sc_acq": "1:10000", "un_vol_av": "24", "un_vol_por": "al suolo", "un_vol_qe": "", "un_vol_ex": "altezza", "source": "BDTRE un_vol" }, "geometry": { "type": "Polygon", "coordinates": [ [ [ 7.69095, 45.07406 ], [ 7.69082, 45.0741 ], [ 7.69065, 45.07416 ], [ 7.69062, 45.07412 ], [ 7.69077, 45.07398 ], [ 7.6908, 45.07399 ], [ 7.69088, 45.07396 ], [ 7.69095, 45.07406 ] ] ] } },
{ "type": "Feature", "properties": { "uuid": "e54b309d-1450-4737-a235-aec206ca7122", "data_acq": "2017-12-31 00:00:00", "data_agg": "2017-12-31 00:00:00", "data_fin": "9999-12-31 00:00:00", "ente_for": "REGIONE PIEMONTE", "ente_prod": "ARPA PIEMONTE", "modo_prod": "banche dati esterne - geometrie da catasto, altezza volumi da ARPA PIEMONTE (DSM-DTM,LAS)", "sc_acq": "1:10000", "un_vol_av": "3", "un_vol_por": "al suolo", "un_vol_qe": "", "un_vol_ex": "altezza", "source": "BDTRE un_vol" }, "geometry": { "type": "Polygon", "coordinates": [ [ [ 7.66773, 45.07868 ], [ 7.66777, 45.07871 ], [ 7.66781, 45.07871 ], [ 7.66781, 45.07871 ], [ 7.66783, 45.0787 ], [ 7.66776, 45.07865 ], [ 7.66773, 45.07868 ] ] ] } },
{ "type": "Feature", "properties": { "uuid": "b83d9e3b-c37e-47e4-8467-01cb83c0cbc9", "data_acq": "2017-12-31 00:00:00", "data_agg": "2017-12-31 00:00:00", "data_fin": "9999-12-31 00:00:00", "ente_for": "REGIONE PIEMONTE", "ente_prod": "ARPA PIEMONTE", "modo_prod": "banche dati esterne - geometrie da catasto, altezza volumi da ARPA PIEMONTE (DSM-DTM,LAS)", "sc_acq": "1:10000", "un_vol_av": "4", "un_vol_por": "al suolo", "un_vol_qe": "", "un_vol_ex": "altezza", "source": "BDTRE un_vol" }, "geometry": { "type": "Polygon", "coordinates": [ [ [ 7.66562, 45.08353 ], [ 7.6656, 45.0835 ], [ 7.66561, 45.0835 ], [ 7.66558, 45.08345 ], [ 7.66558, 45.08344 ], [ 7.6657, 45.08341 ], [ 7.66563, 45.08329 ], [ 7.66546, 45.08334 ], [ 7.66557, 45.08351 ], [ 7.66559, 45.08354 ], [ 7.66562, 45.08353 ] ] ] } },
{ "type": "Feature", "properties": { "uuid": "4d87e5c6-83de-4722-809e-ea29cc7ee8b8", "data_acq": "2017-12-31 00:00:00", "data_agg": "2017-12-31 00:00:00", "data_fin": "9999-12-31 00:00:00", "ente_for": "REGIONE PIEMONTE", "ente_prod": "ARPA PIEMONTE", "modo_prod": "banche dati esterne - geometrie da catasto, altezza volumi da ARPA PIEMONTE (DSM-DTM,LAS)", "sc_acq": "1:10000", "un_vol_av": "7", "un_vol_por": "al suolo", "un_vol_qe": "", "un_vol_ex": "altezza", "source": "BDTRE un_vol" }, "geometry": { "type": "Polygon", "coordinates": [ [ [ 7.68309, 45.07812 ], [ 7.68315, 45.07813 ], [ 7.68328, 45.07815 ], [ 7.68327, 45.07809 ], [ 7.68311, 45.07807 ], [ 7.68309, 45.07812 ] ] ] } },
{ "type": "Feature", "properties": { "uuid": "d17db695-d5a2-4463-8a0a-a8024aecfc33", "data_acq": "2017-12-31 00:00:00", "data_agg": "2017-12-31 00:00:00", "data_fin": "9999-12-31 00:00:00", "ente_for": "REGIONE PIEMONTE", "ente_prod": "ARPA PIEMONTE", "modo_prod": "banche dati esterne - geometrie da catasto, altezza volumi da ARPA PIEMONTE (DSM-DTM,LAS)", "sc_acq": "1:10000", "un_vol_av": "25", "un_vol_por": "al suolo", "un_vol_qe": "", "un_vol_ex": "altezza", "source": "BDTRE un_vol" }, "geometry": { "type": "Polygon", "coordinates": [ [ [ 7.66874, 45.07974 ], [ 7.66874, 45.07974 ], [ 7.66864, 45.07977 ], [ 7.66864, 45.07978 ], [ 7.66851, 45.07982 ], [ 7.66844, 45.07971 ], [ 7.66879, 45.07959 ], [ 7.66887, 45.0797 ], [ 7.66874, 45.07974 ] ] ] } },
{ "type": "Feature", "properties": { "uuid": "2fb80bb5-0796-4b5c-a1b5-de2e7451f2e8", "data_acq": "2017-12-31 00:00:00", "data_agg": "2017-12-31 00:00:00", "data_fin": "9999-12-31 00:00:00", "ente_for": "REGIONE PIEMONTE", "ente_prod": "ARPA PIEMONTE", "modo_prod": "banche dati esterne - geometrie da catasto, altezza volumi da ARPA PIEMONTE (DSM-DTM,LAS)", "sc_acq": "1:10000", "un_vol_av": "5", "un_vol_por": "al suolo", "un_vol_qe": "", "un_vol_ex": "altezza", "source": "BDTRE un_vol" }, "geometry": { "type": "Polygon", "coordinates": [ [ [ 7.68055, 45.08316 ], [ 7.68068, 45.08312 ], [ 7.68072, 45.08319 ], [ 7.6806, 45.08323 ], [ 7.68055, 45.08316 ] ] ] } },
{ "type": "Feature", "properties": { "uuid": "b36960cb-f869-4a63-b7ee-8694557a7511", "data_acq": "2017-12-31 00:00:00", "data_agg": "2017-12-31 00:00:00", "data_fin": "9999-12-31 00:00:00", "ente_for": "REGIONE PIEMONTE", "ente_prod": "ARPA PIEMONTE", "modo_prod": "banche dati esterne - geometrie da catasto, altezza volumi da ARPA PIEMONTE (DSM-DTM,LAS)", "sc_acq": "1:10000", "un_vol_av": "25", "un_vol_por": "al suolo", "un_vol_qe": "", "un_vol_ex": "altezza", "source": "BDTRE un_vol" }, "geometry": { "type": "Polygon", "coordinates": [ [ [ 7.68063, 45.07238 ], [ 7.68051, 45.07242 ], [ 7.68034, 45.07249 ], [ 7.68037, 45.07254 ], [ 7.68039, 45.07253 ], [ 7.68042, 45.07257 ], [ 7.68042, 45.07258 ], [ 7.68042, 45.07258 ], [ 7.68045, 45.07261 ], [ 7.68045, 45.07261 ], [ 7.68048, 45.0726 ], [ 7.68045, 45.07257 ], [ 7.68054, 45.07253 ], [ 7.68057, 45.07257 ], [ 7.68056, 45.07257 ], [ 7.68059, 45.07261 ], [ 7.68068, 45.07271 ], [ 7.68077, 45.07268 ], [ 7.68078, 45.07268 ], [ 7.68082, 45.07266 ], [ 7.68084, 45.07266 ], [ 7.68081, 45.07263 ], [ 7.68073, 45.07252 ], [ 7.68072, 45.0725 ], [ 7.68063, 45.07238 ] ] ] } },
{ "type": "Feature", "properties": { "uuid": "d3f239b4-4c9c-4d7d-8813-6e0b9ea2c173", "data_acq": "2017-12-31 00:00:00", "data_agg": "2017-12-31 00:00:00", "data_fin": "9999-12-31 00:00:00", "ente_for": "REGIONE PIEMONTE", "ente_prod": "ARPA PIEMONTE", "modo_prod": "banche dati esterne - geometrie da catasto, altezza volumi da ARPA PIEMONTE (DSM-DTM,LAS)", "sc_acq": "1:10000", "un_vol_av": "8", "un_vol_por": "al suolo", "un_vol_qe": "", "un_vol_ex": "altezza", "source": "BDTRE un_vol" }, "geometry": { "type": "Polygon", "coordinates": [ [ [ 7.67856, 45.08499 ], [ 7.67844, 45.08506 ], [ 7.67841, 45.08504 ], [ 7.67829, 45.08494 ], [ 7.67842, 45.08488 ], [ 7.67846, 45.08491 ], [ 7.67856, 45.08499 ] ] ] } },
{ "type": "Feature", "properties": { "uuid": "afa6cbf6-9e74-45b0-a180-bd0911d1ac7d", "data_acq": "2017-12-31 00:00:00", "data_agg": "2017-12-31 00:00:00", "data_fin": "9999-12-31 00:00:00", "ente_for": "REGIONE PIEMONTE", "ente_prod": "ARPA PIEMONTE", "modo_prod": "banche dati esterne - geometrie da catasto, altezza volumi da ARPA PIEMONTE (DSM-DTM,LAS)", "sc_acq": "1:10000", "un_vol_av": "5", "un_vol_por": "al suolo", "un_vol_qe": "", "un_vol_ex": "altezza", "source": "BDTRE un_vol" }, "geometry": { "type": "Polygon", "coordinates": [ [ [ 7.69246, 45.06753 ], [ 7.69247, 45.06753 ], [ 7.6925, 45.06757 ], [ 7.69224, 45.06766 ], [ 7.69221, 45.06762 ], [ 7.69246, 45.06753 ] ] ] } },
{ "type": "Feature", "properties": { "uuid": "f801a145-a699-4ae6-befd-1da6321e0b9a", "data_acq": "2017-12-31 00:00:00", "data_agg": "2017-12-31 00:00:00", "data_fin": "9999-12-31 00:00:00", "ente_for": "REGIONE PIEMONTE", "ente_prod": "ARPA PIEMONTE", "modo_prod": "banche dati esterne - geometrie da catasto, altezza volumi da ARPA PIEMONTE (DSM-DTM,LAS)", "sc_acq": "1:10000", "un_vol_av": "4", "un_vol_por": "al suolo", "un_vol_qe": "", "un_vol_ex": "altezza", "source": "BDTRE un_vol" }, "geometry": { "type": "Polygon", "coordinates": [ [ [ 7.68817, 45.07583 ], [ 7.68819, 45.07585 ], [ 7.68824, 45.07592 ], [ 7.68816, 45.07595 ], [ 7.68809, 45.07585 ], [ 7.68817, 45.07583 ] ] ] } },
{ "type": "Feature", "properties": { "uuid": "73952a1c-1c88-41ce-9f1a-b08d16f54d10", "data_acq": "2017-12-31 00:00:00", "data_agg": "2017-12-31 00:00:00", "data_fin": "9999-12-31 00:00:00", "ente_for": "REGIONE PIEMONTE", "ente_prod": "ARPA PIEMONTE", "modo_prod": "banche dati esterne - geometrie da catasto, altezza volumi da ARPA PIEMONTE (DSM-DTM,LAS)", "sc_acq": "1:10000", "un_vol_av": "16", "un_vol_por": "al suolo", "un_vol_qe": "", "un_vol_ex": "altezza", "source": "BDTRE un_vol" }, "geometry": { "type": "Polygon", "coordinates": [ [ [ 7.6883, 45.07759 ], [ 7.68814, 45.07779 ], [ 7.68807, 45.07781 ], [ 7.68793, 45.07785 ], [ 7.68792, 45.07784 ], [ 7.68788, 45.07777 ], [ 7.68781, 45.07765 ], [ 7.68774, 45.07752 ], [ 7.68776, 45.0775 ], [ 7.68773, 45.0775 ], [ 7.68772, 45.07749 ], [ 7.68785, 45.07732 ], [ 7.68801, 45.07738 ], [ 7.68813, 45.07742 ], [ 7.68824, 45.07747 ], [ 7.68818, 45.07754 ], [ 7.68796, 45.07745 ], [ 7.68792, 45.0775 ], [ 7.68794, 45.07755 ], [ 7.68793, 45.07755 ], [ 7.68797, 45.07763 ], [ 7.68798, 45.07763 ], [ 7.688, 45.07766 ], [ 7.68799, 45.07766 ], [ 7.68802, 45.07773 ], [ 7.68811, 45.0777 ], [ 7.68813, 45.07767 ], [ 7.68815, 45.07768 ], [ 7.6883, 45.07749 ], [ 7.68831, 45.0775 ], [ 7.68836, 45.07751 ], [ 7.6883, 45.07759 ] ] ] } },
{ "type": "Feature", "properties": { "uuid": "7c399dbb-3292-47e0-8819-779254dbb02c", "data_acq": "2017-12-31 00:00:00", "data_agg": "2017-12-31 00:00:00", "data_fin": "9999-12-31 00:00:00", "ente_for": "REGIONE PIEMONTE", "ente_prod": "ARPA PIEMONTE", "modo_prod": "banche dati esterne - geometrie da catasto, altezza volumi da ARPA PIEMONTE (DSM-DTM,LAS)", "sc_acq": "1:10000", "un_vol_av": "21", "un_vol_por": "al suolo", "un_vol_qe": "", "un_vol_ex": "altezza", "source": "BDTRE un_vol" }, "geometry": { "type": "Polygon", "coordinates": [ [ [ 7.68344, 45.07009 ], [ 7.68343, 45.07009 ], [ 7.68343, 45.07008 ], [ 7.68342, 45.07007 ], [ 7.6834, 45.07004 ], [ 7.68334, 45.06994 ], [ 7.68322, 45.06978 ], [ 7.68304, 45.06951 ], [ 7.68301, 45.06953 ], [ 7.68298, 45.06954 ], [ 7.68297, 45.06954 ], [ 7.68297, 45.06954 ], [ 7.68291, 45.06956 ], [ 7.68285, 45.06958 ], [ 7.68285, 45.06959 ], [ 7.68285, 45.06959 ], [ 7.68282, 45.0696 ], [ 7.68279, 45.06961 ], [ 7.68278, 45.06961 ], [ 7.68278, 45.06961 ], [ 7.68277, 45.06962 ], [ 7.68287, 45.06975 ], [ 7.68285, 45.06976 ], [ 7.68279, 45.06978 ], [ 7.68282, 45.06982 ], [ 7.68289, 45.06979 ], [ 7.6829, 45.06979 ], [ 7.68291, 45.06979 ], [ 7.68298, 45.06988 ], [ 7.6829, 45.06991 ], [ 7.68297, 45.07 ], [ 7.68302, 45.06998 ], [ 7.68305, 45.06996 ], [ 7.68305, 45.06996 ], [ 7.68318, 45.07012 ], [ 7.68327, 45.07009 ], [ 7.68333, 45.07007 ], [ 7.68336, 45.07011 ], [ 7.6834, 45.0701 ], [ 7.68344, 45.07009 ], [ 7.68344, 45.07009 ] ] ] } },
{ "type": "Feature", "properties": { "uuid": "4034f544-42f2-4443-821c-a64257a90139", "data_acq": "2017-12-31 00:00:00", "data_agg": "2017-12-31 00:00:00", "data_fin": "9999-12-31 00:00:00", "ente_for": "REGIONE PIEMONTE", "ente_prod": "ARPA PIEMONTE", "modo_prod": "banche dati esterne - geometrie da catasto, altezza volumi da ARPA PIEMONTE (DSM-DTM,LAS)", "sc_acq": "1:10000", "un_vol_av": "7", "un_vol_por": "al suolo", "un_vol_qe": "", "un_vol_ex": "altezza", "source": "BDTRE un_vol" }, "geometry": { "type": "Polygon", "coordinates": [ [ [ 7.68972, 45.08402 ], [ 7.68973, 45.08402 ], [ 7.68972, 45.08405 ], [ 7.68971, 45.08405 ], [ 7.68972, 45.08402 ] ] ] } },
{ "type": "Feature", "properties": { "uuid": "1d918755-dcf3-42c5-85b0-38e85e32e506", "data_acq": "2017-12-31 00:00:00", "data_agg": "2017-12-31 00:00:00", "data_fin": "9999-12-31 00:00:00", "ente_for": "REGIONE PIEMONTE", "ente_prod": "ARPA PIEMONTE", "modo_prod": "banche dati esterne - geometrie da catasto, altezza volumi da ARPA PIEMONTE (DSM-DTM,LAS)", "sc_acq": "1:10000", "un_vol_av": "3", "un_vol_por": "al suolo", "un_vol_qe": "", "un_vol_ex": "altezza", "source": "BDTRE un_vol" }, "geometry": { "type": "Polygon", "coordinates": [ [ [ 7.67929, 45.08392 ], [ 7.67926, 45.08393 ], [ 7.67925, 45.08391 ], [ 7.67928, 45.0839 ], [ 7.67929, 45.08392 ] ] ] } },
{ "type": "Feature", "properties": { "uuid": "7473b05b-4da5-4d78-b4e9-d36e07611473", "data_acq": "2017-12-31 00:00:00", "data_agg": "2017-12-31 00:00:00", "data_fin": "9999-12-31 00:00:00", "ente_for": "REGIONE PIEMONTE", "ente_prod": "ARPA PIEMONTE", "modo_prod": "banche dati esterne - geometrie da catasto, altezza volumi da ARPA PIEMONTE (DSM-DTM,LAS)", "sc_acq": "1:10000", "un_vol_av": "4", "un_vol_por": "al suolo", "un_vol_qe": "", "un_vol_ex": "altezza", "source": "BDTRE un_vol" }, "geometry": { "type": "Polygon", "coordinates": [ [ [ 7.66842, 45.07827 ], [ 7.66843, 45.07826 ], [ 7.66853, 45.07833 ], [ 7.66853, 45.07833 ], [ 7.66848, 45.07836 ], [ 7.6684, 45.0783 ], [ 7.66838, 45.07829 ], [ 7.66842, 45.07827 ] ] ] } },
{ "type": "Feature", "properties": { "uuid": "e70b7273-cc98-411c-be1c-34ba3535f920", "data_acq": "2017-12-31 00:00:00", "data_agg": "2017-12-31 00:00:00", "data_fin": "9999-12-31 00:00:00", "ente_for": "REGIONE PIEMONTE", "ente_prod": "ARPA PIEMONTE", "modo_prod": "banche dati esterne - geometrie da catasto, altezza volumi da ARPA PIEMONTE (DSM-DTM,LAS)", "sc_acq": "1:10000", "un_vol_av": "8", "un_vol_por": "al suolo", "un_vol_qe": "", "un_vol_ex": "altezza", "source": "BDTRE un_vol" }, "geometry": { "type": "Polygon", "coordinates": [ [ [ 7.68255, 45.08443 ], [ 7.68253, 45.08441 ], [ 7.68253, 45.0844 ], [ 7.68255, 45.08439 ], [ 7.6826, 45.08436 ], [ 7.68263, 45.08439 ], [ 7.68258, 45.08441 ], [ 7.68255, 45.08443 ] ] ] } },
{ "type": "Feature", "properties": { "uuid": "6e14623c-a833-48c6-8db2-4c6396b6a59a", "data_acq": "2017-12-31 00:00:00", "data_agg": "2017-12-31 00:00:00", "data_fin": "9999-12-31 00:00:00", "ente_for": "REGIONE PIEMONTE", "ente_prod": "ARPA PIEMONTE", "modo_prod": "banche dati esterne - geometrie da catasto, altezza volumi da ARPA PIEMONTE (DSM-DTM,LAS)", "sc_acq": "1:10000", "un_vol_av": "10", "un_vol_por": "al suolo", "un_vol_qe": "", "un_vol_ex": "altezza", "source": "BDTRE un_vol" }, "geometry": { "type": "Polygon", "coordinates": [ [ [ 7.69179, 45.08399 ], [ 7.6918, 45.08399 ], [ 7.6918, 45.08399 ], [ 7.6918, 45.08399 ], [ 7.6918, 45.08399 ], [ 7.69181, 45.08399 ], [ 7.69181, 45.08399 ], [ 7.69181, 45.084 ], [ 7.69181, 45.084 ], [ 7.69181, 45.084 ], [ 7.69181, 45.084 ], [ 7.69181, 45.084 ], [ 7.69181, 45.084 ], [ 7.69181, 45.08401 ], [ 7.69181, 45.08401 ], [ 7.69181, 45.08401 ], [ 7.6918, 45.08401 ], [ 7.6918, 45.08401 ], [ 7.6918, 45.08401 ], [ 7.69179, 45.08401 ], [ 7.69179, 45.08401 ], [ 7.69179, 45.08401 ], [ 7.69179, 45.08401 ], [ 7.69178, 45.08401 ], [ 7.69178, 45.08401 ], [ 7.69178, 45.08401 ], [ 7.69178, 45.08401 ], [ 7.69177, 45.08401 ], [ 7.69177, 45.08401 ], [ 7.69177, 45.08401 ], [ 7.69177, 45.08401 ], [ 7.69177, 45.084 ], [ 7.69177, 45.084 ], [ 7.69177, 45.084 ], [ 7.69177, 45.084 ], [ 7.69177, 45.084 ], [ 7.69177, 45.08399 ], [ 7.69177, 45.08399 ], [ 7.69178, 45.08399 ], [ 7.69178, 45.08399 ], [ 7.69178, 45.08399 ], [ 7.69179, 45.08399 ], [ 7.69179, 45.08399 ] ] ] } },
{ "type": "Feature", "properties": { "uuid": "f2c46f5d-9d73-48f1-95ae-5257280912a8", "data_acq": "2017-12-31 00:00:00", "data_agg": "2017-12-31 00:00:00", "data_fin": "9999-12-31 00:00:00", "ente_for": "REGIONE PIEMONTE", "ente_prod": "ARPA PIEMONTE", "modo_prod": "banche dati esterne - geometrie da catasto, altezza volumi da ARPA PIEMONTE (DSM-DTM,LAS)", "sc_acq": "1:10000", "un_vol_av": "6", "un_vol_por": "al suolo", "un_vol_qe": "", "un_vol_ex": "altezza", "source": "BDTRE un_vol" }, "geometry": { "type": "Polygon", "coordinates": [ [ [ 7.67096, 45.07922 ], [ 7.67095, 45.07922 ], [ 7.67082, 45.07926 ], [ 7.67084, 45.07929 ], [ 7.67087, 45.07928 ], [ 7.67088, 45.07929 ], [ 7.67091, 45.07928 ], [ 7.67114, 45.07959 ], [ 7.67121, 45.07957 ], [ 7.67112, 45.07944 ], [ 7.67101, 45.07929 ], [ 7.67096, 45.07922 ] ] ] } },
{ "type": "Feature", "properties": { "uuid": "a37efff3-396c-4bd1-892a-3acf2dad7227", "data_acq": "2017-12-31 00:00:00", "data_agg": "2017-12-31 00:00:00", "data_fin": "9999-12-31 00:00:00", "ente_for": "REGIONE PIEMONTE", "ente_prod": "ARPA PIEMONTE", "modo_prod": "banche dati esterne - geometrie da catasto, altezza volumi da ARPA PIEMONTE (DSM-DTM,LAS)", "sc_acq": "1:10000", "un_vol_av": "5", "un_vol_por": "al suolo", "un_vol_qe": "", "un_vol_ex": "altezza", "source": "BDTRE un_vol" }, "geometry": { "type": "Polygon", "coordinates": [ [ [ 7.69141, 45.08423 ], [ 7.69126, 45.08428 ], [ 7.69121, 45.08421 ], [ 7.69122, 45.0842 ], [ 7.69129, 45.08418 ], [ 7.69129, 45.08418 ], [ 7.69127, 45.08415 ], [ 7.69135, 45.08413 ], [ 7.69141, 45.08423 ] ] ] } },
{ "type": "Feature", "properties": { "uuid": "e68a0755-8706-40d9-b5e2-39610c0ccb02", "data_acq": "2017-12-31 00:00:00", "data_agg": "2017-12-31 00:00:00", "data_fin": "9999-12-31 00:00:00", "ente_for": "REGIONE PIEMONTE", "ente_prod": "ARPA PIEMONTE", "modo_prod": "banche dati esterne - geometrie da catasto, altezza volumi da ARPA PIEMONTE (DSM-DTM,LAS)", "sc_acq": "1:10000", "un_vol_av": "4", "un_vol_por": "al suolo", "un_vol_qe": "", "un_vol_ex": "altezza", "source": "BDTRE un_vol" }, "geometry": { "type": "Polygon", "coordinates": [ [ [ 7.66541, 45.07776 ], [ 7.6652, 45.07784 ], [ 7.66515, 45.07785 ], [ 7.66521, 45.07793 ], [ 7.66526, 45.07792 ], [ 7.66522, 45.07787 ], [ 7.66537, 45.07782 ], [ 7.6654, 45.07787 ], [ 7.66547, 45.07784 ], [ 7.66541, 45.07776 ], [ 7.66541, 45.07776 ] ] ] } },
{ "type": "Feature", "properties": { "uuid": "3e30ee38-3acb-4c05-bb0d-3f8981efe42b", "data_acq": "2017-12-31 00:00:00", "data_agg": "2017-12-31 00:00:00", "data_fin": "9999-12-31 00:00:00", "ente_for": "REGIONE PIEMONTE", "ente_prod": "ARPA PIEMONTE", "modo_prod": "banche dati esterne - geometrie da catasto, altezza volumi da ARPA PIEMONTE (DSM-DTM,LAS)", "sc_acq": "1:10000", "un_vol_av": "5", "un_vol_por": "al suolo", "un_vol_qe": "", "un_vol_ex": "altezza", "source": "BDTRE un_vol" }, "geometry": { "type": "Polygon", "coordinates": [ [ [ 7.69384, 45.06967 ], [ 7.6939, 45.06975 ], [ 7.69391, 45.06974 ], [ 7.69394, 45.06975 ], [ 7.69385, 45.06984 ], [ 7.69382, 45.06983 ], [ 7.69375, 45.06985 ], [ 7.69366, 45.06973 ], [ 7.69376, 45.06969 ], [ 7.69378, 45.06969 ], [ 7.69384, 45.06967 ] ] ] } },
{ "type": "Feature", "properties": { "uuid": "72e22bac-826d-4631-ac8b-9667cf51b82c", "data_acq": "2017-12-31 00:00:00", "data_agg": "2017-12-31 00:00:00", "data_fin": "9999-12-31 00:00:00", "ente_for": "REGIONE PIEMONTE", "ente_prod": "ARPA PIEMONTE", "modo_prod": "banche dati esterne - geometrie da catasto, altezza volumi da ARPA PIEMONTE (DSM-DTM,LAS)", "sc_acq": "1:10000", "un_vol_av": "10", "un_vol_por": "al suolo", "un_vol_qe": "", "un_vol_ex": "altezza", "source": "BDTRE un_vol" }, "geometry": { "type": "Polygon", "coordinates": [ [ [ 7.68266, 45.06499 ], [ 7.68257, 45.06502 ], [ 7.68257, 45.06502 ], [ 7.6825, 45.06505 ], [ 7.6824, 45.06509 ], [ 7.68236, 45.06504 ], [ 7.68243, 45.06501 ], [ 7.68255, 45.06497 ], [ 7.68257, 45.06497 ], [ 7.68255, 45.06493 ], [ 7.68254, 45.06492 ], [ 7.68258, 45.0649 ], [ 7.6826, 45.0649 ], [ 7.68262, 45.06493 ], [ 7.68266, 45.06498 ], [ 7.68266, 45.06499 ] ] ] } },
{ "type": "Feature", "properties": { "uuid": "48cb1f39-fcc3-4e47-9eb3-f2518eaf331a", "data_acq": "2017-12-31 00:00:00", "data_agg": "2017-12-31 00:00:00", "data_fin": "9999-12-31 00:00:00", "ente_for": "REGIONE PIEMONTE", "ente_prod": "ARPA PIEMONTE", "modo_prod": "banche dati esterne - geometrie da catasto, altezza volumi da ARPA PIEMONTE (DSM-DTM,LAS)", "sc_acq": "1:10000", "un_vol_av": "3", "un_vol_por": "al suolo", "un_vol_qe": "", "un_vol_ex": "altezza", "source": "BDTRE un_vol" }, "geometry": { "type": "Polygon", "coordinates": [ [ [ 7.66652, 45.08186 ], [ 7.6665, 45.08183 ], [ 7.6665, 45.08183 ], [ 7.66658, 45.0818 ], [ 7.66659, 45.08182 ], [ 7.6666, 45.08184 ], [ 7.66652, 45.08186 ] ] ] } },
{ "type": "Feature", "properties": { "uuid": "b1a6cc85-3ccd-4efc-9b08-82b4f86c46c2", "data_acq": "2017-12-31 00:00:00", "data_agg": "2017-12-31 00:00:00", "data_fin": "9999-12-31 00:00:00", "ente_for": "REGIONE PIEMONTE", "ente_prod": "ARPA PIEMONTE", "modo_prod": "banche dati esterne - geometrie da catasto, altezza volumi da ARPA PIEMONTE (DSM-DTM,LAS)", "sc_acq": "1:10000", "un_vol_av": "3", "un_vol_por": "al suolo", "un_vol_qe": "", "un_vol_ex": "altezza", "source": "BDTRE un_vol" }, "geometry": { "type": "Polygon", "coordinates": [ [ [ 7.69179, 45.08114 ], [ 7.69181, 45.08112 ], [ 7.69184, 45.08113 ], [ 7.69181, 45.08116 ], [ 7.69192, 45.08121 ], [ 7.69177, 45.08127 ], [ 7.6917, 45.08124 ], [ 7.69179, 45.08114 ] ] ] } },
{ "type": "Feature", "properties": { "uuid": "15753c7c-8d2d-4039-85b0-1cacd4f4cdc8", "data_acq": "2017-12-31 00:00:00", "data_agg": "2017-12-31 00:00:00", "data_fin": "9999-12-31 00:00:00", "ente_for": "REGIONE PIEMONTE", "ente_prod": "ARPA PIEMONTE", "modo_prod": "banche dati esterne - geometrie da catasto, altezza volumi da ARPA PIEMONTE (DSM-DTM,LAS)", "sc_acq": "1:10000", "un_vol_av": "7", "un_vol_por": "al suolo", "un_vol_qe": "", "un_vol_ex": "altezza", "source": "BDTRE un_vol" }, "geometry": { "type": "Polygon", "coordinates": [ [ [ 7.68346, 45.08406 ], [ 7.68337, 45.08409 ], [ 7.68336, 45.08409 ], [ 7.68325, 45.08393 ], [ 7.68315, 45.084 ], [ 7.68296, 45.08411 ], [ 7.68295, 45.08411 ], [ 7.68286, 45.08417 ], [ 7.68267, 45.08429 ], [ 7.68267, 45.08429 ], [ 7.68243, 45.08444 ], [ 7.68237, 45.08439 ], [ 7.68255, 45.08427 ], [ 7.68293, 45.08402 ], [ 7.68329, 45.0838 ], [ 7.68336, 45.0839 ], [ 7.68346, 45.08406 ] ] ] } },
{ "type": "Feature", "properties": { "uuid": "749057e0-c167-4ab0-b7ee-23c06fbe6062", "data_acq": "2017-12-31 00:00:00", "data_agg": "2017-12-31 00:00:00", "data_fin": "9999-12-31 00:00:00", "ente_for": "REGIONE PIEMONTE", "ente_prod": "ARPA PIEMONTE", "modo_prod": "banche dati esterne - geometrie da catasto, altezza volumi da ARPA PIEMONTE (DSM-DTM,LAS)", "sc_acq": "1:10000", "un_vol_av": "11", "un_vol_por": "al suolo", "un_vol_qe": "", "un_vol_ex": "altezza", "source": "BDTRE un_vol" }, "geometry": { "type": "Polygon", "coordinates": [ [ [ 7.6695, 45.06774 ], [ 7.66947, 45.06769 ], [ 7.66946, 45.06768 ], [ 7.6694, 45.06771 ], [ 7.66944, 45.06776 ], [ 7.6695, 45.06774 ], [ 7.6695, 45.06774 ] ] ] } },
{ "type": "Feature", "properties": { "uuid": "030ffd96-0431-4f44-a6e4-24741877dbd1", "data_acq": "2017-12-31 00:00:00", "data_agg": "2017-12-31 00:00:00", "data_fin": "9999-12-31 00:00:00", "ente_for": "REGIONE PIEMONTE", "ente_prod": "ARPA PIEMONTE", "modo_prod": "banche dati esterne - geometrie da catasto, altezza volumi da ARPA PIEMONTE (DSM-DTM,LAS)", "sc_acq": "1:10000", "un_vol_av": "5", "un_vol_por": "al suolo", "un_vol_qe": "", "un_vol_ex": "altezza", "source": "BDTRE un_vol" }, "geometry": { "type": "Polygon", "coordinates": [ [ [ 7.66769, 45.07927 ], [ 7.66782, 45.07941 ], [ 7.66777, 45.07943 ], [ 7.66766, 45.0793 ], [ 7.66768, 45.07929 ], [ 7.66768, 45.07929 ], [ 7.66767, 45.07928 ], [ 7.66768, 45.07928 ], [ 7.66767, 45.07927 ], [ 7.66767, 45.07927 ], [ 7.66768, 45.07926 ], [ 7.66769, 45.07927 ] ] ] } },
{ "type": "Feature", "properties": { "uuid": "04ac8500-0c2a-4fa4-9c96-eeff2f32d8ca", "data_acq": "2017-12-31 00:00:00", "data_agg": "2017-12-31 00:00:00", "data_fin": "9999-12-31 00:00:00", "ente_for": "REGIONE PIEMONTE", "ente_prod": "ARPA PIEMONTE", "modo_prod": "banche dati esterne - geometrie da catasto, altezza volumi da ARPA PIEMONTE (DSM-DTM,LAS)", "sc_acq": "1:10000", "un_vol_av": "6", "un_vol_por": "al suolo", "un_vol_qe": "", "un_vol_ex": "altezza", "source": "BDTRE un_vol" }, "geometry": { "type": "Polygon", "coordinates": [ [ [ 7.66553, 45.07351 ], [ 7.66549, 45.07344 ], [ 7.66543, 45.07347 ], [ 7.6655, 45.07357 ], [ 7.66544, 45.0736 ], [ 7.66548, 45.07366 ], [ 7.66555, 45.07363 ], [ 7.66555, 45.07363 ], [ 7.66558, 45.07362 ], [ 7.66561, 45.07361 ], [ 7.66553, 45.07351 ] ] ] } },
{ "type": "Feature", "properties": { "uuid": "769ab79c-5c8d-4191-8ebf-7a8760adc868", "data_acq": "2017-12-31 00:00:00", "data_agg": "2017-12-31 00:00:00", "data_fin": "9999-12-31 00:00:00", "ente_for": "REGIONE PIEMONTE", "ente_prod": "ARPA PIEMONTE", "modo_prod": "banche dati esterne - geometrie da catasto, altezza volumi da ARPA PIEMONTE (DSM-DTM,LAS)", "sc_acq": "1:10000", "un_vol_av": "4", "un_vol_por": "al suolo", "un_vol_qe": "", "un_vol_ex": "altezza", "source": "BDTRE un_vol" }, "geometry": { "type": "Polygon", "coordinates": [ [ [ 7.67329, 45.08245 ], [ 7.67329, 45.08245 ], [ 7.67325, 45.08247 ], [ 7.67322, 45.08248 ], [ 7.67319, 45.08244 ], [ 7.67333, 45.08239 ], [ 7.6733, 45.08234 ], [ 7.67335, 45.08232 ], [ 7.67342, 45.08241 ], [ 7.67336, 45.08243 ], [ 7.67329, 45.08245 ] ] ] } },
{ "type": "Feature", "properties": { "uuid": "b5932f6c-d789-4fba-81ca-4c70adb894f0", "data_acq": "2017-12-31 00:00:00", "data_agg": "2017-12-31 00:00:00", "data_fin": "9999-12-31 00:00:00", "ente_for": "REGIONE PIEMONTE", "ente_prod": "ARPA PIEMONTE", "modo_prod": "banche dati esterne - geometrie da catasto, altezza volumi da ARPA PIEMONTE (DSM-DTM,LAS)", "sc_acq": "1:10000", "un_vol_av": "5", "un_vol_por": "al suolo", "un_vol_qe": "", "un_vol_ex": "altezza", "source": "BDTRE un_vol" }, "geometry": { "type": "Polygon", "coordinates": [ [ [ 7.69002, 45.0835 ], [ 7.68992, 45.08349 ], [ 7.68988, 45.08348 ], [ 7.68978, 45.08347 ], [ 7.68976, 45.08346 ], [ 7.68977, 45.08344 ], [ 7.68974, 45.08344 ], [ 7.68976, 45.08338 ], [ 7.68987, 45.0834 ], [ 7.68986, 45.08344 ], [ 7.69001, 45.08346 ], [ 7.69002, 45.08346 ], [ 7.69003, 45.08347 ], [ 7.69002, 45.0835 ] ] ] } },
{ "type": "Feature", "properties": { "uuid": "cc38da95-4f0e-463b-9712-fd47ae02fa31", "data_acq": "2017-12-31 00:00:00", "data_agg": "2017-12-31 00:00:00", "data_fin": "9999-12-31 00:00:00", "ente_for": "REGIONE PIEMONTE", "ente_prod": "ARPA PIEMONTE", "modo_prod": "banche dati esterne - geometrie da catasto, altezza volumi da ARPA PIEMONTE (DSM-DTM,LAS)", "sc_acq": "1:10000", "un_vol_av": "12", "un_vol_por": "al suolo", "un_vol_qe": "", "un_vol_ex": "altezza", "source": "BDTRE un_vol" }, "geometry": { "type": "Polygon", "coordinates": [ [ [ 7.67004, 45.08038 ], [ 7.67004, 45.08037 ], [ 7.67019, 45.08032 ], [ 7.67019, 45.08033 ], [ 7.67019, 45.08033 ], [ 7.67059, 45.08019 ], [ 7.67037, 45.07988 ], [ 7.67018, 45.07993 ], [ 7.67, 45.07997 ], [ 7.67, 45.07997 ], [ 7.6699, 45.08 ], [ 7.66981, 45.08002 ], [ 7.66981, 45.08002 ], [ 7.66981, 45.08002 ], [ 7.6698, 45.08002 ], [ 7.66973, 45.08004 ], [ 7.66965, 45.08006 ], [ 7.66965, 45.08006 ], [ 7.66959, 45.08007 ], [ 7.66952, 45.08009 ], [ 7.66952, 45.08009 ], [ 7.66952, 45.08009 ], [ 7.66952, 45.08009 ], [ 7.66944, 45.08011 ], [ 7.66937, 45.08013 ], [ 7.66963, 45.08051 ], [ 7.66987, 45.08043 ], [ 7.67004, 45.08038 ], [ 7.67004, 45.08038 ] ], [ [ 7.67016, 45.08026 ], [ 7.67016, 45.08026 ], [ 7.67017, 45.08027 ], [ 7.67001, 45.08033 ], [ 7.66997, 45.08026 ], [ 7.67006, 45.08023 ], [ 7.67006, 45.08023 ], [ 7.67007, 45.08022 ], [ 7.67008, 45.08021 ], [ 7.67008, 45.08021 ], [ 7.67008, 45.0802 ], [ 7.67007, 45.08019 ], [ 7.67007, 45.08018 ], [ 7.67006, 45.08018 ], [ 7.67004, 45.08017 ], [ 7.67003, 45.08017 ], [ 7.67002, 45.08017 ], [ 7.66998, 45.08018 ], [ 7.66991, 45.08007 ], [ 7.67014, 45.08001 ], [ 7.67014, 45.08 ], [ 7.67024, 45.07998 ], [ 7.67038, 45.08017 ], [ 7.67019, 45.08023 ], [ 7.6702, 45.08024 ], [ 7.6702, 45.08024 ], [ 7.67016, 45.08026 ] ] ] } },
{ "type": "Feature", "properties": { "uuid": "f4a5ab33-3fc8-4ca1-bc3d-3c68922a5a16", "data_acq": "2017-12-31 00:00:00", "data_agg": "2017-12-31 00:00:00", "data_fin": "9999-12-31 00:00:00", "ente_for": "REGIONE PIEMONTE", "ente_prod": "ARPA PIEMONTE", "modo_prod": "banche dati esterne - geometrie da catasto, altezza volumi da ARPA PIEMONTE (DSM-DTM,LAS)", "sc_acq": "1:10000", "un_vol_av": "4", "un_vol_por": "al suolo", "un_vol_qe": "", "un_vol_ex": "altezza", "source": "BDTRE un_vol" }, "geometry": { "type": "Polygon", "coordinates": [ [ [ 7.66619, 45.08395 ], [ 7.66628, 45.08392 ], [ 7.66632, 45.084 ], [ 7.6663, 45.08401 ], [ 7.66625, 45.08403 ], [ 7.66623, 45.08403 ], [ 7.66623, 45.08403 ], [ 7.66621, 45.08399 ], [ 7.66619, 45.08395 ] ] ] } },
{ "type": "Feature", "properties": { "uuid": "fcb690b9-61f8-47a7-91e7-713281f5befe", "data_acq": "2017-12-31 00:00:00", "data_agg": "2017-12-31 00:00:00", "data_fin": "9999-12-31 00:00:00", "ente_for": "REGIONE PIEMONTE", "ente_prod": "ARPA PIEMONTE", "modo_prod": "banche dati esterne - geometrie da catasto, altezza volumi da ARPA PIEMONTE (DSM-DTM,LAS)", "sc_acq": "1:10000", "un_vol_av": "20", "un_vol_por": "al suolo", "un_vol_qe": "", "un_vol_ex": "altezza", "source": "BDTRE un_vol" }, "geometry": { "type": "Polygon", "coordinates": [ [ [ 7.6697, 45.07039 ], [ 7.66966, 45.07034 ], [ 7.66961, 45.07026 ], [ 7.66956, 45.0702 ], [ 7.66983, 45.0701 ], [ 7.66991, 45.07021 ], [ 7.66981, 45.07025 ], [ 7.66981, 45.07025 ], [ 7.6698, 45.07026 ], [ 7.66985, 45.07034 ], [ 7.6697, 45.07039 ] ] ] } },
{ "type": "Feature", "properties": { "uuid": "7ecc83d6-d02d-4bbd-86e3-6c626429f08c", "data_acq": "2017-12-31 00:00:00", "data_agg": "2017-12-31 00:00:00", "data_fin": "9999-12-31 00:00:00", "ente_for": "REGIONE PIEMONTE", "ente_prod": "ARPA PIEMONTE", "modo_prod": "banche dati esterne - geometrie da catasto, altezza volumi da ARPA PIEMONTE (DSM-DTM,LAS)", "sc_acq": "1:10000", "un_vol_av": "4", "un_vol_por": "al suolo", "un_vol_qe": "", "un_vol_ex": "altezza", "source": "BDTRE un_vol" }, "geometry": { "type": "Polygon", "coordinates": [ [ [ 7.69343, 45.07836 ], [ 7.69344, 45.07836 ], [ 7.69344, 45.07836 ], [ 7.69343, 45.07837 ], [ 7.69343, 45.07837 ], [ 7.69335, 45.07834 ], [ 7.69336, 45.07833 ], [ 7.69343, 45.07836 ] ] ] } },
{ "type": "Feature", "properties": { "uuid": "83ced8e3-9e9f-4ca8-b644-c33287bbc4a0", "data_acq": "2017-12-31 00:00:00", "data_agg": "2017-12-31 00:00:00", "data_fin": "9999-12-31 00:00:00", "ente_for": "REGIONE PIEMONTE", "ente_prod": "ARPA PIEMONTE", "modo_prod": "banche dati esterne - geometrie da catasto, altezza volumi da ARPA PIEMONTE (DSM-DTM,LAS)", "sc_acq": "1:10000", "un_vol_av": "4", "un_vol_por": "al suolo", "un_vol_qe": "", "un_vol_ex": "altezza", "source": "BDTRE un_vol" }, "geometry": { "type": "Polygon", "coordinates": [ [ [ 7.67445, 45.08213 ], [ 7.67439, 45.08204 ], [ 7.67436, 45.082 ], [ 7.67434, 45.082 ], [ 7.67431, 45.08201 ], [ 7.67435, 45.08206 ], [ 7.67422, 45.0821 ], [ 7.67424, 45.08213 ], [ 7.67428, 45.08219 ], [ 7.6744, 45.08215 ], [ 7.67445, 45.08213 ] ] ] } },
{ "type": "Feature", "properties": { "uuid": "5738446e-5fb3-4b0a-aeb0-977bfec9ab89", "data_acq": "2017-12-31 00:00:00", "data_agg": "2017-12-31 00:00:00", "data_fin": "9999-12-31 00:00:00", "ente_for": "REGIONE PIEMONTE", "ente_prod": "ARPA PIEMONTE", "modo_prod": "banche dati esterne - geometrie da catasto, altezza volumi da ARPA PIEMONTE (DSM-DTM,LAS)", "sc_acq": "1:10000", "un_vol_av": "3", "un_vol_por": "al suolo", "un_vol_qe": "", "un_vol_ex": "altezza", "source": "BDTRE un_vol" }, "geometry": { "type": "Polygon", "coordinates": [ [ [ 7.68473, 45.07138 ], [ 7.68476, 45.07137 ], [ 7.68478, 45.07138 ], [ 7.68479, 45.0714 ], [ 7.68479, 45.07141 ], [ 7.68476, 45.07142 ], [ 7.68474, 45.07142 ], [ 7.68473, 45.07139 ], [ 7.68473, 45.07138 ] ] ] } },
{ "type": "Feature", "properties": { "uuid": "322d1da8-c06e-43d6-a184-f1e98bab277b", "data_acq": "2017-12-31 00:00:00", "data_agg": "2017-12-31 00:00:00", "data_fin": "9999-12-31 00:00:00", "ente_for": "REGIONE PIEMONTE", "ente_prod": "ARPA PIEMONTE", "modo_prod": "banche dati esterne - geometrie da catasto, altezza volumi da ARPA PIEMONTE (DSM-DTM,LAS)", "sc_acq": "1:10000", "un_vol_av": "11", "un_vol_por": "al suolo", "un_vol_qe": "", "un_vol_ex": "altezza", "source": "BDTRE un_vol" }, "geometry": { "type": "Polygon", "coordinates": [ [ [ 7.68438, 45.06721 ], [ 7.68447, 45.06718 ], [ 7.68459, 45.06713 ], [ 7.68463, 45.06718 ], [ 7.68467, 45.06724 ], [ 7.6847, 45.06728 ], [ 7.68471, 45.0673 ], [ 7.68463, 45.06733 ], [ 7.68464, 45.06734 ], [ 7.68464, 45.06734 ], [ 7.68448, 45.0674 ], [ 7.68447, 45.06739 ], [ 7.68439, 45.06742 ], [ 7.68433, 45.06733 ], [ 7.6843, 45.06729 ], [ 7.68439, 45.06726 ], [ 7.68436, 45.06722 ], [ 7.68438, 45.06721 ] ] ] } },
{ "type": "Feature", "properties": { "uuid": "042bd2c2-9ea1-4d00-b6be-abba008509c4", "data_acq": "2017-12-31 00:00:00", "data_agg": "2017-12-31 00:00:00", "data_fin": "9999-12-31 00:00:00", "ente_for": "REGIONE PIEMONTE", "ente_prod": "ARPA PIEMONTE", "modo_prod": "banche dati esterne - geometrie da catasto, altezza volumi da ARPA PIEMONTE (DSM-DTM,LAS)", "sc_acq": "1:10000", "un_vol_av": "4", "un_vol_por": "al suolo", "un_vol_qe": "", "un_vol_ex": "altezza", "source": "BDTRE un_vol" }, "geometry": { "type": "Polygon", "coordinates": [ [ [ 7.67852, 45.08111 ], [ 7.67877, 45.08146 ], [ 7.67865, 45.0815 ], [ 7.6784, 45.08115 ], [ 7.67852, 45.08111 ] ] ] } },
{ "type": "Feature", "properties": { "uuid": "b9dc751d-4cd1-4214-8f81-2523013fc938", "data_acq": "2017-12-31 00:00:00", "data_agg": "2017-12-31 00:00:00", "data_fin": "9999-12-31 00:00:00", "ente_for": "REGIONE PIEMONTE", "ente_prod": "ARPA PIEMONTE", "modo_prod": "banche dati esterne - geometrie da catasto, altezza volumi da ARPA PIEMONTE (DSM-DTM,LAS)", "sc_acq": "1:10000", "un_vol_av": "12", "un_vol_por": "al suolo", "un_vol_qe": "", "un_vol_ex": "altezza", "source": "BDTRE un_vol" }, "geometry": { "type": "Polygon", "coordinates": [ [ [ 7.67147, 45.06813 ], [ 7.67123, 45.06776 ], [ 7.67123, 45.06776 ], [ 7.67122, 45.06776 ], [ 7.67122, 45.06776 ], [ 7.67101, 45.06784 ], [ 7.671, 45.06783 ], [ 7.67087, 45.06788 ], [ 7.67087, 45.06789 ], [ 7.67065, 45.06797 ], [ 7.6709, 45.06832 ], [ 7.67091, 45.06833 ], [ 7.67105, 45.06828 ], [ 7.6709, 45.06806 ], [ 7.67094, 45.06804 ], [ 7.67097, 45.06803 ], [ 7.67098, 45.06803 ], [ 7.67097, 45.06801 ], [ 7.67105, 45.06798 ], [ 7.67105, 45.06798 ], [ 7.67105, 45.06798 ], [ 7.67105, 45.06798 ], [ 7.67108, 45.06797 ], [ 7.67108, 45.06797 ], [ 7.67116, 45.06794 ], [ 7.67133, 45.06818 ], [ 7.67147, 45.06813 ] ] ] } },
{ "type": "Feature", "properties": { "uuid": "da3d0ec2-c69f-4364-8202-b193419fb090", "data_acq": "2017-12-31 00:00:00", "data_agg": "2017-12-31 00:00:00", "data_fin": "9999-12-31 00:00:00", "ente_for": "REGIONE PIEMONTE", "ente_prod": "ARPA PIEMONTE", "modo_prod": "banche dati esterne - geometrie da catasto, altezza volumi da ARPA PIEMONTE (DSM-DTM,LAS)", "sc_acq": "1:10000", "un_vol_av": "5", "un_vol_por": "al suolo", "un_vol_qe": "", "un_vol_ex": "altezza", "source": "BDTRE un_vol" }, "geometry": { "type": "Polygon", "coordinates": [ [ [ 7.67022, 45.08192 ], [ 7.67006, 45.08211 ], [ 7.66993, 45.08206 ], [ 7.66992, 45.08206 ], [ 7.6699, 45.08204 ], [ 7.66986, 45.08203 ], [ 7.66981, 45.08201 ], [ 7.66985, 45.08199 ], [ 7.66988, 45.08199 ], [ 7.66996, 45.08202 ], [ 7.67009, 45.08186 ], [ 7.67022, 45.08192 ] ] ] } },
{ "type": "Feature", "properties": { "uuid": "33f8f6be-cd69-4a86-8db7-18d966c8bb23", "data_acq": "2017-12-31 00:00:00", "data_agg": "2017-12-31 00:00:00", "data_fin": "9999-12-31 00:00:00", "ente_for": "REGIONE PIEMONTE", "ente_prod": "ARPA PIEMONTE", "modo_prod": "banche dati esterne - geometrie da catasto, altezza volumi da ARPA PIEMONTE (DSM-DTM,LAS)", "sc_acq": "1:10000", "un_vol_av": "3", "un_vol_por": "al suolo", "un_vol_qe": "", "un_vol_ex": "altezza", "source": "BDTRE un_vol" }, "geometry": { "type": "Polygon", "coordinates": [ [ [ 7.69241, 45.08461 ], [ 7.69243, 45.08462 ], [ 7.69242, 45.08464 ], [ 7.69241, 45.08464 ], [ 7.69234, 45.08474 ], [ 7.69233, 45.08475 ], [ 7.69226, 45.08473 ], [ 7.69228, 45.08469 ], [ 7.69225, 45.08468 ], [ 7.69239, 45.08448 ], [ 7.69249, 45.08451 ], [ 7.69241, 45.08461 ] ] ] } },
{ "type": "Feature", "properties": { "uuid": "23bf84ca-ae07-490f-b806-f4bed6b36a6a", "data_acq": "2017-12-31 00:00:00", "data_agg": "2017-12-31 00:00:00", "data_fin": "9999-12-31 00:00:00", "ente_for": "REGIONE PIEMONTE", "ente_prod": "ARPA PIEMONTE", "modo_prod": "banche dati esterne - geometrie da catasto, altezza volumi da ARPA PIEMONTE (DSM-DTM,LAS)", "sc_acq": "1:10000", "un_vol_av": "10", "un_vol_por": "al suolo", "un_vol_qe": "", "un_vol_ex": "altezza", "source": "BDTRE un_vol" }, "geometry": { "type": "Polygon", "coordinates": [ [ [ 7.67631, 45.06664 ], [ 7.67637, 45.06663 ], [ 7.6765, 45.06681 ], [ 7.6765, 45.06682 ], [ 7.6765, 45.06682 ], [ 7.67652, 45.06685 ], [ 7.67647, 45.06687 ], [ 7.67643, 45.06681 ], [ 7.67632, 45.06665 ], [ 7.67631, 45.06664 ] ] ] } },
{ "type": "Feature", "properties": { "uuid": "58b8ede0-5554-4b58-b6b3-63bea08f3d15", "data_acq": "2017-12-31 00:00:00", "data_agg": "2017-12-31 00:00:00", "data_fin": "9999-12-31 00:00:00", "ente_for": "REGIONE PIEMONTE", "ente_prod": "ARPA PIEMONTE", "modo_prod": "banche dati esterne - geometrie da catasto, altezza volumi da ARPA PIEMONTE (DSM-DTM,LAS)", "sc_acq": "1:10000", "un_vol_av": "3", "un_vol_por": "al suolo", "un_vol_qe": "", "un_vol_ex": "altezza", "source": "BDTRE un_vol" }, "geometry": { "type": "Polygon", "coordinates": [ [ [ 7.68733, 45.07876 ], [ 7.68732, 45.07876 ], [ 7.68725, 45.07879 ], [ 7.68725, 45.07879 ], [ 7.68716, 45.07869 ], [ 7.68725, 45.07866 ], [ 7.68724, 45.07864 ], [ 7.68731, 45.07862 ], [ 7.68737, 45.07872 ], [ 7.68738, 45.07872 ], [ 7.68739, 45.07874 ], [ 7.68733, 45.07876 ] ] ] } },
{ "type": "Feature", "properties": { "uuid": "7d609d81-c372-45ed-83dc-ebdbc2252585", "data_acq": "2017-12-31 00:00:00", "data_agg": "2017-12-31 00:00:00", "data_fin": "9999-12-31 00:00:00", "ente_for": "REGIONE PIEMONTE", "ente_prod": "ARPA PIEMONTE", "modo_prod": "banche dati esterne - geometrie da catasto, altezza volumi da ARPA PIEMONTE (DSM-DTM,LAS)", "sc_acq": "1:10000", "un_vol_av": "13", "un_vol_por": "al suolo", "un_vol_qe": "", "un_vol_ex": "altezza", "source": "BDTRE un_vol" }, "geometry": { "type": "Polygon", "coordinates": [ [ [ 7.67077, 45.07897 ], [ 7.67066, 45.079 ], [ 7.67064, 45.07901 ], [ 7.67065, 45.07902 ], [ 7.67058, 45.07904 ], [ 7.67058, 45.07903 ], [ 7.6705, 45.07906 ], [ 7.67047, 45.07901 ], [ 7.67043, 45.07896 ], [ 7.67048, 45.07894 ], [ 7.6707, 45.07887 ], [ 7.67077, 45.07897 ] ] ] } },
{ "type": "Feature", "properties": { "uuid": "7d810bd4-f9a4-48f7-ad42-7a6222c2c1f0", "data_acq": "2017-12-31 00:00:00", "data_agg": "2017-12-31 00:00:00", "data_fin": "9999-12-31 00:00:00", "ente_for": "REGIONE PIEMONTE", "ente_prod": "ARPA PIEMONTE", "modo_prod": "banche dati esterne - geometrie da catasto, altezza volumi da ARPA PIEMONTE (DSM-DTM,LAS)", "sc_acq": "1:10000", "un_vol_av": "16", "un_vol_por": "al suolo", "un_vol_qe": "", "un_vol_ex": "altezza", "source": "BDTRE un_vol" }, "geometry": { "type": "Polygon", "coordinates": [ [ [ 7.66786, 45.08008 ], [ 7.6678, 45.0801 ], [ 7.6678, 45.08009 ], [ 7.66778, 45.08011 ], [ 7.66773, 45.0801 ], [ 7.6677, 45.08011 ], [ 7.66768, 45.0801 ], [ 7.66769, 45.08009 ], [ 7.66767, 45.08007 ], [ 7.6677, 45.08006 ], [ 7.66767, 45.08002 ], [ 7.66766, 45.08 ], [ 7.66758, 45.08003 ], [ 7.66759, 45.08005 ], [ 7.66756, 45.08006 ], [ 7.66758, 45.08008 ], [ 7.66752, 45.08011 ], [ 7.66745, 45.08 ], [ 7.6675, 45.07998 ], [ 7.66751, 45.07997 ], [ 7.66752, 45.08 ], [ 7.66755, 45.07998 ], [ 7.66756, 45.08001 ], [ 7.66765, 45.07998 ], [ 7.66762, 45.07994 ], [ 7.66773, 45.0799 ], [ 7.66773, 45.07989 ], [ 7.66778, 45.07996 ], [ 7.66769, 45.07999 ], [ 7.66771, 45.08001 ], [ 7.66773, 45.08004 ], [ 7.66774, 45.08004 ], [ 7.66777, 45.08005 ], [ 7.66779, 45.08004 ], [ 7.66781, 45.08005 ], [ 7.66783, 45.08004 ], [ 7.66786, 45.08008 ] ] ] } },
{ "type": "Feature", "properties": { "uuid": "28b1e300-95d6-4017-8803-12fe10a6bb4b", "data_acq": "2017-12-31 00:00:00", "data_agg": "2017-12-31 00:00:00", "data_fin": "9999-12-31 00:00:00", "ente_for": "REGIONE PIEMONTE", "ente_prod": "ARPA PIEMONTE", "modo_prod": "banche dati esterne - geometrie da catasto, altezza volumi da ARPA PIEMONTE (DSM-DTM,LAS)", "sc_acq": "1:10000", "un_vol_av": "10", "un_vol_por": "al suolo", "un_vol_qe": "", "un_vol_ex": "altezza", "source": "BDTRE un_vol" }, "geometry": { "type": "Polygon", "coordinates": [ [ [ 7.66735, 45.0661 ], [ 7.66732, 45.0661 ], [ 7.66732, 45.06608 ], [ 7.66716, 45.06605 ], [ 7.66715, 45.06606 ], [ 7.66712, 45.06605 ], [ 7.66707, 45.06614 ], [ 7.66717, 45.06617 ], [ 7.66717, 45.06617 ], [ 7.66718, 45.06618 ], [ 7.66719, 45.06617 ], [ 7.66721, 45.06618 ], [ 7.66722, 45.06617 ], [ 7.66731, 45.06619 ], [ 7.66735, 45.0661 ] ] ] } },
{ "type": "Feature", "properties": { "uuid": "1b9f7e7f-4a89-4ec7-be22-288931be1142", "data_acq": "2017-12-31 00:00:00", "data_agg": "2017-12-31 00:00:00", "data_fin": "9999-12-31 00:00:00", "ente_for": "REGIONE PIEMONTE", "ente_prod": "ARPA PIEMONTE", "modo_prod": "banche dati esterne - geometrie da catasto, altezza volumi da ARPA PIEMONTE (DSM-DTM,LAS)", "sc_acq": "1:10000", "un_vol_av": "3", "un_vol_por": "al suolo", "un_vol_qe": "", "un_vol_ex": "altezza", "source": "BDTRE un_vol" }, "geometry": { "type": "Polygon", "coordinates": [ [ [ 7.67178, 45.07865 ], [ 7.67169, 45.07852 ], [ 7.67175, 45.0785 ], [ 7.67182, 45.07848 ], [ 7.67185, 45.07853 ], [ 7.67178, 45.07855 ], [ 7.67183, 45.07863 ], [ 7.67178, 45.07865 ] ] ] } },
{ "type": "Feature", "properties": { "uuid": "38be4abf-eff7-404b-8cdc-cdefa51c1dd1", "data_acq": "2017-12-31 00:00:00", "data_agg": "2017-12-31 00:00:00", "data_fin": "9999-12-31 00:00:00", "ente_for": "REGIONE PIEMONTE", "ente_prod": "ARPA PIEMONTE", "modo_prod": "banche dati esterne - geometrie da catasto, altezza volumi da ARPA PIEMONTE (DSM-DTM,LAS)", "sc_acq": "1:10000", "un_vol_av": "3", "un_vol_por": "al suolo", "un_vol_qe": "", "un_vol_ex": "altezza", "source": "BDTRE un_vol" }, "geometry": { "type": "Polygon", "coordinates": [ [ [ 7.66755, 45.08098 ], [ 7.66751, 45.08092 ], [ 7.66737, 45.08097 ], [ 7.66742, 45.08103 ], [ 7.66751, 45.081 ], [ 7.66752, 45.08102 ], [ 7.66757, 45.08101 ], [ 7.66755, 45.08098 ] ] ] } },
{ "type": "Feature", "properties": { "uuid": "72e1b744-6759-4b62-8447-999a3dc25231", "data_acq": "2017-12-31 00:00:00", "data_agg": "2017-12-31 00:00:00", "data_fin": "9999-12-31 00:00:00", "ente_for": "REGIONE PIEMONTE", "ente_prod": "ARPA PIEMONTE", "modo_prod": "banche dati esterne - geometrie da catasto, altezza volumi da ARPA PIEMONTE (DSM-DTM,LAS)", "sc_acq": "1:10000", "un_vol_av": "6", "un_vol_por": "al suolo", "un_vol_qe": "", "un_vol_ex": "altezza", "source": "BDTRE un_vol" }, "geometry": { "type": "Polygon", "coordinates": [ [ [ 7.67756, 45.08524 ], [ 7.67756, 45.08524 ], [ 7.67741, 45.08503 ], [ 7.67756, 45.08498 ], [ 7.67761, 45.08506 ], [ 7.67776, 45.08501 ], [ 7.67784, 45.08513 ], [ 7.67756, 45.08524 ] ] ] } },
{ "type": "Feature", "properties": { "uuid": "fb68fd5b-b0ea-4cba-b1d1-0a92514dde83", "data_acq": "2017-12-31 00:00:00", "data_agg": "2017-12-31 00:00:00", "data_fin": "9999-12-31 00:00:00", "ente_for": "REGIONE PIEMONTE", "ente_prod": "ARPA PIEMONTE", "modo_prod": "banche dati esterne - geometrie da catasto, altezza volumi da ARPA PIEMONTE (DSM-DTM,LAS)", "sc_acq": "1:10000", "un_vol_av": "9", "un_vol_por": "al suolo", "un_vol_qe": "", "un_vol_ex": "altezza", "source": "BDTRE un_vol" }, "geometry": { "type": "Polygon", "coordinates": [ [ [ 7.69502, 45.07889 ], [ 7.69507, 45.07892 ], [ 7.69509, 45.07892 ], [ 7.69532, 45.07903 ], [ 7.69558, 45.07914 ], [ 7.69541, 45.07933 ], [ 7.69542, 45.07933 ], [ 7.69528, 45.07949 ], [ 7.69527, 45.07949 ], [ 7.6952, 45.07957 ], [ 7.69519, 45.07956 ], [ 7.69445, 45.07923 ], [ 7.69442, 45.07921 ], [ 7.69467, 45.07894 ], [ 7.69473, 45.07888 ], [ 7.6949, 45.07895 ], [ 7.69497, 45.07887 ], [ 7.69498, 45.07888 ], [ 7.69502, 45.07889 ] ] ] } },
{ "type": "Feature", "properties": { "uuid": "58e497f9-31e5-4165-9f7d-86558959c61d", "data_acq": "2017-12-31 00:00:00", "data_agg": "2017-12-31 00:00:00", "data_fin": "9999-12-31 00:00:00", "ente_for": "REGIONE PIEMONTE", "ente_prod": "ARPA PIEMONTE", "modo_prod": "banche dati esterne - geometrie da catasto, altezza volumi da ARPA PIEMONTE (DSM-DTM,LAS)", "sc_acq": "1:10000", "un_vol_av": "3", "un_vol_por": "al suolo", "un_vol_qe": "", "un_vol_ex": "altezza", "source": "BDTRE un_vol" }, "geometry": { "type": "Polygon", "coordinates": [ [ [ 7.69025, 45.07895 ], [ 7.69028, 45.07892 ], [ 7.69029, 45.07892 ], [ 7.69031, 45.07897 ], [ 7.6903, 45.07897 ], [ 7.69025, 45.07895 ] ] ] } },
{ "type": "Feature", "properties": { "uuid": "903f116d-565d-4087-acdf-d44463d16b8d", "data_acq": "2017-12-31 00:00:00", "data_agg": "2017-12-31 00:00:00", "data_fin": "9999-12-31 00:00:00", "ente_for": "REGIONE PIEMONTE", "ente_prod": "ARPA PIEMONTE", "modo_prod": "banche dati esterne - geometrie da catasto, altezza volumi da ARPA PIEMONTE (DSM-DTM,LAS)", "sc_acq": "1:10000", "un_vol_av": "8", "un_vol_por": "al suolo", "un_vol_qe": "", "un_vol_ex": "altezza", "source": "BDTRE un_vol" }, "geometry": { "type": "Polygon", "coordinates": [ [ [ 7.69438, 45.0793 ], [ 7.69438, 45.0793 ], [ 7.69437, 45.07931 ], [ 7.69435, 45.0793 ], [ 7.69436, 45.07929 ], [ 7.69407, 45.07916 ], [ 7.69403, 45.07915 ], [ 7.69412, 45.07905 ], [ 7.694, 45.079 ], [ 7.69403, 45.07896 ], [ 7.69391, 45.0789 ], [ 7.69391, 45.0789 ], [ 7.69388, 45.07894 ], [ 7.6938, 45.07891 ], [ 7.69382, 45.07888 ], [ 7.69404, 45.07865 ], [ 7.6944, 45.07881 ], [ 7.69465, 45.07893 ], [ 7.69467, 45.07894 ], [ 7.69442, 45.07921 ], [ 7.69445, 45.07923 ], [ 7.69438, 45.0793 ] ] ] } },
{ "type": "Feature", "properties": { "uuid": "85712ae9-7b70-4f7e-9339-0ebce4a40681", "data_acq": "2017-12-31 00:00:00", "data_agg": "2017-12-31 00:00:00", "data_fin": "9999-12-31 00:00:00", "ente_for": "REGIONE PIEMONTE", "ente_prod": "ARPA PIEMONTE", "modo_prod": "banche dati esterne - geometrie da catasto, altezza volumi da ARPA PIEMONTE (DSM-DTM,LAS)", "sc_acq": "1:10000", "un_vol_av": "21", "un_vol_por": "al suolo", "un_vol_qe": "", "un_vol_ex": "altezza", "source": "BDTRE un_vol" }, "geometry": { "type": "Polygon", "coordinates": [ [ [ 7.6758, 45.07043 ], [ 7.67596, 45.07037 ], [ 7.6759, 45.07029 ], [ 7.67591, 45.07029 ], [ 7.67585, 45.07022 ], [ 7.67599, 45.07017 ], [ 7.67605, 45.07024 ], [ 7.67603, 45.07025 ], [ 7.67605, 45.07028 ], [ 7.67608, 45.07027 ], [ 7.67611, 45.07032 ], [ 7.67611, 45.07032 ], [ 7.67616, 45.0703 ], [ 7.67615, 45.07027 ], [ 7.67612, 45.07024 ], [ 7.67607, 45.07017 ], [ 7.67604, 45.07013 ], [ 7.67597, 45.07003 ], [ 7.67561, 45.07016 ], [ 7.67572, 45.07031 ], [ 7.6758, 45.07043 ] ] ] } },
{ "type": "Feature", "properties": { "uuid": "6cb53f06-b1d0-43b2-a15f-ff6344ab6cb6", "data_acq": "2017-12-31 00:00:00", "data_agg": "2017-12-31 00:00:00", "data_fin": "9999-12-31 00:00:00", "ente_for": "REGIONE PIEMONTE", "ente_prod": "ARPA PIEMONTE", "modo_prod": "banche dati esterne - geometrie da catasto, altezza volumi da ARPA PIEMONTE (DSM-DTM,LAS)", "sc_acq": "1:10000", "un_vol_av": "9", "un_vol_por": "al suolo", "un_vol_qe": "", "un_vol_ex": "altezza", "source": "BDTRE un_vol" }, "geometry": { "type": "Polygon", "coordinates": [ [ [ 7.68403, 45.08227 ], [ 7.68403, 45.08227 ], [ 7.68397, 45.08222 ], [ 7.6838, 45.08209 ], [ 7.68417, 45.08183 ], [ 7.68428, 45.08176 ], [ 7.68445, 45.08164 ], [ 7.68469, 45.08182 ], [ 7.68461, 45.08187 ], [ 7.68441, 45.08201 ], [ 7.68403, 45.08227 ] ] ] } },
{ "type": "Feature", "properties": { "uuid": "89162514-67ca-4306-8cc7-ffd2b87aa890", "data_acq": "2017-12-31 00:00:00", "data_agg": "2017-12-31 00:00:00", "data_fin": "9999-12-31 00:00:00", "ente_for": "REGIONE PIEMONTE", "ente_prod": "ARPA PIEMONTE", "modo_prod": "banche dati esterne - geometrie da catasto, altezza volumi da ARPA PIEMONTE (DSM-DTM,LAS)", "sc_acq": "1:10000", "un_vol_av": "11", "un_vol_por": "al suolo", "un_vol_qe": "", "un_vol_ex": "altezza", "source": "BDTRE un_vol" }, "geometry": { "type": "Polygon", "coordinates": [ [ [ 7.6926, 45.08379 ], [ 7.69257, 45.08375 ], [ 7.69261, 45.08374 ], [ 7.69262, 45.08377 ], [ 7.69263, 45.08378 ], [ 7.6926, 45.08379 ] ] ] } },
{ "type": "Feature", "properties": { "uuid": "53f762e9-e971-4e67-9ab6-4585183dca84", "data_acq": "2017-12-31 00:00:00", "data_agg": "2017-12-31 00:00:00", "data_fin": "9999-12-31 00:00:00", "ente_for": "REGIONE PIEMONTE", "ente_prod": "ARPA PIEMONTE", "modo_prod": "banche dati esterne - geometrie da catasto, altezza volumi da ARPA PIEMONTE (DSM-DTM,LAS)", "sc_acq": "1:10000", "un_vol_av": "9", "un_vol_por": "al suolo", "un_vol_qe": "", "un_vol_ex": "altezza", "source": "BDTRE un_vol" }, "geometry": { "type": "Polygon", "coordinates": [ [ [ 7.68678, 45.0774 ], [ 7.68678, 45.0774 ], [ 7.68677, 45.0774 ], [ 7.6868, 45.07747 ], [ 7.68645, 45.07754 ], [ 7.68644, 45.07754 ], [ 7.68637, 45.07754 ], [ 7.68629, 45.07755 ], [ 7.68627, 45.07753 ], [ 7.6864, 45.07749 ], [ 7.68639, 45.07748 ], [ 7.68656, 45.07744 ], [ 7.68671, 45.07741 ], [ 7.68678, 45.07739 ], [ 7.68678, 45.0774 ] ] ] } },
{ "type": "Feature", "properties": { "uuid": "efcc2747-7120-47dd-a77e-c3caac968a24", "data_acq": "2017-12-31 00:00:00", "data_agg": "2017-12-31 00:00:00", "data_fin": "9999-12-31 00:00:00", "ente_for": "REGIONE PIEMONTE", "ente_prod": "ARPA PIEMONTE", "modo_prod": "banche dati esterne - geometrie da catasto, altezza volumi da ARPA PIEMONTE (DSM-DTM,LAS)", "sc_acq": "1:10000", "un_vol_av": "4", "un_vol_por": "al suolo", "un_vol_qe": "", "un_vol_ex": "altezza", "source": "BDTRE un_vol" }, "geometry": { "type": "Polygon", "coordinates": [ [ [ 7.69493, 45.07683 ], [ 7.69502, 45.07687 ], [ 7.69501, 45.07689 ], [ 7.69505, 45.0769 ], [ 7.69501, 45.07695 ], [ 7.69487, 45.07689 ], [ 7.69493, 45.07683 ] ] ] } },
{ "type": "Feature", "properties": { "uuid": "de08ec04-7645-45bd-917e-7ce7130d3365", "data_acq": "2017-12-31 00:00:00", "data_agg": "2017-12-31 00:00:00", "data_fin": "9999-12-31 00:00:00", "ente_for": "REGIONE PIEMONTE", "ente_prod": "ARPA PIEMONTE", "modo_prod": "banche dati esterne - geometrie da catasto, altezza volumi da ARPA PIEMONTE (DSM-DTM,LAS)", "sc_acq": "1:10000", "un_vol_av": "8", "un_vol_por": "al suolo", "un_vol_qe": "", "un_vol_ex": "altezza", "source": "BDTRE un_vol" }, "geometry": { "type": "Polygon", "coordinates": [ [ [ 7.67215, 45.08003 ], [ 7.67207, 45.08006 ], [ 7.67194, 45.0801 ], [ 7.6719, 45.08004 ], [ 7.67189, 45.08002 ], [ 7.67201, 45.07998 ], [ 7.67214, 45.08001 ], [ 7.67215, 45.08003 ] ] ] } },
{ "type": "Feature", "properties": { "uuid": "32231fd0-dab8-4ad9-b757-b17771c67e41", "data_acq": "2017-12-31 00:00:00", "data_agg": "2017-12-31 00:00:00", "data_fin": "9999-12-31 00:00:00", "ente_for": "REGIONE PIEMONTE", "ente_prod": "ARPA PIEMONTE", "modo_prod": "banche dati esterne - geometrie da catasto, altezza volumi da ARPA PIEMONTE (DSM-DTM,LAS)", "sc_acq": "1:10000", "un_vol_av": "5", "un_vol_por": "al suolo", "un_vol_qe": "", "un_vol_ex": "altezza", "source": "BDTRE un_vol" }, "geometry": { "type": "Polygon", "coordinates": [ [ [ 7.666, 45.07082 ], [ 7.66596, 45.07076 ], [ 7.66595, 45.07075 ], [ 7.66595, 45.07075 ], [ 7.66592, 45.07076 ], [ 7.66584, 45.07064 ], [ 7.66581, 45.07059 ], [ 7.66578, 45.0706 ], [ 7.66577, 45.0706 ], [ 7.66576, 45.07061 ], [ 7.66579, 45.07065 ], [ 7.66579, 45.07065 ], [ 7.66582, 45.07069 ], [ 7.66582, 45.07069 ], [ 7.66582, 45.07069 ], [ 7.66584, 45.07072 ], [ 7.66586, 45.07075 ], [ 7.66587, 45.07075 ], [ 7.66594, 45.07084 ], [ 7.66598, 45.07082 ], [ 7.666, 45.07082 ], [ 7.666, 45.07082 ] ] ] } },
{ "type": "Feature", "properties": { "uuid": "f38494ef-962c-423c-b9e3-2127533dbe0d", "data_acq": "2017-12-31 00:00:00", "data_agg": "2017-12-31 00:00:00", "data_fin": "9999-12-31 00:00:00", "ente_for": "REGIONE PIEMONTE", "ente_prod": "ARPA PIEMONTE", "modo_prod": "banche dati esterne - geometrie da catasto, altezza volumi da ARPA PIEMONTE (DSM-DTM,LAS)", "sc_acq": "1:10000", "un_vol_av": "3", "un_vol_por": "al suolo", "un_vol_qe": "", "un_vol_ex": "altezza", "source": "BDTRE un_vol" }, "geometry": { "type": "Polygon", "coordinates": [ [ [ 7.69192, 45.08121 ], [ 7.69197, 45.08119 ], [ 7.69199, 45.08123 ], [ 7.69199, 45.08123 ], [ 7.69179, 45.0813 ], [ 7.69177, 45.08127 ], [ 7.69192, 45.08121 ] ] ] } },
{ "type": "Feature", "properties": { "uuid": "18c631fc-402d-4b5b-9aee-740a285dda57", "data_acq": "2017-12-31 00:00:00", "data_agg": "2017-12-31 00:00:00", "data_fin": "9999-12-31 00:00:00", "ente_for": "REGIONE PIEMONTE", "ente_prod": "ARPA PIEMONTE", "modo_prod": "banche dati esterne - geometrie da catasto, altezza volumi da ARPA PIEMONTE (DSM-DTM,LAS)", "sc_acq": "1:10000", "un_vol_av": "6", "un_vol_por": "al suolo", "un_vol_qe": "", "un_vol_ex": "altezza", "source": "BDTRE un_vol" }, "geometry": { "type": "Polygon", "coordinates": [ [ [ 7.69491, 45.07881 ], [ 7.69497, 45.07884 ], [ 7.69497, 45.07883 ], [ 7.695, 45.07885 ], [ 7.69498, 45.07888 ], [ 7.69497, 45.07887 ], [ 7.6949, 45.07895 ], [ 7.69473, 45.07888 ], [ 7.69467, 45.07894 ], [ 7.69465, 45.07893 ], [ 7.69468, 45.0789 ], [ 7.69469, 45.0789 ], [ 7.6947, 45.07889 ], [ 7.69468, 45.07888 ], [ 7.6947, 45.07887 ], [ 7.69469, 45.07886 ], [ 7.69474, 45.07881 ], [ 7.69475, 45.0788 ], [ 7.69475, 45.0788 ], [ 7.69472, 45.07879 ], [ 7.69471, 45.07881 ], [ 7.69423, 45.07859 ], [ 7.6942, 45.07864 ], [ 7.69419, 45.07864 ], [ 7.69409, 45.07859 ], [ 7.69418, 45.07849 ], [ 7.69458, 45.07867 ], [ 7.69458, 45.07867 ], [ 7.69462, 45.07869 ], [ 7.69462, 45.07869 ], [ 7.69469, 45.07871 ], [ 7.6948, 45.07876 ], [ 7.69483, 45.07878 ], [ 7.69491, 45.07881 ] ] ] } },
{ "type": "Feature", "properties": { "uuid": "9edf0c4c-e5bf-4eb0-be4a-ce99d9d263bb", "data_acq": "2017-12-31 00:00:00", "data_agg": "2017-12-31 00:00:00", "data_fin": "9999-12-31 00:00:00", "ente_for": "REGIONE PIEMONTE", "ente_prod": "ARPA PIEMONTE", "modo_prod": "banche dati esterne - geometrie da catasto, altezza volumi da ARPA PIEMONTE (DSM-DTM,LAS)", "sc_acq": "1:10000", "un_vol_av": "7", "un_vol_por": "al suolo", "un_vol_qe": "", "un_vol_ex": "altezza", "source": "BDTRE un_vol" }, "geometry": { "type": "Polygon", "coordinates": [ [ [ 7.67978, 45.06756 ], [ 7.6798, 45.06758 ], [ 7.67971, 45.06761 ], [ 7.67971, 45.06761 ], [ 7.67967, 45.06755 ], [ 7.67972, 45.06753 ], [ 7.67972, 45.06754 ], [ 7.67975, 45.06754 ], [ 7.67977, 45.06757 ], [ 7.67978, 45.06756 ] ] ] } },
{ "type": "Feature", "properties": { "uuid": "b25b9c3c-91e5-44a9-a704-91761b9912d2", "data_acq": "2017-12-31 00:00:00", "data_agg": "2017-12-31 00:00:00", "data_fin": "9999-12-31 00:00:00", "ente_for": "REGIONE PIEMONTE", "ente_prod": "ARPA PIEMONTE", "modo_prod": "banche dati esterne - geometrie da catasto, altezza volumi da ARPA PIEMONTE (DSM-DTM,LAS)", "sc_acq": "1:10000", "un_vol_av": "6", "un_vol_por": "al suolo", "un_vol_qe": "", "un_vol_ex": "altezza", "source": "BDTRE un_vol" }, "geometry": { "type": "Polygon", "coordinates": [ [ [ 7.67672, 45.07641 ], [ 7.67666, 45.07632 ], [ 7.67682, 45.07627 ], [ 7.67686, 45.07625 ], [ 7.67686, 45.07626 ], [ 7.67691, 45.07632 ], [ 7.67683, 45.07635 ], [ 7.67684, 45.07637 ], [ 7.67672, 45.07641 ] ] ] } },
{ "type": "Feature", "properties": { "uuid": "d06e853e-aa3b-4b72-badc-83d7542d3691", "data_acq": "2017-12-31 00:00:00", "data_agg": "2017-12-31 00:00:00", "data_fin": "9999-12-31 00:00:00", "ente_for": "REGIONE PIEMONTE", "ente_prod": "ARPA PIEMONTE", "modo_prod": "banche dati esterne - geometrie da catasto, altezza volumi da ARPA PIEMONTE (DSM-DTM,LAS)", "sc_acq": "1:10000", "un_vol_av": "19", "un_vol_por": "al suolo", "un_vol_qe": "", "un_vol_ex": "altezza", "source": "BDTRE un_vol" }, "geometry": { "type": "Polygon", "coordinates": [ [ [ 7.67272, 45.07033 ], [ 7.67266, 45.07024 ], [ 7.67248, 45.0703 ], [ 7.67232, 45.07036 ], [ 7.67245, 45.07054 ], [ 7.67258, 45.07073 ], [ 7.67273, 45.07068 ], [ 7.67272, 45.07067 ], [ 7.67277, 45.07066 ], [ 7.67277, 45.07066 ], [ 7.6729, 45.07061 ], [ 7.67284, 45.07051 ], [ 7.67281, 45.07047 ], [ 7.67263, 45.07054 ], [ 7.67255, 45.07042 ], [ 7.6726, 45.0704 ], [ 7.67259, 45.07038 ], [ 7.67272, 45.07033 ] ] ] } },
{ "type": "Feature", "properties": { "uuid": "09ac7f52-c66e-46ba-b07e-61e6f2cdeff2", "data_acq": "2017-12-31 00:00:00", "data_agg": "2017-12-31 00:00:00", "data_fin": "9999-12-31 00:00:00", "ente_for": "REGIONE PIEMONTE", "ente_prod": "ARPA PIEMONTE", "modo_prod": "banche dati esterne - geometrie da catasto, altezza volumi da ARPA PIEMONTE (DSM-DTM,LAS)", "sc_acq": "1:10000", "un_vol_av": "4", "un_vol_por": "al suolo", "un_vol_qe": "", "un_vol_ex": "altezza", "source": "BDTRE un_vol" }, "geometry": { "type": "Polygon", "coordinates": [ [ [ 7.69236, 45.08254 ], [ 7.69196, 45.08261 ], [ 7.69171, 45.08222 ], [ 7.69178, 45.0822 ], [ 7.69179, 45.0822 ], [ 7.692, 45.08213 ], [ 7.692, 45.08212 ], [ 7.69206, 45.0821 ], [ 7.6921, 45.08216 ], [ 7.69226, 45.08239 ], [ 7.69229, 45.08243 ], [ 7.69236, 45.08254 ] ] ] } },
{ "type": "Feature", "properties": { "uuid": "e1eb70c4-4b0a-4e37-8981-a01b945d11d7", "data_acq": "2017-12-31 00:00:00", "data_agg": "2017-12-31 00:00:00", "data_fin": "9999-12-31 00:00:00", "ente_for": "REGIONE PIEMONTE", "ente_prod": "ARPA PIEMONTE", "modo_prod": "banche dati esterne - geometrie da catasto, altezza volumi da ARPA PIEMONTE (DSM-DTM,LAS)", "sc_acq": "1:10000", "un_vol_av": "10", "un_vol_por": "al suolo", "un_vol_qe": "", "un_vol_ex": "altezza", "source": "BDTRE un_vol" }, "geometry": { "type": "Polygon", "coordinates": [ [ [ 7.66756, 45.06639 ], [ 7.66746, 45.06642 ], [ 7.66745, 45.0664 ], [ 7.66733, 45.06644 ], [ 7.66734, 45.06646 ], [ 7.66724, 45.0665 ], [ 7.66727, 45.06655 ], [ 7.66723, 45.06657 ], [ 7.66726, 45.06661 ], [ 7.66722, 45.06663 ], [ 7.66724, 45.06665 ], [ 7.66725, 45.06667 ], [ 7.66726, 45.06668 ], [ 7.66743, 45.06662 ], [ 7.66766, 45.06653 ], [ 7.66756, 45.06639 ] ] ] } },
{ "type": "Feature", "properties": { "uuid": "2babfa4a-fc10-4a5f-b9bf-79a428fe3d99", "data_acq": "2017-12-31 00:00:00", "data_agg": "2017-12-31 00:00:00", "data_fin": "9999-12-31 00:00:00", "ente_for": "REGIONE PIEMONTE", "ente_prod": "ARPA PIEMONTE", "modo_prod": "banche dati esterne - geometrie da catasto, altezza volumi da ARPA PIEMONTE (DSM-DTM,LAS)", "sc_acq": "1:10000", "un_vol_av": "3", "un_vol_por": "al suolo", "un_vol_qe": "", "un_vol_ex": "altezza", "source": "BDTRE un_vol" }, "geometry": { "type": "Polygon", "coordinates": [ [ [ 7.66627, 45.06622 ], [ 7.66623, 45.06617 ], [ 7.66617, 45.06619 ], [ 7.66619, 45.06622 ], [ 7.66617, 45.06622 ], [ 7.66619, 45.06625 ], [ 7.66623, 45.06624 ], [ 7.66627, 45.06622 ] ] ] } },
{ "type": "Feature", "properties": { "uuid": "f2c45e54-606d-42f6-a130-06454f0c53e3", "data_acq": "2017-12-31 00:00:00", "data_agg": "2017-12-31 00:00:00", "data_fin": "9999-12-31 00:00:00", "ente_for": "REGIONE PIEMONTE", "ente_prod": "ARPA PIEMONTE", "modo_prod": "banche dati esterne - geometrie da catasto, altezza volumi da ARPA PIEMONTE (DSM-DTM,LAS)", "sc_acq": "1:10000", "un_vol_av": "17", "un_vol_por": "al suolo", "un_vol_qe": "", "un_vol_ex": "altezza", "source": "BDTRE un_vol" }, "geometry": { "type": "Polygon", "coordinates": [ [ [ 7.67246, 45.06835 ], [ 7.67246, 45.06835 ], [ 7.67284, 45.06889 ], [ 7.67283, 45.0689 ], [ 7.67278, 45.06891 ], [ 7.67262, 45.06897 ], [ 7.67255, 45.06886 ], [ 7.67254, 45.06885 ], [ 7.6726, 45.06883 ], [ 7.67253, 45.06873 ], [ 7.67252, 45.06874 ], [ 7.67252, 45.06873 ], [ 7.67253, 45.06872 ], [ 7.6725, 45.06867 ], [ 7.67248, 45.06868 ], [ 7.67248, 45.06867 ], [ 7.67249, 45.06867 ], [ 7.67239, 45.06852 ], [ 7.67233, 45.06854 ], [ 7.67225, 45.06843 ], [ 7.67225, 45.06843 ], [ 7.67241, 45.06837 ], [ 7.67246, 45.06835 ] ] ] } },
{ "type": "Feature", "properties": { "uuid": "0b4fafa3-2882-4edb-b61b-131c6b825ef8", "data_acq": "2017-12-31 00:00:00", "data_agg": "2017-12-31 00:00:00", "data_fin": "9999-12-31 00:00:00", "ente_for": "REGIONE PIEMONTE", "ente_prod": "ARPA PIEMONTE", "modo_prod": "banche dati esterne - geometrie da catasto, altezza volumi da ARPA PIEMONTE (DSM-DTM,LAS)", "sc_acq": "1:10000", "un_vol_av": "4", "un_vol_por": "al suolo", "un_vol_qe": "", "un_vol_ex": "altezza", "source": "BDTRE un_vol" }, "geometry": { "type": "Polygon", "coordinates": [ [ [ 7.66982, 45.07934 ], [ 7.66983, 45.07935 ], [ 7.66986, 45.07933 ], [ 7.66985, 45.07932 ], [ 7.66982, 45.07934 ] ] ] } },
{ "type": "Feature", "properties": { "uuid": "90e5820f-c5e6-433c-810a-bfe87c6ad214", "data_acq": "2017-12-31 00:00:00", "data_agg": "2017-12-31 00:00:00", "data_fin": "9999-12-31 00:00:00", "ente_for": "REGIONE PIEMONTE", "ente_prod": "ARPA PIEMONTE", "modo_prod": "banche dati esterne - geometrie da catasto, altezza volumi da ARPA PIEMONTE (DSM-DTM,LAS)", "sc_acq": "1:10000", "un_vol_av": "3", "un_vol_por": "al suolo", "un_vol_qe": "", "un_vol_ex": "altezza", "source": "BDTRE un_vol" }, "geometry": { "type": "Polygon", "coordinates": [ [ [ 7.69207, 45.08464 ], [ 7.69205, 45.08463 ], [ 7.69208, 45.08458 ], [ 7.6921, 45.08459 ], [ 7.69207, 45.08464 ] ] ] } },
{ "type": "Feature", "properties": { "uuid": "3d90924f-9917-4a92-a2ec-393999ba7242", "data_acq": "2017-12-31 00:00:00", "data_agg": "2017-12-31 00:00:00", "data_fin": "9999-12-31 00:00:00", "ente_for": "REGIONE PIEMONTE", "ente_prod": "ARPA PIEMONTE", "modo_prod": "banche dati esterne - geometrie da catasto, altezza volumi da ARPA PIEMONTE (DSM-DTM,LAS)", "sc_acq": "1:10000", "un_vol_av": "14", "un_vol_por": "al suolo", "un_vol_qe": "", "un_vol_ex": "altezza", "source": "BDTRE un_vol" }, "geometry": { "type": "Polygon", "coordinates": [ [ [ 7.67274, 45.06627 ], [ 7.6731, 45.06614 ], [ 7.67319, 45.06627 ], [ 7.67321, 45.06629 ], [ 7.67304, 45.06635 ], [ 7.67304, 45.06635 ], [ 7.67293, 45.06639 ], [ 7.67285, 45.06642 ], [ 7.6728, 45.06636 ], [ 7.67274, 45.06627 ] ] ] } },
{ "type": "Feature", "properties": { "uuid": "d0581abe-7483-4d11-b25f-3194a7e7a261", "data_acq": "2017-12-31 00:00:00", "data_agg": "2017-12-31 00:00:00", "data_fin": "9999-12-31 00:00:00", "ente_for": "REGIONE PIEMONTE", "ente_prod": "ARPA PIEMONTE", "modo_prod": "banche dati esterne - geometrie da catasto, altezza volumi da ARPA PIEMONTE (DSM-DTM,LAS)", "sc_acq": "1:10000", "un_vol_av": "8", "un_vol_por": "al suolo", "un_vol_qe": "", "un_vol_ex": "altezza", "source": "BDTRE un_vol" }, "geometry": { "type": "Polygon", "coordinates": [ [ [ 7.69204, 45.06636 ], [ 7.69205, 45.06638 ], [ 7.69209, 45.06637 ], [ 7.69209, 45.06636 ], [ 7.69212, 45.06635 ], [ 7.69211, 45.06634 ], [ 7.6921, 45.06634 ], [ 7.69204, 45.06636 ] ] ] } },
{ "type": "Feature", "properties": { "uuid": "92771bec-f711-438c-945e-580e2670eb7b", "data_acq": "2017-12-31 00:00:00", "data_agg": "2017-12-31 00:00:00", "data_fin": "9999-12-31 00:00:00", "ente_for": "REGIONE PIEMONTE", "ente_prod": "ARPA PIEMONTE", "modo_prod": "banche dati esterne - geometrie da catasto, altezza volumi da ARPA PIEMONTE (DSM-DTM,LAS)", "sc_acq": "1:10000", "un_vol_av": "11", "un_vol_por": "al suolo", "un_vol_qe": "", "un_vol_ex": "altezza", "source": "BDTRE un_vol" }, "geometry": { "type": "Polygon", "coordinates": [ [ [ 7.67142, 45.07925 ], [ 7.67137, 45.07919 ], [ 7.67154, 45.07913 ], [ 7.67158, 45.07918 ], [ 7.67142, 45.07925 ] ] ] } },
{ "type": "Feature", "properties": { "uuid": "4a37853b-e257-4c87-8ad2-33cf08d5f409", "data_acq": "2017-12-31 00:00:00", "data_agg": "2017-12-31 00:00:00", "data_fin": "9999-12-31 00:00:00", "ente_for": "REGIONE PIEMONTE", "ente_prod": "ARPA PIEMONTE", "modo_prod": "banche dati esterne - geometrie da catasto, altezza volumi da ARPA PIEMONTE (DSM-DTM,LAS)", "sc_acq": "1:10000", "un_vol_av": "4", "un_vol_por": "al suolo", "un_vol_qe": "", "un_vol_ex": "altezza", "source": "BDTRE un_vol" }, "geometry": { "type": "Polygon", "coordinates": [ [ [ 7.69292, 45.0731 ], [ 7.69294, 45.07314 ], [ 7.69281, 45.07318 ], [ 7.69286, 45.07326 ], [ 7.69279, 45.07329 ], [ 7.69276, 45.07325 ], [ 7.69271, 45.07317 ], [ 7.69287, 45.07312 ], [ 7.6929, 45.07311 ], [ 7.69292, 45.0731 ] ] ] } },
{ "type": "Feature", "properties": { "uuid": "1d301267-3d29-4d2a-a5c9-acdd4856fc96", "data_acq": "2017-12-31 00:00:00", "data_agg": "2017-12-31 00:00:00", "data_fin": "9999-12-31 00:00:00", "ente_for": "REGIONE PIEMONTE", "ente_prod": "ARPA PIEMONTE", "modo_prod": "banche dati esterne - geometrie da catasto, altezza volumi da ARPA PIEMONTE (DSM-DTM,LAS)", "sc_acq": "1:10000", "un_vol_av": "7", "un_vol_por": "al suolo", "un_vol_qe": "", "un_vol_ex": "altezza", "source": "BDTRE un_vol" }, "geometry": { "type": "Polygon", "coordinates": [ [ [ 7.68121, 45.0768 ], [ 7.68119, 45.07676 ], [ 7.68134, 45.07671 ], [ 7.68136, 45.07675 ], [ 7.68136, 45.07676 ], [ 7.68133, 45.07677 ], [ 7.68121, 45.0768 ] ] ] } },
{ "type": "Feature", "properties": { "uuid": "d2e7b309-75be-4d38-8355-4ce0cd6f041f", "data_acq": "2017-12-31 00:00:00", "data_agg": "2017-12-31 00:00:00", "data_fin": "9999-12-31 00:00:00", "ente_for": "REGIONE PIEMONTE", "ente_prod": "ARPA PIEMONTE", "modo_prod": "banche dati esterne - geometrie da catasto, altezza volumi da ARPA PIEMONTE (DSM-DTM,LAS)", "sc_acq": "1:10000", "un_vol_av": "6", "un_vol_por": "al suolo", "un_vol_qe": "", "un_vol_ex": "altezza", "source": "BDTRE un_vol" }, "geometry": { "type": "Polygon", "coordinates": [ [ [ 7.69496, 45.0711 ], [ 7.6951, 45.07102 ], [ 7.69518, 45.07097 ], [ 7.69519, 45.07098 ], [ 7.6952, 45.07097 ], [ 7.69523, 45.071 ], [ 7.69523, 45.071 ], [ 7.69515, 45.07105 ], [ 7.69515, 45.07105 ], [ 7.6951, 45.07108 ], [ 7.6951, 45.07108 ], [ 7.69509, 45.07108 ], [ 7.69509, 45.07108 ], [ 7.69501, 45.07113 ], [ 7.69501, 45.07113 ], [ 7.69498, 45.0711 ], [ 7.69498, 45.0711 ], [ 7.69497, 45.07111 ], [ 7.69497, 45.07111 ], [ 7.69496, 45.0711 ] ] ] } },
{ "type": "Feature", "properties": { "uuid": "274be18c-f249-403b-9bb1-d8e2c517dcc3", "data_acq": "2017-12-31 00:00:00", "data_agg": "2017-12-31 00:00:00", "data_fin": "9999-12-31 00:00:00", "ente_for": "REGIONE PIEMONTE", "ente_prod": "ARPA PIEMONTE", "modo_prod": "banche dati esterne - geometrie da catasto, altezza volumi da ARPA PIEMONTE (DSM-DTM,LAS)", "sc_acq": "1:10000", "un_vol_av": "4", "un_vol_por": "al suolo", "un_vol_qe": "", "un_vol_ex": "altezza", "source": "BDTRE un_vol" }, "geometry": { "type": "Polygon", "coordinates": [ [ [ 7.67679, 45.08298 ], [ 7.67701, 45.08291 ], [ 7.67694, 45.08281 ], [ 7.67673, 45.08288 ], [ 7.67656, 45.08271 ], [ 7.67653, 45.08268 ], [ 7.67645, 45.08261 ], [ 7.67633, 45.08265 ], [ 7.67643, 45.08281 ], [ 7.67649, 45.08279 ], [ 7.67654, 45.08287 ], [ 7.67663, 45.08287 ], [ 7.67667, 45.08291 ], [ 7.67674, 45.08291 ], [ 7.67675, 45.08291 ], [ 7.67679, 45.08298 ] ] ] } },
{ "type": "Feature", "properties": { "uuid": "3f269ab9-11e9-4b79-854c-d7de6bcc60ed", "data_acq": "2017-12-31 00:00:00", "data_agg": "2017-12-31 00:00:00", "data_fin": "9999-12-31 00:00:00", "ente_for": "REGIONE PIEMONTE", "ente_prod": "ARPA PIEMONTE", "modo_prod": "banche dati esterne - geometrie da catasto, altezza volumi da ARPA PIEMONTE (DSM-DTM,LAS)", "sc_acq": "1:10000", "un_vol_av": "10", "un_vol_por": "al suolo", "un_vol_qe": "", "un_vol_ex": "altezza", "source": "BDTRE un_vol" }, "geometry": { "type": "Polygon", "coordinates": [ [ [ 7.67027, 45.07587 ], [ 7.67019, 45.07575 ], [ 7.67026, 45.07573 ], [ 7.67023, 45.07569 ], [ 7.6701, 45.07573 ], [ 7.67008, 45.07574 ], [ 7.67022, 45.07594 ], [ 7.67029, 45.07591 ], [ 7.67026, 45.07587 ], [ 7.67027, 45.07587 ] ] ] } },
{ "type": "Feature", "properties": { "uuid": "4dd0c74c-f451-4cd4-b74f-f45bf4a72256", "data_acq": "2017-12-31 00:00:00", "data_agg": "2017-12-31 00:00:00", "data_fin": "9999-12-31 00:00:00", "ente_for": "REGIONE PIEMONTE", "ente_prod": "ARPA PIEMONTE", "modo_prod": "banche dati esterne - geometrie da catasto, altezza volumi da ARPA PIEMONTE (DSM-DTM,LAS)", "sc_acq": "1:10000", "un_vol_av": "9", "un_vol_por": "al suolo", "un_vol_qe": "", "un_vol_ex": "altezza", "source": "BDTRE un_vol" }, "geometry": { "type": "Polygon", "coordinates": [ [ [ 7.68185, 45.07769 ], [ 7.68185, 45.07769 ], [ 7.68188, 45.07768 ], [ 7.68188, 45.07768 ], [ 7.68194, 45.07766 ], [ 7.68214, 45.07794 ], [ 7.682, 45.07804 ], [ 7.68197, 45.07804 ], [ 7.68178, 45.07784 ], [ 7.68171, 45.07777 ], [ 7.68171, 45.07776 ], [ 7.68171, 45.07776 ], [ 7.68171, 45.07774 ], [ 7.68172, 45.07774 ], [ 7.68172, 45.07773 ], [ 7.68185, 45.07769 ] ] ] } },
{ "type": "Feature", "properties": { "uuid": "3e46b263-648f-49fe-933f-190c51fc546c", "data_acq": "2017-12-31 00:00:00", "data_agg": "2017-12-31 00:00:00", "data_fin": "9999-12-31 00:00:00", "ente_for": "REGIONE PIEMONTE", "ente_prod": "ARPA PIEMONTE", "modo_prod": "banche dati esterne - geometrie da catasto, altezza volumi da ARPA PIEMONTE (DSM-DTM,LAS)", "sc_acq": "1:10000", "un_vol_av": "18", "un_vol_por": "al suolo", "un_vol_qe": "", "un_vol_ex": "altezza", "source": "BDTRE un_vol" }, "geometry": { "type": "Polygon", "coordinates": [ [ [ 7.67319, 45.06991 ], [ 7.67293, 45.07 ], [ 7.67282, 45.06983 ], [ 7.67295, 45.06978 ], [ 7.67303, 45.06989 ], [ 7.6731, 45.06987 ], [ 7.67307, 45.06981 ], [ 7.67311, 45.0698 ], [ 7.67319, 45.06991 ] ] ] } },
{ "type": "Feature", "properties": { "uuid": "144e9a3b-e43f-4212-bd04-d8f963f0280e", "data_acq": "2017-12-31 00:00:00", "data_agg": "2017-12-31 00:00:00", "data_fin": "9999-12-31 00:00:00", "ente_for": "REGIONE PIEMONTE", "ente_prod": "ARPA PIEMONTE", "modo_prod": "banche dati esterne - geometrie da catasto, altezza volumi da ARPA PIEMONTE (DSM-DTM,LAS)", "sc_acq": "1:10000", "un_vol_av": "16", "un_vol_por": "al suolo", "un_vol_qe": "", "un_vol_ex": "altezza", "source": "BDTRE un_vol" }, "geometry": { "type": "Polygon", "coordinates": [ [ [ 7.66539, 45.06735 ], [ 7.66514, 45.06744 ], [ 7.66507, 45.06746 ], [ 7.66505, 45.06747 ], [ 7.665, 45.06749 ], [ 7.66496, 45.06743 ], [ 7.66492, 45.06738 ], [ 7.66489, 45.06734 ], [ 7.66487, 45.06732 ], [ 7.66499, 45.06728 ], [ 7.66503, 45.06726 ], [ 7.66504, 45.06728 ], [ 7.66505, 45.06728 ], [ 7.66508, 45.06732 ], [ 7.66518, 45.06728 ], [ 7.66518, 45.06729 ], [ 7.66521, 45.06728 ], [ 7.6652, 45.06727 ], [ 7.6653, 45.06724 ], [ 7.66539, 45.06735 ] ] ] } },
{ "type": "Feature", "properties": { "uuid": "cc692f95-471d-4406-b773-0843bc404cee", "data_acq": "2017-12-31 00:00:00", "data_agg": "2017-12-31 00:00:00", "data_fin": "9999-12-31 00:00:00", "ente_for": "REGIONE PIEMONTE", "ente_prod": "ARPA PIEMONTE", "modo_prod": "banche dati esterne - geometrie da catasto, altezza volumi da ARPA PIEMONTE (DSM-DTM,LAS)", "sc_acq": "1:10000", "un_vol_av": "6", "un_vol_por": "al suolo", "un_vol_qe": "", "un_vol_ex": "altezza", "source": "BDTRE un_vol" }, "geometry": { "type": "Polygon", "coordinates": [ [ [ 7.68134, 45.0842 ], [ 7.68135, 45.08421 ], [ 7.68127, 45.08426 ], [ 7.68127, 45.08425 ], [ 7.68098, 45.08443 ], [ 7.68099, 45.08444 ], [ 7.68093, 45.08448 ], [ 7.68078, 45.08436 ], [ 7.68084, 45.08432 ], [ 7.68085, 45.08433 ], [ 7.68113, 45.08415 ], [ 7.68112, 45.08414 ], [ 7.6812, 45.08409 ], [ 7.68125, 45.08413 ], [ 7.68134, 45.0842 ] ] ] } },
{ "type": "Feature", "properties": { "uuid": "ef420792-25d0-4bca-8239-6073d24cc56a", "data_acq": "2017-12-31 00:00:00", "data_agg": "2017-12-31 00:00:00", "data_fin": "9999-12-31 00:00:00", "ente_for": "REGIONE PIEMONTE", "ente_prod": "ARPA PIEMONTE", "modo_prod": "banche dati esterne - geometrie da catasto, altezza volumi da ARPA PIEMONTE (DSM-DTM,LAS)", "sc_acq": "1:10000", "un_vol_av": "8", "un_vol_por": "al suolo", "un_vol_qe": "", "un_vol_ex": "altezza", "source": "BDTRE un_vol" }, "geometry": { "type": "Polygon", "coordinates": [ [ [ 7.67797, 45.08196 ], [ 7.67792, 45.08189 ], [ 7.67783, 45.08192 ], [ 7.67775, 45.08195 ], [ 7.6778, 45.08202 ], [ 7.67797, 45.08196 ] ] ] } },
{ "type": "Feature", "properties": { "uuid": "3f34ff48-db32-4e72-9836-b7304addff66", "data_acq": "2017-12-31 00:00:00", "data_agg": "2017-12-31 00:00:00", "data_fin": "9999-12-31 00:00:00", "ente_for": "REGIONE PIEMONTE", "ente_prod": "ARPA PIEMONTE", "modo_prod": "banche dati esterne - geometrie da catasto, altezza volumi da ARPA PIEMONTE (DSM-DTM,LAS)", "sc_acq": "1:10000", "un_vol_av": "5", "un_vol_por": "al suolo", "un_vol_qe": "", "un_vol_ex": "altezza", "source": "BDTRE un_vol" }, "geometry": { "type": "Polygon", "coordinates": [ [ [ 7.68476, 45.08332 ], [ 7.68479, 45.08332 ], [ 7.68478, 45.08333 ], [ 7.68475, 45.08333 ], [ 7.68476, 45.08332 ] ] ] } },
{ "type": "Feature", "properties": { "uuid": "33b8ea1c-f99e-4336-8916-c344d0f3f254", "data_acq": "2017-12-31 00:00:00", "data_agg": "2017-12-31 00:00:00", "data_fin": "9999-12-31 00:00:00", "ente_for": "REGIONE PIEMONTE", "ente_prod": "ARPA PIEMONTE", "modo_prod": "banche dati esterne - geometrie da catasto, altezza volumi da ARPA PIEMONTE (DSM-DTM,LAS)", "sc_acq": "1:10000", "un_vol_av": "3", "un_vol_por": "al suolo", "un_vol_qe": "", "un_vol_ex": "altezza", "source": "BDTRE un_vol" }, "geometry": { "type": "Polygon", "coordinates": [ [ [ 7.68685, 45.07642 ], [ 7.68684, 45.07642 ], [ 7.68683, 45.07642 ], [ 7.68683, 45.07642 ], [ 7.68682, 45.07643 ], [ 7.6868, 45.0764 ], [ 7.68678, 45.07637 ], [ 7.6868, 45.07637 ], [ 7.68681, 45.07636 ], [ 7.68683, 45.07639 ], [ 7.68685, 45.07642 ] ] ] } },
{ "type": "Feature", "properties": { "uuid": "d5c9fb83-c165-47e7-8e04-e2207271d714", "data_acq": "2017-12-31 00:00:00", "data_agg": "2017-12-31 00:00:00", "data_fin": "9999-12-31 00:00:00", "ente_for": "REGIONE PIEMONTE", "ente_prod": "ARPA PIEMONTE", "modo_prod": "banche dati esterne - geometrie da catasto, altezza volumi da ARPA PIEMONTE (DSM-DTM,LAS)", "sc_acq": "1:10000", "un_vol_av": "24", "un_vol_por": "al suolo", "un_vol_qe": "", "un_vol_ex": "altezza", "source": "BDTRE un_vol" }, "geometry": { "type": "Polygon", "coordinates": [ [ [ 7.67813, 45.0697 ], [ 7.67813, 45.0697 ], [ 7.67818, 45.06968 ], [ 7.67825, 45.06967 ], [ 7.67833, 45.06964 ], [ 7.67835, 45.06964 ], [ 7.67838, 45.06969 ], [ 7.67833, 45.06971 ], [ 7.67842, 45.06983 ], [ 7.67847, 45.06982 ], [ 7.67854, 45.06992 ], [ 7.67838, 45.06998 ], [ 7.67836, 45.06999 ], [ 7.67835, 45.06999 ], [ 7.6783, 45.06993 ], [ 7.67824, 45.06984 ], [ 7.67824, 45.06984 ], [ 7.6782, 45.06979 ], [ 7.67813, 45.0697 ] ] ] } },
{ "type": "Feature", "properties": { "uuid": "8db7970e-8d53-4300-9b94-8ad595ec5fa6", "data_acq": "2017-12-31 00:00:00", "data_agg": "2017-12-31 00:00:00", "data_fin": "9999-12-31 00:00:00", "ente_for": "REGIONE PIEMONTE", "ente_prod": "ARPA PIEMONTE", "modo_prod": "banche dati esterne - geometrie da catasto, altezza volumi da ARPA PIEMONTE (DSM-DTM,LAS)", "sc_acq": "1:10000", "un_vol_av": "6", "un_vol_por": "al suolo", "un_vol_qe": "", "un_vol_ex": "altezza", "source": "BDTRE un_vol" }, "geometry": { "type": "Polygon", "coordinates": [ [ [ 7.67677, 45.08309 ], [ 7.6769, 45.08329 ], [ 7.6767, 45.08335 ], [ 7.67666, 45.0833 ], [ 7.67669, 45.08329 ], [ 7.67668, 45.08327 ], [ 7.67668, 45.08327 ], [ 7.67665, 45.08328 ], [ 7.67665, 45.08328 ], [ 7.67664, 45.08326 ], [ 7.67667, 45.08325 ], [ 7.67665, 45.08322 ], [ 7.67665, 45.08322 ], [ 7.67662, 45.08323 ], [ 7.67662, 45.08323 ], [ 7.6766, 45.0832 ], [ 7.67659, 45.08319 ], [ 7.67662, 45.08318 ], [ 7.67661, 45.08316 ], [ 7.67661, 45.08316 ], [ 7.67658, 45.08317 ], [ 7.67658, 45.08317 ], [ 7.67655, 45.08312 ], [ 7.67658, 45.08311 ], [ 7.67657, 45.0831 ], [ 7.67657, 45.0831 ], [ 7.67654, 45.08311 ], [ 7.67654, 45.08311 ], [ 7.67652, 45.08307 ], [ 7.67671, 45.08301 ], [ 7.67677, 45.08309 ] ] ] } },
{ "type": "Feature", "properties": { "uuid": "9c7c7300-85cb-4375-876d-e8a38e1f9fd2", "data_acq": "2017-12-31 00:00:00", "data_agg": "2017-12-31 00:00:00", "data_fin": "9999-12-31 00:00:00", "ente_for": "REGIONE PIEMONTE", "ente_prod": "ARPA PIEMONTE", "modo_prod": "banche dati esterne - geometrie da catasto, altezza volumi da ARPA PIEMONTE (DSM-DTM,LAS)", "sc_acq": "1:10000", "un_vol_av": "9", "un_vol_por": "al suolo", "un_vol_qe": "", "un_vol_ex": "altezza", "source": "BDTRE un_vol" }, "geometry": { "type": "Polygon", "coordinates": [ [ [ 7.68604, 45.06999 ], [ 7.68593, 45.07004 ], [ 7.68583, 45.07007 ], [ 7.68584, 45.07008 ], [ 7.68584, 45.07008 ], [ 7.68585, 45.07009 ], [ 7.68606, 45.07002 ], [ 7.68605, 45.07001 ], [ 7.68605, 45.07 ], [ 7.68604, 45.06999 ] ] ] } },
{ "type": "Feature", "properties": { "uuid": "cb9b2a28-b7c1-4f0e-bebf-ab262a14087e", "data_acq": "2017-12-31 00:00:00", "data_agg": "2017-12-31 00:00:00", "data_fin": "9999-12-31 00:00:00", "ente_for": "REGIONE PIEMONTE", "ente_prod": "ARPA PIEMONTE", "modo_prod": "banche dati esterne - geometrie da catasto, altezza volumi da ARPA PIEMONTE (DSM-DTM,LAS)", "sc_acq": "1:10000", "un_vol_av": "14", "un_vol_por": "al suolo", "un_vol_qe": "", "un_vol_ex": "altezza", "source": "BDTRE un_vol" }, "geometry": { "type": "Polygon", "coordinates": [ [ [ 7.68112, 45.06801 ], [ 7.68118, 45.06809 ], [ 7.68118, 45.06809 ], [ 7.68126, 45.06819 ], [ 7.68125, 45.0682 ], [ 7.68131, 45.06827 ], [ 7.68115, 45.06833 ], [ 7.68116, 45.06835 ], [ 7.68106, 45.06838 ], [ 7.68095, 45.06842 ], [ 7.6809, 45.06844 ], [ 7.68089, 45.06843 ], [ 7.68089, 45.06843 ], [ 7.68087, 45.0684 ], [ 7.68086, 45.06839 ], [ 7.68072, 45.06819 ], [ 7.68075, 45.06818 ], [ 7.68073, 45.06815 ], [ 7.68073, 45.06815 ], [ 7.68112, 45.06801 ] ] ] } }
]
}
