{
"type": "FeatureCollection",
"name": "bdtre_edifc",
"crs": { "type": "name", "properties": { "name": "urn:ogc:def:crs:OGC:1.3:CRS84" } },
"features": [
{ "type": "Feature", "properties": { "uuid": "52093623-3831-440c-bd96-27f855d6842a", "data_acq": "2025-08-31 00:00:00", "data_agg": "2025-08-31 00:00:00", "data_fin": "9999-12-31 00:00:00", "ente_for": "REGIONE PIEMONTE", "ente_prod": "REGIONE PIEMONTE", "modo_prod": "banche dati esterne - catasto", "sc_acq": "1:2000", "edifc_ty": "generica", "edifc_uso": "industriale", "edifc_stat": "costruito", "edifc_mon": "0", "edifc_nome": "", "edifc_idag": "", "edifc_ided": "", "source": "BDTRE edifc" }, "geometry": { "type": "Polygon", "coordinates": [ [ [ 7.68591, 45.08106 ], [ 7.68588, 45.08103 ], [ 7.68576, 45.08113 ], [ 7.6858, 45.08115 ], [ 7.68591, 45.08106 ] ] ] } },
{ "type": "Feature", "properties": { "uuid": "23c0ed0c-c9e5-4217-a78e-4294446d6f58", "data_acq": "2019-11-30 00:00:00", "data_agg": "2019-11-30 00:00:00", "data_fin": "9999-12-31 00:00:00", "ente_for": "REGIONE PIEMONTE", "ente_prod": "REGIONE PIEMONTE", "modo_prod": "banche dati esterne - catasto", "sc_acq": "1:2000", "edifc_ty": "generica", "edifc_uso": "residenziale e commerciale", "edifc_stat": "costruito", "edifc_mon": "0", "edifc_nome": "", "edifc_idag": "", "edifc_ided": "", "source": "BDTRE edifc" }, "geometry": { "type": "Polygon", "coordinates": [ [ [ 7.66918, 45.07574 ], [ 7.66891, 45.07584 ], [ 7.66864, 45.07593 ], [ 7.66884, 45.07624 ], [ 7.66886, 45.07626 ], [ 7.66886, 45.07626 ], [ 7.66886, 45.07626 ], [ 7.66886, 45.07626 ], [ 7.66895, 45.07624 ], [ 7.66895, 45.07624 ], [ 7.66894, 45.07623 ], [ 7.66932, 45.0761 ], [ 7.66932, 45.0761 ], [ 7.66932, 45.0761 ], [ 7.66933, 45.0761 ], [ 7.66933, 45.0761 ], [ 7.66933, 45.0761 ], [ 7.66934, 45.0761 ], [ 7.66934, 45.0761 ], [ 7.66934, 45.0761 ], [ 7.66939, 45.07608 ], [ 7.66941, 45.07607 ], [ 7.66937, 45.07601 ], [ 7.66937, 45.07601 ], [ 7.6693, 45.07591 ], [ 7.66922, 45.0758 ], [ 7.66922, 45.0758 ], [ 7.66922, 45.0758 ], [ 7.66922, 45.0758 ], [ 7.66918, 45.07574 ] ] ] } },
{ "type": "Feature", "properties": { "uuid": "0b570889-2238-4f2e-ac49-bc7c942ac961", "data_acq": "2019-11-30 00:00:00", "data_agg": "2019-11-30 00:00:00", "data_fin": "9999-12-31 00:00:00", "ente_for": "REGIONE PIEMONTE", "ente_prod": "REGIONE PIEMONTE", "modo_prod": "banche dati esterne - catasto", "sc_acq": "1:2000", "edifc_ty": "generica", "edifc_uso": "residenziale e commerciale", "edifc_stat": "costruito", "edifc_mon": "0", "edifc_nome": "", "edifc_idag": "", "edifc_ided": "", "source": "BDTRE edifc" }, "geometry": { "type": "Polygon", "coordinates": [ [ [ 7.66611, 45.08322 ], [ 7.6662, 45.08336 ], [ 7.66622, 45.08339 ], [ 7.66622, 45.08339 ], [ 7.66626, 45.08345 ], [ 7.66604, 45.08351 ], [ 7.66604, 45.08351 ], [ 7.66599, 45.08343 ], [ 7.66613, 45.08338 ], [ 7.66613, 45.08338 ], [ 7.66605, 45.08326 ], [ 7.66604, 45.08326 ], [ 7.66603, 45.08325 ], [ 7.66605, 45.08325 ], [ 7.66605, 45.08325 ], [ 7.66604, 45.08324 ], [ 7.66611, 45.08322 ] ] ] } },
{ "type": "Feature", "properties": { "uuid": "5378ddc7-201d-42d2-89d3-01e74f8343e5", "data_acq": "2019-11-30 00:00:00", "data_agg": "2019-11-30 00:00:00", "data_fin": "9999-12-31 00:00:00", "ente_for": "REGIONE PIEMONTE", "ente_prod": "REGIONE PIEMONTE", "modo_prod": "banche dati esterne - catasto", "sc_acq": "1:2000", "edifc_ty": "generica", "edifc_uso": "residenziale e commerciale", "edifc_stat": "costruito", "edifc_mon": "0", "edifc_nome": "", "edifc_idag": "", "edifc_ided": "", "source": "BDTRE edifc" }, "geometry": { "type": "Polygon", "coordinates": [ [ [ 7.66775, 45.07892 ], [ 7.66766, 45.07885 ], [ 7.66757, 45.0788 ], [ 7.66746, 45.07873 ], [ 7.66715, 45.07897 ], [ 7.66724, 45.07903 ], [ 7.6673, 45.07907 ], [ 7.66733, 45.07909 ], [ 7.66734, 45.07909 ], [ 7.66735, 45.0791 ], [ 7.66736, 45.0791 ], [ 7.66741, 45.07906 ], [ 7.66732, 45.079 ], [ 7.66732, 45.079 ], [ 7.66734, 45.07897 ], [ 7.66735, 45.07898 ], [ 7.66744, 45.07892 ], [ 7.66749, 45.07888 ], [ 7.66748, 45.07887 ], [ 7.66748, 45.07887 ], [ 7.66751, 45.07885 ], [ 7.66751, 45.07885 ], [ 7.66763, 45.07892 ], [ 7.66755, 45.07899 ], [ 7.66761, 45.07903 ], [ 7.66763, 45.07901 ], [ 7.66767, 45.07898 ], [ 7.66771, 45.07894 ], [ 7.66774, 45.07892 ], [ 7.66775, 45.07892 ] ] ] } },
{ "type": "Feature", "properties": { "uuid": "74321239-9965-496d-a699-28aa17eac519", "data_acq": "2019-11-30 00:00:00", "data_agg": "2019-11-30 00:00:00", "data_fin": "9999-12-31 00:00:00", "ente_for": "REGIONE PIEMONTE", "ente_prod": "REGIONE PIEMONTE", "modo_prod": "banche dati esterne - catasto", "sc_acq": "1:2000", "edifc_ty": "generica", "edifc_uso": "residenziale e commerciale", "edifc_stat": "costruito", "edifc_mon": "0", "edifc_nome": "", "edifc_idag": "", "edifc_ided": "", "source": "BDTRE edifc" }, "geometry": { "type": "Polygon", "coordinates": [ [ [ 7.67552, 45.08258 ], [ 7.67554, 45.08258 ], [ 7.67566, 45.08276 ], [ 7.67543, 45.08284 ], [ 7.67537, 45.08274 ], [ 7.67546, 45.08271 ], [ 7.67546, 45.0827 ], [ 7.67541, 45.08262 ], [ 7.67552, 45.08258 ] ] ] } },
{ "type": "Feature", "properties": { "uuid": "88b2eef0-590c-4951-8c94-38fbd3a80c12", "data_acq": "2019-11-30 00:00:00", "data_agg": "2019-11-30 00:00:00", "data_fin": "9999-12-31 00:00:00", "ente_for": "REGIONE PIEMONTE", "ente_prod": "REGIONE PIEMONTE", "modo_prod": "banche dati esterne - catasto", "sc_acq": "1:2000", "edifc_ty": "generica", "edifc_uso": "residenziale e commerciale", "edifc_stat": "costruito", "edifc_mon": "0", "edifc_nome": "", "edifc_idag": "", "edifc_ided": "", "source": "BDTRE edifc" }, "geometry": { "type": "Polygon", "coordinates": [ [ [ 7.68322, 45.08459 ], [ 7.68318, 45.08457 ], [ 7.68311, 45.08459 ], [ 7.68296, 45.08464 ], [ 7.68296, 45.08465 ], [ 7.68297, 45.08465 ], [ 7.68298, 45.08465 ], [ 7.683, 45.08465 ], [ 7.68294, 45.08471 ], [ 7.68288, 45.08469 ], [ 7.68288, 45.08467 ], [ 7.68287, 45.08467 ], [ 7.68279, 45.0847 ], [ 7.68303, 45.08481 ], [ 7.68322, 45.08459 ] ] ] } },
{ "type": "Feature", "properties": { "uuid": "7f18c5e5-089a-4e0e-b112-385179cf2e80", "data_acq": "2019-11-30 00:00:00", "data_agg": "2019-11-30 00:00:00", "data_fin": "9999-12-31 00:00:00", "ente_for": "REGIONE PIEMONTE", "ente_prod": "REGIONE PIEMONTE", "modo_prod": "banche dati esterne - catasto", "sc_acq": "1:2000", "edifc_ty": "generica", "edifc_uso": "residenziale e commerciale", "edifc_stat": "costruito", "edifc_mon": "0", "edifc_nome": "", "edifc_idag": "", "edifc_ided": "", "source": "BDTRE edifc" }, "geometry": { "type": "Polygon", "coordinates": [ [ [ 7.68137, 45.06933 ], [ 7.68115, 45.0694 ], [ 7.6811, 45.06942 ], [ 7.6811, 45.06943 ], [ 7.68125, 45.06961 ], [ 7.68142, 45.06956 ], [ 7.68167, 45.06947 ], [ 7.68156, 45.06932 ], [ 7.68153, 45.06933 ], [ 7.68148, 45.06935 ], [ 7.68146, 45.06932 ], [ 7.68144, 45.0693 ], [ 7.68137, 45.06933 ] ] ] } },
{ "type": "Feature", "properties": { "uuid": "10483b17-783b-45a9-bdcd-914aa4952de1", "data_acq": "2019-11-30 00:00:00", "data_agg": "2019-11-30 00:00:00", "data_fin": "9999-12-31 00:00:00", "ente_for": "REGIONE PIEMONTE", "ente_prod": "REGIONE PIEMONTE", "modo_prod": "banche dati esterne - catasto", "sc_acq": "1:2000", "edifc_ty": "generica", "edifc_uso": "residenziale e commerciale", "edifc_stat": "costruito", "edifc_mon": "0", "edifc_nome": "", "edifc_idag": "", "edifc_ided": "", "source": "BDTRE edifc" }, "geometry": { "type": "Polygon", "coordinates": [ [ [ 7.68482, 45.0777 ], [ 7.68485, 45.07773 ], [ 7.68494, 45.07788 ], [ 7.68486, 45.07791 ], [ 7.68484, 45.07788 ], [ 7.68475, 45.0779 ], [ 7.68465, 45.07775 ], [ 7.68482, 45.0777 ] ] ] } },
{ "type": "Feature", "properties": { "uuid": "e457849f-663f-46d0-89a9-54a440175efd", "data_acq": "2019-11-30 00:00:00", "data_agg": "2019-11-30 00:00:00", "data_fin": "9999-12-31 00:00:00", "ente_for": "REGIONE PIEMONTE", "ente_prod": "REGIONE PIEMONTE", "modo_prod": "banche dati esterne - catasto", "sc_acq": "1:2000", "edifc_ty": "generica", "edifc_uso": "residenziale e commerciale", "edifc_stat": "costruito", "edifc_mon": "0", "edifc_nome": "", "edifc_idag": "", "edifc_ided": "", "source": "BDTRE edifc" }, "geometry": { "type": "Polygon", "coordinates": [ [ [ 7.66877, 45.07449 ], [ 7.66877, 45.0745 ], [ 7.66877, 45.0745 ], [ 7.66879, 45.07452 ], [ 7.6688, 45.07455 ], [ 7.66881, 45.07455 ], [ 7.66881, 45.07455 ], [ 7.66884, 45.07459 ], [ 7.66893, 45.07472 ], [ 7.66917, 45.07464 ], [ 7.66925, 45.07461 ], [ 7.66937, 45.07457 ], [ 7.66942, 45.07455 ], [ 7.66926, 45.07432 ], [ 7.66926, 45.07432 ], [ 7.66925, 45.0743 ], [ 7.66924, 45.07429 ], [ 7.66924, 45.07429 ], [ 7.66923, 45.07427 ], [ 7.66915, 45.0743 ], [ 7.66918, 45.07434 ], [ 7.66918, 45.07435 ], [ 7.66877, 45.07449 ], [ 7.66877, 45.07449 ] ] ] } },
{ "type": "Feature", "properties": { "uuid": "56bf365a-a394-4deb-87d8-13e38e68a3d1", "data_acq": "2019-11-30 00:00:00", "data_agg": "2019-11-30 00:00:00", "data_fin": "9999-12-31 00:00:00", "ente_for": "REGIONE PIEMONTE", "ente_prod": "REGIONE PIEMONTE", "modo_prod": "banche dati esterne - catasto", "sc_acq": "1:2000", "edifc_ty": "generica", "edifc_uso": "residenziale e commerciale", "edifc_stat": "costruito", "edifc_mon": "0", "edifc_nome": "", "edifc_idag": "", "edifc_ided": "", "source": "BDTRE edifc" }, "geometry": { "type": "Polygon", "coordinates": [ [ [ 7.67801, 45.08172 ], [ 7.67789, 45.08176 ], [ 7.67787, 45.08177 ], [ 7.67788, 45.08178 ], [ 7.67788, 45.08178 ], [ 7.67789, 45.08178 ], [ 7.67789, 45.08178 ], [ 7.67795, 45.08186 ], [ 7.67792, 45.08187 ], [ 7.67792, 45.08186 ], [ 7.6779, 45.08187 ], [ 7.67792, 45.08189 ], [ 7.67797, 45.08196 ], [ 7.67814, 45.08191 ], [ 7.67801, 45.08172 ] ] ] } },
{ "type": "Feature", "properties": { "uuid": "8448cb67-b76d-410f-bbd5-d68bd33b73ab", "data_acq": "2019-11-30 00:00:00", "data_agg": "2019-11-30 00:00:00", "data_fin": "9999-12-31 00:00:00", "ente_for": "REGIONE PIEMONTE", "ente_prod": "REGIONE PIEMONTE", "modo_prod": "banche dati esterne - catasto", "sc_acq": "1:2000", "edifc_ty": "generica", "edifc_uso": "residenziale e commerciale", "edifc_stat": "costruito", "edifc_mon": "0", "edifc_nome": "", "edifc_idag": "", "edifc_ided": "", "source": "BDTRE edifc" }, "geometry": { "type": "Polygon", "coordinates": [ [ [ 7.67847, 45.06982 ], [ 7.67845, 45.0698 ], [ 7.67846, 45.06979 ], [ 7.67842, 45.06974 ], [ 7.67852, 45.0697 ], [ 7.67852, 45.06969 ], [ 7.67852, 45.06969 ], [ 7.67851, 45.06967 ], [ 7.6785, 45.06967 ], [ 7.67848, 45.06963 ], [ 7.6785, 45.06962 ], [ 7.6785, 45.06962 ], [ 7.67855, 45.0696 ], [ 7.67857, 45.06963 ], [ 7.67859, 45.06966 ], [ 7.67861, 45.0697 ], [ 7.67863, 45.06974 ], [ 7.67872, 45.06986 ], [ 7.67854, 45.06992 ], [ 7.67847, 45.06982 ] ] ] } },
{ "type": "Feature", "properties": { "uuid": "2e857416-8e2c-4c58-af37-9080655a832c", "data_acq": "2019-11-30 00:00:00", "data_agg": "2019-11-30 00:00:00", "data_fin": "9999-12-31 00:00:00", "ente_for": "REGIONE PIEMONTE", "ente_prod": "REGIONE PIEMONTE", "modo_prod": "banche dati esterne - catasto", "sc_acq": "1:2000", "edifc_ty": "generica", "edifc_uso": "residenziale e commerciale", "edifc_stat": "costruito", "edifc_mon": "0", "edifc_nome": "", "edifc_idag": "", "edifc_ided": "", "source": "BDTRE edifc" }, "geometry": { "type": "Polygon", "coordinates": [ [ [ 7.67905, 45.07105 ], [ 7.67919, 45.071 ], [ 7.67918, 45.07099 ], [ 7.67917, 45.07099 ], [ 7.67916, 45.07097 ], [ 7.67923, 45.07095 ], [ 7.67921, 45.07091 ], [ 7.6792, 45.07092 ], [ 7.67915, 45.07086 ], [ 7.67907, 45.07088 ], [ 7.67903, 45.0709 ], [ 7.67896, 45.07092 ], [ 7.67903, 45.07102 ], [ 7.67905, 45.07105 ] ] ] } },
{ "type": "Feature", "properties": { "uuid": "a9ef88ad-b335-4878-842a-310c00bacbaa", "data_acq": "2019-11-30 00:00:00", "data_agg": "2019-11-30 00:00:00", "data_fin": "9999-12-31 00:00:00", "ente_for": "REGIONE PIEMONTE", "ente_prod": "REGIONE PIEMONTE", "modo_prod": "banche dati esterne - catasto", "sc_acq": "1:2000", "edifc_ty": "generica", "edifc_uso": "residenziale e produttivo", "edifc_stat": "costruito", "edifc_mon": "0", "edifc_nome": "", "edifc_idag": "", "edifc_ided": "", "source": "BDTRE edifc" }, "geometry": { "type": "Polygon", "coordinates": [ [ [ 7.68475, 45.08331 ], [ 7.6847, 45.08336 ], [ 7.68479, 45.08337 ], [ 7.68477, 45.08345 ], [ 7.68476, 45.08344 ], [ 7.68452, 45.0834 ], [ 7.68464, 45.0833 ], [ 7.68465, 45.0833 ], [ 7.68475, 45.08331 ] ] ] } },
{ "type": "Feature", "properties": { "uuid": "9103ca1d-5126-413a-978a-a8eff187b61d", "data_acq": "2019-11-30 00:00:00", "data_agg": "2019-11-30 00:00:00", "data_fin": "9999-12-31 00:00:00", "ente_for": "REGIONE PIEMONTE", "ente_prod": "REGIONE PIEMONTE", "modo_prod": "banche dati esterne - catasto", "sc_acq": "1:2000", "edifc_ty": "generica", "edifc_uso": "residenziale e produttivo", "edifc_stat": "costruito", "edifc_mon": "0", "edifc_nome": "", "edifc_idag": "", "edifc_ided": "", "source": "BDTRE edifc" }, "geometry": { "type": "Polygon", "coordinates": [ [ [ 7.67878, 45.0839 ], [ 7.67865, 45.08395 ], [ 7.67872, 45.08405 ], [ 7.67875, 45.0841 ], [ 7.67889, 45.08405 ], [ 7.67878, 45.0839 ] ] ] } },
{ "type": "Feature", "properties": { "uuid": "df03f09f-d0ad-4381-9718-b5c5204d7c0c", "data_acq": "2019-11-30 00:00:00", "data_agg": "2019-11-30 00:00:00", "data_fin": "9999-12-31 00:00:00", "ente_for": "REGIONE PIEMONTE", "ente_prod": "REGIONE PIEMONTE", "modo_prod": "banche dati esterne - catasto", "sc_acq": "1:2000", "edifc_ty": "generica", "edifc_uso": "residenziale e commerciale", "edifc_stat": "costruito", "edifc_mon": "0", "edifc_nome": "", "edifc_idag": "", "edifc_ided": "", "source": "BDTRE edifc" }, "geometry": { "type": "Polygon", "coordinates": [ [ [ 7.67666, 45.06523 ], [ 7.6766, 45.06513 ], [ 7.67646, 45.06494 ], [ 7.67641, 45.06495 ], [ 7.67633, 45.06498 ], [ 7.67628, 45.065 ], [ 7.67618, 45.06504 ], [ 7.67626, 45.06514 ], [ 7.67629, 45.06513 ], [ 7.67629, 45.06512 ], [ 7.67638, 45.06509 ], [ 7.67638, 45.06509 ], [ 7.67642, 45.06513 ], [ 7.6764, 45.06514 ], [ 7.67644, 45.06518 ], [ 7.67644, 45.06518 ], [ 7.67645, 45.06518 ], [ 7.67648, 45.06522 ], [ 7.67638, 45.06526 ], [ 7.67637, 45.06525 ], [ 7.67634, 45.06526 ], [ 7.67638, 45.06533 ], [ 7.67666, 45.06523 ] ] ] } },
{ "type": "Feature", "properties": { "uuid": "34e9f60a-b3f0-4963-9dcc-f7828de40928", "data_acq": "2019-11-30 00:00:00", "data_agg": "2019-11-30 00:00:00", "data_fin": "9999-12-31 00:00:00", "ente_for": "REGIONE PIEMONTE", "ente_prod": "REGIONE PIEMONTE", "modo_prod": "banche dati esterne - catasto", "sc_acq": "1:2000", "edifc_ty": "generica", "edifc_uso": "residenziale e commerciale", "edifc_stat": "costruito", "edifc_mon": "0", "edifc_nome": "", "edifc_idag": "", "edifc_ided": "", "source": "BDTRE edifc" }, "geometry": { "type": "Polygon", "coordinates": [ [ [ 7.67105, 45.0751 ], [ 7.67108, 45.07509 ], [ 7.67123, 45.07503 ], [ 7.6714, 45.07498 ], [ 7.67142, 45.07497 ], [ 7.67148, 45.07507 ], [ 7.67149, 45.07507 ], [ 7.6715, 45.07509 ], [ 7.67156, 45.07518 ], [ 7.67156, 45.07518 ], [ 7.67154, 45.07519 ], [ 7.67154, 45.07518 ], [ 7.67149, 45.0752 ], [ 7.67143, 45.07512 ], [ 7.67147, 45.0751 ], [ 7.67146, 45.07508 ], [ 7.67126, 45.07515 ], [ 7.67127, 45.07515 ], [ 7.67123, 45.07517 ], [ 7.67122, 45.07516 ], [ 7.67119, 45.07517 ], [ 7.67125, 45.07527 ], [ 7.67125, 45.07527 ], [ 7.67128, 45.07529 ], [ 7.67157, 45.07519 ], [ 7.67158, 45.07521 ], [ 7.67161, 45.07525 ], [ 7.67147, 45.0753 ], [ 7.67145, 45.0753 ], [ 7.67124, 45.07538 ], [ 7.67105, 45.0751 ] ] ] } },
{ "type": "Feature", "properties": { "uuid": "bdd07304-4bb6-471a-8e9f-66b0cf5a62e2", "data_acq": "2019-11-30 00:00:00", "data_agg": "2019-11-30 00:00:00", "data_fin": "9999-12-31 00:00:00", "ente_for": "REGIONE PIEMONTE", "ente_prod": "REGIONE PIEMONTE", "modo_prod": "banche dati esterne - catasto", "sc_acq": "1:2000", "edifc_ty": "generica", "edifc_uso": "residenziale e commerciale", "edifc_stat": "costruito", "edifc_mon": "0", "edifc_nome": "", "edifc_idag": "", "edifc_ided": "", "source": "BDTRE edifc" }, "geometry": { "type": "Polygon", "coordinates": [ [ [ 7.67816, 45.06817 ], [ 7.67827, 45.06813 ], [ 7.67845, 45.06837 ], [ 7.67799, 45.06854 ], [ 7.67791, 45.06843 ], [ 7.67796, 45.06842 ], [ 7.67786, 45.06828 ], [ 7.67798, 45.06824 ], [ 7.67808, 45.06837 ], [ 7.67823, 45.06831 ], [ 7.67818, 45.06824 ], [ 7.67817, 45.06825 ], [ 7.67814, 45.06821 ], [ 7.67816, 45.06821 ], [ 7.67814, 45.06818 ], [ 7.67814, 45.06818 ], [ 7.67816, 45.06817 ] ] ] } },
{ "type": "Feature", "properties": { "uuid": "1b8b590f-d510-4232-b470-630dbcadfb40", "data_acq": "2019-11-30 00:00:00", "data_agg": "2019-11-30 00:00:00", "data_fin": "9999-12-31 00:00:00", "ente_for": "REGIONE PIEMONTE", "ente_prod": "REGIONE PIEMONTE", "modo_prod": "banche dati esterne - catasto", "sc_acq": "1:2000", "edifc_ty": "generica", "edifc_uso": "residenziale e commerciale", "edifc_stat": "costruito", "edifc_mon": "0", "edifc_nome": "", "edifc_idag": "", "edifc_ided": "", "source": "BDTRE edifc" }, "geometry": { "type": "Polygon", "coordinates": [ [ [ 7.67682, 45.07247 ], [ 7.67686, 45.07251 ], [ 7.67685, 45.07251 ], [ 7.67688, 45.07256 ], [ 7.6769, 45.07255 ], [ 7.67692, 45.07255 ], [ 7.67692, 45.07256 ], [ 7.67693, 45.07257 ], [ 7.67694, 45.07258 ], [ 7.67696, 45.07262 ], [ 7.67699, 45.07261 ], [ 7.6771, 45.07256 ], [ 7.6771, 45.07256 ], [ 7.67701, 45.07242 ], [ 7.67697, 45.07241 ], [ 7.6769, 45.07244 ], [ 7.67682, 45.07247 ] ] ] } },
{ "type": "Feature", "properties": { "uuid": "0f9f39d4-f5f8-4b0b-ad08-376ea14d84a2", "data_acq": "2019-11-30 00:00:00", "data_agg": "2019-11-30 00:00:00", "data_fin": "9999-12-31 00:00:00", "ente_for": "REGIONE PIEMONTE", "ente_prod": "REGIONE PIEMONTE", "modo_prod": "banche dati esterne - catasto", "sc_acq": "1:2000", "edifc_ty": "generica", "edifc_uso": "residenziale e commerciale", "edifc_stat": "costruito", "edifc_mon": "0", "edifc_nome": "", "edifc_idag": "", "edifc_ided": "", "source": "BDTRE edifc" }, "geometry": { "type": "Polygon", "coordinates": [ [ [ 7.68361, 45.08004 ], [ 7.68363, 45.08008 ], [ 7.6838, 45.08006 ], [ 7.68381, 45.0801 ], [ 7.6838, 45.0801 ], [ 7.68381, 45.08013 ], [ 7.68381, 45.08013 ], [ 7.68383, 45.08022 ], [ 7.68383, 45.08023 ], [ 7.68384, 45.08026 ], [ 7.68367, 45.08029 ], [ 7.68367, 45.08029 ], [ 7.68366, 45.08029 ], [ 7.68365, 45.08027 ], [ 7.68366, 45.08026 ], [ 7.68364, 45.08019 ], [ 7.68361, 45.08009 ], [ 7.68361, 45.08009 ], [ 7.68324, 45.08014 ], [ 7.68322, 45.08009 ], [ 7.68332, 45.08008 ], [ 7.68347, 45.08006 ], [ 7.68361, 45.08004 ] ] ] } },
{ "type": "Feature", "properties": { "uuid": "e6d6aead-d4a4-4184-9446-acb91853dfdb", "data_acq": "2019-11-30 00:00:00", "data_agg": "2019-11-30 00:00:00", "data_fin": "9999-12-31 00:00:00", "ente_for": "REGIONE PIEMONTE", "ente_prod": "REGIONE PIEMONTE", "modo_prod": "banche dati esterne - catasto", "sc_acq": "1:2000", "edifc_ty": "generica", "edifc_uso": "residenziale e commerciale", "edifc_stat": "costruito", "edifc_mon": "0", "edifc_nome": "", "edifc_idag": "", "edifc_ided": "", "source": "BDTRE edifc" }, "geometry": { "type": "Polygon", "coordinates": [ [ [ 7.69136, 45.06536 ], [ 7.6913, 45.06538 ], [ 7.69093, 45.06552 ], [ 7.69089, 45.06546 ], [ 7.69085, 45.06541 ], [ 7.69087, 45.0654 ], [ 7.69087, 45.06541 ], [ 7.69093, 45.06539 ], [ 7.69102, 45.06536 ], [ 7.6911, 45.06533 ], [ 7.69106, 45.06527 ], [ 7.69111, 45.06525 ], [ 7.69115, 45.06531 ], [ 7.69124, 45.06528 ], [ 7.69124, 45.06528 ], [ 7.69128, 45.06533 ], [ 7.69132, 45.06531 ], [ 7.69136, 45.06536 ] ] ] } },
{ "type": "Feature", "properties": { "uuid": "c9ab63b5-fe26-49b8-80a4-8512cb9a7b15", "data_acq": "2019-11-30 00:00:00", "data_agg": "2019-11-30 00:00:00", "data_fin": "9999-12-31 00:00:00", "ente_for": "REGIONE PIEMONTE", "ente_prod": "REGIONE PIEMONTE", "modo_prod": "banche dati esterne - catasto", "sc_acq": "1:2000", "edifc_ty": "generica", "edifc_uso": "residenziale e commerciale", "edifc_stat": "costruito", "edifc_mon": "0", "edifc_nome": "", "edifc_idag": "", "edifc_ided": "", "source": "BDTRE edifc" }, "geometry": { "type": "Polygon", "coordinates": [ [ [ 7.67503, 45.07848 ], [ 7.67487, 45.07854 ], [ 7.67488, 45.07856 ], [ 7.67486, 45.07861 ], [ 7.67552, 45.07877 ], [ 7.67569, 45.07864 ], [ 7.67558, 45.07848 ], [ 7.67547, 45.07833 ], [ 7.6754, 45.07835 ], [ 7.67535, 45.07837 ], [ 7.67533, 45.07837 ], [ 7.67533, 45.07837 ], [ 7.67537, 45.07842 ], [ 7.67548, 45.07859 ], [ 7.67545, 45.07862 ], [ 7.67506, 45.07853 ], [ 7.67503, 45.07848 ], [ 7.67503, 45.07848 ] ] ] } },
{ "type": "Feature", "properties": { "uuid": "7842ef01-e2d8-413c-8335-332f9cdd1d62", "data_acq": "2019-11-30 00:00:00", "data_agg": "2019-11-30 00:00:00", "data_fin": "9999-12-31 00:00:00", "ente_for": "REGIONE PIEMONTE", "ente_prod": "REGIONE PIEMONTE", "modo_prod": "banche dati esterne - catasto", "sc_acq": "1:2000", "edifc_ty": "generica", "edifc_uso": "residenziale e commerciale", "edifc_stat": "costruito", "edifc_mon": "0", "edifc_nome": "", "edifc_idag": "", "edifc_ided": "", "source": "BDTRE edifc" }, "geometry": { "type": "Polygon", "coordinates": [ [ [ 7.68694, 45.07942 ], [ 7.68694, 45.07943 ], [ 7.68691, 45.07945 ], [ 7.6869, 45.07946 ], [ 7.68686, 45.07944 ], [ 7.68688, 45.07943 ], [ 7.68693, 45.07941 ], [ 7.68693, 45.07942 ], [ 7.68694, 45.07942 ] ] ] } },
{ "type": "Feature", "properties": { "uuid": "2e75a874-88a7-4c78-97cc-2f005aaf41a3", "data_acq": "2019-11-30 00:00:00", "data_agg": "2019-11-30 00:00:00", "data_fin": "9999-12-31 00:00:00", "ente_for": "REGIONE PIEMONTE", "ente_prod": "REGIONE PIEMONTE", "modo_prod": "banche dati esterne - catasto", "sc_acq": "1:2000", "edifc_ty": "generica", "edifc_uso": "residenziale e produttivo", "edifc_stat": "costruito", "edifc_mon": "0", "edifc_nome": "", "edifc_idag": "", "edifc_ided": "", "source": "BDTRE edifc" }, "geometry": { "type": "Polygon", "coordinates": [ [ [ 7.69374, 45.07166 ], [ 7.69395, 45.07177 ], [ 7.69392, 45.0718 ], [ 7.6937, 45.0717 ], [ 7.69374, 45.07166 ] ] ] } },
{ "type": "Feature", "properties": { "uuid": "0f21e12e-d0c4-4e24-b35d-343592218549", "data_acq": "2019-11-30 00:00:00", "data_agg": "2019-11-30 00:00:00", "data_fin": "9999-12-31 00:00:00", "ente_for": "REGIONE PIEMONTE", "ente_prod": "REGIONE PIEMONTE", "modo_prod": "banche dati esterne - catasto", "sc_acq": "1:2000", "edifc_ty": "generica", "edifc_uso": "residenziale e produttivo", "edifc_stat": "costruito", "edifc_mon": "0", "edifc_nome": "", "edifc_idag": "", "edifc_ided": "", "source": "BDTRE edifc" }, "geometry": { "type": "Polygon", "coordinates": [ [ [ 7.66524, 45.07891 ], [ 7.66528, 45.07883 ], [ 7.66529, 45.07882 ], [ 7.66529, 45.07882 ], [ 7.66529, 45.07881 ], [ 7.66531, 45.0788 ], [ 7.66533, 45.0788 ], [ 7.66533, 45.07881 ], [ 7.66535, 45.07881 ], [ 7.66541, 45.07891 ], [ 7.66527, 45.07895 ], [ 7.66527, 45.07895 ], [ 7.66526, 45.07895 ], [ 7.66525, 45.07895 ], [ 7.66524, 45.07893 ], [ 7.66524, 45.07893 ], [ 7.66525, 45.07892 ], [ 7.66524, 45.07891 ] ] ] } },
{ "type": "Feature", "properties": { "uuid": "b3341b8e-d957-4b8b-b1f4-12ef7bc9f205", "data_acq": "2019-11-30 00:00:00", "data_agg": "2019-11-30 00:00:00", "data_fin": "9999-12-31 00:00:00", "ente_for": "REGIONE PIEMONTE", "ente_prod": "REGIONE PIEMONTE", "modo_prod": "banche dati esterne - catasto", "sc_acq": "1:2000", "edifc_ty": "generica", "edifc_uso": "residenziale e commerciale", "edifc_stat": "costruito", "edifc_mon": "0", "edifc_nome": "", "edifc_idag": "", "edifc_ided": "", "source": "BDTRE edifc" }, "geometry": { "type": "Polygon", "coordinates": [ [ [ 7.67981, 45.07524 ], [ 7.67981, 45.07524 ], [ 7.67985, 45.07529 ], [ 7.67999, 45.07523 ], [ 7.67995, 45.07519 ], [ 7.67995, 45.07519 ], [ 7.67995, 45.07519 ], [ 7.67987, 45.07522 ], [ 7.67982, 45.07515 ], [ 7.67976, 45.07507 ], [ 7.67985, 45.07504 ], [ 7.67991, 45.07511 ], [ 7.67991, 45.07512 ], [ 7.6799, 45.07512 ], [ 7.67991, 45.07514 ], [ 7.67991, 45.07514 ], [ 7.67998, 45.07511 ], [ 7.67989, 45.07498 ], [ 7.67984, 45.07492 ], [ 7.67983, 45.07492 ], [ 7.67983, 45.07492 ], [ 7.67973, 45.07496 ], [ 7.67965, 45.07498 ], [ 7.67963, 45.07499 ], [ 7.67963, 45.07499 ], [ 7.67969, 45.07507 ], [ 7.67966, 45.07508 ], [ 7.67972, 45.07516 ], [ 7.67972, 45.07516 ], [ 7.67973, 45.07516 ], [ 7.67975, 45.07518 ], [ 7.67981, 45.07524 ] ] ] } },
{ "type": "Feature", "properties": { "uuid": "900136b2-7e50-44cb-a67f-9c9a7e77159c", "data_acq": "2019-11-30 00:00:00", "data_agg": "2019-11-30 00:00:00", "data_fin": "9999-12-31 00:00:00", "ente_for": "REGIONE PIEMONTE", "ente_prod": "REGIONE PIEMONTE", "modo_prod": "banche dati esterne - catasto", "sc_acq": "1:2000", "edifc_ty": "generica", "edifc_uso": "residenziale e commerciale", "edifc_stat": "costruito", "edifc_mon": "0", "edifc_nome": "", "edifc_idag": "", "edifc_ided": "", "source": "BDTRE edifc" }, "geometry": { "type": "Polygon", "coordinates": [ [ [ 7.69274, 45.07275 ], [ 7.69248, 45.07283 ], [ 7.69242, 45.07273 ], [ 7.69261, 45.07267 ], [ 7.69267, 45.07265 ], [ 7.69274, 45.07275 ] ] ] } },
{ "type": "Feature", "properties": { "uuid": "eed180df-2a6b-4e24-ae86-857902bf2f04", "data_acq": "2019-11-30 00:00:00", "data_agg": "2019-11-30 00:00:00", "data_fin": "9999-12-31 00:00:00", "ente_for": "REGIONE PIEMONTE", "ente_prod": "REGIONE PIEMONTE", "modo_prod": "banche dati esterne - catasto", "sc_acq": "1:2000", "edifc_ty": "generica", "edifc_uso": "residenziale e commerciale", "edifc_stat": "costruito", "edifc_mon": "0", "edifc_nome": "", "edifc_idag": "", "edifc_ided": "", "source": "BDTRE edifc" }, "geometry": { "type": "Polygon", "coordinates": [ [ [ 7.6829, 45.08494 ], [ 7.68277, 45.08508 ], [ 7.68269, 45.08517 ], [ 7.68264, 45.08522 ], [ 7.68251, 45.08516 ], [ 7.68255, 45.08512 ], [ 7.68254, 45.08511 ], [ 7.68256, 45.08509 ], [ 7.68257, 45.0851 ], [ 7.68258, 45.08508 ], [ 7.68257, 45.08508 ], [ 7.68259, 45.08506 ], [ 7.6826, 45.08506 ], [ 7.68265, 45.08502 ], [ 7.68269, 45.08498 ], [ 7.68267, 45.08497 ], [ 7.68269, 45.08495 ], [ 7.6827, 45.08496 ], [ 7.68271, 45.08494 ], [ 7.6827, 45.08494 ], [ 7.68272, 45.08492 ], [ 7.68273, 45.08493 ], [ 7.68277, 45.08488 ], [ 7.68288, 45.08493 ], [ 7.6829, 45.08494 ] ] ] } },
{ "type": "Feature", "properties": { "uuid": "5ecbba78-ea68-4e59-bc55-abc0fe8cc42a", "data_acq": "2019-11-30 00:00:00", "data_agg": "2019-11-30 00:00:00", "data_fin": "9999-12-31 00:00:00", "ente_for": "REGIONE PIEMONTE", "ente_prod": "REGIONE PIEMONTE", "modo_prod": "banche dati esterne - catasto", "sc_acq": "1:2000", "edifc_ty": "generica", "edifc_uso": "residenziale e commerciale", "edifc_stat": "costruito", "edifc_mon": "0", "edifc_nome": "", "edifc_idag": "", "edifc_ided": "", "source": "BDTRE edifc" }, "geometry": { "type": "Polygon", "coordinates": [ [ [ 7.66823, 45.06951 ], [ 7.66841, 45.06945 ], [ 7.66841, 45.06944 ], [ 7.6684, 45.06944 ], [ 7.66831, 45.06931 ], [ 7.66841, 45.06928 ], [ 7.66838, 45.06923 ], [ 7.66832, 45.06925 ], [ 7.6683, 45.06926 ], [ 7.66809, 45.06933 ], [ 7.6681, 45.06934 ], [ 7.66811, 45.06936 ], [ 7.66816, 45.06942 ], [ 7.66822, 45.06951 ], [ 7.66823, 45.06951 ] ] ] } },
{ "type": "Feature", "properties": { "uuid": "90e3a00f-34e2-45ff-8018-969d821b2c2a", "data_acq": "2019-11-30 00:00:00", "data_agg": "2019-11-30 00:00:00", "data_fin": "9999-12-31 00:00:00", "ente_for": "REGIONE PIEMONTE", "ente_prod": "REGIONE PIEMONTE", "modo_prod": "banche dati esterne - catasto", "sc_acq": "1:2000", "edifc_ty": "generica", "edifc_uso": "residenziale e commerciale", "edifc_stat": "costruito", "edifc_mon": "0", "edifc_nome": "", "edifc_idag": "", "edifc_ided": "", "source": "BDTRE edifc" }, "geometry": { "type": "Polygon", "coordinates": [ [ [ 7.67433, 45.08082 ], [ 7.67445, 45.08099 ], [ 7.6741, 45.08109 ], [ 7.6741, 45.08109 ], [ 7.6741, 45.08109 ], [ 7.67395, 45.08099 ], [ 7.67394, 45.08099 ], [ 7.674, 45.08095 ], [ 7.67406, 45.08099 ], [ 7.67418, 45.08096 ], [ 7.6743, 45.08092 ], [ 7.6743, 45.08092 ], [ 7.67429, 45.0809 ], [ 7.67427, 45.08091 ], [ 7.67427, 45.0809 ], [ 7.67428, 45.0809 ], [ 7.67427, 45.08089 ], [ 7.67424, 45.08085 ], [ 7.67433, 45.08082 ] ] ] } },
{ "type": "Feature", "properties": { "uuid": "186c3fe1-0bc6-491a-ba58-4184ae689732", "data_acq": "2019-11-30 00:00:00", "data_agg": "2019-11-30 00:00:00", "data_fin": "9999-12-31 00:00:00", "ente_for": "REGIONE PIEMONTE", "ente_prod": "REGIONE PIEMONTE", "modo_prod": "banche dati esterne - catasto", "sc_acq": "1:2000", "edifc_ty": "generica", "edifc_uso": "residenziale e commerciale", "edifc_stat": "costruito", "edifc_mon": "0", "edifc_nome": "", "edifc_idag": "", "edifc_ided": "", "source": "BDTRE edifc" }, "geometry": { "type": "Polygon", "coordinates": [ [ [ 7.67802, 45.0747 ], [ 7.67794, 45.07458 ], [ 7.67782, 45.07462 ], [ 7.67777, 45.07455 ], [ 7.67778, 45.07455 ], [ 7.67777, 45.07454 ], [ 7.67776, 45.07454 ], [ 7.67776, 45.07454 ], [ 7.67761, 45.07459 ], [ 7.67769, 45.07471 ], [ 7.67775, 45.07479 ], [ 7.67794, 45.07473 ], [ 7.67797, 45.07471 ], [ 7.67802, 45.0747 ] ] ] } },
{ "type": "Feature", "properties": { "uuid": "f071f5bb-e790-4ec1-b23a-96895c4e89a4", "data_acq": "2019-11-30 00:00:00", "data_agg": "2019-11-30 00:00:00", "data_fin": "9999-12-31 00:00:00", "ente_for": "REGIONE PIEMONTE", "ente_prod": "REGIONE PIEMONTE", "modo_prod": "banche dati esterne - catasto", "sc_acq": "1:2000", "edifc_ty": "generica", "edifc_uso": "residenziale e commerciale", "edifc_stat": "costruito", "edifc_mon": "0", "edifc_nome": "", "edifc_idag": "", "edifc_ided": "", "source": "BDTRE edifc" }, "geometry": { "type": "Polygon", "coordinates": [ [ [ 7.6683, 45.08352 ], [ 7.6681, 45.08359 ], [ 7.66818, 45.0837 ], [ 7.66825, 45.0838 ], [ 7.66829, 45.08379 ], [ 7.66838, 45.08376 ], [ 7.6684, 45.08375 ], [ 7.6684, 45.08375 ], [ 7.6684, 45.08375 ], [ 7.66856, 45.08369 ], [ 7.66872, 45.08364 ], [ 7.66867, 45.08355 ], [ 7.66861, 45.08347 ], [ 7.66849, 45.08353 ], [ 7.66853, 45.08359 ], [ 7.66847, 45.08361 ], [ 7.66846, 45.0836 ], [ 7.66833, 45.08365 ], [ 7.66828, 45.08358 ], [ 7.66836, 45.08356 ], [ 7.66835, 45.08354 ], [ 7.66833, 45.08351 ], [ 7.6683, 45.08352 ] ] ] } },
{ "type": "Feature", "properties": { "uuid": "eb58c8d6-54c9-409e-a521-7eb64874682f", "data_acq": "2019-11-30 00:00:00", "data_agg": "2019-11-30 00:00:00", "data_fin": "9999-12-31 00:00:00", "ente_for": "REGIONE PIEMONTE", "ente_prod": "REGIONE PIEMONTE", "modo_prod": "banche dati esterne - catasto", "sc_acq": "1:2000", "edifc_ty": "generica", "edifc_uso": "residenziale e commerciale", "edifc_stat": "costruito", "edifc_mon": "0", "edifc_nome": "", "edifc_idag": "", "edifc_ided": "", "source": "BDTRE edifc" }, "geometry": { "type": "Polygon", "coordinates": [ [ [ 7.692, 45.06941 ], [ 7.69199, 45.0694 ], [ 7.69194, 45.06942 ], [ 7.69214, 45.0697 ], [ 7.69242, 45.0696 ], [ 7.69221, 45.0693 ], [ 7.69215, 45.06932 ], [ 7.69221, 45.06941 ], [ 7.69216, 45.06942 ], [ 7.69218, 45.06945 ], [ 7.69217, 45.06945 ], [ 7.69217, 45.06945 ], [ 7.69219, 45.06946 ], [ 7.69219, 45.06946 ], [ 7.69224, 45.06944 ], [ 7.69229, 45.06952 ], [ 7.69212, 45.06958 ], [ 7.69207, 45.06951 ], [ 7.69209, 45.0695 ], [ 7.69208, 45.06948 ], [ 7.69206, 45.06949 ], [ 7.692, 45.06941 ] ] ] } },
{ "type": "Feature", "properties": { "uuid": "ae99aa0f-3d93-49bd-b0af-cbfbf30372a1", "data_acq": "2019-11-30 00:00:00", "data_agg": "2019-11-30 00:00:00", "data_fin": "9999-12-31 00:00:00", "ente_for": "REGIONE PIEMONTE", "ente_prod": "REGIONE PIEMONTE", "modo_prod": "banche dati esterne - catasto", "sc_acq": "1:2000", "edifc_ty": "generica", "edifc_uso": "residenziale e commerciale", "edifc_stat": "costruito", "edifc_mon": "0", "edifc_nome": "", "edifc_idag": "", "edifc_ided": "", "source": "BDTRE edifc" }, "geometry": { "type": "Polygon", "coordinates": [ [ [ 7.67756, 45.07063 ], [ 7.67766, 45.07077 ], [ 7.67761, 45.07078 ], [ 7.67764, 45.07083 ], [ 7.6775, 45.07088 ], [ 7.67736, 45.07093 ], [ 7.67711, 45.07059 ], [ 7.67715, 45.07057 ], [ 7.67722, 45.07055 ], [ 7.67726, 45.07054 ], [ 7.67734, 45.07051 ], [ 7.67745, 45.07047 ], [ 7.67756, 45.07063 ] ] ] } },
{ "type": "Feature", "properties": { "uuid": "9298226d-72e7-4400-aecb-368e1732d71e", "data_acq": "2019-11-30 00:00:00", "data_agg": "2019-11-30 00:00:00", "data_fin": "9999-12-31 00:00:00", "ente_for": "REGIONE PIEMONTE", "ente_prod": "REGIONE PIEMONTE", "modo_prod": "banche dati esterne - catasto", "sc_acq": "1:2000", "edifc_ty": "generica", "edifc_uso": "residenziale e commerciale", "edifc_stat": "costruito", "edifc_mon": "0", "edifc_nome": "", "edifc_idag": "", "edifc_ided": "", "source": "BDTRE edifc" }, "geometry": { "type": "Polygon", "coordinates": [ [ [ 7.66963, 45.07326 ], [ 7.66974, 45.07342 ], [ 7.66974, 45.07341 ], [ 7.67025, 45.07323 ], [ 7.67032, 45.07334 ], [ 7.67037, 45.07332 ], [ 7.67038, 45.07334 ], [ 7.67031, 45.07337 ], [ 7.67033, 45.07341 ], [ 7.67033, 45.07341 ], [ 7.67044, 45.07337 ], [ 7.67042, 45.07333 ], [ 7.67042, 45.07333 ], [ 7.67042, 45.07333 ], [ 7.67035, 45.07323 ], [ 7.67033, 45.0732 ], [ 7.67023, 45.07304 ], [ 7.67022, 45.07304 ], [ 7.67022, 45.07305 ], [ 7.66963, 45.07326 ] ] ] } },
{ "type": "Feature", "properties": { "uuid": "7ca14c4e-32e9-4d6b-b612-74402fc06f70", "data_acq": "2019-11-30 00:00:00", "data_agg": "2019-11-30 00:00:00", "data_fin": "9999-12-31 00:00:00", "ente_for": "REGIONE PIEMONTE", "ente_prod": "REGIONE PIEMONTE", "modo_prod": "banche dati esterne - catasto", "sc_acq": "1:2000", "edifc_ty": "generica", "edifc_uso": "residenziale e commerciale", "edifc_stat": "costruito", "edifc_mon": "0", "edifc_nome": "", "edifc_idag": "", "edifc_ided": "", "source": "BDTRE edifc" }, "geometry": { "type": "Polygon", "coordinates": [ [ [ 7.68631, 45.07858 ], [ 7.68607, 45.07866 ], [ 7.68607, 45.07866 ], [ 7.68592, 45.07843 ], [ 7.68592, 45.07843 ], [ 7.68606, 45.07843 ], [ 7.68607, 45.07845 ], [ 7.68603, 45.07847 ], [ 7.68607, 45.07853 ], [ 7.68623, 45.07849 ], [ 7.68623, 45.07848 ], [ 7.68624, 45.07847 ], [ 7.68631, 45.07858 ] ] ] } },
{ "type": "Feature", "properties": { "uuid": "0f4e737f-524e-4d3e-9fa5-3fdfaf8f106c", "data_acq": "2019-11-30 00:00:00", "data_agg": "2019-11-30 00:00:00", "data_fin": "9999-12-31 00:00:00", "ente_for": "REGIONE PIEMONTE", "ente_prod": "REGIONE PIEMONTE", "modo_prod": "banche dati esterne - catasto", "sc_acq": "1:2000", "edifc_ty": "generica", "edifc_uso": "residenziale e commerciale", "edifc_stat": "costruito", "edifc_mon": "0", "edifc_nome": "", "edifc_idag": "", "edifc_ided": "", "source": "BDTRE edifc" }, "geometry": { "type": "Polygon", "coordinates": [ [ [ 7.68797, 45.06693 ], [ 7.68783, 45.06673 ], [ 7.68804, 45.06665 ], [ 7.68811, 45.06676 ], [ 7.68811, 45.06676 ], [ 7.68815, 45.06682 ], [ 7.68818, 45.06686 ], [ 7.68818, 45.06686 ], [ 7.68797, 45.06693 ] ], [ [ 7.68805, 45.06677 ], [ 7.68798, 45.0668 ], [ 7.68802, 45.06686 ], [ 7.68804, 45.06686 ], [ 7.68804, 45.06685 ], [ 7.68805, 45.06685 ], [ 7.68806, 45.06685 ], [ 7.68812, 45.06683 ], [ 7.68808, 45.06678 ], [ 7.68805, 45.06677 ], [ 7.68805, 45.06677 ] ] ] } },
{ "type": "Feature", "properties": { "uuid": "b3889f42-740f-480e-b9b7-2801e1930bd3", "data_acq": "2019-11-30 00:00:00", "data_agg": "2019-11-30 00:00:00", "data_fin": "9999-12-31 00:00:00", "ente_for": "REGIONE PIEMONTE", "ente_prod": "REGIONE PIEMONTE", "modo_prod": "banche dati esterne - catasto", "sc_acq": "1:2000", "edifc_ty": "generica", "edifc_uso": "residenziale e commerciale", "edifc_stat": "costruito", "edifc_mon": "0", "edifc_nome": "", "edifc_idag": "", "edifc_ided": "", "source": "BDTRE edifc" }, "geometry": { "type": "Polygon", "coordinates": [ [ [ 7.66762, 45.07861 ], [ 7.66762, 45.07861 ], [ 7.66773, 45.07852 ], [ 7.66778, 45.07855 ], [ 7.66775, 45.07858 ], [ 7.66781, 45.07862 ], [ 7.66777, 45.07865 ], [ 7.66777, 45.07865 ], [ 7.66776, 45.07865 ], [ 7.66773, 45.07868 ], [ 7.66762, 45.07861 ] ] ] } },
{ "type": "Feature", "properties": { "uuid": "eb958edf-ef03-469a-97b7-76ef4ae5c34a", "data_acq": "2019-11-30 00:00:00", "data_agg": "2019-11-30 00:00:00", "data_fin": "9999-12-31 00:00:00", "ente_for": "REGIONE PIEMONTE", "ente_prod": "REGIONE PIEMONTE", "modo_prod": "banche dati esterne - catasto", "sc_acq": "1:2000", "edifc_ty": "generica", "edifc_uso": "residenziale e produttivo", "edifc_stat": "costruito", "edifc_mon": "0", "edifc_nome": "", "edifc_idag": "", "edifc_ided": "", "source": "BDTRE edifc" }, "geometry": { "type": "Polygon", "coordinates": [ [ [ 7.67832, 45.08405 ], [ 7.67821, 45.0839 ], [ 7.67841, 45.08384 ], [ 7.67843, 45.08388 ], [ 7.67838, 45.08389 ], [ 7.67843, 45.08396 ], [ 7.67851, 45.08394 ], [ 7.6785, 45.08393 ], [ 7.67851, 45.08392 ], [ 7.67855, 45.08398 ], [ 7.67849, 45.08399 ], [ 7.67849, 45.08399 ], [ 7.67845, 45.08401 ], [ 7.67832, 45.08405 ] ] ] } },
{ "type": "Feature", "properties": { "uuid": "3efc54b7-a29b-4bcc-8c8b-2ef881fae9af", "data_acq": "2019-11-30 00:00:00", "data_agg": "2019-11-30 00:00:00", "data_fin": "9999-12-31 00:00:00", "ente_for": "REGIONE PIEMONTE", "ente_prod": "REGIONE PIEMONTE", "modo_prod": "banche dati esterne - catasto", "sc_acq": "1:2000", "edifc_ty": "generica", "edifc_uso": "residenziale e commerciale", "edifc_stat": "costruito", "edifc_mon": "0", "edifc_nome": "", "edifc_idag": "", "edifc_ided": "", "source": "BDTRE edifc" }, "geometry": { "type": "Polygon", "coordinates": [ [ [ 7.6948, 45.07802 ], [ 7.69467, 45.07797 ], [ 7.69484, 45.07779 ], [ 7.69496, 45.07785 ], [ 7.69485, 45.07797 ], [ 7.69484, 45.07797 ], [ 7.69482, 45.07799 ], [ 7.6948, 45.07802 ] ] ] } },
{ "type": "Feature", "properties": { "uuid": "7959b067-7a46-406b-ac43-e49aea712c70", "data_acq": "2019-11-30 00:00:00", "data_agg": "2019-11-30 00:00:00", "data_fin": "9999-12-31 00:00:00", "ente_for": "REGIONE PIEMONTE", "ente_prod": "REGIONE PIEMONTE", "modo_prod": "banche dati esterne - catasto", "sc_acq": "1:2000", "edifc_ty": "generica", "edifc_uso": "residenziale e produttivo", "edifc_stat": "costruito", "edifc_mon": "0", "edifc_nome": "", "edifc_idag": "", "edifc_ided": "", "source": "BDTRE edifc" }, "geometry": { "type": "Polygon", "coordinates": [ [ [ 7.6661, 45.08373 ], [ 7.66611, 45.08375 ], [ 7.66614, 45.08382 ], [ 7.66614, 45.08382 ], [ 7.66604, 45.08385 ], [ 7.66598, 45.08376 ], [ 7.66582, 45.08381 ], [ 7.66581, 45.08381 ], [ 7.66575, 45.08372 ], [ 7.66588, 45.08368 ], [ 7.66602, 45.08364 ], [ 7.66602, 45.08364 ], [ 7.66604, 45.08363 ], [ 7.66605, 45.08363 ], [ 7.66606, 45.08362 ], [ 7.6661, 45.08372 ], [ 7.6661, 45.08373 ] ] ] } },
{ "type": "Feature", "properties": { "uuid": "3cecc34d-b414-4350-bd25-135de6bfaecd", "data_acq": "2019-11-30 00:00:00", "data_agg": "2019-11-30 00:00:00", "data_fin": "9999-12-31 00:00:00", "ente_for": "REGIONE PIEMONTE", "ente_prod": "REGIONE PIEMONTE", "modo_prod": "banche dati esterne - catasto", "sc_acq": "1:2000", "edifc_ty": "generica", "edifc_uso": "residenziale e commerciale", "edifc_stat": "costruito", "edifc_mon": "0", "edifc_nome": "", "edifc_idag": "", "edifc_ided": "", "source": "BDTRE edifc" }, "geometry": { "type": "Polygon", "coordinates": [ [ [ 7.66663, 45.08004 ], [ 7.66657, 45.08008 ], [ 7.66658, 45.0801 ], [ 7.66659, 45.08011 ], [ 7.66662, 45.08015 ], [ 7.66667, 45.08013 ], [ 7.66668, 45.08014 ], [ 7.6665, 45.08021 ], [ 7.66642, 45.08009 ], [ 7.66641, 45.08008 ], [ 7.66639, 45.08006 ], [ 7.66642, 45.08004 ], [ 7.66645, 45.08002 ], [ 7.66648, 45.08 ], [ 7.66648, 45.07999 ], [ 7.66652, 45.07996 ], [ 7.66657, 45.08 ], [ 7.66663, 45.08004 ] ] ] } },
{ "type": "Feature", "properties": { "uuid": "64e4d517-0427-4b04-baf4-4bff796f9302", "data_acq": "2019-11-30 00:00:00", "data_agg": "2019-11-30 00:00:00", "data_fin": "9999-12-31 00:00:00", "ente_for": "REGIONE PIEMONTE", "ente_prod": "REGIONE PIEMONTE", "modo_prod": "banche dati esterne - catasto", "sc_acq": "1:2000", "edifc_ty": "generica", "edifc_uso": "residenziale e commerciale", "edifc_stat": "costruito", "edifc_mon": "0", "edifc_nome": "", "edifc_idag": "", "edifc_ided": "", "source": "BDTRE edifc" }, "geometry": { "type": "Polygon", "coordinates": [ [ [ 7.68681, 45.06749 ], [ 7.68693, 45.06766 ], [ 7.68707, 45.06788 ], [ 7.68688, 45.06795 ], [ 7.68686, 45.06796 ], [ 7.68677, 45.06783 ], [ 7.68672, 45.06775 ], [ 7.68671, 45.06774 ], [ 7.6866, 45.06757 ], [ 7.68681, 45.06749 ] ], [ [ 7.68672, 45.06769 ], [ 7.68674, 45.06771 ], [ 7.68675, 45.0677 ], [ 7.68676, 45.06772 ], [ 7.68675, 45.06772 ], [ 7.68681, 45.06781 ], [ 7.68691, 45.06778 ], [ 7.68683, 45.06766 ], [ 7.68683, 45.06766 ], [ 7.68672, 45.06769 ] ] ] } },
{ "type": "Feature", "properties": { "uuid": "05754d84-f037-4e93-938d-4ca7ac65e8d2", "data_acq": "2019-11-30 00:00:00", "data_agg": "2019-11-30 00:00:00", "data_fin": "9999-12-31 00:00:00", "ente_for": "REGIONE PIEMONTE", "ente_prod": "REGIONE PIEMONTE", "modo_prod": "banche dati esterne - catasto", "sc_acq": "1:2000", "edifc_ty": "generica", "edifc_uso": "residenziale e commerciale", "edifc_stat": "costruito", "edifc_mon": "0", "edifc_nome": "", "edifc_idag": "", "edifc_ided": "", "source": "BDTRE edifc" }, "geometry": { "type": "Polygon", "coordinates": [ [ [ 7.68029, 45.07631 ], [ 7.68028, 45.07631 ], [ 7.68013, 45.0764 ], [ 7.68002, 45.07646 ], [ 7.68002, 45.07646 ], [ 7.67993, 45.07635 ], [ 7.67989, 45.07629 ], [ 7.67997, 45.07627 ], [ 7.6801, 45.07623 ], [ 7.68017, 45.0763 ], [ 7.68026, 45.07627 ], [ 7.68029, 45.07631 ] ], [ [ 7.68011, 45.07633 ], [ 7.68008, 45.0763 ], [ 7.67998, 45.07634 ], [ 7.68002, 45.07638 ], [ 7.6801, 45.07635 ], [ 7.6801, 45.07634 ], [ 7.68011, 45.07633 ] ] ] } },
{ "type": "Feature", "properties": { "uuid": "876d2f67-222f-42da-b4ed-1bbf88c086b7", "data_acq": "2019-11-30 00:00:00", "data_agg": "2019-11-30 00:00:00", "data_fin": "9999-12-31 00:00:00", "ente_for": "REGIONE PIEMONTE", "ente_prod": "REGIONE PIEMONTE", "modo_prod": "banche dati esterne - catasto", "sc_acq": "1:2000", "edifc_ty": "generica", "edifc_uso": "residenziale e commerciale", "edifc_stat": "costruito", "edifc_mon": "0", "edifc_nome": "", "edifc_idag": "", "edifc_ided": "", "source": "BDTRE edifc" }, "geometry": { "type": "Polygon", "coordinates": [ [ [ 7.6758, 45.06589 ], [ 7.67576, 45.0659 ], [ 7.67567, 45.06593 ], [ 7.67547, 45.066 ], [ 7.67546, 45.06601 ], [ 7.67543, 45.06602 ], [ 7.67538, 45.06594 ], [ 7.67532, 45.06586 ], [ 7.67523, 45.06574 ], [ 7.67538, 45.06568 ], [ 7.67542, 45.06567 ], [ 7.67545, 45.06572 ], [ 7.67552, 45.06582 ], [ 7.6757, 45.06575 ], [ 7.6758, 45.06589 ] ] ] } },
{ "type": "Feature", "properties": { "uuid": "4c06bb38-7de5-476c-83b5-0c6087b5e3cf", "data_acq": "2019-11-30 00:00:00", "data_agg": "2019-11-30 00:00:00", "data_fin": "9999-12-31 00:00:00", "ente_for": "REGIONE PIEMONTE", "ente_prod": "REGIONE PIEMONTE", "modo_prod": "banche dati esterne - catasto", "sc_acq": "1:2000", "edifc_ty": "generica", "edifc_uso": "residenziale e commerciale", "edifc_stat": "costruito", "edifc_mon": "0", "edifc_nome": "", "edifc_idag": "", "edifc_ided": "", "source": "BDTRE edifc" }, "geometry": { "type": "Polygon", "coordinates": [ [ [ 7.69107, 45.06925 ], [ 7.69093, 45.06905 ], [ 7.69123, 45.06894 ], [ 7.69135, 45.06909 ], [ 7.69129, 45.06913 ], [ 7.69125, 45.06906 ], [ 7.69124, 45.06906 ], [ 7.69117, 45.06909 ], [ 7.69118, 45.06909 ], [ 7.69117, 45.06909 ], [ 7.69117, 45.0691 ], [ 7.69115, 45.06911 ], [ 7.69119, 45.06916 ], [ 7.69116, 45.06918 ], [ 7.69119, 45.06921 ], [ 7.69107, 45.06925 ] ] ] } },
{ "type": "Feature", "properties": { "uuid": "e5ec4722-1797-4820-9a5b-a9171001b862", "data_acq": "2019-11-30 00:00:00", "data_agg": "2019-11-30 00:00:00", "data_fin": "9999-12-31 00:00:00", "ente_for": "REGIONE PIEMONTE", "ente_prod": "REGIONE PIEMONTE", "modo_prod": "banche dati esterne - catasto", "sc_acq": "1:2000", "edifc_ty": "generica", "edifc_uso": "residenziale e commerciale", "edifc_stat": "costruito", "edifc_mon": "0", "edifc_nome": "", "edifc_idag": "", "edifc_ided": "", "source": "BDTRE edifc" }, "geometry": { "type": "Polygon", "coordinates": [ [ [ 7.66704, 45.08466 ], [ 7.6669, 45.08469 ], [ 7.66689, 45.08469 ], [ 7.66683, 45.08459 ], [ 7.66658, 45.08466 ], [ 7.66649, 45.08469 ], [ 7.66655, 45.08479 ], [ 7.66647, 45.08482 ], [ 7.66636, 45.08463 ], [ 7.66662, 45.08455 ], [ 7.66663, 45.08455 ], [ 7.66689, 45.08447 ], [ 7.6669, 45.08446 ], [ 7.66691, 45.08446 ], [ 7.66695, 45.08453 ], [ 7.66704, 45.08466 ] ] ] } },
{ "type": "Feature", "properties": { "uuid": "ed9ff22f-4bf8-4f7d-8d45-a4fb8622348a", "data_acq": "2019-11-30 00:00:00", "data_agg": "2019-11-30 00:00:00", "data_fin": "9999-12-31 00:00:00", "ente_for": "REGIONE PIEMONTE", "ente_prod": "REGIONE PIEMONTE", "modo_prod": "banche dati esterne - catasto", "sc_acq": "1:2000", "edifc_ty": "generica", "edifc_uso": "residenziale e commerciale", "edifc_stat": "costruito", "edifc_mon": "0", "edifc_nome": "", "edifc_idag": "", "edifc_ided": "", "source": "BDTRE edifc" }, "geometry": { "type": "Polygon", "coordinates": [ [ [ 7.68331, 45.07892 ], [ 7.68325, 45.07889 ], [ 7.68332, 45.07879 ], [ 7.6833, 45.07878 ], [ 7.68336, 45.07873 ], [ 7.68341, 45.07872 ], [ 7.68342, 45.07872 ], [ 7.68347, 45.0787 ], [ 7.68351, 45.07869 ], [ 7.68352, 45.0787 ], [ 7.68351, 45.0787 ], [ 7.68352, 45.07873 ], [ 7.68346, 45.07877 ], [ 7.68331, 45.07892 ] ] ] } },
{ "type": "Feature", "properties": { "uuid": "fd2cde1b-9ab7-4d09-aacf-3f557d746cba", "data_acq": "2019-11-30 00:00:00", "data_agg": "2019-11-30 00:00:00", "data_fin": "9999-12-31 00:00:00", "ente_for": "REGIONE PIEMONTE", "ente_prod": "REGIONE PIEMONTE", "modo_prod": "banche dati esterne - catasto", "sc_acq": "1:2000", "edifc_ty": "generica", "edifc_uso": "residenziale e commerciale", "edifc_stat": "costruito", "edifc_mon": "0", "edifc_nome": "", "edifc_idag": "", "edifc_ided": "", "source": "BDTRE edifc" }, "geometry": { "type": "Polygon", "coordinates": [ [ [ 7.67792, 45.07288 ], [ 7.67788, 45.0729 ], [ 7.67783, 45.07291 ], [ 7.67773, 45.07295 ], [ 7.6777, 45.07297 ], [ 7.67756, 45.07302 ], [ 7.67761, 45.0731 ], [ 7.67766, 45.07317 ], [ 7.67771, 45.07323 ], [ 7.67781, 45.07336 ], [ 7.67786, 45.07333 ], [ 7.67795, 45.0733 ], [ 7.67799, 45.07328 ], [ 7.67798, 45.07326 ], [ 7.67793, 45.07327 ], [ 7.67789, 45.07321 ], [ 7.67802, 45.07316 ], [ 7.678, 45.07313 ], [ 7.67807, 45.07311 ], [ 7.67803, 45.07304 ], [ 7.67801, 45.07305 ], [ 7.67793, 45.0729 ], [ 7.67792, 45.07289 ], [ 7.67792, 45.07289 ], [ 7.67792, 45.07288 ], [ 7.67792, 45.07288 ] ], [ [ 7.67772, 45.07303 ], [ 7.6778, 45.07301 ], [ 7.67781, 45.07301 ], [ 7.67782, 45.07301 ], [ 7.67782, 45.07301 ], [ 7.67782, 45.073 ], [ 7.67788, 45.07298 ], [ 7.67793, 45.07307 ], [ 7.67778, 45.07312 ], [ 7.67772, 45.07303 ] ] ] } },
{ "type": "Feature", "properties": { "uuid": "4f117172-78ff-41ac-8949-ef68bfbe814d", "data_acq": "2019-11-30 00:00:00", "data_agg": "2019-11-30 00:00:00", "data_fin": "9999-12-31 00:00:00", "ente_for": "REGIONE PIEMONTE", "ente_prod": "REGIONE PIEMONTE", "modo_prod": "banche dati esterne - catasto", "sc_acq": "1:2000", "edifc_ty": "generica", "edifc_uso": "residenziale e commerciale", "edifc_stat": "costruito", "edifc_mon": "0", "edifc_nome": "", "edifc_idag": "", "edifc_ided": "", "source": "BDTRE edifc" }, "geometry": { "type": "Polygon", "coordinates": [ [ [ 7.68271, 45.07233 ], [ 7.68258, 45.07238 ], [ 7.68259, 45.07239 ], [ 7.6826, 45.07239 ], [ 7.68261, 45.07241 ], [ 7.68261, 45.07241 ], [ 7.68252, 45.07244 ], [ 7.6825, 45.07241 ], [ 7.68249, 45.07241 ], [ 7.68246, 45.07242 ], [ 7.68247, 45.07242 ], [ 7.68247, 45.07243 ], [ 7.68248, 45.07244 ], [ 7.68248, 45.07244 ], [ 7.68249, 45.07245 ], [ 7.68254, 45.07254 ], [ 7.68261, 45.07252 ], [ 7.6828, 45.07246 ], [ 7.68271, 45.07233 ] ] ] } },
{ "type": "Feature", "properties": { "uuid": "758dd4f4-f868-4b47-81c4-8c7c72d234bf", "data_acq": "2019-11-30 00:00:00", "data_agg": "2019-11-30 00:00:00", "data_fin": "9999-12-31 00:00:00", "ente_for": "REGIONE PIEMONTE", "ente_prod": "REGIONE PIEMONTE", "modo_prod": "banche dati esterne - catasto", "sc_acq": "1:2000", "edifc_ty": "generica", "edifc_uso": "residenziale e commerciale", "edifc_stat": "costruito", "edifc_mon": "0", "edifc_nome": "", "edifc_idag": "", "edifc_ided": "", "source": "BDTRE edifc" }, "geometry": { "type": "Polygon", "coordinates": [ [ [ 7.68783, 45.06759 ], [ 7.68757, 45.06769 ], [ 7.68749, 45.06758 ], [ 7.6875, 45.06757 ], [ 7.68745, 45.06749 ], [ 7.68745, 45.06749 ], [ 7.68738, 45.06739 ], [ 7.68759, 45.06731 ], [ 7.68759, 45.06732 ], [ 7.68765, 45.06741 ], [ 7.68772, 45.0675 ], [ 7.68773, 45.06749 ], [ 7.68776, 45.06753 ], [ 7.68779, 45.06752 ], [ 7.68783, 45.06759 ] ] ] } },
{ "type": "Feature", "properties": { "uuid": "3fe95330-e1c1-444e-90ed-1be38a14bc57", "data_acq": "2019-11-30 00:00:00", "data_agg": "2019-11-30 00:00:00", "data_fin": "9999-12-31 00:00:00", "ente_for": "REGIONE PIEMONTE", "ente_prod": "REGIONE PIEMONTE", "modo_prod": "banche dati esterne - catasto", "sc_acq": "1:2000", "edifc_ty": "generica", "edifc_uso": "residenziale e commerciale", "edifc_stat": "costruito", "edifc_mon": "0", "edifc_nome": "", "edifc_idag": "", "edifc_ided": "", "source": "BDTRE edifc" }, "geometry": { "type": "Polygon", "coordinates": [ [ [ 7.68507, 45.07749 ], [ 7.68492, 45.07754 ], [ 7.68489, 45.0775 ], [ 7.68484, 45.07751 ], [ 7.68481, 45.07746 ], [ 7.685, 45.0774 ], [ 7.68502, 45.07735 ], [ 7.68506, 45.07728 ], [ 7.6852, 45.07732 ], [ 7.6852, 45.07732 ], [ 7.68513, 45.07745 ], [ 7.68513, 45.07745 ], [ 7.68512, 45.07748 ], [ 7.68507, 45.07749 ] ] ] } },
{ "type": "Feature", "properties": { "uuid": "ff2ab209-64e9-4cca-b93a-8f69d6408013", "data_acq": "2019-11-30 00:00:00", "data_agg": "2019-11-30 00:00:00", "data_fin": "9999-12-31 00:00:00", "ente_for": "REGIONE PIEMONTE", "ente_prod": "REGIONE PIEMONTE", "modo_prod": "banche dati esterne - catasto", "sc_acq": "1:2000", "edifc_ty": "generica", "edifc_uso": "residenziale e commerciale", "edifc_stat": "costruito", "edifc_mon": "0", "edifc_nome": "", "edifc_idag": "", "edifc_ided": "", "source": "BDTRE edifc" }, "geometry": { "type": "Polygon", "coordinates": [ [ [ 7.69135, 45.06625 ], [ 7.69128, 45.06616 ], [ 7.69121, 45.06607 ], [ 7.69121, 45.06607 ], [ 7.69117, 45.06602 ], [ 7.69101, 45.06608 ], [ 7.69105, 45.06613 ], [ 7.69117, 45.06609 ], [ 7.69122, 45.06616 ], [ 7.69105, 45.06623 ], [ 7.691, 45.06617 ], [ 7.69101, 45.06616 ], [ 7.69101, 45.06615 ], [ 7.69097, 45.06616 ], [ 7.69095, 45.06617 ], [ 7.69097, 45.06621 ], [ 7.69105, 45.06632 ], [ 7.69108, 45.06636 ], [ 7.69135, 45.06625 ] ] ] } },
{ "type": "Feature", "properties": { "uuid": "4ad9b1b5-1977-4e65-b7af-b28476b633dd", "data_acq": "2019-11-30 00:00:00", "data_agg": "2019-11-30 00:00:00", "data_fin": "9999-12-31 00:00:00", "ente_for": "REGIONE PIEMONTE", "ente_prod": "REGIONE PIEMONTE", "modo_prod": "banche dati esterne - catasto", "sc_acq": "1:2000", "edifc_ty": "generica", "edifc_uso": "residenziale e produttivo", "edifc_stat": "costruito", "edifc_mon": "0", "edifc_nome": "", "edifc_idag": "", "edifc_ided": "", "source": "BDTRE edifc" }, "geometry": { "type": "Polygon", "coordinates": [ [ [ 7.67022, 45.07866 ], [ 7.67038, 45.0786 ], [ 7.67037, 45.0786 ], [ 7.67036, 45.0786 ], [ 7.67025, 45.07844 ], [ 7.67037, 45.07839 ], [ 7.67029, 45.07829 ], [ 7.67014, 45.07834 ], [ 7.67002, 45.07838 ], [ 7.67011, 45.07851 ], [ 7.67022, 45.07866 ] ] ] } },
{ "type": "Feature", "properties": { "uuid": "d1e38b9f-ee16-4d8f-989b-4d39ed85be77", "data_acq": "2019-11-30 00:00:00", "data_agg": "2019-11-30 00:00:00", "data_fin": "9999-12-31 00:00:00", "ente_for": "REGIONE PIEMONTE", "ente_prod": "REGIONE PIEMONTE", "modo_prod": "banche dati esterne - catasto", "sc_acq": "1:2000", "edifc_ty": "generica", "edifc_uso": "residenziale e commerciale", "edifc_stat": "costruito", "edifc_mon": "0", "edifc_nome": "", "edifc_idag": "", "edifc_ided": "", "source": "BDTRE edifc" }, "geometry": { "type": "Polygon", "coordinates": [ [ [ 7.68555, 45.07845 ], [ 7.68547, 45.07833 ], [ 7.68566, 45.07827 ], [ 7.68578, 45.07844 ], [ 7.68567, 45.07848 ], [ 7.68564, 45.07843 ], [ 7.68562, 45.07843 ], [ 7.68562, 45.07843 ], [ 7.68555, 45.07845 ] ] ] } },
{ "type": "Feature", "properties": { "uuid": "79b709c9-123b-466f-b92f-fa21c69fe62b", "data_acq": "2019-11-30 00:00:00", "data_agg": "2019-11-30 00:00:00", "data_fin": "9999-12-31 00:00:00", "ente_for": "REGIONE PIEMONTE", "ente_prod": "REGIONE PIEMONTE", "modo_prod": "banche dati esterne - catasto", "sc_acq": "1:2000", "edifc_ty": "generica", "edifc_uso": "residenziale e commerciale", "edifc_stat": "costruito", "edifc_mon": "0", "edifc_nome": "", "edifc_idag": "", "edifc_ided": "", "source": "BDTRE edifc" }, "geometry": { "type": "Polygon", "coordinates": [ [ [ 7.67987, 45.0644 ], [ 7.67986, 45.06445 ], [ 7.67985, 45.06445 ], [ 7.67988, 45.06452 ], [ 7.67991, 45.06457 ], [ 7.67989, 45.06458 ], [ 7.67988, 45.06459 ], [ 7.6799, 45.06462 ], [ 7.67992, 45.06463 ], [ 7.67994, 45.06462 ], [ 7.67996, 45.06464 ], [ 7.67996, 45.06464 ], [ 7.67997, 45.06465 ], [ 7.67992, 45.06467 ], [ 7.67991, 45.06466 ], [ 7.67989, 45.06465 ], [ 7.67987, 45.06466 ], [ 7.67975, 45.0647 ], [ 7.67968, 45.06472 ], [ 7.67958, 45.06476 ], [ 7.67951, 45.06478 ], [ 7.67949, 45.06476 ], [ 7.67945, 45.06478 ], [ 7.67938, 45.0648 ], [ 7.67941, 45.06484 ], [ 7.67945, 45.0649 ], [ 7.67945, 45.0649 ], [ 7.67952, 45.065 ], [ 7.67953, 45.065 ], [ 7.67975, 45.06492 ], [ 7.67976, 45.06492 ], [ 7.67983, 45.0649 ], [ 7.67999, 45.06484 ], [ 7.67999, 45.06484 ], [ 7.67999, 45.06483 ], [ 7.67999, 45.06483 ], [ 7.68, 45.06483 ], [ 7.68003, 45.06482 ], [ 7.68006, 45.06481 ], [ 7.68006, 45.06481 ], [ 7.68007, 45.06481 ], [ 7.68007, 45.06481 ], [ 7.68007, 45.06481 ], [ 7.68008, 45.06481 ], [ 7.68015, 45.06478 ], [ 7.68022, 45.06476 ], [ 7.6803, 45.06473 ], [ 7.68021, 45.0646 ], [ 7.68019, 45.06457 ], [ 7.68013, 45.0645 ], [ 7.68006, 45.06439 ], [ 7.68005, 45.0644 ], [ 7.68005, 45.0644 ], [ 7.68003, 45.06437 ], [ 7.68002, 45.06434 ], [ 7.67997, 45.06436 ], [ 7.67987, 45.0644 ] ] ] } },
{ "type": "Feature", "properties": { "uuid": "c9598afa-e48e-4f64-be24-c100a4597f98", "data_acq": "2019-11-30 00:00:00", "data_agg": "2019-11-30 00:00:00", "data_fin": "9999-12-31 00:00:00", "ente_for": "REGIONE PIEMONTE", "ente_prod": "REGIONE PIEMONTE", "modo_prod": "banche dati esterne - catasto", "sc_acq": "1:2000", "edifc_ty": "generica", "edifc_uso": "residenziale e produttivo", "edifc_stat": "costruito", "edifc_mon": "0", "edifc_nome": "", "edifc_idag": "", "edifc_ided": "", "source": "BDTRE edifc" }, "geometry": { "type": "Polygon", "coordinates": [ [ [ 7.67761, 45.08363 ], [ 7.67782, 45.08356 ], [ 7.67789, 45.08368 ], [ 7.67765, 45.08375 ], [ 7.67761, 45.0837 ], [ 7.67759, 45.08371 ], [ 7.67755, 45.08366 ], [ 7.67761, 45.08363 ] ] ] } },
{ "type": "Feature", "properties": { "uuid": "f51bc87e-ba1f-4287-ba27-d781f0fc638e", "data_acq": "2019-11-30 00:00:00", "data_agg": "2019-11-30 00:00:00", "data_fin": "9999-12-31 00:00:00", "ente_for": "REGIONE PIEMONTE", "ente_prod": "REGIONE PIEMONTE", "modo_prod": "banche dati esterne - catasto", "sc_acq": "1:2000", "edifc_ty": "generica", "edifc_uso": "residenziale e commerciale", "edifc_stat": "costruito", "edifc_mon": "0", "edifc_nome": "", "edifc_idag": "", "edifc_ided": "", "source": "BDTRE edifc" }, "geometry": { "type": "Polygon", "coordinates": [ [ [ 7.68251, 45.0775 ], [ 7.68266, 45.07773 ], [ 7.68235, 45.07798 ], [ 7.68227, 45.07787 ], [ 7.68219, 45.07776 ], [ 7.68213, 45.07767 ], [ 7.68224, 45.07764 ], [ 7.68228, 45.07769 ], [ 7.68234, 45.07779 ], [ 7.68235, 45.07779 ], [ 7.68237, 45.0778 ], [ 7.68248, 45.07772 ], [ 7.68247, 45.07771 ], [ 7.68247, 45.0777 ], [ 7.68245, 45.07768 ], [ 7.68247, 45.07768 ], [ 7.68241, 45.07758 ], [ 7.68241, 45.07758 ], [ 7.68232, 45.07761 ], [ 7.6823, 45.07757 ], [ 7.68251, 45.0775 ] ] ] } },
{ "type": "Feature", "properties": { "uuid": "c4cb4b5f-c291-429b-a0c8-015f7a5c8863", "data_acq": "2019-11-30 00:00:00", "data_agg": "2019-11-30 00:00:00", "data_fin": "9999-12-31 00:00:00", "ente_for": "REGIONE PIEMONTE", "ente_prod": "REGIONE PIEMONTE", "modo_prod": "banche dati esterne - catasto", "sc_acq": "1:2000", "edifc_ty": "generica", "edifc_uso": "residenziale e commerciale", "edifc_stat": "costruito", "edifc_mon": "0", "edifc_nome": "", "edifc_idag": "", "edifc_ided": "", "source": "BDTRE edifc" }, "geometry": { "type": "Polygon", "coordinates": [ [ [ 7.66955, 45.07125 ], [ 7.66957, 45.07127 ], [ 7.66949, 45.0713 ], [ 7.66946, 45.07125 ], [ 7.66928, 45.071 ], [ 7.66945, 45.07094 ], [ 7.66945, 45.07095 ], [ 7.66948, 45.07099 ], [ 7.66947, 45.07099 ], [ 7.66953, 45.07108 ], [ 7.66964, 45.07104 ], [ 7.66965, 45.07105 ], [ 7.66972, 45.07115 ], [ 7.66953, 45.07122 ], [ 7.66955, 45.07125 ] ] ] } },
{ "type": "Feature", "properties": { "uuid": "4f99561a-7af0-4844-b9cf-679c79db76cb", "data_acq": "2019-11-30 00:00:00", "data_agg": "2019-11-30 00:00:00", "data_fin": "9999-12-31 00:00:00", "ente_for": "REGIONE PIEMONTE", "ente_prod": "REGIONE PIEMONTE", "modo_prod": "banche dati esterne - catasto", "sc_acq": "1:2000", "edifc_ty": "generica", "edifc_uso": "residenziale e commerciale", "edifc_stat": "costruito", "edifc_mon": "0", "edifc_nome": "", "edifc_idag": "", "edifc_ided": "", "source": "BDTRE edifc" }, "geometry": { "type": "Polygon", "coordinates": [ [ [ 7.68142, 45.0777 ], [ 7.68164, 45.07762 ], [ 7.68201, 45.0775 ], [ 7.68208, 45.07761 ], [ 7.68199, 45.07764 ], [ 7.68199, 45.07764 ], [ 7.68194, 45.07766 ], [ 7.68188, 45.07768 ], [ 7.68188, 45.07768 ], [ 7.68185, 45.07769 ], [ 7.68185, 45.07769 ], [ 7.68185, 45.07769 ], [ 7.68184, 45.07768 ], [ 7.68185, 45.07768 ], [ 7.68181, 45.07764 ], [ 7.68155, 45.07773 ], [ 7.68175, 45.07792 ], [ 7.68176, 45.07792 ], [ 7.68177, 45.07793 ], [ 7.68169, 45.07797 ], [ 7.6815, 45.07777 ], [ 7.68142, 45.0777 ] ] ] } },
{ "type": "Feature", "properties": { "uuid": "a81b5435-98e2-44e1-8e86-9c3ea9fa0826", "data_acq": "2019-11-30 00:00:00", "data_agg": "2019-11-30 00:00:00", "data_fin": "9999-12-31 00:00:00", "ente_for": "REGIONE PIEMONTE", "ente_prod": "REGIONE PIEMONTE", "modo_prod": "banche dati esterne - catasto", "sc_acq": "1:2000", "edifc_ty": "generica", "edifc_uso": "residenziale e commerciale", "edifc_stat": "costruito", "edifc_mon": "0", "edifc_nome": "", "edifc_idag": "", "edifc_ided": "", "source": "BDTRE edifc" }, "geometry": { "type": "Polygon", "coordinates": [ [ [ 7.68995, 45.08256 ], [ 7.68984, 45.08238 ], [ 7.69009, 45.0823 ], [ 7.69017, 45.08242 ], [ 7.6901, 45.08245 ], [ 7.6901, 45.08244 ], [ 7.69009, 45.08243 ], [ 7.69009, 45.08243 ], [ 7.69004, 45.08244 ], [ 7.69007, 45.08248 ], [ 7.69, 45.0825 ], [ 7.69002, 45.08254 ], [ 7.68995, 45.08256 ] ] ] } },
{ "type": "Feature", "properties": { "uuid": "00e629ad-e230-4e8a-9942-63f34f951836", "data_acq": "2010-01-01 00:00:00", "data_agg": "2022-12-31 00:00:00", "data_fin": "9999-12-31 00:00:00", "ente_for": "REGIONE PIEMONTE", "ente_prod": "CSI PIEMONTE", "modo_prod": "rilievo speditivo - ortofoto", "sc_acq": "1:10000", "edifc_ty": "generica", "edifc_uso": "residenziale e commerciale", "edifc_stat": "costruito", "edifc_mon": "0", "edifc_nome": "", "edifc_idag": "", "edifc_ided": "", "source": "BDTRE edifc" }, "geometry": { "type": "Polygon", "coordinates": [ [ [ 7.68656, 45.06981 ], [ 7.68631, 45.06945 ], [ 7.6863, 45.06945 ], [ 7.6863, 45.06945 ], [ 7.68614, 45.0695 ], [ 7.6861, 45.06952 ], [ 7.6861, 45.06953 ], [ 7.68603, 45.06956 ], [ 7.68604, 45.06956 ], [ 7.68606, 45.0696 ], [ 7.68612, 45.06967 ], [ 7.68628, 45.06991 ], [ 7.68647, 45.06984 ], [ 7.68649, 45.06984 ], [ 7.6865, 45.06983 ], [ 7.68656, 45.06981 ] ], [ [ 7.68629, 45.0697 ], [ 7.68622, 45.06961 ], [ 7.68632, 45.06958 ], [ 7.68639, 45.06967 ], [ 7.68629, 45.0697 ] ] ] } },
{ "type": "Feature", "properties": { "uuid": "dbe4beb7-aa01-4fd5-91b6-137eac8f9bc6", "data_acq": "2019-11-30 00:00:00", "data_agg": "2019-11-30 00:00:00", "data_fin": "9999-12-31 00:00:00", "ente_for": "REGIONE PIEMONTE", "ente_prod": "REGIONE PIEMONTE", "modo_prod": "banche dati esterne - catasto", "sc_acq": "1:2000", "edifc_ty": "generica", "edifc_uso": "residenziale e commerciale", "edifc_stat": "costruito", "edifc_mon": "0", "edifc_nome": "", "edifc_idag": "", "edifc_ided": "", "source": "BDTRE edifc" }, "geometry": { "type": "Polygon", "coordinates": [ [ [ 7.67282, 45.07483 ], [ 7.67285, 45.07487 ], [ 7.67289, 45.07493 ], [ 7.67288, 45.07494 ], [ 7.67291, 45.07498 ], [ 7.67307, 45.07492 ], [ 7.67297, 45.07478 ], [ 7.67282, 45.07483 ] ] ] } },
{ "type": "Feature", "properties": { "uuid": "ba0a5458-7814-498a-a534-b1e0e940fd00", "data_acq": "2019-11-30 00:00:00", "data_agg": "2019-11-30 00:00:00", "data_fin": "9999-12-31 00:00:00", "ente_for": "REGIONE PIEMONTE", "ente_prod": "REGIONE PIEMONTE", "modo_prod": "banche dati esterne - catasto", "sc_acq": "1:2000", "edifc_ty": "generica", "edifc_uso": "residenziale e commerciale", "edifc_stat": "costruito", "edifc_mon": "0", "edifc_nome": "", "edifc_idag": "", "edifc_ided": "", "source": "BDTRE edifc" }, "geometry": { "type": "Polygon", "coordinates": [ [ [ 7.67863, 45.08321 ], [ 7.67863, 45.08316 ], [ 7.67866, 45.08315 ], [ 7.67867, 45.08307 ], [ 7.6784, 45.08316 ], [ 7.67846, 45.08326 ], [ 7.67847, 45.08329 ], [ 7.67856, 45.08344 ], [ 7.67856, 45.08347 ], [ 7.67858, 45.08346 ], [ 7.67863, 45.08321 ] ] ] } },
{ "type": "Feature", "properties": { "uuid": "64b93917-6ec3-4fd5-a6c5-264021c23c1f", "data_acq": "2019-11-30 00:00:00", "data_agg": "2019-11-30 00:00:00", "data_fin": "9999-12-31 00:00:00", "ente_for": "REGIONE PIEMONTE", "ente_prod": "REGIONE PIEMONTE", "modo_prod": "banche dati esterne - catasto", "sc_acq": "1:2000", "edifc_ty": "generica", "edifc_uso": "residenziale e commerciale", "edifc_stat": "costruito", "edifc_mon": "0", "edifc_nome": "", "edifc_idag": "", "edifc_ided": "", "source": "BDTRE edifc" }, "geometry": { "type": "Polygon", "coordinates": [ [ [ 7.68256, 45.06539 ], [ 7.68251, 45.0654 ], [ 7.68252, 45.0654 ], [ 7.68246, 45.06542 ], [ 7.68246, 45.06542 ], [ 7.68234, 45.06526 ], [ 7.68219, 45.06505 ], [ 7.68216, 45.06502 ], [ 7.6823, 45.06496 ], [ 7.68231, 45.06497 ], [ 7.68236, 45.06504 ], [ 7.6824, 45.06509 ], [ 7.68239, 45.06509 ], [ 7.6825, 45.06524 ], [ 7.68268, 45.06518 ], [ 7.68261, 45.06508 ], [ 7.68257, 45.06502 ], [ 7.68266, 45.06499 ], [ 7.68279, 45.06515 ], [ 7.68279, 45.06515 ], [ 7.68277, 45.06516 ], [ 7.68279, 45.06518 ], [ 7.6828, 45.06518 ], [ 7.68287, 45.06527 ], [ 7.68275, 45.06531 ], [ 7.68276, 45.06531 ], [ 7.68271, 45.06533 ], [ 7.68272, 45.06534 ], [ 7.68266, 45.06536 ], [ 7.68266, 45.06535 ], [ 7.68256, 45.06539 ] ] ] } },
{ "type": "Feature", "properties": { "uuid": "0ce7be6a-2626-4d7b-bef7-76143d8a4d83", "data_acq": "2019-11-30 00:00:00", "data_agg": "2019-11-30 00:00:00", "data_fin": "9999-12-31 00:00:00", "ente_for": "REGIONE PIEMONTE", "ente_prod": "REGIONE PIEMONTE", "modo_prod": "banche dati esterne - catasto", "sc_acq": "1:2000", "edifc_ty": "generica", "edifc_uso": "residenziale e commerciale", "edifc_stat": "costruito", "edifc_mon": "0", "edifc_nome": "", "edifc_idag": "", "edifc_ided": "", "source": "BDTRE edifc" }, "geometry": { "type": "Polygon", "coordinates": [ [ [ 7.68705, 45.0696 ], [ 7.68705, 45.06959 ], [ 7.68697, 45.06948 ], [ 7.68732, 45.06935 ], [ 7.68735, 45.0694 ], [ 7.68726, 45.06943 ], [ 7.68726, 45.06943 ], [ 7.68715, 45.06947 ], [ 7.68718, 45.06951 ], [ 7.68729, 45.06947 ], [ 7.68729, 45.06947 ], [ 7.68731, 45.0695 ], [ 7.68732, 45.06951 ], [ 7.68705, 45.0696 ] ] ] } },
{ "type": "Feature", "properties": { "uuid": "79bc8683-3421-4d1f-8a6a-4852151bbfaf", "data_acq": "2019-11-30 00:00:00", "data_agg": "2019-11-30 00:00:00", "data_fin": "9999-12-31 00:00:00", "ente_for": "REGIONE PIEMONTE", "ente_prod": "REGIONE PIEMONTE", "modo_prod": "banche dati esterne - catasto", "sc_acq": "1:2000", "edifc_ty": "generica", "edifc_uso": "residenziale e commerciale", "edifc_stat": "costruito", "edifc_mon": "0", "edifc_nome": "", "edifc_idag": "", "edifc_ided": "", "source": "BDTRE edifc" }, "geometry": { "type": "Polygon", "coordinates": [ [ [ 7.69012, 45.06767 ], [ 7.69013, 45.06766 ], [ 7.69, 45.06747 ], [ 7.69, 45.06747 ], [ 7.68986, 45.06728 ], [ 7.68981, 45.06721 ], [ 7.68968, 45.06726 ], [ 7.68966, 45.06723 ], [ 7.68994, 45.06712 ], [ 7.69015, 45.06741 ], [ 7.69016, 45.06741 ], [ 7.69017, 45.06743 ], [ 7.69018, 45.06743 ], [ 7.69025, 45.06753 ], [ 7.69023, 45.06753 ], [ 7.6903, 45.06764 ], [ 7.69016, 45.06769 ], [ 7.69014, 45.0677 ], [ 7.69012, 45.06767 ] ] ] } },
{ "type": "Feature", "properties": { "uuid": "895cb128-652d-46aa-acd6-1580829fa7ec", "data_acq": "2019-11-30 00:00:00", "data_agg": "2019-11-30 00:00:00", "data_fin": "9999-12-31 00:00:00", "ente_for": "REGIONE PIEMONTE", "ente_prod": "REGIONE PIEMONTE", "modo_prod": "banche dati esterne - catasto", "sc_acq": "1:2000", "edifc_ty": "generica", "edifc_uso": "residenziale e commerciale", "edifc_stat": "costruito", "edifc_mon": "0", "edifc_nome": "", "edifc_idag": "", "edifc_ided": "", "source": "BDTRE edifc" }, "geometry": { "type": "Polygon", "coordinates": [ [ [ 7.68231, 45.06869 ], [ 7.68239, 45.0688 ], [ 7.68236, 45.06881 ], [ 7.68237, 45.06883 ], [ 7.68236, 45.06884 ], [ 7.68235, 45.06884 ], [ 7.68237, 45.06886 ], [ 7.68236, 45.06886 ], [ 7.68236, 45.06887 ], [ 7.68241, 45.06894 ], [ 7.68234, 45.06896 ], [ 7.68228, 45.06887 ], [ 7.68215, 45.06892 ], [ 7.6822, 45.06902 ], [ 7.68226, 45.069 ], [ 7.68227, 45.06902 ], [ 7.68231, 45.06909 ], [ 7.68225, 45.0691 ], [ 7.6822, 45.06912 ], [ 7.68205, 45.06916 ], [ 7.68203, 45.06913 ], [ 7.68201, 45.06909 ], [ 7.682, 45.06908 ], [ 7.682, 45.06907 ], [ 7.68192, 45.06892 ], [ 7.68187, 45.06885 ], [ 7.68192, 45.06883 ], [ 7.68225, 45.06871 ], [ 7.68231, 45.06869 ] ] ] } },
{ "type": "Feature", "properties": { "uuid": "ee29e8c9-cddf-42bd-8f49-7ea4de32acb0", "data_acq": "2019-11-30 00:00:00", "data_agg": "2019-11-30 00:00:00", "data_fin": "9999-12-31 00:00:00", "ente_for": "REGIONE PIEMONTE", "ente_prod": "REGIONE PIEMONTE", "modo_prod": "banche dati esterne - catasto", "sc_acq": "1:2000", "edifc_ty": "generica", "edifc_uso": "residenziale e commerciale", "edifc_stat": "costruito", "edifc_mon": "0", "edifc_nome": "", "edifc_idag": "", "edifc_ided": "", "source": "BDTRE edifc" }, "geometry": { "type": "Polygon", "coordinates": [ [ [ 7.68389, 45.07264 ], [ 7.68374, 45.07269 ], [ 7.68362, 45.07273 ], [ 7.68356, 45.07263 ], [ 7.68355, 45.0726 ], [ 7.68359, 45.07259 ], [ 7.68359, 45.07259 ], [ 7.68372, 45.07254 ], [ 7.68374, 45.07254 ], [ 7.68375, 45.07255 ], [ 7.68376, 45.07256 ], [ 7.68371, 45.07258 ], [ 7.6837, 45.07257 ], [ 7.68368, 45.07257 ], [ 7.68369, 45.0726 ], [ 7.68369, 45.0726 ], [ 7.68365, 45.07262 ], [ 7.68367, 45.07266 ], [ 7.68382, 45.07261 ], [ 7.6838, 45.07258 ], [ 7.68379, 45.07258 ], [ 7.6838, 45.07258 ], [ 7.68384, 45.07256 ], [ 7.68389, 45.07264 ] ] ] } },
{ "type": "Feature", "properties": { "uuid": "35c9d43c-54d6-45ca-8cd3-1f7ae9d9d850", "data_acq": "2019-11-30 00:00:00", "data_agg": "2019-11-30 00:00:00", "data_fin": "9999-12-31 00:00:00", "ente_for": "REGIONE PIEMONTE", "ente_prod": "REGIONE PIEMONTE", "modo_prod": "banche dati esterne - catasto", "sc_acq": "1:2000", "edifc_ty": "generica", "edifc_uso": "residenziale e produttivo", "edifc_stat": "costruito", "edifc_mon": "0", "edifc_nome": "", "edifc_idag": "", "edifc_ided": "", "source": "BDTRE edifc" }, "geometry": { "type": "Polygon", "coordinates": [ [ [ 7.69176, 45.07879 ], [ 7.69183, 45.07872 ], [ 7.69188, 45.07874 ], [ 7.69182, 45.07882 ], [ 7.69181, 45.07881 ], [ 7.69176, 45.07879 ] ] ] } },
{ "type": "Feature", "properties": { "uuid": "b07cb516-9e65-442c-9723-7ff6b06af46b", "data_acq": "2019-11-30 00:00:00", "data_agg": "2019-11-30 00:00:00", "data_fin": "9999-12-31 00:00:00", "ente_for": "REGIONE PIEMONTE", "ente_prod": "REGIONE PIEMONTE", "modo_prod": "banche dati esterne - catasto", "sc_acq": "1:2000", "edifc_ty": "generica", "edifc_uso": "residenziale e produttivo", "edifc_stat": "costruito", "edifc_mon": "0", "edifc_nome": "", "edifc_idag": "", "edifc_ided": "", "source": "BDTRE edifc" }, "geometry": { "type": "Polygon", "coordinates": [ [ [ 7.69074, 45.08432 ], [ 7.69075, 45.08431 ], [ 7.69079, 45.0843 ], [ 7.6908, 45.08432 ], [ 7.69075, 45.08434 ], [ 7.69074, 45.08432 ] ] ] } },
{ "type": "Feature", "properties": { "uuid": "31bb6edc-8a4c-4850-acab-41eee67f01b5", "data_acq": "2019-11-30 00:00:00", "data_agg": "2019-11-30 00:00:00", "data_fin": "9999-12-31 00:00:00", "ente_for": "REGIONE PIEMONTE", "ente_prod": "REGIONE PIEMONTE", "modo_prod": "banche dati esterne - catasto", "sc_acq": "1:2000", "edifc_ty": "generica", "edifc_uso": "residenziale e commerciale", "edifc_stat": "costruito", "edifc_mon": "0", "edifc_nome": "", "edifc_idag": "", "edifc_ided": "", "source": "BDTRE edifc" }, "geometry": { "type": "Polygon", "coordinates": [ [ [ 7.66752, 45.06755 ], [ 7.66736, 45.06761 ], [ 7.66736, 45.06761 ], [ 7.66742, 45.06769 ], [ 7.66741, 45.0677 ], [ 7.66743, 45.06774 ], [ 7.66744, 45.06773 ], [ 7.66753, 45.06785 ], [ 7.66752, 45.06787 ], [ 7.66741, 45.06791 ], [ 7.66748, 45.06802 ], [ 7.66765, 45.06796 ], [ 7.66771, 45.06794 ], [ 7.66774, 45.06793 ], [ 7.66778, 45.06791 ], [ 7.66753, 45.06756 ], [ 7.66752, 45.06755 ], [ 7.66752, 45.06755 ] ] ] } },
{ "type": "Feature", "properties": { "uuid": "38c73167-5d91-46c0-a92a-51bb79e2fbd8", "data_acq": "2019-11-30 00:00:00", "data_agg": "2019-11-30 00:00:00", "data_fin": "9999-12-31 00:00:00", "ente_for": "REGIONE PIEMONTE", "ente_prod": "REGIONE PIEMONTE", "modo_prod": "banche dati esterne - catasto", "sc_acq": "1:2000", "edifc_ty": "generica", "edifc_uso": "residenziale e produttivo", "edifc_stat": "costruito", "edifc_mon": "0", "edifc_nome": "", "edifc_idag": "", "edifc_ided": "", "source": "BDTRE edifc" }, "geometry": { "type": "Polygon", "coordinates": [ [ [ 7.66849, 45.07909 ], [ 7.66834, 45.07917 ], [ 7.66829, 45.0792 ], [ 7.6681, 45.07931 ], [ 7.66805, 45.07934 ], [ 7.66808, 45.07937 ], [ 7.66809, 45.07937 ], [ 7.66816, 45.07937 ], [ 7.66816, 45.07936 ], [ 7.66819, 45.07936 ], [ 7.6682, 45.07935 ], [ 7.66821, 45.07935 ], [ 7.66823, 45.07935 ], [ 7.66822, 45.07934 ], [ 7.66848, 45.07919 ], [ 7.66854, 45.07928 ], [ 7.66853, 45.07928 ], [ 7.66853, 45.07929 ], [ 7.66847, 45.07931 ], [ 7.66847, 45.07935 ], [ 7.66867, 45.07935 ], [ 7.66858, 45.07922 ], [ 7.66849, 45.07909 ] ] ] } },
{ "type": "Feature", "properties": { "uuid": "2959ae4d-dd85-4771-8281-dd96a8216c11", "data_acq": "2019-11-30 00:00:00", "data_agg": "2019-11-30 00:00:00", "data_fin": "9999-12-31 00:00:00", "ente_for": "REGIONE PIEMONTE", "ente_prod": "REGIONE PIEMONTE", "modo_prod": "banche dati esterne - catasto", "sc_acq": "1:2000", "edifc_ty": "generica", "edifc_uso": "residenziale e commerciale", "edifc_stat": "costruito", "edifc_mon": "0", "edifc_nome": "", "edifc_idag": "", "edifc_ided": "", "source": "BDTRE edifc" }, "geometry": { "type": "Polygon", "coordinates": [ [ [ 7.68256, 45.07104 ], [ 7.68256, 45.07104 ], [ 7.68257, 45.07104 ], [ 7.68259, 45.07107 ], [ 7.68254, 45.07109 ], [ 7.68256, 45.07112 ], [ 7.68256, 45.07112 ], [ 7.68261, 45.07118 ], [ 7.68268, 45.07116 ], [ 7.68275, 45.07113 ], [ 7.68275, 45.07113 ], [ 7.68271, 45.07107 ], [ 7.68272, 45.07106 ], [ 7.68271, 45.07105 ], [ 7.6827, 45.07105 ], [ 7.68269, 45.07103 ], [ 7.68271, 45.07102 ], [ 7.68271, 45.07102 ], [ 7.68269, 45.07099 ], [ 7.68266, 45.071 ], [ 7.68266, 45.071 ], [ 7.68256, 45.07104 ] ] ] } },
{ "type": "Feature", "properties": { "uuid": "9b65b8df-e862-4bf6-afac-464e432354ab", "data_acq": "2019-11-30 00:00:00", "data_agg": "2019-11-30 00:00:00", "data_fin": "9999-12-31 00:00:00", "ente_for": "REGIONE PIEMONTE", "ente_prod": "REGIONE PIEMONTE", "modo_prod": "banche dati esterne - catasto", "sc_acq": "1:2000", "edifc_ty": "generica", "edifc_uso": "residenziale e commerciale", "edifc_stat": "costruito", "edifc_mon": "0", "edifc_nome": "", "edifc_idag": "", "edifc_ided": "", "source": "BDTRE edifc" }, "geometry": { "type": "Polygon", "coordinates": [ [ [ 7.69335, 45.08312 ], [ 7.69326, 45.08312 ], [ 7.69307, 45.08313 ], [ 7.69306, 45.08295 ], [ 7.6932, 45.08295 ], [ 7.69323, 45.08295 ], [ 7.69323, 45.08296 ], [ 7.69323, 45.08296 ], [ 7.6932, 45.08296 ], [ 7.69321, 45.08306 ], [ 7.69323, 45.08306 ], [ 7.69323, 45.08305 ], [ 7.69325, 45.08305 ], [ 7.69325, 45.08306 ], [ 7.69335, 45.08306 ], [ 7.69336, 45.08312 ], [ 7.69335, 45.08312 ] ] ] } },
{ "type": "Feature", "properties": { "uuid": "e94cf6b0-73ab-452e-a913-566d2bef660d", "data_acq": "2019-11-30 00:00:00", "data_agg": "2019-11-30 00:00:00", "data_fin": "9999-12-31 00:00:00", "ente_for": "REGIONE PIEMONTE", "ente_prod": "REGIONE PIEMONTE", "modo_prod": "banche dati esterne - catasto", "sc_acq": "1:2000", "edifc_ty": "generica", "edifc_uso": "residenziale e ufficio pubblico", "edifc_stat": "costruito", "edifc_mon": "0", "edifc_nome": "", "edifc_idag": "", "edifc_ided": "", "source": "BDTRE edifc" }, "geometry": { "type": "Polygon", "coordinates": [ [ [ 7.68562, 45.06577 ], [ 7.6854, 45.06585 ], [ 7.68511, 45.06596 ], [ 7.68503, 45.06584 ], [ 7.68499, 45.06579 ], [ 7.68492, 45.06568 ], [ 7.68488, 45.06562 ], [ 7.68482, 45.06553 ], [ 7.68486, 45.06551 ], [ 7.68505, 45.06545 ], [ 7.68508, 45.06549 ], [ 7.68509, 45.06548 ], [ 7.6851, 45.06549 ], [ 7.6851, 45.06548 ], [ 7.68511, 45.06549 ], [ 7.68512, 45.06549 ], [ 7.68512, 45.06549 ], [ 7.68517, 45.06548 ], [ 7.68517, 45.06547 ], [ 7.68519, 45.06546 ], [ 7.6852, 45.06545 ], [ 7.68517, 45.06541 ], [ 7.68525, 45.06538 ], [ 7.68527, 45.06537 ], [ 7.68533, 45.06545 ], [ 7.68537, 45.06551 ], [ 7.68543, 45.06549 ], [ 7.68555, 45.06566 ], [ 7.68554, 45.06566 ], [ 7.68562, 45.06577 ] ], [ [ 7.68518, 45.06563 ], [ 7.68507, 45.06567 ], [ 7.68515, 45.06578 ], [ 7.68526, 45.06574 ], [ 7.68524, 45.06571 ], [ 7.6852, 45.06566 ], [ 7.68518, 45.06563 ], [ 7.68518, 45.06563 ] ] ] } },
{ "type": "Feature", "properties": { "uuid": "3569f295-1a00-4eb4-832a-13b72a45b526", "data_acq": "2019-11-30 00:00:00", "data_agg": "2019-11-30 00:00:00", "data_fin": "9999-12-31 00:00:00", "ente_for": "REGIONE PIEMONTE", "ente_prod": "REGIONE PIEMONTE", "modo_prod": "banche dati esterne - catasto", "sc_acq": "1:2000", "edifc_ty": "generica", "edifc_uso": "residenziale e produttivo", "edifc_stat": "costruito", "edifc_mon": "0", "edifc_nome": "", "edifc_idag": "", "edifc_ided": "", "source": "BDTRE edifc" }, "geometry": { "type": "Polygon", "coordinates": [ [ [ 7.69111, 45.08433 ], [ 7.69096, 45.0841 ], [ 7.69127, 45.084 ], [ 7.69135, 45.08413 ], [ 7.69127, 45.08415 ], [ 7.69122, 45.08407 ], [ 7.69108, 45.08412 ], [ 7.69113, 45.0842 ], [ 7.69119, 45.08418 ], [ 7.6912, 45.08419 ], [ 7.69121, 45.08421 ], [ 7.69126, 45.08428 ], [ 7.69111, 45.08433 ] ] ] } },
{ "type": "Feature", "properties": { "uuid": "f0defafb-4400-49f4-9726-099d22fb980b", "data_acq": "2019-11-30 00:00:00", "data_agg": "2019-11-30 00:00:00", "data_fin": "9999-12-31 00:00:00", "ente_for": "REGIONE PIEMONTE", "ente_prod": "REGIONE PIEMONTE", "modo_prod": "banche dati esterne - catasto", "sc_acq": "1:2000", "edifc_ty": "generica", "edifc_uso": "residenziale e commerciale", "edifc_stat": "costruito", "edifc_mon": "0", "edifc_nome": "", "edifc_idag": "", "edifc_ided": "", "source": "BDTRE edifc" }, "geometry": { "type": "Polygon", "coordinates": [ [ [ 7.67679, 45.06927 ], [ 7.67683, 45.06933 ], [ 7.67683, 45.06933 ], [ 7.67684, 45.06934 ], [ 7.67688, 45.0694 ], [ 7.67671, 45.06946 ], [ 7.67671, 45.06946 ], [ 7.67662, 45.06933 ], [ 7.67679, 45.06927 ] ] ] } },
{ "type": "Feature", "properties": { "uuid": "6b89f0c8-8e27-41eb-bb3b-63b4ea4a8f20", "data_acq": "2019-11-30 00:00:00", "data_agg": "2019-11-30 00:00:00", "data_fin": "9999-12-31 00:00:00", "ente_for": "REGIONE PIEMONTE", "ente_prod": "REGIONE PIEMONTE", "modo_prod": "banche dati esterne - catasto", "sc_acq": "1:2000", "edifc_ty": "generica", "edifc_uso": "residenziale e commerciale", "edifc_stat": "costruito", "edifc_mon": "0", "edifc_nome": "", "edifc_idag": "", "edifc_ided": "", "source": "BDTRE edifc" }, "geometry": { "type": "Polygon", "coordinates": [ [ [ 7.68109, 45.0759 ], [ 7.68118, 45.07589 ], [ 7.6812, 45.07596 ], [ 7.68112, 45.07597 ], [ 7.6811, 45.07595 ], [ 7.68109, 45.0759 ] ] ] } },
{ "type": "Feature", "properties": { "uuid": "b9f81678-1d7b-4b49-ab9c-7b2623f865b4", "data_acq": "2019-11-30 00:00:00", "data_agg": "2019-11-30 00:00:00", "data_fin": "9999-12-31 00:00:00", "ente_for": "REGIONE PIEMONTE", "ente_prod": "REGIONE PIEMONTE", "modo_prod": "banche dati esterne - catasto", "sc_acq": "1:2000", "edifc_ty": "generica", "edifc_uso": "residenziale e commerciale", "edifc_stat": "costruito", "edifc_mon": "0", "edifc_nome": "", "edifc_idag": "", "edifc_ided": "", "source": "BDTRE edifc" }, "geometry": { "type": "Polygon", "coordinates": [ [ [ 7.68395, 45.07897 ], [ 7.68387, 45.07897 ], [ 7.6838, 45.07898 ], [ 7.6838, 45.07893 ], [ 7.68379, 45.0789 ], [ 7.68384, 45.0789 ], [ 7.68383, 45.07886 ], [ 7.68385, 45.07886 ], [ 7.68384, 45.07881 ], [ 7.68374, 45.07881 ], [ 7.68374, 45.07881 ], [ 7.68372, 45.07874 ], [ 7.68391, 45.07872 ], [ 7.68395, 45.07897 ] ] ] } },
{ "type": "Feature", "properties": { "uuid": "99263fab-9fbd-45a4-8b2e-227f68b8fe75", "data_acq": "2019-11-30 00:00:00", "data_agg": "2019-11-30 00:00:00", "data_fin": "9999-12-31 00:00:00", "ente_for": "REGIONE PIEMONTE", "ente_prod": "REGIONE PIEMONTE", "modo_prod": "banche dati esterne - catasto", "sc_acq": "1:2000", "edifc_ty": "generica", "edifc_uso": "residenziale e commerciale", "edifc_stat": "costruito", "edifc_mon": "0", "edifc_nome": "", "edifc_idag": "", "edifc_ided": "", "source": "BDTRE edifc" }, "geometry": { "type": "Polygon", "coordinates": [ [ [ 7.69157, 45.08081 ], [ 7.69172, 45.08087 ], [ 7.69163, 45.08097 ], [ 7.6915, 45.08091 ], [ 7.6915, 45.08091 ], [ 7.69149, 45.08091 ], [ 7.69149, 45.08091 ], [ 7.69148, 45.08091 ], [ 7.69149, 45.0809 ], [ 7.69157, 45.08081 ] ] ] } },
{ "type": "Feature", "properties": { "uuid": "bc2ce900-25ee-4367-801d-3bc43e3811c7", "data_acq": "2019-11-30 00:00:00", "data_agg": "2019-11-30 00:00:00", "data_fin": "9999-12-31 00:00:00", "ente_for": "REGIONE PIEMONTE", "ente_prod": "REGIONE PIEMONTE", "modo_prod": "banche dati esterne - catasto", "sc_acq": "1:2000", "edifc_ty": "generica", "edifc_uso": "residenziale e commerciale", "edifc_stat": "costruito", "edifc_mon": "0", "edifc_nome": "", "edifc_idag": "", "edifc_ided": "", "source": "BDTRE edifc" }, "geometry": { "type": "Polygon", "coordinates": [ [ [ 7.68952, 45.06872 ], [ 7.68957, 45.06876 ], [ 7.68971, 45.0689 ], [ 7.68982, 45.06885 ], [ 7.68987, 45.0689 ], [ 7.68994, 45.06886 ], [ 7.68998, 45.0689 ], [ 7.68998, 45.0689 ], [ 7.69, 45.06891 ], [ 7.69003, 45.06895 ], [ 7.69026, 45.06883 ], [ 7.69026, 45.06883 ], [ 7.69032, 45.0688 ], [ 7.69025, 45.06874 ], [ 7.69022, 45.0687 ], [ 7.6901, 45.0686 ], [ 7.68998, 45.0685 ], [ 7.68993, 45.06846 ], [ 7.68993, 45.06846 ], [ 7.68954, 45.06871 ], [ 7.68952, 45.06872 ] ], [ [ 7.6898, 45.0687 ], [ 7.68998, 45.06859 ], [ 7.68998, 45.06859 ], [ 7.69008, 45.06867 ], [ 7.69007, 45.06868 ], [ 7.69008, 45.06868 ], [ 7.69008, 45.06868 ], [ 7.69008, 45.06868 ], [ 7.69008, 45.06868 ], [ 7.69012, 45.06871 ], [ 7.68992, 45.06883 ], [ 7.6898, 45.0687 ] ] ] } },
{ "type": "Feature", "properties": { "uuid": "607c559d-e9ba-498d-a0ac-41e14b4680b9", "data_acq": "2019-11-30 00:00:00", "data_agg": "2019-11-30 00:00:00", "data_fin": "9999-12-31 00:00:00", "ente_for": "REGIONE PIEMONTE", "ente_prod": "REGIONE PIEMONTE", "modo_prod": "banche dati esterne - catasto", "sc_acq": "1:2000", "edifc_ty": "generica", "edifc_uso": "residenziale e commerciale", "edifc_stat": "costruito", "edifc_mon": "0", "edifc_nome": "", "edifc_idag": "", "edifc_ided": "", "source": "BDTRE edifc" }, "geometry": { "type": "Polygon", "coordinates": [ [ [ 7.66851, 45.08197 ], [ 7.66858, 45.08207 ], [ 7.66858, 45.08207 ], [ 7.66859, 45.08208 ], [ 7.66859, 45.08208 ], [ 7.66861, 45.08208 ], [ 7.6686, 45.08206 ], [ 7.6686, 45.08206 ], [ 7.66863, 45.08205 ], [ 7.66863, 45.08205 ], [ 7.66863, 45.08206 ], [ 7.66863, 45.08206 ], [ 7.66867, 45.08204 ], [ 7.66867, 45.08204 ], [ 7.6687, 45.08203 ], [ 7.6687, 45.08203 ], [ 7.66871, 45.08204 ], [ 7.66871, 45.08204 ], [ 7.66877, 45.08202 ], [ 7.6687, 45.08191 ], [ 7.66858, 45.08195 ], [ 7.66851, 45.08197 ] ] ] } },
{ "type": "Feature", "properties": { "uuid": "ab9bb116-ba59-476d-9184-f686e94f9a43", "data_acq": "2019-11-30 00:00:00", "data_agg": "2019-11-30 00:00:00", "data_fin": "9999-12-31 00:00:00", "ente_for": "REGIONE PIEMONTE", "ente_prod": "REGIONE PIEMONTE", "modo_prod": "banche dati esterne - catasto", "sc_acq": "1:2000", "edifc_ty": "generica", "edifc_uso": "residenziale e commerciale", "edifc_stat": "costruito", "edifc_mon": "0", "edifc_nome": "", "edifc_idag": "", "edifc_ided": "", "source": "BDTRE edifc" }, "geometry": { "type": "Polygon", "coordinates": [ [ [ 7.69028, 45.06699 ], [ 7.69025, 45.06695 ], [ 7.69027, 45.06694 ], [ 7.69033, 45.06692 ], [ 7.69036, 45.06696 ], [ 7.6903, 45.06698 ], [ 7.69028, 45.06699 ] ] ] } },
{ "type": "Feature", "properties": { "uuid": "ecce5b6d-36ef-4af8-9840-a0efba61d3ec", "data_acq": "2019-11-30 00:00:00", "data_agg": "2019-11-30 00:00:00", "data_fin": "9999-12-31 00:00:00", "ente_for": "REGIONE PIEMONTE", "ente_prod": "REGIONE PIEMONTE", "modo_prod": "banche dati esterne - catasto", "sc_acq": "1:2000", "edifc_ty": "generica", "edifc_uso": "residenziale e commerciale", "edifc_stat": "costruito", "edifc_mon": "0", "edifc_nome": "", "edifc_idag": "", "edifc_ided": "", "source": "BDTRE edifc" }, "geometry": { "type": "Polygon", "coordinates": [ [ [ 7.69053, 45.08034 ], [ 7.69045, 45.08043 ], [ 7.69044, 45.08044 ], [ 7.69046, 45.08044 ], [ 7.69047, 45.08044 ], [ 7.6906, 45.08049 ], [ 7.69059, 45.0805 ], [ 7.6906, 45.08051 ], [ 7.69069, 45.08041 ], [ 7.69053, 45.08034 ] ] ] } },
{ "type": "Feature", "properties": { "uuid": "bcc33bd5-516c-4651-9360-0e71d4b92889", "data_acq": "2019-11-30 00:00:00", "data_agg": "2019-11-30 00:00:00", "data_fin": "9999-12-31 00:00:00", "ente_for": "REGIONE PIEMONTE", "ente_prod": "REGIONE PIEMONTE", "modo_prod": "banche dati esterne - catasto", "sc_acq": "1:2000", "edifc_ty": "generica", "edifc_uso": "residenziale e commerciale", "edifc_stat": "costruito", "edifc_mon": "0", "edifc_nome": "", "edifc_idag": "", "edifc_ided": "", "source": "BDTRE edifc" }, "geometry": { "type": "Polygon", "coordinates": [ [ [ 7.6775, 45.08124 ], [ 7.67744, 45.08115 ], [ 7.67744, 45.08115 ], [ 7.67743, 45.08113 ], [ 7.67742, 45.08112 ], [ 7.67741, 45.08112 ], [ 7.67735, 45.08103 ], [ 7.67748, 45.08098 ], [ 7.67754, 45.08107 ], [ 7.67758, 45.08113 ], [ 7.67759, 45.08114 ], [ 7.6776, 45.08114 ], [ 7.67761, 45.08116 ], [ 7.67761, 45.08116 ], [ 7.67762, 45.08118 ], [ 7.67763, 45.08119 ], [ 7.67763, 45.08119 ], [ 7.67758, 45.08121 ], [ 7.67751, 45.08123 ], [ 7.6775, 45.08124 ] ] ] } },
{ "type": "Feature", "properties": { "uuid": "efa2b713-70bb-4d13-ade2-db696014893e", "data_acq": "2019-11-30 00:00:00", "data_agg": "2019-11-30 00:00:00", "data_fin": "9999-12-31 00:00:00", "ente_for": "REGIONE PIEMONTE", "ente_prod": "REGIONE PIEMONTE", "modo_prod": "banche dati esterne - catasto", "sc_acq": "1:2000", "edifc_ty": "generica", "edifc_uso": "residenziale e commerciale", "edifc_stat": "costruito", "edifc_mon": "0", "edifc_nome": "", "edifc_idag": "", "edifc_ided": "", "source": "BDTRE edifc" }, "geometry": { "type": "Polygon", "coordinates": [ [ [ 7.6824, 45.07184 ], [ 7.6824, 45.07184 ], [ 7.68239, 45.07182 ], [ 7.68239, 45.07182 ], [ 7.68238, 45.0718 ], [ 7.68237, 45.07179 ], [ 7.68232, 45.07172 ], [ 7.68231, 45.0717 ], [ 7.68229, 45.07167 ], [ 7.68229, 45.07167 ], [ 7.68228, 45.07166 ], [ 7.68216, 45.07171 ], [ 7.68219, 45.07175 ], [ 7.68218, 45.07175 ], [ 7.68219, 45.07176 ], [ 7.6822, 45.07176 ], [ 7.68221, 45.07178 ], [ 7.68218, 45.07179 ], [ 7.68222, 45.07185 ], [ 7.68222, 45.07185 ], [ 7.68225, 45.07189 ], [ 7.68229, 45.07188 ], [ 7.68231, 45.07188 ], [ 7.6824, 45.07184 ], [ 7.6824, 45.07184 ] ] ] } },
{ "type": "Feature", "properties": { "uuid": "732e25e8-ed65-44db-9156-e2125cf3671c", "data_acq": "2019-11-30 00:00:00", "data_agg": "2019-11-30 00:00:00", "data_fin": "9999-12-31 00:00:00", "ente_for": "REGIONE PIEMONTE", "ente_prod": "REGIONE PIEMONTE", "modo_prod": "banche dati esterne - catasto", "sc_acq": "1:2000", "edifc_ty": "generica", "edifc_uso": "residenziale e commerciale", "edifc_stat": "costruito", "edifc_mon": "0", "edifc_nome": "", "edifc_idag": "", "edifc_ided": "", "source": "BDTRE edifc" }, "geometry": { "type": "Polygon", "coordinates": [ [ [ 7.68123, 45.07446 ], [ 7.68126, 45.07452 ], [ 7.68121, 45.07453 ], [ 7.68122, 45.07454 ], [ 7.68122, 45.07455 ], [ 7.68123, 45.07456 ], [ 7.68125, 45.07459 ], [ 7.6813, 45.07458 ], [ 7.68135, 45.07465 ], [ 7.6815, 45.0746 ], [ 7.68159, 45.07457 ], [ 7.68159, 45.07457 ], [ 7.68166, 45.07454 ], [ 7.68166, 45.07454 ], [ 7.68166, 45.07455 ], [ 7.68166, 45.07455 ], [ 7.68167, 45.07454 ], [ 7.68167, 45.07454 ], [ 7.68167, 45.07454 ], [ 7.68171, 45.07452 ], [ 7.68173, 45.07452 ], [ 7.68167, 45.07441 ], [ 7.68171, 45.0744 ], [ 7.68169, 45.07435 ], [ 7.68168, 45.07434 ], [ 7.68145, 45.0744 ], [ 7.68123, 45.07446 ] ], [ [ 7.68151, 45.07452 ], [ 7.68148, 45.07447 ], [ 7.68149, 45.07447 ], [ 7.68148, 45.07446 ], [ 7.68152, 45.07445 ], [ 7.68152, 45.07445 ], [ 7.68159, 45.07443 ], [ 7.68163, 45.07449 ], [ 7.68151, 45.07452 ] ] ] } },
{ "type": "Feature", "properties": { "uuid": "b85d49d3-419b-40f2-baa7-d5f162f84b49", "data_acq": "2019-11-30 00:00:00", "data_agg": "2019-11-30 00:00:00", "data_fin": "9999-12-31 00:00:00", "ente_for": "REGIONE PIEMONTE", "ente_prod": "REGIONE PIEMONTE", "modo_prod": "banche dati esterne - catasto", "sc_acq": "1:2000", "edifc_ty": "generica", "edifc_uso": "residenziale e commerciale", "edifc_stat": "costruito", "edifc_mon": "0", "edifc_nome": "", "edifc_idag": "", "edifc_ided": "", "source": "BDTRE edifc" }, "geometry": { "type": "Polygon", "coordinates": [ [ [ 7.68059, 45.07721 ], [ 7.68052, 45.07711 ], [ 7.68067, 45.07706 ], [ 7.68068, 45.07709 ], [ 7.68071, 45.07713 ], [ 7.68075, 45.07712 ], [ 7.68077, 45.07714 ], [ 7.68078, 45.07713 ], [ 7.68079, 45.07714 ], [ 7.68059, 45.07721 ] ] ] } },
{ "type": "Feature", "properties": { "uuid": "98ec78c0-ff89-43ca-9917-51066ea80087", "data_acq": "2019-11-30 00:00:00", "data_agg": "2019-11-30 00:00:00", "data_fin": "9999-12-31 00:00:00", "ente_for": "REGIONE PIEMONTE", "ente_prod": "REGIONE PIEMONTE", "modo_prod": "banche dati esterne - catasto", "sc_acq": "1:2000", "edifc_ty": "generica", "edifc_uso": "residenziale e commerciale", "edifc_stat": "costruito", "edifc_mon": "0", "edifc_nome": "", "edifc_idag": "", "edifc_ided": "", "source": "BDTRE edifc" }, "geometry": { "type": "Polygon", "coordinates": [ [ [ 7.66937, 45.07874 ], [ 7.66934, 45.0787 ], [ 7.66934, 45.0787 ], [ 7.66932, 45.07868 ], [ 7.66932, 45.07867 ], [ 7.6693, 45.07863 ], [ 7.6694, 45.0786 ], [ 7.66944, 45.07858 ], [ 7.66945, 45.07858 ], [ 7.66952, 45.07868 ], [ 7.66952, 45.07869 ], [ 7.66952, 45.07869 ], [ 7.66937, 45.07874 ] ] ] } },
{ "type": "Feature", "properties": { "uuid": "8bc275a0-57de-474a-89d4-2dbfb2ba415d", "data_acq": "2019-11-30 00:00:00", "data_agg": "2019-11-30 00:00:00", "data_fin": "9999-12-31 00:00:00", "ente_for": "REGIONE PIEMONTE", "ente_prod": "REGIONE PIEMONTE", "modo_prod": "banche dati esterne - catasto", "sc_acq": "1:2000", "edifc_ty": "generica", "edifc_uso": "residenziale e commerciale", "edifc_stat": "costruito", "edifc_mon": "0", "edifc_nome": "", "edifc_idag": "", "edifc_ided": "", "source": "BDTRE edifc" }, "geometry": { "type": "Polygon", "coordinates": [ [ [ 7.69116, 45.07447 ], [ 7.69116, 45.07447 ], [ 7.69128, 45.07466 ], [ 7.69114, 45.07471 ], [ 7.6911, 45.07464 ], [ 7.6911, 45.07464 ], [ 7.69109, 45.07462 ], [ 7.69106, 45.07463 ], [ 7.69106, 45.07464 ], [ 7.69101, 45.07465 ], [ 7.69101, 45.07465 ], [ 7.69095, 45.07467 ], [ 7.69096, 45.07468 ], [ 7.69094, 45.07468 ], [ 7.69093, 45.07467 ], [ 7.69086, 45.07457 ], [ 7.69116, 45.07447 ] ] ] } },
{ "type": "Feature", "properties": { "uuid": "2d779225-b287-4bac-9968-f9bce9f99977", "data_acq": "2019-11-30 00:00:00", "data_agg": "2019-11-30 00:00:00", "data_fin": "9999-12-31 00:00:00", "ente_for": "REGIONE PIEMONTE", "ente_prod": "REGIONE PIEMONTE", "modo_prod": "banche dati esterne - catasto", "sc_acq": "1:2000", "edifc_ty": "generica", "edifc_uso": "residenziale e commerciale", "edifc_stat": "costruito", "edifc_mon": "0", "edifc_nome": "", "edifc_idag": "", "edifc_ided": "", "source": "BDTRE edifc" }, "geometry": { "type": "Polygon", "coordinates": [ [ [ 7.6802, 45.07516 ], [ 7.68031, 45.07531 ], [ 7.68031, 45.07531 ], [ 7.68027, 45.07533 ], [ 7.68021, 45.07536 ], [ 7.6802, 45.07534 ], [ 7.68017, 45.07536 ], [ 7.68017, 45.07535 ], [ 7.68013, 45.07531 ], [ 7.68009, 45.07526 ], [ 7.68007, 45.07523 ], [ 7.68005, 45.07521 ], [ 7.6802, 45.07516 ] ] ] } },
{ "type": "Feature", "properties": { "uuid": "a8c8ab44-d153-44d3-bc58-6dd7a362a29d", "data_acq": "2019-11-30 00:00:00", "data_agg": "2019-11-30 00:00:00", "data_fin": "9999-12-31 00:00:00", "ente_for": "REGIONE PIEMONTE", "ente_prod": "REGIONE PIEMONTE", "modo_prod": "banche dati esterne - catasto", "sc_acq": "1:2000", "edifc_ty": "generica", "edifc_uso": "residenziale e commerciale", "edifc_stat": "costruito", "edifc_mon": "0", "edifc_nome": "", "edifc_idag": "", "edifc_ided": "", "source": "BDTRE edifc" }, "geometry": { "type": "Polygon", "coordinates": [ [ [ 7.66561, 45.07977 ], [ 7.66575, 45.07971 ], [ 7.66563, 45.07963 ], [ 7.66561, 45.07962 ], [ 7.66559, 45.07961 ], [ 7.66558, 45.07962 ], [ 7.66559, 45.07963 ], [ 7.66559, 45.07963 ], [ 7.66548, 45.07971 ], [ 7.66528, 45.07959 ], [ 7.66522, 45.07964 ], [ 7.66524, 45.07965 ], [ 7.66535, 45.07972 ], [ 7.66551, 45.07982 ], [ 7.66556, 45.0798 ], [ 7.66558, 45.07979 ], [ 7.66561, 45.07977 ] ] ] } },
{ "type": "Feature", "properties": { "uuid": "7f0144f2-aee5-44d3-be0d-1253c0fefcc9", "data_acq": "2019-11-30 00:00:00", "data_agg": "2019-11-30 00:00:00", "data_fin": "9999-12-31 00:00:00", "ente_for": "REGIONE PIEMONTE", "ente_prod": "REGIONE PIEMONTE", "modo_prod": "banche dati esterne - catasto", "sc_acq": "1:2000", "edifc_ty": "generica", "edifc_uso": "residenziale e commerciale", "edifc_stat": "costruito", "edifc_mon": "0", "edifc_nome": "", "edifc_idag": "", "edifc_ided": "", "source": "BDTRE edifc" }, "geometry": { "type": "Polygon", "coordinates": [ [ [ 7.68132, 45.07587 ], [ 7.68153, 45.07583 ], [ 7.68164, 45.07581 ], [ 7.68164, 45.07582 ], [ 7.6817, 45.07591 ], [ 7.68162, 45.07594 ], [ 7.68162, 45.07594 ], [ 7.6816, 45.07594 ], [ 7.68159, 45.07591 ], [ 7.6816, 45.0759 ], [ 7.68159, 45.07588 ], [ 7.68141, 45.07593 ], [ 7.68138, 45.07594 ], [ 7.68136, 45.07594 ], [ 7.68135, 45.07594 ], [ 7.68132, 45.07587 ] ] ] } },
{ "type": "Feature", "properties": { "uuid": "adf49df0-1e9e-49a1-a2e5-d98e8bd1df7f", "data_acq": "2019-11-30 00:00:00", "data_agg": "2019-11-30 00:00:00", "data_fin": "9999-12-31 00:00:00", "ente_for": "REGIONE PIEMONTE", "ente_prod": "REGIONE PIEMONTE", "modo_prod": "banche dati esterne - catasto", "sc_acq": "1:2000", "edifc_ty": "generica", "edifc_uso": "residenziale e commerciale", "edifc_stat": "costruito", "edifc_mon": "0", "edifc_nome": "", "edifc_idag": "", "edifc_ided": "", "source": "BDTRE edifc" }, "geometry": { "type": "Polygon", "coordinates": [ [ [ 7.66673, 45.08208 ], [ 7.66668, 45.08199 ], [ 7.66667, 45.08197 ], [ 7.66666, 45.08195 ], [ 7.66664, 45.08195 ], [ 7.66666, 45.08199 ], [ 7.66646, 45.08205 ], [ 7.66649, 45.0821 ], [ 7.6665, 45.08211 ], [ 7.66652, 45.08214 ], [ 7.66652, 45.08215 ], [ 7.66673, 45.08208 ] ] ] } },
{ "type": "Feature", "properties": { "uuid": "96ba667d-9932-4523-8ca2-fe77f3e51de2", "data_acq": "2019-11-30 00:00:00", "data_agg": "2019-11-30 00:00:00", "data_fin": "9999-12-31 00:00:00", "ente_for": "REGIONE PIEMONTE", "ente_prod": "REGIONE PIEMONTE", "modo_prod": "banche dati esterne - catasto", "sc_acq": "1:2000", "edifc_ty": "generica", "edifc_uso": "residenziale e commerciale", "edifc_stat": "costruito", "edifc_mon": "0", "edifc_nome": "", "edifc_idag": "", "edifc_ided": "", "source": "BDTRE edifc" }, "geometry": { "type": "Polygon", "coordinates": [ [ [ 7.66795, 45.07734 ], [ 7.66797, 45.07734 ], [ 7.66806, 45.0773 ], [ 7.66817, 45.07727 ], [ 7.66817, 45.07727 ], [ 7.66825, 45.07738 ], [ 7.66823, 45.07739 ], [ 7.66823, 45.07738 ], [ 7.66811, 45.07742 ], [ 7.66811, 45.07742 ], [ 7.66812, 45.07742 ], [ 7.66811, 45.07743 ], [ 7.6681, 45.07742 ], [ 7.66808, 45.07743 ], [ 7.66815, 45.07752 ], [ 7.66831, 45.07747 ], [ 7.66834, 45.07751 ], [ 7.66823, 45.07757 ], [ 7.66814, 45.07761 ], [ 7.66813, 45.0776 ], [ 7.66812, 45.07759 ], [ 7.6681, 45.07756 ], [ 7.66795, 45.07734 ] ] ] } },
{ "type": "Feature", "properties": { "uuid": "d7095a71-bc7c-4d2a-8f2e-04856cc65647", "data_acq": "2019-11-30 00:00:00", "data_agg": "2019-11-30 00:00:00", "data_fin": "9999-12-31 00:00:00", "ente_for": "REGIONE PIEMONTE", "ente_prod": "REGIONE PIEMONTE", "modo_prod": "banche dati esterne - catasto", "sc_acq": "1:2000", "edifc_ty": "generica", "edifc_uso": "residenziale e commerciale", "edifc_stat": "costruito", "edifc_mon": "0", "edifc_nome": "", "edifc_idag": "", "edifc_ided": "", "source": "BDTRE edifc" }, "geometry": { "type": "Polygon", "coordinates": [ [ [ 7.67346, 45.0782 ], [ 7.6734, 45.07812 ], [ 7.67335, 45.07805 ], [ 7.67329, 45.07797 ], [ 7.67307, 45.07804 ], [ 7.67284, 45.07812 ], [ 7.67284, 45.07812 ], [ 7.67284, 45.07812 ], [ 7.67284, 45.07813 ], [ 7.67284, 45.07813 ], [ 7.67285, 45.07814 ], [ 7.67286, 45.07814 ], [ 7.67286, 45.07814 ], [ 7.67306, 45.07819 ], [ 7.67306, 45.07819 ], [ 7.67307, 45.07817 ], [ 7.67307, 45.07817 ], [ 7.67321, 45.07812 ], [ 7.67323, 45.07813 ], [ 7.67329, 45.07822 ], [ 7.67328, 45.07824 ], [ 7.67328, 45.07824 ], [ 7.67339, 45.07827 ], [ 7.67349, 45.07829 ], [ 7.6735, 45.07829 ], [ 7.6735, 45.07829 ], [ 7.6735, 45.07829 ], [ 7.67351, 45.07829 ], [ 7.67351, 45.07828 ], [ 7.67351, 45.07828 ], [ 7.67351, 45.07827 ], [ 7.67346, 45.0782 ], [ 7.67346, 45.0782 ] ] ] } },
{ "type": "Feature", "properties": { "uuid": "ebc5d5d1-89f2-4c4c-a4a1-ceac7bc238cd", "data_acq": "2019-11-30 00:00:00", "data_agg": "2019-11-30 00:00:00", "data_fin": "9999-12-31 00:00:00", "ente_for": "REGIONE PIEMONTE", "ente_prod": "REGIONE PIEMONTE", "modo_prod": "banche dati esterne - catasto", "sc_acq": "1:2000", "edifc_ty": "generica", "edifc_uso": "residenziale e commerciale", "edifc_stat": "costruito", "edifc_mon": "0", "edifc_nome": "", "edifc_idag": "", "edifc_ided": "", "source": "BDTRE edifc" }, "geometry": { "type": "Polygon", "coordinates": [ [ [ 7.6665, 45.08187 ], [ 7.6664, 45.0819 ], [ 7.66636, 45.08192 ], [ 7.66637, 45.08192 ], [ 7.6664, 45.08196 ], [ 7.6664, 45.08197 ], [ 7.6664, 45.08197 ], [ 7.6664, 45.08198 ], [ 7.66644, 45.08202 ], [ 7.6665, 45.082 ], [ 7.66646, 45.08194 ], [ 7.66649, 45.08193 ], [ 7.66649, 45.08194 ], [ 7.66651, 45.08194 ], [ 7.6665, 45.08193 ], [ 7.66657, 45.08191 ], [ 7.66659, 45.08194 ], [ 7.66664, 45.08192 ], [ 7.66662, 45.08188 ], [ 7.66662, 45.08187 ], [ 7.6666, 45.08184 ], [ 7.66652, 45.08186 ], [ 7.6665, 45.08187 ] ] ] } },
{ "type": "Feature", "properties": { "uuid": "e82322e6-1af8-427c-a613-b12677f58260", "data_acq": "2019-11-30 00:00:00", "data_agg": "2019-11-30 00:00:00", "data_fin": "9999-12-31 00:00:00", "ente_for": "REGIONE PIEMONTE", "ente_prod": "REGIONE PIEMONTE", "modo_prod": "banche dati esterne - catasto", "sc_acq": "1:2000", "edifc_ty": "generica", "edifc_uso": "residenziale e commerciale", "edifc_stat": "costruito", "edifc_mon": "0", "edifc_nome": "", "edifc_idag": "", "edifc_ided": "", "source": "BDTRE edifc" }, "geometry": { "type": "Polygon", "coordinates": [ [ [ 7.68215, 45.07281 ], [ 7.68224, 45.07278 ], [ 7.68234, 45.07275 ], [ 7.68241, 45.0729 ], [ 7.68234, 45.07292 ], [ 7.68233, 45.0729 ], [ 7.68234, 45.0729 ], [ 7.68234, 45.0729 ], [ 7.68233, 45.07288 ], [ 7.6823, 45.07289 ], [ 7.6823, 45.07289 ], [ 7.68232, 45.07293 ], [ 7.68231, 45.07293 ], [ 7.68223, 45.07295 ], [ 7.68215, 45.07281 ] ] ] } },
{ "type": "Feature", "properties": { "uuid": "85161970-d2ca-4cc9-8b3a-4ae13ec0c9ca", "data_acq": "2019-11-30 00:00:00", "data_agg": "2019-11-30 00:00:00", "data_fin": "9999-12-31 00:00:00", "ente_for": "REGIONE PIEMONTE", "ente_prod": "REGIONE PIEMONTE", "modo_prod": "banche dati esterne - catasto", "sc_acq": "1:2000", "edifc_ty": "generica", "edifc_uso": "residenziale e commerciale", "edifc_stat": "costruito", "edifc_mon": "0", "edifc_nome": "", "edifc_idag": "", "edifc_ided": "", "source": "BDTRE edifc" }, "geometry": { "type": "Polygon", "coordinates": [ [ [ 7.67822, 45.07392 ], [ 7.67819, 45.07388 ], [ 7.67818, 45.07385 ], [ 7.67813, 45.07379 ], [ 7.6781, 45.07375 ], [ 7.6781, 45.07375 ], [ 7.67811, 45.07374 ], [ 7.67831, 45.07367 ], [ 7.67835, 45.07371 ], [ 7.67838, 45.0737 ], [ 7.67841, 45.07374 ], [ 7.67842, 45.07375 ], [ 7.67848, 45.07383 ], [ 7.6784, 45.07386 ], [ 7.67834, 45.07377 ], [ 7.67824, 45.07381 ], [ 7.67829, 45.07388 ], [ 7.6783, 45.07387 ], [ 7.67831, 45.07389 ], [ 7.67822, 45.07392 ] ] ] } },
{ "type": "Feature", "properties": { "uuid": "78aae286-5879-4e8a-96a2-e2a0a66f5d3e", "data_acq": "2019-11-30 00:00:00", "data_agg": "2019-11-30 00:00:00", "data_fin": "9999-12-31 00:00:00", "ente_for": "REGIONE PIEMONTE", "ente_prod": "REGIONE PIEMONTE", "modo_prod": "banche dati esterne - catasto", "sc_acq": "1:2000", "edifc_ty": "generica", "edifc_uso": "residenziale e commerciale", "edifc_stat": "costruito", "edifc_mon": "0", "edifc_nome": "", "edifc_idag": "", "edifc_ided": "", "source": "BDTRE edifc" }, "geometry": { "type": "Polygon", "coordinates": [ [ [ 7.67446, 45.07913 ], [ 7.67441, 45.07913 ], [ 7.67441, 45.07913 ], [ 7.67439, 45.07917 ], [ 7.67442, 45.07918 ], [ 7.67451, 45.07931 ], [ 7.67451, 45.07932 ], [ 7.67453, 45.07932 ], [ 7.67453, 45.07931 ], [ 7.67457, 45.07929 ], [ 7.67446, 45.07913 ] ] ] } },
{ "type": "Feature", "properties": { "uuid": "f625c890-c00a-467f-96e7-8cbec23eacb5", "data_acq": "2019-11-30 00:00:00", "data_agg": "2019-11-30 00:00:00", "data_fin": "9999-12-31 00:00:00", "ente_for": "REGIONE PIEMONTE", "ente_prod": "REGIONE PIEMONTE", "modo_prod": "banche dati esterne - catasto", "sc_acq": "1:2000", "edifc_ty": "generica", "edifc_uso": "residenziale e commerciale", "edifc_stat": "costruito", "edifc_mon": "0", "edifc_nome": "", "edifc_idag": "", "edifc_ided": "", "source": "BDTRE edifc" }, "geometry": { "type": "Polygon", "coordinates": [ [ [ 7.66564, 45.07764 ], [ 7.6658, 45.07788 ], [ 7.66579, 45.0779 ], [ 7.66556, 45.07798 ], [ 7.66549, 45.07788 ], [ 7.66549, 45.07788 ], [ 7.66549, 45.07787 ], [ 7.66553, 45.07785 ], [ 7.66553, 45.07785 ], [ 7.66552, 45.07784 ], [ 7.66556, 45.07782 ], [ 7.66557, 45.07784 ], [ 7.66559, 45.07783 ], [ 7.66559, 45.07783 ], [ 7.66554, 45.07776 ], [ 7.6655, 45.07768 ], [ 7.66564, 45.07764 ] ] ] } },
{ "type": "Feature", "properties": { "uuid": "60d8269e-ca46-4cfc-b3d5-5ce1c72907b6", "data_acq": "2019-11-30 00:00:00", "data_agg": "2019-11-30 00:00:00", "data_fin": "9999-12-31 00:00:00", "ente_for": "REGIONE PIEMONTE", "ente_prod": "REGIONE PIEMONTE", "modo_prod": "banche dati esterne - catasto", "sc_acq": "1:2000", "edifc_ty": "generica", "edifc_uso": "residenziale e produttivo", "edifc_stat": "costruito", "edifc_mon": "0", "edifc_nome": "", "edifc_idag": "", "edifc_ided": "", "source": "BDTRE edifc" }, "geometry": { "type": "Polygon", "coordinates": [ [ [ 7.66655, 45.08114 ], [ 7.66655, 45.08114 ], [ 7.66655, 45.08114 ], [ 7.66655, 45.08114 ], [ 7.66654, 45.08112 ], [ 7.66653, 45.08111 ], [ 7.66653, 45.0811 ], [ 7.66651, 45.08107 ], [ 7.6665, 45.08106 ], [ 7.66659, 45.08103 ], [ 7.66659, 45.08104 ], [ 7.66665, 45.08113 ], [ 7.66669, 45.08119 ], [ 7.6666, 45.08122 ], [ 7.66655, 45.08114 ] ] ] } },
{ "type": "Feature", "properties": { "uuid": "fe749fbd-3c1b-4eed-8bef-2509171e7b58", "data_acq": "2019-11-30 00:00:00", "data_agg": "2019-11-30 00:00:00", "data_fin": "9999-12-31 00:00:00", "ente_for": "REGIONE PIEMONTE", "ente_prod": "REGIONE PIEMONTE", "modo_prod": "banche dati esterne - catasto", "sc_acq": "1:2000", "edifc_ty": "generica", "edifc_uso": "residenziale e produttivo", "edifc_stat": "costruito", "edifc_mon": "0", "edifc_nome": "", "edifc_idag": "", "edifc_ided": "", "source": "BDTRE edifc" }, "geometry": { "type": "Polygon", "coordinates": [ [ [ 7.68634, 45.0784 ], [ 7.68637, 45.07842 ], [ 7.6863, 45.07845 ], [ 7.68633, 45.07849 ], [ 7.6864, 45.07847 ], [ 7.68638, 45.07845 ], [ 7.68639, 45.07845 ], [ 7.68646, 45.07853 ], [ 7.68631, 45.07858 ], [ 7.68624, 45.07847 ], [ 7.68623, 45.07845 ], [ 7.68621, 45.07843 ], [ 7.68634, 45.0784 ] ] ] } },
{ "type": "Feature", "properties": { "uuid": "aecc8a12-0ef3-4f8b-8e6a-ac2458d85962", "data_acq": "2019-11-30 00:00:00", "data_agg": "2019-11-30 00:00:00", "data_fin": "9999-12-31 00:00:00", "ente_for": "REGIONE PIEMONTE", "ente_prod": "REGIONE PIEMONTE", "modo_prod": "banche dati esterne - catasto", "sc_acq": "1:2000", "edifc_ty": "generica", "edifc_uso": "residenziale e produttivo", "edifc_stat": "costruito", "edifc_mon": "0", "edifc_nome": "", "edifc_idag": "", "edifc_ided": "", "source": "BDTRE edifc" }, "geometry": { "type": "Polygon", "coordinates": [ [ [ 7.69182, 45.08303 ], [ 7.69181, 45.08301 ], [ 7.69179, 45.08298 ], [ 7.69178, 45.08295 ], [ 7.69181, 45.08294 ], [ 7.69172, 45.0828 ], [ 7.6918, 45.08278 ], [ 7.69181, 45.08279 ], [ 7.69199, 45.08274 ], [ 7.69202, 45.08284 ], [ 7.69202, 45.08284 ], [ 7.69189, 45.08288 ], [ 7.69193, 45.08294 ], [ 7.69194, 45.08293 ], [ 7.69197, 45.08298 ], [ 7.69182, 45.08303 ] ] ] } },
{ "type": "Feature", "properties": { "uuid": "f49f9b7a-9691-4513-a6ab-cff1495d8408", "data_acq": "2019-11-30 00:00:00", "data_agg": "2019-11-30 00:00:00", "data_fin": "9999-12-31 00:00:00", "ente_for": "REGIONE PIEMONTE", "ente_prod": "REGIONE PIEMONTE", "modo_prod": "banche dati esterne - catasto", "sc_acq": "1:2000", "edifc_ty": "generica", "edifc_uso": "residenziale e commerciale", "edifc_stat": "costruito", "edifc_mon": "0", "edifc_nome": "", "edifc_idag": "", "edifc_ided": "", "source": "BDTRE edifc" }, "geometry": { "type": "Polygon", "coordinates": [ [ [ 7.68022, 45.07508 ], [ 7.68017, 45.07501 ], [ 7.68012, 45.07495 ], [ 7.68013, 45.07495 ], [ 7.68014, 45.07495 ], [ 7.68014, 45.07495 ], [ 7.68015, 45.07495 ], [ 7.6802, 45.07494 ], [ 7.68017, 45.07489 ], [ 7.6802, 45.07487 ], [ 7.68027, 45.07498 ], [ 7.68028, 45.07498 ], [ 7.68028, 45.07498 ], [ 7.68032, 45.07503 ], [ 7.68033, 45.07505 ], [ 7.68022, 45.07508 ] ] ] } },
{ "type": "Feature", "properties": { "uuid": "3ffce2e1-8ad8-45c5-a4e6-d1805a5e470f", "data_acq": "2010-01-01 00:00:00", "data_agg": "2022-12-31 00:00:00", "data_fin": "9999-12-31 00:00:00", "ente_for": "REGIONE PIEMONTE", "ente_prod": "CSI PIEMONTE", "modo_prod": "rilievo speditivo - ortofoto", "sc_acq": "1:10000", "edifc_ty": "generica", "edifc_uso": "residenziale e commerciale", "edifc_stat": "costruito", "edifc_mon": "0", "edifc_nome": "", "edifc_idag": "", "edifc_ided": "", "source": "BDTRE edifc" }, "geometry": { "type": "Polygon", "coordinates": [ [ [ 7.6831, 45.06631 ], [ 7.6831, 45.06631 ], [ 7.68301, 45.06619 ], [ 7.68327, 45.06609 ], [ 7.68329, 45.06612 ], [ 7.68316, 45.06617 ], [ 7.68318, 45.0662 ], [ 7.68316, 45.0662 ], [ 7.68318, 45.06623 ], [ 7.68327, 45.0662 ], [ 7.68333, 45.06617 ], [ 7.68336, 45.06621 ], [ 7.6831, 45.06631 ] ] ] } },
{ "type": "Feature", "properties": { "uuid": "7051c84e-d469-4594-a713-d0fa2ebd62e6", "data_acq": "2019-11-30 00:00:00", "data_agg": "2019-11-30 00:00:00", "data_fin": "9999-12-31 00:00:00", "ente_for": "REGIONE PIEMONTE", "ente_prod": "REGIONE PIEMONTE", "modo_prod": "banche dati esterne - catasto", "sc_acq": "1:2000", "edifc_ty": "generica", "edifc_uso": "residenziale e commerciale", "edifc_stat": "costruito", "edifc_mon": "0", "edifc_nome": "", "edifc_idag": "", "edifc_ided": "", "source": "BDTRE edifc" }, "geometry": { "type": "Polygon", "coordinates": [ [ [ 7.66712, 45.06749 ], [ 7.66722, 45.06745 ], [ 7.66719, 45.06741 ], [ 7.66708, 45.06745 ], [ 7.66712, 45.06749 ] ] ] } },
{ "type": "Feature", "properties": { "uuid": "e73badb3-7722-4e22-9d22-e2ec63c7739c", "data_acq": "2019-11-30 00:00:00", "data_agg": "2019-11-30 00:00:00", "data_fin": "9999-12-31 00:00:00", "ente_for": "REGIONE PIEMONTE", "ente_prod": "REGIONE PIEMONTE", "modo_prod": "banche dati esterne - catasto", "sc_acq": "1:2000", "edifc_ty": "generica", "edifc_uso": "residenziale e commerciale", "edifc_stat": "costruito", "edifc_mon": "0", "edifc_nome": "", "edifc_idag": "", "edifc_ided": "", "source": "BDTRE edifc" }, "geometry": { "type": "Polygon", "coordinates": [ [ [ 7.68231, 45.07438 ], [ 7.68217, 45.07442 ], [ 7.68218, 45.07444 ], [ 7.68219, 45.07446 ], [ 7.68222, 45.0745 ], [ 7.68225, 45.07455 ], [ 7.68227, 45.07458 ], [ 7.6826, 45.07448 ], [ 7.68265, 45.07446 ], [ 7.68263, 45.07442 ], [ 7.68265, 45.07441 ], [ 7.68256, 45.07429 ], [ 7.68245, 45.07433 ], [ 7.68234, 45.07437 ], [ 7.68231, 45.07438 ], [ 7.68231, 45.07438 ] ], [ [ 7.68242, 45.07445 ], [ 7.68242, 45.07445 ], [ 7.68242, 45.07446 ], [ 7.6824, 45.07447 ], [ 7.68235, 45.0744 ], [ 7.68249, 45.07436 ], [ 7.68252, 45.0744 ], [ 7.68252, 45.0744 ], [ 7.68252, 45.0744 ], [ 7.68254, 45.07443 ], [ 7.68244, 45.07446 ], [ 7.68244, 45.07445 ], [ 7.68242, 45.07445 ] ] ] } },
{ "type": "Feature", "properties": { "uuid": "894f4083-930a-41ed-ae20-9255ac2eb086", "data_acq": "2019-11-30 00:00:00", "data_agg": "2019-11-30 00:00:00", "data_fin": "9999-12-31 00:00:00", "ente_for": "REGIONE PIEMONTE", "ente_prod": "REGIONE PIEMONTE", "modo_prod": "banche dati esterne - catasto", "sc_acq": "1:2000", "edifc_ty": "generica", "edifc_uso": "residenziale e produttivo", "edifc_stat": "costruito", "edifc_mon": "0", "edifc_nome": "", "edifc_idag": "", "edifc_ided": "", "source": "BDTRE edifc" }, "geometry": { "type": "Polygon", "coordinates": [ [ [ 7.67304, 45.08172 ], [ 7.67308, 45.08178 ], [ 7.67311, 45.08182 ], [ 7.67297, 45.08187 ], [ 7.67297, 45.08186 ], [ 7.67293, 45.08181 ], [ 7.67299, 45.08179 ], [ 7.67304, 45.08177 ], [ 7.67301, 45.08173 ], [ 7.67304, 45.08172 ] ] ] } },
{ "type": "Feature", "properties": { "uuid": "e4c533a8-89ce-4093-acf2-2b287475738c", "data_acq": "2019-11-30 00:00:00", "data_agg": "2019-11-30 00:00:00", "data_fin": "9999-12-31 00:00:00", "ente_for": "REGIONE PIEMONTE", "ente_prod": "REGIONE PIEMONTE", "modo_prod": "banche dati esterne - catasto", "sc_acq": "1:2000", "edifc_ty": "generica", "edifc_uso": "residenziale e commerciale", "edifc_stat": "costruito", "edifc_mon": "0", "edifc_nome": "", "edifc_idag": "", "edifc_ided": "", "source": "BDTRE edifc" }, "geometry": { "type": "Polygon", "coordinates": [ [ [ 7.67368, 45.07486 ], [ 7.67384, 45.0748 ], [ 7.67388, 45.07486 ], [ 7.67379, 45.07489 ], [ 7.67383, 45.07495 ], [ 7.67376, 45.07497 ], [ 7.67368, 45.07486 ] ] ] } },
{ "type": "Feature", "properties": { "uuid": "34925cd2-57f3-4144-9bcf-7c861ad92b48", "data_acq": "2019-11-30 00:00:00", "data_agg": "2019-11-30 00:00:00", "data_fin": "9999-12-31 00:00:00", "ente_for": "REGIONE PIEMONTE", "ente_prod": "REGIONE PIEMONTE", "modo_prod": "banche dati esterne - catasto", "sc_acq": "1:2000", "edifc_ty": "generica", "edifc_uso": "residenziale e commerciale", "edifc_stat": "costruito", "edifc_mon": "0", "edifc_nome": "", "edifc_idag": "", "edifc_ided": "", "source": "BDTRE edifc" }, "geometry": { "type": "Polygon", "coordinates": [ [ [ 7.68492, 45.07754 ], [ 7.68495, 45.07758 ], [ 7.68492, 45.07759 ], [ 7.68479, 45.07764 ], [ 7.68482, 45.0777 ], [ 7.68465, 45.07775 ], [ 7.68463, 45.07771 ], [ 7.68453, 45.07756 ], [ 7.68465, 45.07752 ], [ 7.68481, 45.07746 ], [ 7.68481, 45.07746 ], [ 7.68484, 45.07751 ], [ 7.68489, 45.0775 ], [ 7.68492, 45.07754 ] ] ] } },
{ "type": "Feature", "properties": { "uuid": "9654ed32-0cbf-4348-82a2-64168820cbc4", "data_acq": "2019-11-30 00:00:00", "data_agg": "2019-11-30 00:00:00", "data_fin": "9999-12-31 00:00:00", "ente_for": "REGIONE PIEMONTE", "ente_prod": "REGIONE PIEMONTE", "modo_prod": "banche dati esterne - catasto", "sc_acq": "1:2000", "edifc_ty": "generica", "edifc_uso": "residenziale e commerciale", "edifc_stat": "costruito", "edifc_mon": "0", "edifc_nome": "", "edifc_idag": "", "edifc_ided": "", "source": "BDTRE edifc" }, "geometry": { "type": "Polygon", "coordinates": [ [ [ 7.68691, 45.08228 ], [ 7.68699, 45.08241 ], [ 7.68685, 45.08245 ], [ 7.6868, 45.08238 ], [ 7.68679, 45.08238 ], [ 7.68679, 45.08237 ], [ 7.6868, 45.08237 ], [ 7.68677, 45.08233 ], [ 7.68691, 45.08228 ] ] ] } },
{ "type": "Feature", "properties": { "uuid": "d47b5edd-b4c4-45af-b2e7-7fc72e678cb3", "data_acq": "2019-11-30 00:00:00", "data_agg": "2019-11-30 00:00:00", "data_fin": "9999-12-31 00:00:00", "ente_for": "REGIONE PIEMONTE", "ente_prod": "REGIONE PIEMONTE", "modo_prod": "banche dati esterne - catasto", "sc_acq": "1:2000", "edifc_ty": "generica", "edifc_uso": "residenziale e commerciale", "edifc_stat": "costruito", "edifc_mon": "0", "edifc_nome": "", "edifc_idag": "", "edifc_ided": "", "source": "BDTRE edifc" }, "geometry": { "type": "Polygon", "coordinates": [ [ [ 7.66969, 45.08158 ], [ 7.66973, 45.08164 ], [ 7.66975, 45.08167 ], [ 7.6698, 45.08165 ], [ 7.66981, 45.08166 ], [ 7.66987, 45.08165 ], [ 7.66986, 45.08164 ], [ 7.66991, 45.08162 ], [ 7.66985, 45.08153 ], [ 7.66969, 45.08158 ] ] ] } },
{ "type": "Feature", "properties": { "uuid": "097ee438-c20d-462a-8cbd-72ad79875c7a", "data_acq": "2019-11-30 00:00:00", "data_agg": "2019-11-30 00:00:00", "data_fin": "9999-12-31 00:00:00", "ente_for": "REGIONE PIEMONTE", "ente_prod": "REGIONE PIEMONTE", "modo_prod": "banche dati esterne - catasto", "sc_acq": "1:2000", "edifc_ty": "generica", "edifc_uso": "residenziale e commerciale", "edifc_stat": "costruito", "edifc_mon": "0", "edifc_nome": "", "edifc_idag": "", "edifc_ided": "", "source": "BDTRE edifc" }, "geometry": { "type": "Polygon", "coordinates": [ [ [ 7.67103, 45.07837 ], [ 7.67088, 45.07842 ], [ 7.67077, 45.07846 ], [ 7.67066, 45.07851 ], [ 7.67069, 45.07855 ], [ 7.67075, 45.07853 ], [ 7.67074, 45.0785 ], [ 7.67086, 45.07846 ], [ 7.67085, 45.07845 ], [ 7.67089, 45.07844 ], [ 7.67095, 45.07853 ], [ 7.67072, 45.07861 ], [ 7.6708, 45.07871 ], [ 7.67118, 45.07858 ], [ 7.67103, 45.07837 ] ] ] } },
{ "type": "Feature", "properties": { "uuid": "e98eeac1-fbfb-45aa-8687-0a5b1679c0d9", "data_acq": "2019-11-30 00:00:00", "data_agg": "2019-11-30 00:00:00", "data_fin": "9999-12-31 00:00:00", "ente_for": "REGIONE PIEMONTE", "ente_prod": "REGIONE PIEMONTE", "modo_prod": "banche dati esterne - catasto", "sc_acq": "1:2000", "edifc_ty": "generica", "edifc_uso": "residenziale e commerciale", "edifc_stat": "costruito", "edifc_mon": "0", "edifc_nome": "", "edifc_idag": "", "edifc_ided": "", "source": "BDTRE edifc" }, "geometry": { "type": "Polygon", "coordinates": [ [ [ 7.67867, 45.07066 ], [ 7.67873, 45.07067 ], [ 7.67873, 45.07067 ], [ 7.67868, 45.07068 ], [ 7.67868, 45.07067 ], [ 7.67867, 45.07066 ], [ 7.67867, 45.07066 ] ] ] } },
{ "type": "Feature", "properties": { "uuid": "e39bc283-8107-48cd-8e7d-71ba19f4e26b", "data_acq": "2019-11-30 00:00:00", "data_agg": "2019-11-30 00:00:00", "data_fin": "9999-12-31 00:00:00", "ente_for": "REGIONE PIEMONTE", "ente_prod": "REGIONE PIEMONTE", "modo_prod": "banche dati esterne - catasto", "sc_acq": "1:2000", "edifc_ty": "generica", "edifc_uso": "residenziale e commerciale", "edifc_stat": "costruito", "edifc_mon": "0", "edifc_nome": "", "edifc_idag": "", "edifc_ided": "", "source": "BDTRE edifc" }, "geometry": { "type": "Polygon", "coordinates": [ [ [ 7.68163, 45.07714 ], [ 7.68139, 45.07723 ], [ 7.68133, 45.07713 ], [ 7.6814, 45.07711 ], [ 7.68155, 45.07706 ], [ 7.68152, 45.07701 ], [ 7.68154, 45.077 ], [ 7.68163, 45.07714 ] ] ] } },
{ "type": "Feature", "properties": { "uuid": "58f0f836-7451-400f-9b33-a8104176d767", "data_acq": "2019-11-30 00:00:00", "data_agg": "2019-11-30 00:00:00", "data_fin": "9999-12-31 00:00:00", "ente_for": "REGIONE PIEMONTE", "ente_prod": "REGIONE PIEMONTE", "modo_prod": "banche dati esterne - catasto", "sc_acq": "1:2000", "edifc_ty": "generica", "edifc_uso": "residenziale e commerciale", "edifc_stat": "costruito", "edifc_mon": "0", "edifc_nome": "", "edifc_idag": "", "edifc_ided": "", "source": "BDTRE edifc" }, "geometry": { "type": "Polygon", "coordinates": [ [ [ 7.68344, 45.07009 ], [ 7.6834, 45.0701 ], [ 7.68336, 45.07011 ], [ 7.68338, 45.07014 ], [ 7.68338, 45.07014 ], [ 7.6834, 45.07017 ], [ 7.68318, 45.07023 ], [ 7.68293, 45.07031 ], [ 7.68296, 45.07036 ], [ 7.683, 45.07041 ], [ 7.68312, 45.07037 ], [ 7.68312, 45.07038 ], [ 7.68332, 45.07031 ], [ 7.68336, 45.07032 ], [ 7.68337, 45.07032 ], [ 7.68344, 45.07042 ], [ 7.68345, 45.07041 ], [ 7.68345, 45.07041 ], [ 7.68362, 45.07035 ], [ 7.68347, 45.07014 ], [ 7.68345, 45.07012 ], [ 7.68345, 45.07011 ], [ 7.68344, 45.07009 ] ] ] } },
{ "type": "Feature", "properties": { "uuid": "28bf5379-3f9b-4c22-a975-9cdd72375cd7", "data_acq": "2019-11-30 00:00:00", "data_agg": "2019-11-30 00:00:00", "data_fin": "9999-12-31 00:00:00", "ente_for": "REGIONE PIEMONTE", "ente_prod": "REGIONE PIEMONTE", "modo_prod": "banche dati esterne - catasto", "sc_acq": "1:2000", "edifc_ty": "generica", "edifc_uso": "residenziale e commerciale", "edifc_stat": "costruito", "edifc_mon": "0", "edifc_nome": "", "edifc_idag": "", "edifc_ided": "", "source": "BDTRE edifc" }, "geometry": { "type": "Polygon", "coordinates": [ [ [ 7.68132, 45.0765 ], [ 7.6813, 45.07647 ], [ 7.68144, 45.07642 ], [ 7.68147, 45.07644 ], [ 7.68152, 45.0765 ], [ 7.68161, 45.07662 ], [ 7.68147, 45.07667 ], [ 7.68144, 45.07663 ], [ 7.68152, 45.0766 ], [ 7.68146, 45.07653 ], [ 7.68141, 45.07655 ], [ 7.68142, 45.07657 ], [ 7.6814, 45.07658 ], [ 7.68132, 45.0765 ] ] ] } },
{ "type": "Feature", "properties": { "uuid": "24f17b84-9476-49be-aeaa-8cc3ed878b87", "data_acq": "2019-11-30 00:00:00", "data_agg": "2019-11-30 00:00:00", "data_fin": "9999-12-31 00:00:00", "ente_for": "REGIONE PIEMONTE", "ente_prod": "REGIONE PIEMONTE", "modo_prod": "banche dati esterne - catasto", "sc_acq": "1:2000", "edifc_ty": "generica", "edifc_uso": "residenziale e commerciale", "edifc_stat": "costruito", "edifc_mon": "0", "edifc_nome": "", "edifc_idag": "", "edifc_ided": "", "source": "BDTRE edifc" }, "geometry": { "type": "Polygon", "coordinates": [ [ [ 7.67697, 45.07685 ], [ 7.67695, 45.07682 ], [ 7.67691, 45.07676 ], [ 7.67713, 45.07669 ], [ 7.67718, 45.07674 ], [ 7.67717, 45.07675 ], [ 7.67717, 45.07676 ], [ 7.67718, 45.07676 ], [ 7.67719, 45.0768 ], [ 7.67719, 45.07684 ], [ 7.67719, 45.07684 ], [ 7.67729, 45.07683 ], [ 7.67727, 45.07675 ], [ 7.67719, 45.07664 ], [ 7.67717, 45.07661 ], [ 7.67697, 45.07667 ], [ 7.67677, 45.07674 ], [ 7.67686, 45.07686 ], [ 7.67697, 45.07685 ] ] ] } },
{ "type": "Feature", "properties": { "uuid": "e97e2940-09de-4a8e-80b7-89c966299f1c", "data_acq": "2019-11-30 00:00:00", "data_agg": "2019-11-30 00:00:00", "data_fin": "9999-12-31 00:00:00", "ente_for": "REGIONE PIEMONTE", "ente_prod": "REGIONE PIEMONTE", "modo_prod": "banche dati esterne - catasto", "sc_acq": "1:2000", "edifc_ty": "generica", "edifc_uso": "residenziale e commerciale", "edifc_stat": "costruito", "edifc_mon": "0", "edifc_nome": "", "edifc_idag": "", "edifc_ided": "", "source": "BDTRE edifc" }, "geometry": { "type": "Polygon", "coordinates": [ [ [ 7.67255, 45.082 ], [ 7.67239, 45.08177 ], [ 7.67241, 45.08171 ], [ 7.67279, 45.0816 ], [ 7.67293, 45.08181 ], [ 7.67297, 45.08186 ], [ 7.67289, 45.08188 ], [ 7.67288, 45.08187 ], [ 7.67278, 45.08172 ], [ 7.67278, 45.08172 ], [ 7.67257, 45.08178 ], [ 7.67265, 45.0819 ], [ 7.67269, 45.08195 ], [ 7.67255, 45.082 ] ] ] } },
{ "type": "Feature", "properties": { "uuid": "e240b51f-c92d-4647-a234-8183991150fb", "data_acq": "2019-11-30 00:00:00", "data_agg": "2019-11-30 00:00:00", "data_fin": "9999-12-31 00:00:00", "ente_for": "REGIONE PIEMONTE", "ente_prod": "REGIONE PIEMONTE", "modo_prod": "banche dati esterne - catasto", "sc_acq": "1:2000", "edifc_ty": "generica", "edifc_uso": "residenziale e produttivo", "edifc_stat": "costruito", "edifc_mon": "0", "edifc_nome": "", "edifc_idag": "", "edifc_ided": "", "source": "BDTRE edifc" }, "geometry": { "type": "Polygon", "coordinates": [ [ [ 7.69534, 45.0726 ], [ 7.69498, 45.07272 ], [ 7.69492, 45.07262 ], [ 7.69497, 45.0726 ], [ 7.69506, 45.07257 ], [ 7.69506, 45.07258 ], [ 7.69511, 45.07256 ], [ 7.69512, 45.07254 ], [ 7.69506, 45.07245 ], [ 7.69488, 45.07244 ], [ 7.69488, 45.07244 ], [ 7.69487, 45.07246 ], [ 7.69487, 45.07246 ], [ 7.69479, 45.07244 ], [ 7.69471, 45.07241 ], [ 7.69465, 45.07239 ], [ 7.69465, 45.07239 ], [ 7.69435, 45.07249 ], [ 7.69435, 45.07249 ], [ 7.69434, 45.07246 ], [ 7.69434, 45.07246 ], [ 7.6943, 45.07247 ], [ 7.6943, 45.07247 ], [ 7.6943, 45.07247 ], [ 7.69423, 45.07237 ], [ 7.69469, 45.07221 ], [ 7.6947, 45.07222 ], [ 7.69471, 45.07223 ], [ 7.69473, 45.07225 ], [ 7.69474, 45.07226 ], [ 7.69477, 45.07228 ], [ 7.69481, 45.07229 ], [ 7.69484, 45.0723 ], [ 7.69488, 45.07232 ], [ 7.69491, 45.07233 ], [ 7.69492, 45.07233 ], [ 7.69492, 45.07233 ], [ 7.69492, 45.07233 ], [ 7.69494, 45.07233 ], [ 7.69495, 45.07234 ], [ 7.69498, 45.07234 ], [ 7.69498, 45.07234 ], [ 7.695, 45.07234 ], [ 7.69502, 45.07234 ], [ 7.69502, 45.07234 ], [ 7.69505, 45.07234 ], [ 7.69505, 45.07234 ], [ 7.69506, 45.07234 ], [ 7.69508, 45.07234 ], [ 7.6951, 45.07234 ], [ 7.69511, 45.07234 ], [ 7.69515, 45.07233 ], [ 7.69535, 45.0726 ], [ 7.69534, 45.0726 ] ] ] } },
{ "type": "Feature", "properties": { "uuid": "9a100745-74bf-44a4-ba4c-ce3ac627da23", "data_acq": "2019-11-30 00:00:00", "data_agg": "2019-11-30 00:00:00", "data_fin": "9999-12-31 00:00:00", "ente_for": "REGIONE PIEMONTE", "ente_prod": "REGIONE PIEMONTE", "modo_prod": "banche dati esterne - catasto", "sc_acq": "1:2000", "edifc_ty": "generica", "edifc_uso": "residenziale e commerciale", "edifc_stat": "costruito", "edifc_mon": "0", "edifc_nome": "", "edifc_idag": "", "edifc_ided": "", "source": "BDTRE edifc" }, "geometry": { "type": "Polygon", "coordinates": [ [ [ 7.69491, 45.06576 ], [ 7.69505, 45.06587 ], [ 7.69519, 45.06578 ], [ 7.69519, 45.06578 ], [ 7.6952, 45.06578 ], [ 7.6952, 45.06578 ], [ 7.69521, 45.06578 ], [ 7.69521, 45.06578 ], [ 7.69522, 45.06578 ], [ 7.69526, 45.06582 ], [ 7.69526, 45.06582 ], [ 7.69531, 45.06579 ], [ 7.69527, 45.06575 ], [ 7.69529, 45.06574 ], [ 7.69527, 45.06572 ], [ 7.69519, 45.06565 ], [ 7.69514, 45.06561 ], [ 7.69491, 45.06576 ], [ 7.69491, 45.06576 ] ] ] } },
{ "type": "Feature", "properties": { "uuid": "6b3a41fe-917e-4666-82cf-2f0f681c39ac", "data_acq": "2019-11-30 00:00:00", "data_agg": "2019-11-30 00:00:00", "data_fin": "9999-12-31 00:00:00", "ente_for": "REGIONE PIEMONTE", "ente_prod": "REGIONE PIEMONTE", "modo_prod": "banche dati esterne - catasto", "sc_acq": "1:2000", "edifc_ty": "generica", "edifc_uso": "residenziale e commerciale", "edifc_stat": "costruito", "edifc_mon": "0", "edifc_nome": "", "edifc_idag": "", "edifc_ided": "", "source": "BDTRE edifc" }, "geometry": { "type": "Polygon", "coordinates": [ [ [ 7.66751, 45.0834 ], [ 7.66742, 45.08342 ], [ 7.66745, 45.08347 ], [ 7.66749, 45.08352 ], [ 7.66759, 45.08349 ], [ 7.66776, 45.08345 ], [ 7.66789, 45.08341 ], [ 7.66787, 45.08338 ], [ 7.66787, 45.08338 ], [ 7.66786, 45.08336 ], [ 7.66779, 45.08338 ], [ 7.66778, 45.08337 ], [ 7.66775, 45.08338 ], [ 7.66776, 45.08339 ], [ 7.66766, 45.08342 ], [ 7.66754, 45.08346 ], [ 7.6675, 45.08341 ], [ 7.66751, 45.08341 ], [ 7.66751, 45.0834 ] ] ] } },
{ "type": "Feature", "properties": { "uuid": "f0592293-51d1-4ffe-8275-30140ef8dbd9", "data_acq": "2019-11-30 00:00:00", "data_agg": "2019-11-30 00:00:00", "data_fin": "9999-12-31 00:00:00", "ente_for": "REGIONE PIEMONTE", "ente_prod": "REGIONE PIEMONTE", "modo_prod": "banche dati esterne - catasto", "sc_acq": "1:2000", "edifc_ty": "generica", "edifc_uso": "residenziale e commerciale", "edifc_stat": "costruito", "edifc_mon": "0", "edifc_nome": "", "edifc_idag": "", "edifc_ided": "", "source": "BDTRE edifc" }, "geometry": { "type": "Polygon", "coordinates": [ [ [ 7.66727, 45.07821 ], [ 7.66721, 45.07817 ], [ 7.66721, 45.07817 ], [ 7.66718, 45.07815 ], [ 7.66718, 45.07815 ], [ 7.66706, 45.07807 ], [ 7.66705, 45.07808 ], [ 7.66704, 45.07808 ], [ 7.667, 45.07812 ], [ 7.66705, 45.07815 ], [ 7.66698, 45.07823 ], [ 7.66693, 45.0782 ], [ 7.6668, 45.07811 ], [ 7.667, 45.07791 ], [ 7.66706, 45.0779 ], [ 7.66739, 45.07812 ], [ 7.66727, 45.07821 ] ] ] } },
{ "type": "Feature", "properties": { "uuid": "683de6f9-7ca3-44c9-a61c-7c3b0797a03b", "data_acq": "2019-11-30 00:00:00", "data_agg": "2019-11-30 00:00:00", "data_fin": "9999-12-31 00:00:00", "ente_for": "REGIONE PIEMONTE", "ente_prod": "REGIONE PIEMONTE", "modo_prod": "banche dati esterne - catasto", "sc_acq": "1:2000", "edifc_ty": "generica", "edifc_uso": "residenziale e commerciale", "edifc_stat": "costruito", "edifc_mon": "0", "edifc_nome": "", "edifc_idag": "", "edifc_ided": "", "source": "BDTRE edifc" }, "geometry": { "type": "Polygon", "coordinates": [ [ [ 7.67719, 45.07355 ], [ 7.67726, 45.07366 ], [ 7.67733, 45.07377 ], [ 7.67728, 45.07379 ], [ 7.67728, 45.07378 ], [ 7.67726, 45.07376 ], [ 7.67723, 45.07372 ], [ 7.67718, 45.07374 ], [ 7.67714, 45.0737 ], [ 7.67713, 45.0737 ], [ 7.67712, 45.0737 ], [ 7.67711, 45.0737 ], [ 7.6771, 45.07369 ], [ 7.6771, 45.07369 ], [ 7.6771, 45.07369 ], [ 7.67704, 45.07361 ], [ 7.67704, 45.07361 ], [ 7.67706, 45.0736 ], [ 7.67713, 45.07357 ], [ 7.67719, 45.07355 ] ] ] } },
{ "type": "Feature", "properties": { "uuid": "7a7ccbf4-b75a-46ba-adcd-d018b0444371", "data_acq": "2019-11-30 00:00:00", "data_agg": "2019-11-30 00:00:00", "data_fin": "9999-12-31 00:00:00", "ente_for": "REGIONE PIEMONTE", "ente_prod": "REGIONE PIEMONTE", "modo_prod": "banche dati esterne - catasto", "sc_acq": "1:2000", "edifc_ty": "generica", "edifc_uso": "residenziale e commerciale", "edifc_stat": "costruito", "edifc_mon": "0", "edifc_nome": "", "edifc_idag": "", "edifc_ided": "", "source": "BDTRE edifc" }, "geometry": { "type": "Polygon", "coordinates": [ [ [ 7.66556, 45.08406 ], [ 7.6654, 45.08411 ], [ 7.66544, 45.08416 ], [ 7.66548, 45.08421 ], [ 7.66562, 45.08417 ], [ 7.66562, 45.08417 ], [ 7.66562, 45.08417 ], [ 7.66562, 45.08416 ], [ 7.66562, 45.08416 ], [ 7.6656, 45.08414 ], [ 7.66556, 45.08407 ], [ 7.66556, 45.08407 ], [ 7.66556, 45.08406 ] ] ] } },
{ "type": "Feature", "properties": { "uuid": "7d3be88a-1063-4626-a832-da135714b571", "data_acq": "2019-11-30 00:00:00", "data_agg": "2019-11-30 00:00:00", "data_fin": "9999-12-31 00:00:00", "ente_for": "REGIONE PIEMONTE", "ente_prod": "REGIONE PIEMONTE", "modo_prod": "banche dati esterne - catasto", "sc_acq": "1:2000", "edifc_ty": "generica", "edifc_uso": "residenziale e commerciale", "edifc_stat": "costruito", "edifc_mon": "0", "edifc_nome": "", "edifc_idag": "", "edifc_ided": "", "source": "BDTRE edifc" }, "geometry": { "type": "Polygon", "coordinates": [ [ [ 7.66604, 45.0689 ], [ 7.66603, 45.0689 ], [ 7.66602, 45.0689 ], [ 7.66602, 45.06889 ], [ 7.66603, 45.06889 ], [ 7.66604, 45.0689 ] ] ] } },
{ "type": "Feature", "properties": { "uuid": "388c7f6d-ace1-47ac-a5bd-aab44b39e703", "data_acq": "2019-11-30 00:00:00", "data_agg": "2019-11-30 00:00:00", "data_fin": "9999-12-31 00:00:00", "ente_for": "REGIONE PIEMONTE", "ente_prod": "REGIONE PIEMONTE", "modo_prod": "banche dati esterne - catasto", "sc_acq": "1:2000", "edifc_ty": "generica", "edifc_uso": "residenziale e produttivo", "edifc_stat": "costruito", "edifc_mon": "0", "edifc_nome": "", "edifc_idag": "", "edifc_ided": "", "source": "BDTRE edifc" }, "geometry": { "type": "Polygon", "coordinates": [ [ [ 7.67454, 45.07298 ], [ 7.67438, 45.07303 ], [ 7.67435, 45.07298 ], [ 7.67434, 45.07297 ], [ 7.67432, 45.07294 ], [ 7.67421, 45.07277 ], [ 7.67418, 45.07273 ], [ 7.67409, 45.07261 ], [ 7.6742, 45.07258 ], [ 7.67424, 45.07256 ], [ 7.67441, 45.07279 ], [ 7.67451, 45.07293 ], [ 7.67454, 45.07298 ] ] ] } },
{ "type": "Feature", "properties": { "uuid": "bdfa61c2-0085-4c2e-954f-8a1dfc2f6c63", "data_acq": "2019-11-30 00:00:00", "data_agg": "2019-11-30 00:00:00", "data_fin": "9999-12-31 00:00:00", "ente_for": "REGIONE PIEMONTE", "ente_prod": "REGIONE PIEMONTE", "modo_prod": "banche dati esterne - catasto", "sc_acq": "1:2000", "edifc_ty": "generica", "edifc_uso": "residenziale e commerciale", "edifc_stat": "costruito", "edifc_mon": "0", "edifc_nome": "", "edifc_idag": "", "edifc_ided": "", "source": "BDTRE edifc" }, "geometry": { "type": "Polygon", "coordinates": [ [ [ 7.68886, 45.08029 ], [ 7.68887, 45.08027 ], [ 7.68894, 45.0802 ], [ 7.68907, 45.08026 ], [ 7.68908, 45.08028 ], [ 7.68908, 45.08028 ], [ 7.68907, 45.08029 ], [ 7.68907, 45.08029 ], [ 7.68905, 45.08028 ], [ 7.68905, 45.08028 ], [ 7.689, 45.08033 ], [ 7.68901, 45.08034 ], [ 7.689, 45.08036 ], [ 7.68886, 45.08029 ] ] ] } },
{ "type": "Feature", "properties": { "uuid": "f7a902dd-ecff-414e-82e5-2a8ba0e3f128", "data_acq": "2019-11-30 00:00:00", "data_agg": "2019-11-30 00:00:00", "data_fin": "9999-12-31 00:00:00", "ente_for": "REGIONE PIEMONTE", "ente_prod": "REGIONE PIEMONTE", "modo_prod": "banche dati esterne - catasto", "sc_acq": "1:2000", "edifc_ty": "generica", "edifc_uso": "residenziale e commerciale", "edifc_stat": "costruito", "edifc_mon": "0", "edifc_nome": "", "edifc_idag": "", "edifc_ided": "", "source": "BDTRE edifc" }, "geometry": { "type": "Polygon", "coordinates": [ [ [ 7.67514, 45.07021 ], [ 7.6751, 45.07016 ], [ 7.67517, 45.07013 ], [ 7.67518, 45.07014 ], [ 7.67523, 45.07011 ], [ 7.67523, 45.07011 ], [ 7.67516, 45.07 ], [ 7.67512, 45.07002 ], [ 7.67513, 45.07002 ], [ 7.67503, 45.07006 ], [ 7.67499, 45.07 ], [ 7.67527, 45.0699 ], [ 7.67534, 45.07001 ], [ 7.67541, 45.07011 ], [ 7.67541, 45.07011 ], [ 7.67514, 45.07021 ] ] ] } },
{ "type": "Feature", "properties": { "uuid": "907f415d-4148-4fcc-bed4-0186b071199c", "data_acq": "2019-11-30 00:00:00", "data_agg": "2019-11-30 00:00:00", "data_fin": "9999-12-31 00:00:00", "ente_for": "REGIONE PIEMONTE", "ente_prod": "REGIONE PIEMONTE", "modo_prod": "banche dati esterne - catasto", "sc_acq": "1:2000", "edifc_ty": "generica", "edifc_uso": "residenziale e produttivo", "edifc_stat": "costruito", "edifc_mon": "0", "edifc_nome": "", "edifc_idag": "", "edifc_ided": "", "source": "BDTRE edifc" }, "geometry": { "type": "Polygon", "coordinates": [ [ [ 7.66989, 45.06778 ], [ 7.6696, 45.06788 ], [ 7.66953, 45.06777 ], [ 7.66951, 45.06775 ], [ 7.6695, 45.06774 ], [ 7.66947, 45.06769 ], [ 7.66946, 45.06768 ], [ 7.66954, 45.06765 ], [ 7.66955, 45.06765 ], [ 7.66956, 45.06765 ], [ 7.66956, 45.06766 ], [ 7.66955, 45.06766 ], [ 7.66961, 45.06774 ], [ 7.6698, 45.06768 ], [ 7.6698, 45.06767 ], [ 7.66981, 45.06766 ], [ 7.66982, 45.06767 ], [ 7.66982, 45.06767 ], [ 7.66989, 45.06778 ] ] ] } },
{ "type": "Feature", "properties": { "uuid": "c91ca920-0dec-4b0b-aa3a-3c4b859ac10e", "data_acq": "2019-11-30 00:00:00", "data_agg": "2019-11-30 00:00:00", "data_fin": "9999-12-31 00:00:00", "ente_for": "REGIONE PIEMONTE", "ente_prod": "REGIONE PIEMONTE", "modo_prod": "banche dati esterne - catasto", "sc_acq": "1:2000", "edifc_ty": "generica", "edifc_uso": "residenziale e commerciale", "edifc_stat": "costruito", "edifc_mon": "0", "edifc_nome": "", "edifc_idag": "", "edifc_ided": "", "source": "BDTRE edifc" }, "geometry": { "type": "Polygon", "coordinates": [ [ [ 7.66986, 45.07358 ], [ 7.66992, 45.07356 ], [ 7.66996, 45.07355 ], [ 7.66992, 45.07349 ], [ 7.66982, 45.07352 ], [ 7.66986, 45.07358 ] ] ] } },
{ "type": "Feature", "properties": { "uuid": "79392adc-8c06-45d4-b58f-3f6c9492dad7", "data_acq": "2019-11-30 00:00:00", "data_agg": "2019-11-30 00:00:00", "data_fin": "9999-12-31 00:00:00", "ente_for": "REGIONE PIEMONTE", "ente_prod": "REGIONE PIEMONTE", "modo_prod": "banche dati esterne - catasto", "sc_acq": "1:2000", "edifc_ty": "generica", "edifc_uso": "residenziale e commerciale", "edifc_stat": "costruito", "edifc_mon": "0", "edifc_nome": "", "edifc_idag": "", "edifc_ided": "", "source": "BDTRE edifc" }, "geometry": { "type": "Polygon", "coordinates": [ [ [ 7.66781, 45.08234 ], [ 7.66777, 45.08235 ], [ 7.66774, 45.08237 ], [ 7.66773, 45.08236 ], [ 7.6677, 45.08237 ], [ 7.66767, 45.08238 ], [ 7.66766, 45.08237 ], [ 7.66764, 45.08238 ], [ 7.66764, 45.08238 ], [ 7.66762, 45.08238 ], [ 7.66753, 45.08241 ], [ 7.66753, 45.08241 ], [ 7.66746, 45.08232 ], [ 7.66774, 45.08223 ], [ 7.66781, 45.08234 ] ] ] } },
{ "type": "Feature", "properties": { "uuid": "08e2114b-9bfd-4a59-bb58-5b47db05ffde", "data_acq": "2019-11-30 00:00:00", "data_agg": "2019-11-30 00:00:00", "data_fin": "9999-12-31 00:00:00", "ente_for": "REGIONE PIEMONTE", "ente_prod": "REGIONE PIEMONTE", "modo_prod": "banche dati esterne - catasto", "sc_acq": "1:2000", "edifc_ty": "generica", "edifc_uso": "residenziale e commerciale", "edifc_stat": "costruito", "edifc_mon": "0", "edifc_nome": "", "edifc_idag": "", "edifc_ided": "", "source": "BDTRE edifc" }, "geometry": { "type": "Polygon", "coordinates": [ [ [ 7.67428, 45.07321 ], [ 7.67409, 45.07328 ], [ 7.67404, 45.07321 ], [ 7.67389, 45.07301 ], [ 7.67389, 45.07301 ], [ 7.67405, 45.07296 ], [ 7.67416, 45.07312 ], [ 7.6742, 45.07311 ], [ 7.67428, 45.07321 ] ] ] } },
{ "type": "Feature", "properties": { "uuid": "4d380893-83fd-4305-8ff1-541955c8a5dd", "data_acq": "2019-11-30 00:00:00", "data_agg": "2019-11-30 00:00:00", "data_fin": "9999-12-31 00:00:00", "ente_for": "REGIONE PIEMONTE", "ente_prod": "REGIONE PIEMONTE", "modo_prod": "banche dati esterne - catasto", "sc_acq": "1:2000", "edifc_ty": "generica", "edifc_uso": "residenziale e commerciale", "edifc_stat": "costruito", "edifc_mon": "0", "edifc_nome": "", "edifc_idag": "", "edifc_ided": "", "source": "BDTRE edifc" }, "geometry": { "type": "Polygon", "coordinates": [ [ [ 7.67079, 45.08049 ], [ 7.67066, 45.08053 ], [ 7.67059, 45.08042 ], [ 7.67037, 45.08049 ], [ 7.67031, 45.08041 ], [ 7.67031, 45.08041 ], [ 7.67065, 45.08029 ], [ 7.67069, 45.08034 ], [ 7.67079, 45.08049 ] ] ] } },
{ "type": "Feature", "properties": { "uuid": "31d8ded6-555c-487a-94d5-adbc13fbb88d", "data_acq": "2019-11-30 00:00:00", "data_agg": "2019-11-30 00:00:00", "data_fin": "9999-12-31 00:00:00", "ente_for": "REGIONE PIEMONTE", "ente_prod": "REGIONE PIEMONTE", "modo_prod": "banche dati esterne - catasto", "sc_acq": "1:2000", "edifc_ty": "generica", "edifc_uso": "residenziale e commerciale", "edifc_stat": "costruito", "edifc_mon": "0", "edifc_nome": "", "edifc_idag": "", "edifc_ided": "", "source": "BDTRE edifc" }, "geometry": { "type": "Polygon", "coordinates": [ [ [ 7.6792, 45.08489 ], [ 7.67938, 45.08478 ], [ 7.67949, 45.08471 ], [ 7.67957, 45.08478 ], [ 7.67953, 45.08482 ], [ 7.67953, 45.08482 ], [ 7.67947, 45.08486 ], [ 7.67947, 45.08486 ], [ 7.67946, 45.08485 ], [ 7.67946, 45.08485 ], [ 7.67941, 45.08489 ], [ 7.67941, 45.08489 ], [ 7.67935, 45.08493 ], [ 7.67935, 45.08493 ], [ 7.67934, 45.08493 ], [ 7.67934, 45.08493 ], [ 7.67929, 45.08496 ], [ 7.6792, 45.08489 ] ] ] } },
{ "type": "Feature", "properties": { "uuid": "31fc4098-4507-4f94-aaf4-d4b00440b13a", "data_acq": "2019-11-30 00:00:00", "data_agg": "2019-11-30 00:00:00", "data_fin": "9999-12-31 00:00:00", "ente_for": "REGIONE PIEMONTE", "ente_prod": "REGIONE PIEMONTE", "modo_prod": "banche dati esterne - catasto", "sc_acq": "1:2000", "edifc_ty": "generica", "edifc_uso": "residenziale e commerciale", "edifc_stat": "costruito", "edifc_mon": "0", "edifc_nome": "", "edifc_idag": "", "edifc_ided": "", "source": "BDTRE edifc" }, "geometry": { "type": "Polygon", "coordinates": [ [ [ 7.68972, 45.08359 ], [ 7.68975, 45.0836 ], [ 7.68975, 45.08359 ], [ 7.68983, 45.0836 ], [ 7.68983, 45.08361 ], [ 7.68988, 45.08362 ], [ 7.68988, 45.08363 ], [ 7.68984, 45.08373 ], [ 7.68964, 45.0837 ], [ 7.68964, 45.08369 ], [ 7.68966, 45.08363 ], [ 7.68965, 45.08358 ], [ 7.68972, 45.08359 ] ] ] } },
{ "type": "Feature", "properties": { "uuid": "55efd223-ae11-40b0-8c81-81c92686fbdc", "data_acq": "2019-11-30 00:00:00", "data_agg": "2019-11-30 00:00:00", "data_fin": "9999-12-31 00:00:00", "ente_for": "REGIONE PIEMONTE", "ente_prod": "REGIONE PIEMONTE", "modo_prod": "banche dati esterne - catasto", "sc_acq": "1:2000", "edifc_ty": "generica", "edifc_uso": "residenziale e commerciale", "edifc_stat": "costruito", "edifc_mon": "0", "edifc_nome": "", "edifc_idag": "", "edifc_ided": "", "source": "BDTRE edifc" }, "geometry": { "type": "Polygon", "coordinates": [ [ [ 7.68714, 45.08264 ], [ 7.68725, 45.0828 ], [ 7.68712, 45.08285 ], [ 7.6871, 45.08282 ], [ 7.68708, 45.0828 ], [ 7.68708, 45.0828 ], [ 7.68708, 45.0828 ], [ 7.68708, 45.0828 ], [ 7.68707, 45.08279 ], [ 7.68708, 45.08278 ], [ 7.68701, 45.08268 ], [ 7.68714, 45.08264 ] ] ] } },
{ "type": "Feature", "properties": { "uuid": "1b81acde-eaf0-4127-ad09-790ffc4995c3", "data_acq": "2019-11-30 00:00:00", "data_agg": "2019-11-30 00:00:00", "data_fin": "9999-12-31 00:00:00", "ente_for": "REGIONE PIEMONTE", "ente_prod": "REGIONE PIEMONTE", "modo_prod": "banche dati esterne - catasto", "sc_acq": "1:2000", "edifc_ty": "generica", "edifc_uso": "residenziale e commerciale", "edifc_stat": "costruito", "edifc_mon": "0", "edifc_nome": "", "edifc_idag": "", "edifc_ided": "", "source": "BDTRE edifc" }, "geometry": { "type": "Polygon", "coordinates": [ [ [ 7.68318, 45.0718 ], [ 7.68307, 45.07168 ], [ 7.68302, 45.07162 ], [ 7.68301, 45.07161 ], [ 7.68296, 45.07154 ], [ 7.68286, 45.07143 ], [ 7.68285, 45.07143 ], [ 7.68271, 45.07149 ], [ 7.68271, 45.07149 ], [ 7.68271, 45.07149 ], [ 7.68274, 45.07153 ], [ 7.68275, 45.07153 ], [ 7.68283, 45.0715 ], [ 7.68283, 45.0715 ], [ 7.68284, 45.07151 ], [ 7.68284, 45.07151 ], [ 7.68284, 45.0715 ], [ 7.68284, 45.0715 ], [ 7.68289, 45.07155 ], [ 7.68289, 45.07156 ], [ 7.68289, 45.07156 ], [ 7.68289, 45.07156 ], [ 7.68289, 45.07156 ], [ 7.68279, 45.07161 ], [ 7.68278, 45.07161 ], [ 7.68283, 45.07167 ], [ 7.68276, 45.0717 ], [ 7.68275, 45.0717 ], [ 7.68275, 45.0717 ], [ 7.68276, 45.07172 ], [ 7.68276, 45.07172 ], [ 7.68292, 45.07191 ], [ 7.68299, 45.07188 ], [ 7.68304, 45.07187 ], [ 7.68316, 45.07182 ], [ 7.68319, 45.07181 ], [ 7.68318, 45.0718 ] ], [ [ 7.68295, 45.07177 ], [ 7.68295, 45.07178 ], [ 7.6829, 45.07179 ], [ 7.68284, 45.0717 ], [ 7.68296, 45.07166 ], [ 7.68303, 45.07175 ], [ 7.68303, 45.07175 ], [ 7.68301, 45.07176 ], [ 7.683, 45.07175 ], [ 7.68295, 45.07177 ] ] ] } },
{ "type": "Feature", "properties": { "uuid": "296b2661-1e44-49da-bb14-ec5762ab4aa4", "data_acq": "2019-11-30 00:00:00", "data_agg": "2019-11-30 00:00:00", "data_fin": "9999-12-31 00:00:00", "ente_for": "REGIONE PIEMONTE", "ente_prod": "REGIONE PIEMONTE", "modo_prod": "banche dati esterne - catasto", "sc_acq": "1:2000", "edifc_ty": "generica", "edifc_uso": "residenziale e commerciale", "edifc_stat": "costruito", "edifc_mon": "0", "edifc_nome": "", "edifc_idag": "", "edifc_ided": "", "source": "BDTRE edifc" }, "geometry": { "type": "Polygon", "coordinates": [ [ [ 7.66641, 45.07612 ], [ 7.6664, 45.07624 ], [ 7.66673, 45.07626 ], [ 7.66674, 45.07621 ], [ 7.66674, 45.07616 ], [ 7.66652, 45.07615 ], [ 7.66652, 45.07613 ], [ 7.66641, 45.07612 ] ] ] } },
{ "type": "Feature", "properties": { "uuid": "73e6ce28-3f4c-4b2f-8f5f-dfd259e5bd46", "data_acq": "2019-11-30 00:00:00", "data_agg": "2019-11-30 00:00:00", "data_fin": "9999-12-31 00:00:00", "ente_for": "REGIONE PIEMONTE", "ente_prod": "REGIONE PIEMONTE", "modo_prod": "banche dati esterne - catasto", "sc_acq": "1:2000", "edifc_ty": "generica", "edifc_uso": "residenziale e produttivo", "edifc_stat": "costruito", "edifc_mon": "0", "edifc_nome": "", "edifc_idag": "", "edifc_ided": "", "source": "BDTRE edifc" }, "geometry": { "type": "Polygon", "coordinates": [ [ [ 7.68667, 45.0666 ], [ 7.68665, 45.06656 ], [ 7.68669, 45.06655 ], [ 7.68687, 45.06649 ], [ 7.6869, 45.06655 ], [ 7.68692, 45.0666 ], [ 7.68692, 45.0666 ], [ 7.68691, 45.0666 ], [ 7.68691, 45.0666 ], [ 7.68689, 45.06656 ], [ 7.68689, 45.06656 ], [ 7.68685, 45.06657 ], [ 7.68685, 45.06658 ], [ 7.68672, 45.06662 ], [ 7.68675, 45.06667 ], [ 7.68672, 45.06668 ], [ 7.68672, 45.06668 ], [ 7.68667, 45.0666 ] ] ] } },
{ "type": "Feature", "properties": { "uuid": "b00d4011-52bb-4190-8b94-25583fa0acd1", "data_acq": "2019-11-30 00:00:00", "data_agg": "2019-11-30 00:00:00", "data_fin": "9999-12-31 00:00:00", "ente_for": "REGIONE PIEMONTE", "ente_prod": "REGIONE PIEMONTE", "modo_prod": "banche dati esterne - catasto", "sc_acq": "1:2000", "edifc_ty": "generica", "edifc_uso": "residenziale e commerciale", "edifc_stat": "costruito", "edifc_mon": "0", "edifc_nome": "", "edifc_idag": "", "edifc_ided": "", "source": "BDTRE edifc" }, "geometry": { "type": "Polygon", "coordinates": [ [ [ 7.67965, 45.08372 ], [ 7.6795, 45.0835 ], [ 7.6795, 45.08349 ], [ 7.67969, 45.08343 ], [ 7.67975, 45.08352 ], [ 7.67971, 45.08353 ], [ 7.67971, 45.08355 ], [ 7.6797, 45.08356 ], [ 7.67973, 45.08359 ], [ 7.67974, 45.08359 ], [ 7.67975, 45.0836 ], [ 7.67975, 45.0836 ], [ 7.67976, 45.08361 ], [ 7.67976, 45.08361 ], [ 7.67976, 45.08362 ], [ 7.67976, 45.08362 ], [ 7.67979, 45.08367 ], [ 7.67979, 45.08367 ], [ 7.67965, 45.08372 ] ] ] } },
{ "type": "Feature", "properties": { "uuid": "c74c37b7-9564-4211-a754-521791ff6f5c", "data_acq": "2019-11-30 00:00:00", "data_agg": "2019-11-30 00:00:00", "data_fin": "9999-12-31 00:00:00", "ente_for": "REGIONE PIEMONTE", "ente_prod": "REGIONE PIEMONTE", "modo_prod": "banche dati esterne - catasto", "sc_acq": "1:2000", "edifc_ty": "generica", "edifc_uso": "residenziale e produttivo", "edifc_stat": "costruito", "edifc_mon": "0", "edifc_nome": "", "edifc_idag": "", "edifc_ided": "", "source": "BDTRE edifc" }, "geometry": { "type": "Polygon", "coordinates": [ [ [ 7.68379, 45.08392 ], [ 7.68374, 45.08384 ], [ 7.6839, 45.08379 ], [ 7.68388, 45.08376 ], [ 7.68384, 45.08377 ], [ 7.68382, 45.08374 ], [ 7.68377, 45.08375 ], [ 7.68377, 45.08374 ], [ 7.68385, 45.08371 ], [ 7.68392, 45.08369 ], [ 7.68396, 45.08376 ], [ 7.68399, 45.0838 ], [ 7.68402, 45.08384 ], [ 7.68385, 45.0839 ], [ 7.68385, 45.0839 ], [ 7.68379, 45.08392 ] ] ] } },
{ "type": "Feature", "properties": { "uuid": "3c7bb473-0b85-4d35-9067-ec5aba27dab3", "data_acq": "2019-11-30 00:00:00", "data_agg": "2019-11-30 00:00:00", "data_fin": "9999-12-31 00:00:00", "ente_for": "REGIONE PIEMONTE", "ente_prod": "REGIONE PIEMONTE", "modo_prod": "banche dati esterne - catasto", "sc_acq": "1:2000", "edifc_ty": "generica", "edifc_uso": "residenziale e commerciale", "edifc_stat": "costruito", "edifc_mon": "0", "edifc_nome": "", "edifc_idag": "", "edifc_ided": "", "source": "BDTRE edifc" }, "geometry": { "type": "Polygon", "coordinates": [ [ [ 7.68573, 45.08221 ], [ 7.6858, 45.08216 ], [ 7.68587, 45.08225 ], [ 7.68581, 45.08227 ], [ 7.68573, 45.08221 ] ] ] } },
{ "type": "Feature", "properties": { "uuid": "55e58c46-5c30-4697-8cef-1dc73ecfc1b4", "data_acq": "2019-11-30 00:00:00", "data_agg": "2019-11-30 00:00:00", "data_fin": "9999-12-31 00:00:00", "ente_for": "REGIONE PIEMONTE", "ente_prod": "REGIONE PIEMONTE", "modo_prod": "banche dati esterne - catasto", "sc_acq": "1:2000", "edifc_ty": "generica", "edifc_uso": "residenziale e commerciale", "edifc_stat": "costruito", "edifc_mon": "0", "edifc_nome": "", "edifc_idag": "", "edifc_ided": "", "source": "BDTRE edifc" }, "geometry": { "type": "Polygon", "coordinates": [ [ [ 7.67351, 45.07246 ], [ 7.67351, 45.07246 ], [ 7.67351, 45.07246 ], [ 7.67341, 45.07232 ], [ 7.67378, 45.07219 ], [ 7.67387, 45.07232 ], [ 7.67382, 45.07235 ], [ 7.67376, 45.07228 ], [ 7.67374, 45.07227 ], [ 7.6736, 45.07232 ], [ 7.67364, 45.07239 ], [ 7.67365, 45.07239 ], [ 7.67367, 45.07241 ], [ 7.67351, 45.07246 ] ] ] } },
{ "type": "Feature", "properties": { "uuid": "b5f4f1c5-d61e-47ab-8ee1-d15b779e7982", "data_acq": "2019-11-30 00:00:00", "data_agg": "2019-11-30 00:00:00", "data_fin": "9999-12-31 00:00:00", "ente_for": "REGIONE PIEMONTE", "ente_prod": "REGIONE PIEMONTE", "modo_prod": "banche dati esterne - catasto", "sc_acq": "1:2000", "edifc_ty": "generica", "edifc_uso": "residenziale e commerciale", "edifc_stat": "costruito", "edifc_mon": "0", "edifc_nome": "", "edifc_idag": "", "edifc_ided": "", "source": "BDTRE edifc" }, "geometry": { "type": "Polygon", "coordinates": [ [ [ 7.69533, 45.0702 ], [ 7.69534, 45.07021 ], [ 7.69535, 45.07022 ], [ 7.69535, 45.07023 ], [ 7.69535, 45.07023 ], [ 7.69496, 45.07048 ], [ 7.69485, 45.0704 ], [ 7.6948, 45.07036 ], [ 7.69475, 45.07032 ], [ 7.69483, 45.07027 ], [ 7.69486, 45.07026 ], [ 7.69492, 45.07031 ], [ 7.69491, 45.07032 ], [ 7.69495, 45.07035 ], [ 7.69508, 45.07026 ], [ 7.69509, 45.07026 ], [ 7.69512, 45.07024 ], [ 7.69512, 45.07024 ], [ 7.69515, 45.07022 ], [ 7.69514, 45.07022 ], [ 7.6952, 45.07018 ], [ 7.69533, 45.0702 ] ] ] } },
{ "type": "Feature", "properties": { "uuid": "a0a9425d-ea45-4784-a96f-befafd0f680e", "data_acq": "2019-11-30 00:00:00", "data_agg": "2019-11-30 00:00:00", "data_fin": "9999-12-31 00:00:00", "ente_for": "REGIONE PIEMONTE", "ente_prod": "REGIONE PIEMONTE", "modo_prod": "banche dati esterne - catasto", "sc_acq": "1:2000", "edifc_ty": "generica", "edifc_uso": "residenziale e commerciale", "edifc_stat": "costruito", "edifc_mon": "0", "edifc_nome": "", "edifc_idag": "", "edifc_ided": "", "source": "BDTRE edifc" }, "geometry": { "type": "Polygon", "coordinates": [ [ [ 7.67484, 45.07181 ], [ 7.6747, 45.07186 ], [ 7.67476, 45.07195 ], [ 7.67474, 45.07195 ], [ 7.67475, 45.07196 ], [ 7.67474, 45.07196 ], [ 7.67476, 45.07199 ], [ 7.67476, 45.07199 ], [ 7.67476, 45.07199 ], [ 7.67477, 45.072 ], [ 7.67481, 45.07206 ], [ 7.67481, 45.07206 ], [ 7.67481, 45.07206 ], [ 7.67482, 45.07206 ], [ 7.67482, 45.07207 ], [ 7.67483, 45.07207 ], [ 7.67486, 45.07206 ], [ 7.67485, 45.07205 ], [ 7.67488, 45.07204 ], [ 7.67488, 45.07204 ], [ 7.67491, 45.07207 ], [ 7.675, 45.07203 ], [ 7.67495, 45.07197 ], [ 7.67493, 45.07194 ], [ 7.67492, 45.07192 ], [ 7.67489, 45.07189 ], [ 7.67484, 45.07181 ] ] ] } },
{ "type": "Feature", "properties": { "uuid": "b7d73565-9180-436a-ae82-da49ee019dea", "data_acq": "2019-11-30 00:00:00", "data_agg": "2019-11-30 00:00:00", "data_fin": "9999-12-31 00:00:00", "ente_for": "REGIONE PIEMONTE", "ente_prod": "REGIONE PIEMONTE", "modo_prod": "banche dati esterne - catasto", "sc_acq": "1:2000", "edifc_ty": "generica", "edifc_uso": "residenziale e commerciale", "edifc_stat": "costruito", "edifc_mon": "0", "edifc_nome": "", "edifc_idag": "", "edifc_ided": "", "source": "BDTRE edifc" }, "geometry": { "type": "Polygon", "coordinates": [ [ [ 7.67779, 45.07289 ], [ 7.67777, 45.0729 ], [ 7.67755, 45.07299 ], [ 7.67755, 45.07299 ], [ 7.6775, 45.07292 ], [ 7.67745, 45.07283 ], [ 7.67745, 45.07283 ], [ 7.67743, 45.07281 ], [ 7.67751, 45.07278 ], [ 7.67751, 45.07277 ], [ 7.67766, 45.07272 ], [ 7.67772, 45.07282 ], [ 7.67774, 45.07282 ], [ 7.67779, 45.07289 ] ], [ [ 7.67765, 45.07286 ], [ 7.6776, 45.07279 ], [ 7.67753, 45.07282 ], [ 7.67758, 45.07289 ], [ 7.67765, 45.07286 ] ] ] } },
{ "type": "Feature", "properties": { "uuid": "e529f3d5-4f00-4aac-ae46-1757e2bd9ccd", "data_acq": "2019-11-30 00:00:00", "data_agg": "2019-11-30 00:00:00", "data_fin": "9999-12-31 00:00:00", "ente_for": "REGIONE PIEMONTE", "ente_prod": "REGIONE PIEMONTE", "modo_prod": "banche dati esterne - catasto", "sc_acq": "1:2000", "edifc_ty": "generica", "edifc_uso": "residenziale e commerciale", "edifc_stat": "costruito", "edifc_mon": "0", "edifc_nome": "", "edifc_idag": "", "edifc_ided": "", "source": "BDTRE edifc" }, "geometry": { "type": "Polygon", "coordinates": [ [ [ 7.66558, 45.08322 ], [ 7.66551, 45.08312 ], [ 7.66535, 45.08317 ], [ 7.66537, 45.0832 ], [ 7.66539, 45.08324 ], [ 7.6654, 45.08324 ], [ 7.6654, 45.08325 ], [ 7.66542, 45.08327 ], [ 7.66543, 45.0833 ], [ 7.66546, 45.08334 ], [ 7.66563, 45.08329 ], [ 7.66561, 45.08327 ], [ 7.66559, 45.08324 ], [ 7.66558, 45.08322 ] ] ] } },
{ "type": "Feature", "properties": { "uuid": "29f94a0c-939f-4445-930f-af3116f0628a", "data_acq": "2019-11-30 00:00:00", "data_agg": "2019-11-30 00:00:00", "data_fin": "9999-12-31 00:00:00", "ente_for": "REGIONE PIEMONTE", "ente_prod": "REGIONE PIEMONTE", "modo_prod": "banche dati esterne - catasto", "sc_acq": "1:2000", "edifc_ty": "generica", "edifc_uso": "residenziale e commerciale", "edifc_stat": "costruito", "edifc_mon": "0", "edifc_nome": "", "edifc_idag": "", "edifc_ided": "", "source": "BDTRE edifc" }, "geometry": { "type": "Polygon", "coordinates": [ [ [ 7.69388, 45.06869 ], [ 7.69386, 45.06865 ], [ 7.69379, 45.06857 ], [ 7.69383, 45.06856 ], [ 7.69382, 45.06853 ], [ 7.69381, 45.06852 ], [ 7.6938, 45.06852 ], [ 7.6938, 45.06851 ], [ 7.6938, 45.06851 ], [ 7.69378, 45.06849 ], [ 7.6941, 45.06836 ], [ 7.69413, 45.06841 ], [ 7.69422, 45.06852 ], [ 7.69407, 45.06858 ], [ 7.69409, 45.06861 ], [ 7.69397, 45.06866 ], [ 7.69388, 45.06869 ] ] ] } },
{ "type": "Feature", "properties": { "uuid": "16f6c1ac-5fe3-4a36-8541-1d168609adc3", "data_acq": "2019-11-30 00:00:00", "data_agg": "2019-11-30 00:00:00", "data_fin": "9999-12-31 00:00:00", "ente_for": "REGIONE PIEMONTE", "ente_prod": "REGIONE PIEMONTE", "modo_prod": "banche dati esterne - catasto", "sc_acq": "1:2000", "edifc_ty": "generica", "edifc_uso": "residenziale e commerciale", "edifc_stat": "costruito", "edifc_mon": "0", "edifc_nome": "", "edifc_idag": "", "edifc_ided": "", "source": "BDTRE edifc" }, "geometry": { "type": "Polygon", "coordinates": [ [ [ 7.69214, 45.07863 ], [ 7.6924, 45.07874 ], [ 7.69241, 45.07896 ], [ 7.69235, 45.07902 ], [ 7.69222, 45.07896 ], [ 7.69224, 45.07893 ], [ 7.69224, 45.0788 ], [ 7.69212, 45.07875 ], [ 7.69206, 45.07872 ], [ 7.69214, 45.07863 ] ] ] } },
{ "type": "Feature", "properties": { "uuid": "1326d0e6-f3e2-4c66-b2ed-b6603232d1f0", "data_acq": "2019-11-30 00:00:00", "data_agg": "2019-11-30 00:00:00", "data_fin": "9999-12-31 00:00:00", "ente_for": "REGIONE PIEMONTE", "ente_prod": "REGIONE PIEMONTE", "modo_prod": "banche dati esterne - catasto", "sc_acq": "1:2000", "edifc_ty": "generica", "edifc_uso": "residenziale e commerciale", "edifc_stat": "costruito", "edifc_mon": "0", "edifc_nome": "", "edifc_idag": "", "edifc_ided": "", "source": "BDTRE edifc" }, "geometry": { "type": "Polygon", "coordinates": [ [ [ 7.67536, 45.07087 ], [ 7.67535, 45.07086 ], [ 7.67545, 45.07082 ], [ 7.67544, 45.0708 ], [ 7.67569, 45.07073 ], [ 7.67563, 45.07064 ], [ 7.6757, 45.07062 ], [ 7.67575, 45.0706 ], [ 7.67575, 45.0706 ], [ 7.67591, 45.07082 ], [ 7.67579, 45.07085 ], [ 7.67543, 45.07098 ], [ 7.67542, 45.07097 ], [ 7.67536, 45.07087 ] ] ] } },
{ "type": "Feature", "properties": { "uuid": "83f94477-6f0d-4184-8911-038a9c29ee5d", "data_acq": "2019-11-30 00:00:00", "data_agg": "2019-11-30 00:00:00", "data_fin": "9999-12-31 00:00:00", "ente_for": "REGIONE PIEMONTE", "ente_prod": "REGIONE PIEMONTE", "modo_prod": "banche dati esterne - catasto", "sc_acq": "1:2000", "edifc_ty": "generica", "edifc_uso": "residenziale e commerciale", "edifc_stat": "costruito", "edifc_mon": "0", "edifc_nome": "", "edifc_idag": "", "edifc_ided": "", "source": "BDTRE edifc" }, "geometry": { "type": "Polygon", "coordinates": [ [ [ 7.68726, 45.06885 ], [ 7.68728, 45.06884 ], [ 7.68756, 45.06874 ], [ 7.68764, 45.06871 ], [ 7.68783, 45.069 ], [ 7.6876, 45.06908 ], [ 7.6876, 45.06908 ], [ 7.68752, 45.06911 ], [ 7.68746, 45.06913 ], [ 7.68742, 45.06907 ], [ 7.68735, 45.06898 ], [ 7.68726, 45.06885 ] ], [ [ 7.68738, 45.06891 ], [ 7.68749, 45.06906 ], [ 7.68762, 45.06901 ], [ 7.68752, 45.06887 ], [ 7.68751, 45.06887 ], [ 7.68751, 45.06887 ], [ 7.68751, 45.06887 ], [ 7.6875, 45.06887 ], [ 7.6875, 45.06887 ], [ 7.68738, 45.06891 ] ] ] } },
{ "type": "Feature", "properties": { "uuid": "21a222ac-a5c8-42e6-91ae-cbb44d63dd79", "data_acq": "2019-11-30 00:00:00", "data_agg": "2019-11-30 00:00:00", "data_fin": "9999-12-31 00:00:00", "ente_for": "REGIONE PIEMONTE", "ente_prod": "REGIONE PIEMONTE", "modo_prod": "banche dati esterne - catasto", "sc_acq": "1:2000", "edifc_ty": "generica", "edifc_uso": "residenziale e commerciale", "edifc_stat": "costruito", "edifc_mon": "0", "edifc_nome": "", "edifc_idag": "", "edifc_ided": "", "source": "BDTRE edifc" }, "geometry": { "type": "Polygon", "coordinates": [ [ [ 7.67021, 45.07527 ], [ 7.67014, 45.07517 ], [ 7.6701, 45.07519 ], [ 7.67009, 45.07518 ], [ 7.66999, 45.07521 ], [ 7.67, 45.07522 ], [ 7.66992, 45.07525 ], [ 7.66991, 45.07524 ], [ 7.66988, 45.07525 ], [ 7.66985, 45.0752 ], [ 7.66973, 45.07524 ], [ 7.66977, 45.0753 ], [ 7.66984, 45.0754 ], [ 7.66997, 45.07535 ], [ 7.67002, 45.07533 ], [ 7.67006, 45.07532 ], [ 7.67011, 45.0753 ], [ 7.67021, 45.07527 ] ] ] } },
{ "type": "Feature", "properties": { "uuid": "506aa48b-4277-43a6-a585-13bec03836e1", "data_acq": "2019-11-30 00:00:00", "data_agg": "2019-11-30 00:00:00", "data_fin": "9999-12-31 00:00:00", "ente_for": "REGIONE PIEMONTE", "ente_prod": "REGIONE PIEMONTE", "modo_prod": "banche dati esterne - catasto", "sc_acq": "1:2000", "edifc_ty": "generica", "edifc_uso": "residenziale e commerciale", "edifc_stat": "costruito", "edifc_mon": "0", "edifc_nome": "", "edifc_idag": "", "edifc_ided": "", "source": "BDTRE edifc" }, "geometry": { "type": "Polygon", "coordinates": [ [ [ 7.69291, 45.07825 ], [ 7.69291, 45.07826 ], [ 7.6929, 45.07826 ], [ 7.6929, 45.07832 ], [ 7.69291, 45.07832 ], [ 7.69291, 45.07836 ], [ 7.69291, 45.07836 ], [ 7.69291, 45.07837 ], [ 7.69294, 45.07837 ], [ 7.69282, 45.07851 ], [ 7.69276, 45.07849 ], [ 7.69274, 45.07825 ], [ 7.69291, 45.07825 ] ] ] } },
{ "type": "Feature", "properties": { "uuid": "d330557d-952a-4fb5-968e-5e0a607fac7f", "data_acq": "2019-11-30 00:00:00", "data_agg": "2019-11-30 00:00:00", "data_fin": "9999-12-31 00:00:00", "ente_for": "REGIONE PIEMONTE", "ente_prod": "REGIONE PIEMONTE", "modo_prod": "banche dati esterne - catasto", "sc_acq": "1:2000", "edifc_ty": "generica", "edifc_uso": "residenziale e commerciale", "edifc_stat": "costruito", "edifc_mon": "0", "edifc_nome": "", "edifc_idag": "", "edifc_ided": "", "source": "BDTRE edifc" }, "geometry": { "type": "Polygon", "coordinates": [ [ [ 7.66603, 45.0831 ], [ 7.66588, 45.08314 ], [ 7.66589, 45.08316 ], [ 7.6659, 45.08317 ], [ 7.66589, 45.08317 ], [ 7.66591, 45.0832 ], [ 7.66599, 45.08318 ], [ 7.66602, 45.08322 ], [ 7.66602, 45.08322 ], [ 7.66601, 45.08323 ], [ 7.66602, 45.08325 ], [ 7.66604, 45.08324 ], [ 7.66611, 45.08322 ], [ 7.66607, 45.08316 ], [ 7.66603, 45.0831 ] ] ] } },
{ "type": "Feature", "properties": { "uuid": "62350f78-0e19-4347-96ef-842132a718f6", "data_acq": "2019-11-30 00:00:00", "data_agg": "2019-11-30 00:00:00", "data_fin": "9999-12-31 00:00:00", "ente_for": "REGIONE PIEMONTE", "ente_prod": "REGIONE PIEMONTE", "modo_prod": "banche dati esterne - catasto", "sc_acq": "1:2000", "edifc_ty": "generica", "edifc_uso": "residenziale e commerciale", "edifc_stat": "costruito", "edifc_mon": "0", "edifc_nome": "", "edifc_idag": "", "edifc_ided": "", "source": "BDTRE edifc" }, "geometry": { "type": "Polygon", "coordinates": [ [ [ 7.66581, 45.08153 ], [ 7.6659, 45.08166 ], [ 7.66595, 45.08173 ], [ 7.66575, 45.0818 ], [ 7.6657, 45.08173 ], [ 7.66574, 45.08171 ], [ 7.66575, 45.08172 ], [ 7.66576, 45.08171 ], [ 7.66574, 45.08168 ], [ 7.66573, 45.08168 ], [ 7.66567, 45.08158 ], [ 7.66568, 45.08158 ], [ 7.66581, 45.08153 ] ] ] } },
{ "type": "Feature", "properties": { "uuid": "b3789b87-56cf-4777-9065-e3e36095b5c5", "data_acq": "2019-11-30 00:00:00", "data_agg": "2019-11-30 00:00:00", "data_fin": "9999-12-31 00:00:00", "ente_for": "REGIONE PIEMONTE", "ente_prod": "REGIONE PIEMONTE", "modo_prod": "banche dati esterne - catasto", "sc_acq": "1:2000", "edifc_ty": "generica", "edifc_uso": "residenziale e commerciale", "edifc_stat": "costruito", "edifc_mon": "0", "edifc_nome": "", "edifc_idag": "", "edifc_ided": "", "source": "BDTRE edifc" }, "geometry": { "type": "Polygon", "coordinates": [ [ [ 7.66841, 45.07949 ], [ 7.66843, 45.07952 ], [ 7.66843, 45.07953 ], [ 7.66847, 45.07951 ], [ 7.66847, 45.07951 ], [ 7.66845, 45.07947 ], [ 7.66841, 45.07949 ] ] ] } },
{ "type": "Feature", "properties": { "uuid": "98c54cd6-fc1a-4872-89fc-c88a6ee859e2", "data_acq": "2019-11-30 00:00:00", "data_agg": "2019-11-30 00:00:00", "data_fin": "9999-12-31 00:00:00", "ente_for": "REGIONE PIEMONTE", "ente_prod": "REGIONE PIEMONTE", "modo_prod": "banche dati esterne - catasto", "sc_acq": "1:2000", "edifc_ty": "generica", "edifc_uso": "residenziale e commerciale", "edifc_stat": "costruito", "edifc_mon": "0", "edifc_nome": "", "edifc_idag": "", "edifc_ided": "", "source": "BDTRE edifc" }, "geometry": { "type": "Polygon", "coordinates": [ [ [ 7.66601, 45.07829 ], [ 7.66602, 45.07831 ], [ 7.666, 45.07831 ], [ 7.66597, 45.07832 ], [ 7.66596, 45.07831 ], [ 7.66601, 45.07829 ] ] ] } },
{ "type": "Feature", "properties": { "uuid": "43aed220-96be-460a-914d-e0d883a64d5f", "data_acq": "2019-11-30 00:00:00", "data_agg": "2019-11-30 00:00:00", "data_fin": "9999-12-31 00:00:00", "ente_for": "REGIONE PIEMONTE", "ente_prod": "REGIONE PIEMONTE", "modo_prod": "banche dati esterne - catasto", "sc_acq": "1:2000", "edifc_ty": "generica", "edifc_uso": "residenziale e commerciale", "edifc_stat": "costruito", "edifc_mon": "0", "edifc_nome": "", "edifc_idag": "", "edifc_ided": "", "source": "BDTRE edifc" }, "geometry": { "type": "Polygon", "coordinates": [ [ [ 7.69394, 45.07001 ], [ 7.69378, 45.07017 ], [ 7.69373, 45.07015 ], [ 7.69347, 45.0698 ], [ 7.69362, 45.06975 ], [ 7.69377, 45.06996 ], [ 7.69375, 45.06996 ], [ 7.69377, 45.06998 ], [ 7.69378, 45.06999 ], [ 7.6938, 45.06999 ], [ 7.69383, 45.06998 ], [ 7.69384, 45.06997 ], [ 7.69394, 45.07001 ] ] ] } },
{ "type": "Feature", "properties": { "uuid": "0ee627e2-69a8-4643-b116-99065d5082f3", "data_acq": "2019-11-30 00:00:00", "data_agg": "2019-11-30 00:00:00", "data_fin": "9999-12-31 00:00:00", "ente_for": "REGIONE PIEMONTE", "ente_prod": "REGIONE PIEMONTE", "modo_prod": "banche dati esterne - catasto", "sc_acq": "1:2000", "edifc_ty": "generica", "edifc_uso": "residenziale e commerciale", "edifc_stat": "costruito", "edifc_mon": "0", "edifc_nome": "", "edifc_idag": "", "edifc_ided": "", "source": "BDTRE edifc" }, "geometry": { "type": "Polygon", "coordinates": [ [ [ 7.67871, 45.07124 ], [ 7.67882, 45.07121 ], [ 7.67882, 45.07121 ], [ 7.67888, 45.0712 ], [ 7.67883, 45.07113 ], [ 7.67885, 45.0711 ], [ 7.67893, 45.07107 ], [ 7.67897, 45.07108 ], [ 7.67898, 45.07111 ], [ 7.679, 45.07113 ], [ 7.67907, 45.0711 ], [ 7.67907, 45.0711 ], [ 7.67904, 45.07106 ], [ 7.67904, 45.07106 ], [ 7.67905, 45.07105 ], [ 7.67903, 45.07102 ], [ 7.67896, 45.07092 ], [ 7.67863, 45.07103 ], [ 7.67861, 45.07107 ], [ 7.67871, 45.07124 ] ] ] } },
{ "type": "Feature", "properties": { "uuid": "88da8453-ed67-4c6b-ad62-1ddf3259e5da", "data_acq": "2019-11-30 00:00:00", "data_agg": "2019-11-30 00:00:00", "data_fin": "9999-12-31 00:00:00", "ente_for": "REGIONE PIEMONTE", "ente_prod": "REGIONE PIEMONTE", "modo_prod": "banche dati esterne - catasto", "sc_acq": "1:2000", "edifc_ty": "generica", "edifc_uso": "residenziale e commerciale", "edifc_stat": "costruito", "edifc_mon": "0", "edifc_nome": "", "edifc_idag": "", "edifc_ided": "", "source": "BDTRE edifc" }, "geometry": { "type": "Polygon", "coordinates": [ [ [ 7.67323, 45.07415 ], [ 7.6732, 45.07411 ], [ 7.67294, 45.07419 ], [ 7.67299, 45.07426 ], [ 7.67306, 45.07435 ], [ 7.67312, 45.07443 ], [ 7.67317, 45.07451 ], [ 7.67329, 45.07446 ], [ 7.67334, 45.07445 ], [ 7.67342, 45.07442 ], [ 7.67333, 45.07431 ], [ 7.67333, 45.07431 ], [ 7.67326, 45.07433 ], [ 7.67325, 45.07432 ], [ 7.67324, 45.07432 ], [ 7.67318, 45.07424 ], [ 7.67314, 45.07418 ], [ 7.67316, 45.07418 ], [ 7.67316, 45.07418 ], [ 7.67323, 45.07415 ] ] ] } },
{ "type": "Feature", "properties": { "uuid": "1022cabb-05bb-4806-85f7-9c9a6e160fb9", "data_acq": "2019-11-30 00:00:00", "data_agg": "2019-11-30 00:00:00", "data_fin": "9999-12-31 00:00:00", "ente_for": "REGIONE PIEMONTE", "ente_prod": "REGIONE PIEMONTE", "modo_prod": "banche dati esterne - catasto", "sc_acq": "1:2000", "edifc_ty": "generica", "edifc_uso": "residenziale e commerciale", "edifc_stat": "costruito", "edifc_mon": "0", "edifc_nome": "", "edifc_idag": "", "edifc_ided": "", "source": "BDTRE edifc" }, "geometry": { "type": "Polygon", "coordinates": [ [ [ 7.66566, 45.08007 ], [ 7.66559, 45.08012 ], [ 7.66554, 45.08008 ], [ 7.66553, 45.08006 ], [ 7.66554, 45.08005 ], [ 7.66555, 45.08007 ], [ 7.66558, 45.08005 ], [ 7.66556, 45.08004 ], [ 7.66556, 45.08004 ], [ 7.66555, 45.08004 ], [ 7.66555, 45.08004 ], [ 7.66555, 45.08004 ], [ 7.66555, 45.08004 ], [ 7.66552, 45.08005 ], [ 7.66552, 45.08005 ], [ 7.66551, 45.08004 ], [ 7.66551, 45.08004 ], [ 7.66546, 45.08 ], [ 7.66554, 45.07996 ], [ 7.66566, 45.08007 ] ] ] } },
{ "type": "Feature", "properties": { "uuid": "cc1274d1-e780-4a45-8cc7-3809b41c229c", "data_acq": "2019-11-30 00:00:00", "data_agg": "2019-11-30 00:00:00", "data_fin": "9999-12-31 00:00:00", "ente_for": "REGIONE PIEMONTE", "ente_prod": "REGIONE PIEMONTE", "modo_prod": "banche dati esterne - catasto", "sc_acq": "1:2000", "edifc_ty": "generica", "edifc_uso": "residenziale e commerciale", "edifc_stat": "costruito", "edifc_mon": "0", "edifc_nome": "", "edifc_idag": "", "edifc_ided": "", "source": "BDTRE edifc" }, "geometry": { "type": "Polygon", "coordinates": [ [ [ 7.66761, 45.07815 ], [ 7.66741, 45.07801 ], [ 7.66753, 45.07792 ], [ 7.66771, 45.07804 ], [ 7.66773, 45.07806 ], [ 7.66761, 45.07815 ] ] ] } },
{ "type": "Feature", "properties": { "uuid": "210c4d68-c69e-409b-b3b8-03dd3295da4d", "data_acq": "2019-11-30 00:00:00", "data_agg": "2019-11-30 00:00:00", "data_fin": "9999-12-31 00:00:00", "ente_for": "REGIONE PIEMONTE", "ente_prod": "REGIONE PIEMONTE", "modo_prod": "banche dati esterne - catasto", "sc_acq": "1:2000", "edifc_ty": "generica", "edifc_uso": "residenziale e commerciale", "edifc_stat": "costruito", "edifc_mon": "0", "edifc_nome": "", "edifc_idag": "", "edifc_ided": "", "source": "BDTRE edifc" }, "geometry": { "type": "Polygon", "coordinates": [ [ [ 7.69444, 45.08212 ], [ 7.69435, 45.08221 ], [ 7.6943, 45.08219 ], [ 7.69429, 45.08219 ], [ 7.69432, 45.08216 ], [ 7.69427, 45.08214 ], [ 7.69434, 45.08206 ], [ 7.69444, 45.0821 ], [ 7.69445, 45.08211 ], [ 7.69444, 45.08212 ] ] ] } },
{ "type": "Feature", "properties": { "uuid": "5d16e6c8-bc5b-4829-a227-c188b0872e11", "data_acq": "2019-11-30 00:00:00", "data_agg": "2019-11-30 00:00:00", "data_fin": "9999-12-31 00:00:00", "ente_for": "REGIONE PIEMONTE", "ente_prod": "REGIONE PIEMONTE", "modo_prod": "banche dati esterne - catasto", "sc_acq": "1:2000", "edifc_ty": "generica", "edifc_uso": "residenziale e commerciale", "edifc_stat": "costruito", "edifc_mon": "0", "edifc_nome": "", "edifc_idag": "", "edifc_ided": "", "source": "BDTRE edifc" }, "geometry": { "type": "Polygon", "coordinates": [ [ [ 7.69518, 45.07539 ], [ 7.69526, 45.07545 ], [ 7.69537, 45.07561 ], [ 7.69543, 45.07568 ], [ 7.69534, 45.07577 ], [ 7.69521, 45.07571 ], [ 7.6952, 45.07571 ], [ 7.69525, 45.07566 ], [ 7.69517, 45.07555 ], [ 7.69514, 45.07553 ], [ 7.69514, 45.07553 ], [ 7.69506, 45.07561 ], [ 7.69507, 45.07562 ], [ 7.69506, 45.07564 ], [ 7.69505, 45.07564 ], [ 7.69498, 45.07561 ], [ 7.69511, 45.07546 ], [ 7.69518, 45.07539 ] ] ] } },
{ "type": "Feature", "properties": { "uuid": "e89fd04e-0d0d-4964-8499-7da94540455a", "data_acq": "2010-01-01 00:00:00", "data_agg": "2022-12-31 00:00:00", "data_fin": "9999-12-31 00:00:00", "ente_for": "REGIONE PIEMONTE", "ente_prod": "CSI PIEMONTE", "modo_prod": "rilievo speditivo - ortofoto", "sc_acq": "1:10000", "edifc_ty": "generica", "edifc_uso": "residenziale e commerciale", "edifc_stat": "costruito", "edifc_mon": "0", "edifc_nome": "", "edifc_idag": "", "edifc_ided": "", "source": "BDTRE edifc" }, "geometry": { "type": "Polygon", "coordinates": [ [ [ 7.6773, 45.06999 ], [ 7.67741, 45.06995 ], [ 7.6775, 45.07008 ], [ 7.67759, 45.07021 ], [ 7.677, 45.07043 ], [ 7.67699, 45.07043 ], [ 7.67693, 45.07033 ], [ 7.67686, 45.07023 ], [ 7.67684, 45.0702 ], [ 7.67732, 45.07003 ], [ 7.67729, 45.06999 ], [ 7.6773, 45.06999 ], [ 7.6773, 45.06999 ] ], [ [ 7.67704, 45.07022 ], [ 7.67709, 45.07029 ], [ 7.67713, 45.07027 ], [ 7.67713, 45.07027 ], [ 7.67713, 45.07027 ], [ 7.67721, 45.07024 ], [ 7.6772, 45.07023 ], [ 7.67725, 45.07021 ], [ 7.67726, 45.07022 ], [ 7.67736, 45.07018 ], [ 7.67736, 45.07018 ], [ 7.67732, 45.07012 ], [ 7.67704, 45.07022 ] ] ] } },
{ "type": "Feature", "properties": { "uuid": "0343a211-c7bf-48b0-bcb7-fb87ab99daa7", "data_acq": "2019-11-30 00:00:00", "data_agg": "2019-11-30 00:00:00", "data_fin": "9999-12-31 00:00:00", "ente_for": "REGIONE PIEMONTE", "ente_prod": "REGIONE PIEMONTE", "modo_prod": "banche dati esterne - catasto", "sc_acq": "1:2000", "edifc_ty": "generica", "edifc_uso": "residenziale e commerciale", "edifc_stat": "costruito", "edifc_mon": "0", "edifc_nome": "", "edifc_idag": "", "edifc_ided": "", "source": "BDTRE edifc" }, "geometry": { "type": "Polygon", "coordinates": [ [ [ 7.6697, 45.08085 ], [ 7.66956, 45.08066 ], [ 7.66933, 45.08074 ], [ 7.66933, 45.08074 ], [ 7.6694, 45.08083 ], [ 7.66948, 45.08081 ], [ 7.66949, 45.08081 ], [ 7.6695, 45.08082 ], [ 7.6695, 45.08082 ], [ 7.6695, 45.08082 ], [ 7.6695, 45.08082 ], [ 7.66954, 45.08088 ], [ 7.66954, 45.08088 ], [ 7.66955, 45.08087 ], [ 7.66955, 45.08087 ], [ 7.66957, 45.0809 ], [ 7.66968, 45.08086 ], [ 7.6697, 45.08085 ] ] ] } },
{ "type": "Feature", "properties": { "uuid": "20b54b1b-40e3-45e8-93b1-bcc67ac9ad5e", "data_acq": "2019-11-30 00:00:00", "data_agg": "2019-11-30 00:00:00", "data_fin": "9999-12-31 00:00:00", "ente_for": "REGIONE PIEMONTE", "ente_prod": "REGIONE PIEMONTE", "modo_prod": "banche dati esterne - catasto", "sc_acq": "1:2000", "edifc_ty": "generica", "edifc_uso": "residenziale e commerciale", "edifc_stat": "costruito", "edifc_mon": "0", "edifc_nome": "", "edifc_idag": "", "edifc_ided": "", "source": "BDTRE edifc" }, "geometry": { "type": "Polygon", "coordinates": [ [ [ 7.67391, 45.0649 ], [ 7.67395, 45.06495 ], [ 7.67409, 45.06515 ], [ 7.6741, 45.06517 ], [ 7.67411, 45.06518 ], [ 7.67411, 45.06518 ], [ 7.67378, 45.0653 ], [ 7.67352, 45.06539 ], [ 7.67348, 45.06533 ], [ 7.67348, 45.06532 ], [ 7.67337, 45.06518 ], [ 7.67336, 45.06517 ], [ 7.67325, 45.06501 ], [ 7.67336, 45.06497 ], [ 7.67345, 45.06494 ], [ 7.67371, 45.06485 ], [ 7.67384, 45.0648 ], [ 7.67391, 45.0649 ] ], [ [ 7.67343, 45.06514 ], [ 7.67354, 45.0653 ], [ 7.6739, 45.06517 ], [ 7.67383, 45.06507 ], [ 7.67381, 45.06505 ], [ 7.67376, 45.06506 ], [ 7.67374, 45.06503 ], [ 7.67343, 45.06514 ] ] ] } },
{ "type": "Feature", "properties": { "uuid": "69462da1-5052-44a5-927e-81423144f782", "data_acq": "2019-11-30 00:00:00", "data_agg": "2019-11-30 00:00:00", "data_fin": "9999-12-31 00:00:00", "ente_for": "REGIONE PIEMONTE", "ente_prod": "REGIONE PIEMONTE", "modo_prod": "banche dati esterne - catasto", "sc_acq": "1:2000", "edifc_ty": "generica", "edifc_uso": "residenziale e commerciale", "edifc_stat": "costruito", "edifc_mon": "0", "edifc_nome": "", "edifc_idag": "", "edifc_ided": "", "source": "BDTRE edifc" }, "geometry": { "type": "Polygon", "coordinates": [ [ [ 7.6776, 45.06819 ], [ 7.67758, 45.06815 ], [ 7.67752, 45.06808 ], [ 7.67736, 45.06814 ], [ 7.6772, 45.0682 ], [ 7.67738, 45.06845 ], [ 7.67756, 45.06871 ], [ 7.67773, 45.06865 ], [ 7.67773, 45.06865 ], [ 7.67789, 45.06859 ], [ 7.67785, 45.06854 ], [ 7.67785, 45.06853 ], [ 7.67783, 45.0685 ], [ 7.67781, 45.06848 ], [ 7.6777, 45.06852 ], [ 7.6777, 45.06853 ], [ 7.67765, 45.06855 ], [ 7.67758, 45.06845 ], [ 7.6776, 45.06845 ], [ 7.67759, 45.06844 ], [ 7.67775, 45.06839 ], [ 7.67774, 45.06838 ], [ 7.67773, 45.06837 ], [ 7.67766, 45.06827 ], [ 7.6775, 45.06833 ], [ 7.67743, 45.06824 ], [ 7.67748, 45.06822 ], [ 7.67749, 45.06822 ], [ 7.6776, 45.06819 ] ] ] } },
{ "type": "Feature", "properties": { "uuid": "1efe48ef-1568-4855-849f-66691e0f8054", "data_acq": "2019-11-30 00:00:00", "data_agg": "2019-11-30 00:00:00", "data_fin": "9999-12-31 00:00:00", "ente_for": "REGIONE PIEMONTE", "ente_prod": "REGIONE PIEMONTE", "modo_prod": "banche dati esterne - catasto", "sc_acq": "1:2000", "edifc_ty": "generica", "edifc_uso": "residenziale e commerciale", "edifc_stat": "costruito", "edifc_mon": "0", "edifc_nome": "", "edifc_idag": "", "edifc_ided": "", "source": "BDTRE edifc" }, "geometry": { "type": "Polygon", "coordinates": [ [ [ 7.67761, 45.07459 ], [ 7.67761, 45.07459 ], [ 7.67757, 45.07454 ], [ 7.67757, 45.07454 ], [ 7.67751, 45.07456 ], [ 7.67745, 45.07458 ], [ 7.67745, 45.07458 ], [ 7.67742, 45.07453 ], [ 7.67743, 45.07453 ], [ 7.67745, 45.07452 ], [ 7.67748, 45.07451 ], [ 7.67747, 45.0745 ], [ 7.67755, 45.07448 ], [ 7.67754, 45.07446 ], [ 7.67758, 45.07445 ], [ 7.6776, 45.07448 ], [ 7.67763, 45.07447 ], [ 7.67759, 45.07439 ], [ 7.67757, 45.07436 ], [ 7.67757, 45.07435 ], [ 7.67758, 45.07434 ], [ 7.67758, 45.07434 ], [ 7.67763, 45.07432 ], [ 7.67762, 45.0743 ], [ 7.67769, 45.07428 ], [ 7.67775, 45.07435 ], [ 7.67779, 45.07442 ], [ 7.6778, 45.07441 ], [ 7.67786, 45.07451 ], [ 7.67777, 45.07454 ], [ 7.67776, 45.07454 ], [ 7.67776, 45.07454 ], [ 7.67761, 45.07459 ] ] ] } },
{ "type": "Feature", "properties": { "uuid": "a2a7eba1-9186-476d-b5ff-c1c0a97fd6c5", "data_acq": "2019-11-30 00:00:00", "data_agg": "2019-11-30 00:00:00", "data_fin": "9999-12-31 00:00:00", "ente_for": "REGIONE PIEMONTE", "ente_prod": "REGIONE PIEMONTE", "modo_prod": "banche dati esterne - catasto", "sc_acq": "1:2000", "edifc_ty": "generica", "edifc_uso": "residenziale e commerciale", "edifc_stat": "costruito", "edifc_mon": "0", "edifc_nome": "", "edifc_idag": "", "edifc_ided": "", "source": "BDTRE edifc" }, "geometry": { "type": "Polygon", "coordinates": [ [ [ 7.67688, 45.0694 ], [ 7.67671, 45.06946 ], [ 7.67671, 45.06946 ], [ 7.67676, 45.06953 ], [ 7.67652, 45.06962 ], [ 7.6765, 45.06959 ], [ 7.67642, 45.06961 ], [ 7.67645, 45.06966 ], [ 7.67647, 45.06968 ], [ 7.67648, 45.06969 ], [ 7.67649, 45.06971 ], [ 7.67673, 45.06962 ], [ 7.67696, 45.06954 ], [ 7.67697, 45.06953 ], [ 7.67693, 45.06948 ], [ 7.67688, 45.0694 ] ] ] } },
{ "type": "Feature", "properties": { "uuid": "c0aeb5c6-18b6-4fcc-955d-dda4adb7aab6", "data_acq": "2019-11-30 00:00:00", "data_agg": "2019-11-30 00:00:00", "data_fin": "9999-12-31 00:00:00", "ente_for": "REGIONE PIEMONTE", "ente_prod": "REGIONE PIEMONTE", "modo_prod": "banche dati esterne - catasto", "sc_acq": "1:2000", "edifc_ty": "generica", "edifc_uso": "residenziale e commerciale", "edifc_stat": "costruito", "edifc_mon": "0", "edifc_nome": "", "edifc_idag": "", "edifc_ided": "", "source": "BDTRE edifc" }, "geometry": { "type": "Polygon", "coordinates": [ [ [ 7.68038, 45.07078 ], [ 7.68035, 45.07079 ], [ 7.68034, 45.07078 ], [ 7.68017, 45.07084 ], [ 7.68018, 45.07085 ], [ 7.68007, 45.07089 ], [ 7.68011, 45.07094 ], [ 7.68011, 45.07094 ], [ 7.68027, 45.07088 ], [ 7.68028, 45.0709 ], [ 7.68025, 45.07091 ], [ 7.68029, 45.07096 ], [ 7.68031, 45.07095 ], [ 7.68035, 45.07101 ], [ 7.68024, 45.07104 ], [ 7.68026, 45.07107 ], [ 7.68021, 45.07109 ], [ 7.68018, 45.07106 ], [ 7.68012, 45.07108 ], [ 7.68019, 45.07119 ], [ 7.68024, 45.07118 ], [ 7.68057, 45.07106 ], [ 7.68038, 45.07078 ] ] ] } },
{ "type": "Feature", "properties": { "uuid": "825e943f-7677-4193-83af-60307b227c09", "data_acq": "2019-11-30 00:00:00", "data_agg": "2019-11-30 00:00:00", "data_fin": "9999-12-31 00:00:00", "ente_for": "REGIONE PIEMONTE", "ente_prod": "REGIONE PIEMONTE", "modo_prod": "banche dati esterne - catasto", "sc_acq": "1:2000", "edifc_ty": "generica", "edifc_uso": "Non conosciuto", "edifc_stat": "costruito", "edifc_mon": "0", "edifc_nome": "", "edifc_idag": "", "edifc_ided": "", "source": "BDTRE edifc" }, "geometry": { "type": "Polygon", "coordinates": [ [ [ 7.66734, 45.08034 ], [ 7.66748, 45.0803 ], [ 7.66751, 45.08034 ], [ 7.66736, 45.08038 ], [ 7.66734, 45.08034 ] ] ] } },
{ "type": "Feature", "properties": { "uuid": "bed68f11-8467-4476-9391-d81fcf887247", "data_acq": "2019-11-30 00:00:00", "data_agg": "2019-11-30 00:00:00", "data_fin": "9999-12-31 00:00:00", "ente_for": "REGIONE PIEMONTE", "ente_prod": "REGIONE PIEMONTE", "modo_prod": "banche dati esterne - catasto", "sc_acq": "1:2000", "edifc_ty": "generica", "edifc_uso": "residenziale e commerciale", "edifc_stat": "costruito", "edifc_mon": "0", "edifc_nome": "", "edifc_idag": "", "edifc_ided": "", "source": "BDTRE edifc" }, "geometry": { "type": "Polygon", "coordinates": [ [ [ 7.68094, 45.07144 ], [ 7.68093, 45.07142 ], [ 7.68099, 45.0714 ], [ 7.68104, 45.07138 ], [ 7.6812, 45.07133 ], [ 7.68122, 45.07135 ], [ 7.68103, 45.07141 ], [ 7.68106, 45.07145 ], [ 7.68113, 45.07142 ], [ 7.68113, 45.07141 ], [ 7.68114, 45.07141 ], [ 7.68115, 45.07142 ], [ 7.6812, 45.0714 ], [ 7.6812, 45.07141 ], [ 7.68124, 45.0714 ], [ 7.68126, 45.07143 ], [ 7.68129, 45.07149 ], [ 7.68125, 45.0715 ], [ 7.68124, 45.07148 ], [ 7.68124, 45.07148 ], [ 7.68124, 45.07148 ], [ 7.68121, 45.07144 ], [ 7.681, 45.07151 ], [ 7.68098, 45.07149 ], [ 7.68094, 45.07144 ] ] ] } },
{ "type": "Feature", "properties": { "uuid": "b755f524-3868-4d5e-907f-46e1472a8d1b", "data_acq": "2019-11-30 00:00:00", "data_agg": "2019-11-30 00:00:00", "data_fin": "9999-12-31 00:00:00", "ente_for": "REGIONE PIEMONTE", "ente_prod": "REGIONE PIEMONTE", "modo_prod": "banche dati esterne - catasto", "sc_acq": "1:2000", "edifc_ty": "generica", "edifc_uso": "residenziale e commerciale", "edifc_stat": "costruito", "edifc_mon": "0", "edifc_nome": "", "edifc_idag": "", "edifc_ided": "", "source": "BDTRE edifc" }, "geometry": { "type": "Polygon", "coordinates": [ [ [ 7.69132, 45.06961 ], [ 7.69117, 45.06939 ], [ 7.69123, 45.06934 ], [ 7.69123, 45.06935 ], [ 7.69128, 45.06931 ], [ 7.6913, 45.06935 ], [ 7.69133, 45.06934 ], [ 7.69148, 45.06955 ], [ 7.69147, 45.06956 ], [ 7.69132, 45.06961 ] ] ] } },
{ "type": "Feature", "properties": { "uuid": "2475611b-e70f-48d7-9e18-a5ae17d04054", "data_acq": "2019-11-30 00:00:00", "data_agg": "2019-11-30 00:00:00", "data_fin": "9999-12-31 00:00:00", "ente_for": "REGIONE PIEMONTE", "ente_prod": "REGIONE PIEMONTE", "modo_prod": "banche dati esterne - catasto", "sc_acq": "1:2000", "edifc_ty": "generica", "edifc_uso": "residenziale e commerciale", "edifc_stat": "costruito", "edifc_mon": "0", "edifc_nome": "", "edifc_idag": "", "edifc_ided": "", "source": "BDTRE edifc" }, "geometry": { "type": "Polygon", "coordinates": [ [ [ 7.68181, 45.06577 ], [ 7.68205, 45.0661 ], [ 7.68216, 45.06625 ], [ 7.68199, 45.06631 ], [ 7.6818, 45.06638 ], [ 7.68178, 45.06636 ], [ 7.68176, 45.06634 ], [ 7.68173, 45.06635 ], [ 7.68169, 45.06636 ], [ 7.68153, 45.06614 ], [ 7.68138, 45.06593 ], [ 7.68159, 45.06585 ], [ 7.68181, 45.06577 ] ], [ [ 7.68177, 45.06615 ], [ 7.68176, 45.06615 ], [ 7.68176, 45.06615 ], [ 7.68179, 45.06618 ], [ 7.68192, 45.06613 ], [ 7.68192, 45.06613 ], [ 7.68183, 45.06601 ], [ 7.68176, 45.06591 ], [ 7.68176, 45.06591 ], [ 7.6817, 45.06593 ], [ 7.68171, 45.06594 ], [ 7.68168, 45.06595 ], [ 7.68168, 45.06595 ], [ 7.68167, 45.06594 ], [ 7.68167, 45.06594 ], [ 7.68162, 45.06596 ], [ 7.68165, 45.06599 ], [ 7.68166, 45.06599 ], [ 7.68177, 45.06615 ] ] ] } },
{ "type": "Feature", "properties": { "uuid": "b087a4e2-7994-4675-a65f-fb15778f4ada", "data_acq": "2019-11-30 00:00:00", "data_agg": "2019-11-30 00:00:00", "data_fin": "9999-12-31 00:00:00", "ente_for": "REGIONE PIEMONTE", "ente_prod": "REGIONE PIEMONTE", "modo_prod": "banche dati esterne - catasto", "sc_acq": "1:2000", "edifc_ty": "generica", "edifc_uso": "residenziale e commerciale", "edifc_stat": "costruito", "edifc_mon": "0", "edifc_nome": "", "edifc_idag": "", "edifc_ided": "", "source": "BDTRE edifc" }, "geometry": { "type": "Polygon", "coordinates": [ [ [ 7.68119, 45.07232 ], [ 7.68121, 45.07232 ], [ 7.68121, 45.07232 ], [ 7.68134, 45.07248 ], [ 7.68122, 45.07252 ], [ 7.68119, 45.07253 ], [ 7.68115, 45.07255 ], [ 7.68098, 45.07261 ], [ 7.68097, 45.0726 ], [ 7.68097, 45.0726 ], [ 7.68093, 45.07255 ], [ 7.68089, 45.07249 ], [ 7.68084, 45.07243 ], [ 7.68098, 45.07239 ], [ 7.68102, 45.07244 ], [ 7.68107, 45.07242 ], [ 7.68107, 45.07241 ], [ 7.68109, 45.07241 ], [ 7.6811, 45.07241 ], [ 7.68108, 45.07242 ], [ 7.6811, 45.07245 ], [ 7.68122, 45.0724 ], [ 7.68117, 45.07234 ], [ 7.68119, 45.07232 ] ] ] } },
{ "type": "Feature", "properties": { "uuid": "c335e7ad-d090-4a1c-b913-b44a65082084", "data_acq": "2019-11-30 00:00:00", "data_agg": "2019-11-30 00:00:00", "data_fin": "9999-12-31 00:00:00", "ente_for": "REGIONE PIEMONTE", "ente_prod": "REGIONE PIEMONTE", "modo_prod": "banche dati esterne - catasto", "sc_acq": "1:2000", "edifc_ty": "generica", "edifc_uso": "residenziale e commerciale", "edifc_stat": "costruito", "edifc_mon": "0", "edifc_nome": "", "edifc_idag": "", "edifc_ided": "", "source": "BDTRE edifc" }, "geometry": { "type": "Polygon", "coordinates": [ [ [ 7.67083, 45.07703 ], [ 7.67081, 45.07701 ], [ 7.67079, 45.07699 ], [ 7.67092, 45.07694 ], [ 7.6709, 45.07691 ], [ 7.67097, 45.07689 ], [ 7.67098, 45.0769 ], [ 7.67102, 45.07696 ], [ 7.67091, 45.077 ], [ 7.67083, 45.07703 ] ] ] } },
{ "type": "Feature", "properties": { "uuid": "99666919-81c9-4480-b83a-1e66cb24c782", "data_acq": "2019-11-30 00:00:00", "data_agg": "2019-11-30 00:00:00", "data_fin": "9999-12-31 00:00:00", "ente_for": "REGIONE PIEMONTE", "ente_prod": "REGIONE PIEMONTE", "modo_prod": "banche dati esterne - catasto", "sc_acq": "1:2000", "edifc_ty": "generica", "edifc_uso": "residenziale e commerciale", "edifc_stat": "costruito", "edifc_mon": "0", "edifc_nome": "", "edifc_idag": "", "edifc_ided": "", "source": "BDTRE edifc" }, "geometry": { "type": "Polygon", "coordinates": [ [ [ 7.68511, 45.06596 ], [ 7.68492, 45.06602 ], [ 7.68472, 45.06609 ], [ 7.68472, 45.06609 ], [ 7.6846, 45.06607 ], [ 7.68446, 45.06587 ], [ 7.68434, 45.0657 ], [ 7.68447, 45.06565 ], [ 7.68455, 45.06562 ], [ 7.68468, 45.06558 ], [ 7.68482, 45.06553 ], [ 7.68488, 45.06562 ], [ 7.68488, 45.06562 ], [ 7.68478, 45.06566 ], [ 7.68476, 45.06567 ], [ 7.68459, 45.06573 ], [ 7.68462, 45.06578 ], [ 7.68459, 45.06579 ], [ 7.68467, 45.06589 ], [ 7.6847, 45.06594 ], [ 7.68474, 45.06595 ], [ 7.68485, 45.06591 ], [ 7.68503, 45.06584 ], [ 7.68511, 45.06596 ] ] ] } },
{ "type": "Feature", "properties": { "uuid": "b55795a8-8324-4462-88be-86b29a75b6db", "data_acq": "2019-11-30 00:00:00", "data_agg": "2019-11-30 00:00:00", "data_fin": "9999-12-31 00:00:00", "ente_for": "REGIONE PIEMONTE", "ente_prod": "REGIONE PIEMONTE", "modo_prod": "banche dati esterne - catasto", "sc_acq": "1:2000", "edifc_ty": "generica", "edifc_uso": "residenziale e commerciale", "edifc_stat": "costruito", "edifc_mon": "0", "edifc_nome": "", "edifc_idag": "", "edifc_ided": "", "source": "BDTRE edifc" }, "geometry": { "type": "Polygon", "coordinates": [ [ [ 7.67899, 45.0823 ], [ 7.67896, 45.0823 ], [ 7.67896, 45.08231 ], [ 7.67891, 45.08232 ], [ 7.67895, 45.08236 ], [ 7.67884, 45.0824 ], [ 7.67875, 45.08228 ], [ 7.67878, 45.08223 ], [ 7.67897, 45.08221 ], [ 7.67899, 45.0823 ] ] ] } },
{ "type": "Feature", "properties": { "uuid": "102c2203-3b31-48bd-9f4d-2b66bac28710", "data_acq": "2019-11-30 00:00:00", "data_agg": "2019-11-30 00:00:00", "data_fin": "9999-12-31 00:00:00", "ente_for": "REGIONE PIEMONTE", "ente_prod": "REGIONE PIEMONTE", "modo_prod": "banche dati esterne - catasto", "sc_acq": "1:2000", "edifc_ty": "generica", "edifc_uso": "residenziale e produttivo", "edifc_stat": "costruito", "edifc_mon": "0", "edifc_nome": "", "edifc_idag": "", "edifc_ided": "", "source": "BDTRE edifc" }, "geometry": { "type": "Polygon", "coordinates": [ [ [ 7.69383, 45.08202 ], [ 7.69378, 45.082 ], [ 7.69379, 45.08199 ], [ 7.69376, 45.08198 ], [ 7.69375, 45.08199 ], [ 7.69374, 45.08198 ], [ 7.69375, 45.08197 ], [ 7.69374, 45.08197 ], [ 7.69373, 45.08198 ], [ 7.69371, 45.08197 ], [ 7.69371, 45.08195 ], [ 7.69369, 45.08194 ], [ 7.69368, 45.08196 ], [ 7.69364, 45.08194 ], [ 7.69371, 45.08185 ], [ 7.6938, 45.08189 ], [ 7.69378, 45.08191 ], [ 7.6938, 45.08192 ], [ 7.69382, 45.0819 ], [ 7.69384, 45.08191 ], [ 7.69386, 45.08189 ], [ 7.6939, 45.08191 ], [ 7.69389, 45.08193 ], [ 7.69394, 45.08195 ], [ 7.69396, 45.08193 ], [ 7.69401, 45.08195 ], [ 7.69399, 45.08197 ], [ 7.69401, 45.08197 ], [ 7.69399, 45.082 ], [ 7.694, 45.08201 ], [ 7.69402, 45.08198 ], [ 7.69412, 45.08202 ], [ 7.69404, 45.08211 ], [ 7.69399, 45.08208 ], [ 7.694, 45.08207 ], [ 7.69398, 45.08207 ], [ 7.69397, 45.08208 ], [ 7.69395, 45.08207 ], [ 7.69396, 45.08206 ], [ 7.69394, 45.08205 ], [ 7.69393, 45.08206 ], [ 7.69392, 45.08205 ], [ 7.69393, 45.08204 ], [ 7.6939, 45.08203 ], [ 7.69389, 45.08204 ], [ 7.69385, 45.08203 ], [ 7.69388, 45.082 ], [ 7.69386, 45.08199 ], [ 7.69383, 45.08202 ] ] ] } },
{ "type": "Feature", "properties": { "uuid": "fc73b734-8893-4ab4-9b2d-936b7929f993", "data_acq": "2019-11-30 00:00:00", "data_agg": "2019-11-30 00:00:00", "data_fin": "9999-12-31 00:00:00", "ente_for": "REGIONE PIEMONTE", "ente_prod": "REGIONE PIEMONTE", "modo_prod": "banche dati esterne - catasto", "sc_acq": "1:2000", "edifc_ty": "generica", "edifc_uso": "residenziale e commerciale", "edifc_stat": "costruito", "edifc_mon": "0", "edifc_nome": "", "edifc_idag": "", "edifc_ided": "", "source": "BDTRE edifc" }, "geometry": { "type": "Polygon", "coordinates": [ [ [ 7.67429, 45.07941 ], [ 7.67417, 45.07945 ], [ 7.67419, 45.07948 ], [ 7.67418, 45.07949 ], [ 7.67418, 45.07948 ], [ 7.67412, 45.0795 ], [ 7.67413, 45.07951 ], [ 7.67408, 45.07952 ], [ 7.67407, 45.07951 ], [ 7.67406, 45.07952 ], [ 7.67413, 45.07962 ], [ 7.67416, 45.07961 ], [ 7.67421, 45.0796 ], [ 7.67435, 45.07955 ], [ 7.67438, 45.07954 ], [ 7.67438, 45.07954 ], [ 7.67433, 45.07947 ], [ 7.67433, 45.07947 ], [ 7.67429, 45.07941 ] ] ] } },
{ "type": "Feature", "properties": { "uuid": "42f9b04d-2f97-44ad-943e-360c5bf87b74", "data_acq": "2019-11-30 00:00:00", "data_agg": "2019-11-30 00:00:00", "data_fin": "9999-12-31 00:00:00", "ente_for": "REGIONE PIEMONTE", "ente_prod": "REGIONE PIEMONTE", "modo_prod": "banche dati esterne - catasto", "sc_acq": "1:2000", "edifc_ty": "generica", "edifc_uso": "residenziale e produttivo", "edifc_stat": "costruito", "edifc_mon": "0", "edifc_nome": "", "edifc_idag": "", "edifc_ided": "", "source": "BDTRE edifc" }, "geometry": { "type": "Polygon", "coordinates": [ [ [ 7.69477, 45.07279 ], [ 7.69466, 45.07283 ], [ 7.69456, 45.07286 ], [ 7.69449, 45.07276 ], [ 7.69449, 45.07276 ], [ 7.69461, 45.07271 ], [ 7.69462, 45.07269 ], [ 7.69457, 45.07262 ], [ 7.69456, 45.07261 ], [ 7.69458, 45.0726 ], [ 7.69463, 45.07258 ], [ 7.69477, 45.07279 ] ] ] } },
{ "type": "Feature", "properties": { "uuid": "5de6752c-1404-4b00-8b16-8c0694cd7cc2", "data_acq": "2019-11-30 00:00:00", "data_agg": "2019-11-30 00:00:00", "data_fin": "9999-12-31 00:00:00", "ente_for": "REGIONE PIEMONTE", "ente_prod": "REGIONE PIEMONTE", "modo_prod": "banche dati esterne - catasto", "sc_acq": "1:2000", "edifc_ty": "generica", "edifc_uso": "residenziale e commerciale", "edifc_stat": "costruito", "edifc_mon": "0", "edifc_nome": "", "edifc_idag": "", "edifc_ided": "", "source": "BDTRE edifc" }, "geometry": { "type": "Polygon", "coordinates": [ [ [ 7.66662, 45.08402 ], [ 7.66649, 45.08407 ], [ 7.66649, 45.08407 ], [ 7.66649, 45.08408 ], [ 7.66651, 45.08408 ], [ 7.66656, 45.08415 ], [ 7.66655, 45.08417 ], [ 7.66635, 45.08421 ], [ 7.66631, 45.08421 ], [ 7.66632, 45.08425 ], [ 7.66633, 45.08427 ], [ 7.66647, 45.08423 ], [ 7.66648, 45.08423 ], [ 7.66648, 45.08423 ], [ 7.66657, 45.08421 ], [ 7.66657, 45.08421 ], [ 7.66659, 45.08421 ], [ 7.66659, 45.08421 ], [ 7.66672, 45.08416 ], [ 7.66669, 45.08412 ], [ 7.66668, 45.08411 ], [ 7.66667, 45.08409 ], [ 7.66666, 45.08407 ], [ 7.66662, 45.08402 ] ] ] } },
{ "type": "Feature", "properties": { "uuid": "dccddcb9-1a2a-4522-95d5-2fd21b5f8306", "data_acq": "2019-11-30 00:00:00", "data_agg": "2019-11-30 00:00:00", "data_fin": "9999-12-31 00:00:00", "ente_for": "REGIONE PIEMONTE", "ente_prod": "REGIONE PIEMONTE", "modo_prod": "banche dati esterne - catasto", "sc_acq": "1:2000", "edifc_ty": "generica", "edifc_uso": "residenziale e commerciale", "edifc_stat": "costruito", "edifc_mon": "0", "edifc_nome": "", "edifc_idag": "", "edifc_ided": "", "source": "BDTRE edifc" }, "geometry": { "type": "Polygon", "coordinates": [ [ [ 7.68039, 45.07056 ], [ 7.68039, 45.07056 ], [ 7.68071, 45.07059 ], [ 7.68094, 45.0706 ], [ 7.68092, 45.07074 ], [ 7.6809, 45.07074 ], [ 7.6809, 45.07073 ], [ 7.68073, 45.07071 ], [ 7.68069, 45.07072 ], [ 7.68069, 45.07072 ], [ 7.6805, 45.07078 ], [ 7.68038, 45.07062 ], [ 7.68039, 45.07059 ], [ 7.68039, 45.07056 ] ] ] } },
{ "type": "Feature", "properties": { "uuid": "ba69b196-6077-4ae1-991a-edbca1793613", "data_acq": "2019-11-30 00:00:00", "data_agg": "2019-11-30 00:00:00", "data_fin": "9999-12-31 00:00:00", "ente_for": "REGIONE PIEMONTE", "ente_prod": "REGIONE PIEMONTE", "modo_prod": "banche dati esterne - catasto", "sc_acq": "1:2000", "edifc_ty": "generica", "edifc_uso": "residenziale e produttivo", "edifc_stat": "costruito", "edifc_mon": "0", "edifc_nome": "", "edifc_idag": "", "edifc_ided": "", "source": "BDTRE edifc" }, "geometry": { "type": "Polygon", "coordinates": [ [ [ 7.67151, 45.07304 ], [ 7.67162, 45.07318 ], [ 7.67166, 45.07325 ], [ 7.67156, 45.07329 ], [ 7.67154, 45.07326 ], [ 7.67143, 45.07329 ], [ 7.67143, 45.0733 ], [ 7.67141, 45.07331 ], [ 7.6714, 45.07331 ], [ 7.67133, 45.07333 ], [ 7.67141, 45.07344 ], [ 7.67155, 45.07339 ], [ 7.67189, 45.07327 ], [ 7.6717, 45.073 ], [ 7.67168, 45.07298 ], [ 7.67151, 45.07304 ] ] ] } },
{ "type": "Feature", "properties": { "uuid": "9c1867f1-f266-4975-a9a3-64b4d76512b4", "data_acq": "2019-11-30 00:00:00", "data_agg": "2019-11-30 00:00:00", "data_fin": "9999-12-31 00:00:00", "ente_for": "REGIONE PIEMONTE", "ente_prod": "REGIONE PIEMONTE", "modo_prod": "banche dati esterne - catasto", "sc_acq": "1:2000", "edifc_ty": "generica", "edifc_uso": "residenziale e commerciale", "edifc_stat": "costruito", "edifc_mon": "0", "edifc_nome": "", "edifc_idag": "", "edifc_ided": "", "source": "BDTRE edifc" }, "geometry": { "type": "Polygon", "coordinates": [ [ [ 7.67356, 45.08029 ], [ 7.67364, 45.08026 ], [ 7.67373, 45.08023 ], [ 7.6738, 45.08034 ], [ 7.67375, 45.08036 ], [ 7.67374, 45.08035 ], [ 7.67369, 45.08037 ], [ 7.67375, 45.08045 ], [ 7.67383, 45.08058 ], [ 7.67381, 45.08059 ], [ 7.6738, 45.08059 ], [ 7.67372, 45.08062 ], [ 7.67372, 45.08061 ], [ 7.67371, 45.08059 ], [ 7.67367, 45.08055 ], [ 7.67371, 45.08054 ], [ 7.67369, 45.0805 ], [ 7.67369, 45.0805 ], [ 7.67359, 45.08035 ], [ 7.67356, 45.08029 ] ] ] } },
{ "type": "Feature", "properties": { "uuid": "83d0fc4c-1b12-480b-ab62-55c5e3eca7ed", "data_acq": "2019-11-30 00:00:00", "data_agg": "2019-11-30 00:00:00", "data_fin": "9999-12-31 00:00:00", "ente_for": "REGIONE PIEMONTE", "ente_prod": "REGIONE PIEMONTE", "modo_prod": "banche dati esterne - catasto", "sc_acq": "1:2000", "edifc_ty": "generica", "edifc_uso": "residenziale e commerciale", "edifc_stat": "costruito", "edifc_mon": "0", "edifc_nome": "", "edifc_idag": "", "edifc_ided": "", "source": "BDTRE edifc" }, "geometry": { "type": "Polygon", "coordinates": [ [ [ 7.67318, 45.07206 ], [ 7.6732, 45.07206 ], [ 7.67322, 45.07205 ], [ 7.67341, 45.07232 ], [ 7.67378, 45.07219 ], [ 7.6738, 45.07218 ], [ 7.67357, 45.07185 ], [ 7.6735, 45.07188 ], [ 7.67324, 45.07197 ], [ 7.67318, 45.07199 ], [ 7.67314, 45.07201 ], [ 7.67311, 45.07202 ], [ 7.67311, 45.07202 ], [ 7.67315, 45.07207 ], [ 7.67315, 45.07207 ], [ 7.67317, 45.07207 ], [ 7.67318, 45.07206 ] ] ] } },
{ "type": "Feature", "properties": { "uuid": "eba1adb1-60ab-4e8c-8066-b5ef410b2767", "data_acq": "2019-11-30 00:00:00", "data_agg": "2019-11-30 00:00:00", "data_fin": "9999-12-31 00:00:00", "ente_for": "REGIONE PIEMONTE", "ente_prod": "REGIONE PIEMONTE", "modo_prod": "banche dati esterne - catasto", "sc_acq": "1:2000", "edifc_ty": "generica", "edifc_uso": "residenziale e commerciale", "edifc_stat": "costruito", "edifc_mon": "0", "edifc_nome": "", "edifc_idag": "", "edifc_ided": "", "source": "BDTRE edifc" }, "geometry": { "type": "Polygon", "coordinates": [ [ [ 7.69069, 45.08157 ], [ 7.69073, 45.08163 ], [ 7.69056, 45.08169 ], [ 7.69059, 45.08173 ], [ 7.69057, 45.08174 ], [ 7.69059, 45.08177 ], [ 7.69058, 45.08177 ], [ 7.69059, 45.08179 ], [ 7.69058, 45.08179 ], [ 7.69059, 45.0818 ], [ 7.69074, 45.08175 ], [ 7.6907, 45.08169 ], [ 7.69076, 45.08167 ], [ 7.69084, 45.08179 ], [ 7.69059, 45.08187 ], [ 7.69054, 45.08178 ], [ 7.69045, 45.08165 ], [ 7.69052, 45.08163 ], [ 7.69055, 45.08162 ], [ 7.69069, 45.08157 ] ] ] } },
{ "type": "Feature", "properties": { "uuid": "a70b3907-3b03-4741-bfd2-e720a06b7514", "data_acq": "2019-11-30 00:00:00", "data_agg": "2019-11-30 00:00:00", "data_fin": "9999-12-31 00:00:00", "ente_for": "REGIONE PIEMONTE", "ente_prod": "REGIONE PIEMONTE", "modo_prod": "banche dati esterne - catasto", "sc_acq": "1:2000", "edifc_ty": "generica", "edifc_uso": "residenziale e produttivo", "edifc_stat": "costruito", "edifc_mon": "0", "edifc_nome": "", "edifc_idag": "", "edifc_ided": "", "source": "BDTRE edifc" }, "geometry": { "type": "Polygon", "coordinates": [ [ [ 7.67909, 45.0838 ], [ 7.67918, 45.08394 ], [ 7.6792, 45.08394 ], [ 7.67921, 45.08395 ], [ 7.67907, 45.084 ], [ 7.67896, 45.08385 ], [ 7.67909, 45.0838 ] ] ] } },
{ "type": "Feature", "properties": { "uuid": "aed8190d-7fb9-4856-bc59-f61146ead3a9", "data_acq": "2019-11-30 00:00:00", "data_agg": "2019-11-30 00:00:00", "data_fin": "9999-12-31 00:00:00", "ente_for": "REGIONE PIEMONTE", "ente_prod": "REGIONE PIEMONTE", "modo_prod": "banche dati esterne - catasto", "sc_acq": "1:2000", "edifc_ty": "generica", "edifc_uso": "residenziale e commerciale", "edifc_stat": "costruito", "edifc_mon": "0", "edifc_nome": "", "edifc_idag": "", "edifc_ided": "", "source": "BDTRE edifc" }, "geometry": { "type": "Polygon", "coordinates": [ [ [ 7.68785, 45.07582 ], [ 7.68803, 45.07576 ], [ 7.68809, 45.07585 ], [ 7.68816, 45.07595 ], [ 7.68828, 45.07614 ], [ 7.68819, 45.07617 ], [ 7.68813, 45.07618 ], [ 7.6881, 45.0762 ], [ 7.68803, 45.0761 ], [ 7.68801, 45.07606 ], [ 7.68785, 45.07582 ] ] ] } },
{ "type": "Feature", "properties": { "uuid": "20b0e8c9-0c92-4061-8030-e1bbdf5f63cb", "data_acq": "2019-11-30 00:00:00", "data_agg": "2019-11-30 00:00:00", "data_fin": "9999-12-31 00:00:00", "ente_for": "REGIONE PIEMONTE", "ente_prod": "REGIONE PIEMONTE", "modo_prod": "banche dati esterne - catasto", "sc_acq": "1:2000", "edifc_ty": "generica", "edifc_uso": "residenziale e commerciale", "edifc_stat": "costruito", "edifc_mon": "0", "edifc_nome": "", "edifc_idag": "", "edifc_ided": "", "source": "BDTRE edifc" }, "geometry": { "type": "Polygon", "coordinates": [ [ [ 7.68839, 45.06678 ], [ 7.68818, 45.06686 ], [ 7.68815, 45.06682 ], [ 7.68821, 45.0668 ], [ 7.68821, 45.0668 ], [ 7.68824, 45.06679 ], [ 7.68819, 45.06672 ], [ 7.68819, 45.06672 ], [ 7.68812, 45.06674 ], [ 7.68813, 45.06675 ], [ 7.68811, 45.06676 ], [ 7.68811, 45.06676 ], [ 7.68804, 45.06665 ], [ 7.68824, 45.06658 ], [ 7.68832, 45.06669 ], [ 7.68836, 45.06675 ], [ 7.68837, 45.06676 ], [ 7.68839, 45.06678 ], [ 7.68839, 45.06678 ] ] ] } },
{ "type": "Feature", "properties": { "uuid": "13a66ea4-69a0-4583-b091-a214a35d1a78", "data_acq": "2019-11-30 00:00:00", "data_agg": "2019-11-30 00:00:00", "data_fin": "9999-12-31 00:00:00", "ente_for": "REGIONE PIEMONTE", "ente_prod": "REGIONE PIEMONTE", "modo_prod": "banche dati esterne - catasto", "sc_acq": "1:2000", "edifc_ty": "generica", "edifc_uso": "residenziale e ufficio pubblico", "edifc_stat": "costruito", "edifc_mon": "0", "edifc_nome": "", "edifc_idag": "", "edifc_ided": "", "source": "BDTRE edifc" }, "geometry": { "type": "Polygon", "coordinates": [ [ [ 7.68894, 45.07003 ], [ 7.689, 45.07011 ], [ 7.68905, 45.07018 ], [ 7.68896, 45.07022 ], [ 7.68897, 45.07023 ], [ 7.68891, 45.07025 ], [ 7.6889, 45.07024 ], [ 7.68888, 45.07025 ], [ 7.68877, 45.0701 ], [ 7.68894, 45.07003 ] ] ] } },
{ "type": "Feature", "properties": { "uuid": "79c8c8ae-7a91-43be-afe1-01598cc65725", "data_acq": "2019-11-30 00:00:00", "data_agg": "2019-11-30 00:00:00", "data_fin": "9999-12-31 00:00:00", "ente_for": "REGIONE PIEMONTE", "ente_prod": "REGIONE PIEMONTE", "modo_prod": "banche dati esterne - catasto", "sc_acq": "1:2000", "edifc_ty": "generica", "edifc_uso": "residenziale e commerciale", "edifc_stat": "costruito", "edifc_mon": "0", "edifc_nome": "", "edifc_idag": "", "edifc_ided": "", "source": "BDTRE edifc" }, "geometry": { "type": "Polygon", "coordinates": [ [ [ 7.68377, 45.06923 ], [ 7.68377, 45.06923 ], [ 7.68422, 45.06986 ], [ 7.68442, 45.06979 ], [ 7.68462, 45.06972 ], [ 7.68446, 45.0695 ], [ 7.68445, 45.06948 ], [ 7.68442, 45.06947 ], [ 7.68436, 45.06949 ], [ 7.68436, 45.06949 ], [ 7.68422, 45.06954 ], [ 7.68419, 45.06951 ], [ 7.68418, 45.06951 ], [ 7.68404, 45.06932 ], [ 7.68411, 45.06929 ], [ 7.6841, 45.06928 ], [ 7.6841, 45.06929 ], [ 7.68409, 45.06928 ], [ 7.68408, 45.06928 ], [ 7.68405, 45.06924 ], [ 7.68409, 45.06923 ], [ 7.6841, 45.06923 ], [ 7.68415, 45.06921 ], [ 7.68413, 45.06919 ], [ 7.68423, 45.06915 ], [ 7.68423, 45.06914 ], [ 7.68418, 45.06907 ], [ 7.68407, 45.06911 ], [ 7.68401, 45.06913 ], [ 7.68398, 45.06915 ], [ 7.68396, 45.06915 ], [ 7.68385, 45.06919 ], [ 7.68376, 45.06922 ], [ 7.68377, 45.06923 ] ], [ [ 7.68438, 45.0696 ], [ 7.68442, 45.06966 ], [ 7.68433, 45.06969 ], [ 7.68429, 45.06963 ], [ 7.68438, 45.0696 ] ] ] } },
{ "type": "Feature", "properties": { "uuid": "212197a5-d3d0-406b-beb3-65ee0c2cb138", "data_acq": "2019-11-30 00:00:00", "data_agg": "2019-11-30 00:00:00", "data_fin": "9999-12-31 00:00:00", "ente_for": "REGIONE PIEMONTE", "ente_prod": "REGIONE PIEMONTE", "modo_prod": "banche dati esterne - catasto", "sc_acq": "1:2000", "edifc_ty": "generica", "edifc_uso": "residenziale e commerciale", "edifc_stat": "costruito", "edifc_mon": "0", "edifc_nome": "", "edifc_idag": "", "edifc_ided": "", "source": "BDTRE edifc" }, "geometry": { "type": "Polygon", "coordinates": [ [ [ 7.66866, 45.07745 ], [ 7.66864, 45.07742 ], [ 7.66845, 45.07716 ], [ 7.66845, 45.07717 ], [ 7.66836, 45.0772 ], [ 7.66819, 45.07726 ], [ 7.66817, 45.07727 ], [ 7.66825, 45.07738 ], [ 7.66825, 45.07739 ], [ 7.66827, 45.07738 ], [ 7.66826, 45.07737 ], [ 7.66826, 45.07737 ], [ 7.66837, 45.07733 ], [ 7.66837, 45.07734 ], [ 7.66838, 45.07734 ], [ 7.66837, 45.07734 ], [ 7.66838, 45.07736 ], [ 7.66838, 45.07735 ], [ 7.66842, 45.0774 ], [ 7.66842, 45.0774 ], [ 7.66841, 45.07741 ], [ 7.66842, 45.07742 ], [ 7.66843, 45.07741 ], [ 7.66846, 45.07746 ], [ 7.66849, 45.07749 ], [ 7.66849, 45.0775 ], [ 7.66848, 45.0775 ], [ 7.66849, 45.07751 ], [ 7.66849, 45.07751 ], [ 7.6685, 45.07751 ], [ 7.6685, 45.07751 ], [ 7.66866, 45.07745 ] ] ] } },
{ "type": "Feature", "properties": { "uuid": "b47c3257-b9c5-4835-b8f2-f6f3866e54ab", "data_acq": "2019-11-30 00:00:00", "data_agg": "2019-11-30 00:00:00", "data_fin": "9999-12-31 00:00:00", "ente_for": "REGIONE PIEMONTE", "ente_prod": "REGIONE PIEMONTE", "modo_prod": "banche dati esterne - catasto", "sc_acq": "1:2000", "edifc_ty": "generica", "edifc_uso": "residenziale e commerciale", "edifc_stat": "costruito", "edifc_mon": "0", "edifc_nome": "", "edifc_idag": "", "edifc_ided": "", "source": "BDTRE edifc" }, "geometry": { "type": "Polygon", "coordinates": [ [ [ 7.69286, 45.08372 ], [ 7.69272, 45.08373 ], [ 7.69272, 45.0837 ], [ 7.69265, 45.08367 ], [ 7.69265, 45.08367 ], [ 7.69264, 45.08367 ], [ 7.69258, 45.08359 ], [ 7.69267, 45.08356 ], [ 7.69285, 45.08364 ], [ 7.69286, 45.08372 ] ] ] } },
{ "type": "Feature", "properties": { "uuid": "292c06c2-543c-4c6b-a2c7-6e3e0736c380", "data_acq": "2019-11-30 00:00:00", "data_agg": "2019-11-30 00:00:00", "data_fin": "9999-12-31 00:00:00", "ente_for": "REGIONE PIEMONTE", "ente_prod": "REGIONE PIEMONTE", "modo_prod": "banche dati esterne - catasto", "sc_acq": "1:2000", "edifc_ty": "generica", "edifc_uso": "residenziale e commerciale", "edifc_stat": "costruito", "edifc_mon": "0", "edifc_nome": "", "edifc_idag": "", "edifc_ided": "", "source": "BDTRE edifc" }, "geometry": { "type": "Polygon", "coordinates": [ [ [ 7.69315, 45.07394 ], [ 7.69311, 45.07395 ], [ 7.69311, 45.07395 ], [ 7.69308, 45.07397 ], [ 7.69311, 45.07402 ], [ 7.69311, 45.07402 ], [ 7.69305, 45.07405 ], [ 7.69293, 45.07388 ], [ 7.69308, 45.07383 ], [ 7.69315, 45.07394 ] ] ] } },
{ "type": "Feature", "properties": { "uuid": "25d950d8-be2b-40de-a8c2-50ff10f89f61", "data_acq": "2019-11-30 00:00:00", "data_agg": "2019-11-30 00:00:00", "data_fin": "9999-12-31 00:00:00", "ente_for": "REGIONE PIEMONTE", "ente_prod": "REGIONE PIEMONTE", "modo_prod": "banche dati esterne - catasto", "sc_acq": "1:2000", "edifc_ty": "generica", "edifc_uso": "residenziale e commerciale", "edifc_stat": "costruito", "edifc_mon": "0", "edifc_nome": "", "edifc_idag": "", "edifc_ided": "", "source": "BDTRE edifc" }, "geometry": { "type": "Polygon", "coordinates": [ [ [ 7.66671, 45.07467 ], [ 7.66654, 45.07474 ], [ 7.66646, 45.07476 ], [ 7.66643, 45.07478 ], [ 7.66646, 45.07482 ], [ 7.66661, 45.07478 ], [ 7.66667, 45.07488 ], [ 7.66669, 45.07489 ], [ 7.66667, 45.0749 ], [ 7.66668, 45.07491 ], [ 7.66668, 45.07491 ], [ 7.6667, 45.0749 ], [ 7.66674, 45.07497 ], [ 7.66661, 45.07501 ], [ 7.6666, 45.07502 ], [ 7.66667, 45.07512 ], [ 7.66675, 45.07509 ], [ 7.66685, 45.07506 ], [ 7.66695, 45.07502 ], [ 7.66695, 45.07501 ], [ 7.66695, 45.07501 ], [ 7.66671, 45.07467 ] ] ] } },
{ "type": "Feature", "properties": { "uuid": "a9d1d01d-e3ee-40d9-b4a0-db563c7ce19b", "data_acq": "2019-11-30 00:00:00", "data_agg": "2019-11-30 00:00:00", "data_fin": "9999-12-31 00:00:00", "ente_for": "REGIONE PIEMONTE", "ente_prod": "REGIONE PIEMONTE", "modo_prod": "banche dati esterne - catasto", "sc_acq": "1:2000", "edifc_ty": "generica", "edifc_uso": "residenziale e commerciale", "edifc_stat": "costruito", "edifc_mon": "0", "edifc_nome": "", "edifc_idag": "", "edifc_ided": "", "source": "BDTRE edifc" }, "geometry": { "type": "Polygon", "coordinates": [ [ [ 7.67647, 45.06882 ], [ 7.67631, 45.06888 ], [ 7.67627, 45.06882 ], [ 7.67621, 45.06873 ], [ 7.67604, 45.0688 ], [ 7.67613, 45.06892 ], [ 7.67597, 45.06898 ], [ 7.6758, 45.06874 ], [ 7.67629, 45.06856 ], [ 7.67647, 45.06882 ] ] ] } },
{ "type": "Feature", "properties": { "uuid": "718e4537-2247-4069-a6d6-d8dff9ab102b", "data_acq": "2019-11-30 00:00:00", "data_agg": "2019-11-30 00:00:00", "data_fin": "9999-12-31 00:00:00", "ente_for": "REGIONE PIEMONTE", "ente_prod": "REGIONE PIEMONTE", "modo_prod": "banche dati esterne - catasto", "sc_acq": "1:2000", "edifc_ty": "generica", "edifc_uso": "residenziale e commerciale", "edifc_stat": "costruito", "edifc_mon": "0", "edifc_nome": "", "edifc_idag": "", "edifc_ided": "", "source": "BDTRE edifc" }, "geometry": { "type": "Polygon", "coordinates": [ [ [ 7.67128, 45.08205 ], [ 7.67149, 45.08199 ], [ 7.67164, 45.08225 ], [ 7.67158, 45.08227 ], [ 7.6715, 45.08215 ], [ 7.67152, 45.08215 ], [ 7.67152, 45.08215 ], [ 7.6715, 45.0821 ], [ 7.67134, 45.08215 ], [ 7.67134, 45.08215 ], [ 7.67128, 45.08205 ] ] ] } },
{ "type": "Feature", "properties": { "uuid": "b3fbddc5-c104-4040-b448-1cbf51db3ce1", "data_acq": "2019-11-30 00:00:00", "data_agg": "2019-11-30 00:00:00", "data_fin": "9999-12-31 00:00:00", "ente_for": "REGIONE PIEMONTE", "ente_prod": "REGIONE PIEMONTE", "modo_prod": "banche dati esterne - catasto", "sc_acq": "1:2000", "edifc_ty": "generica", "edifc_uso": "residenziale e commerciale", "edifc_stat": "costruito", "edifc_mon": "0", "edifc_nome": "", "edifc_idag": "", "edifc_ided": "", "source": "BDTRE edifc" }, "geometry": { "type": "Polygon", "coordinates": [ [ [ 7.68184, 45.07587 ], [ 7.68176, 45.07589 ], [ 7.6817, 45.07591 ], [ 7.68164, 45.07582 ], [ 7.68164, 45.07581 ], [ 7.68177, 45.07576 ], [ 7.68184, 45.07587 ] ] ] } },
{ "type": "Feature", "properties": { "uuid": "d672e43a-cf0a-4b8f-a0a8-cbff13fe3f5d", "data_acq": "2019-11-30 00:00:00", "data_agg": "2019-11-30 00:00:00", "data_fin": "9999-12-31 00:00:00", "ente_for": "REGIONE PIEMONTE", "ente_prod": "REGIONE PIEMONTE", "modo_prod": "banche dati esterne - catasto", "sc_acq": "1:2000", "edifc_ty": "generica", "edifc_uso": "residenziale e commerciale", "edifc_stat": "costruito", "edifc_mon": "0", "edifc_nome": "", "edifc_idag": "", "edifc_ided": "", "source": "BDTRE edifc" }, "geometry": { "type": "Polygon", "coordinates": [ [ [ 7.66743, 45.07916 ], [ 7.66735, 45.0791 ], [ 7.66734, 45.07909 ], [ 7.66732, 45.07911 ], [ 7.66734, 45.07912 ], [ 7.66734, 45.07911 ], [ 7.66737, 45.07913 ], [ 7.66737, 45.07913 ], [ 7.66732, 45.07917 ], [ 7.66722, 45.0791 ], [ 7.66721, 45.0791 ], [ 7.6672, 45.07909 ], [ 7.66719, 45.0791 ], [ 7.66717, 45.07909 ], [ 7.66724, 45.07903 ], [ 7.66724, 45.07903 ], [ 7.66715, 45.07897 ], [ 7.66709, 45.079 ], [ 7.66704, 45.07904 ], [ 7.66714, 45.0791 ], [ 7.66718, 45.07913 ], [ 7.66723, 45.07917 ], [ 7.66728, 45.0792 ], [ 7.66733, 45.07923 ], [ 7.66743, 45.07916 ] ] ] } },
{ "type": "Feature", "properties": { "uuid": "8654daff-467c-4b99-be43-f27ea4a94c74", "data_acq": "2019-11-30 00:00:00", "data_agg": "2019-11-30 00:00:00", "data_fin": "9999-12-31 00:00:00", "ente_for": "REGIONE PIEMONTE", "ente_prod": "REGIONE PIEMONTE", "modo_prod": "banche dati esterne - catasto", "sc_acq": "1:2000", "edifc_ty": "generica", "edifc_uso": "residenziale e commerciale", "edifc_stat": "costruito", "edifc_mon": "0", "edifc_nome": "", "edifc_idag": "", "edifc_ided": "", "source": "BDTRE edifc" }, "geometry": { "type": "Polygon", "coordinates": [ [ [ 7.66721, 45.0796 ], [ 7.66724, 45.07965 ], [ 7.66724, 45.07965 ], [ 7.6673, 45.07973 ], [ 7.66723, 45.07975 ], [ 7.66715, 45.07962 ], [ 7.66708, 45.07967 ], [ 7.66709, 45.07968 ], [ 7.66708, 45.07969 ], [ 7.66698, 45.07962 ], [ 7.66714, 45.07951 ], [ 7.66721, 45.0796 ] ] ] } },
{ "type": "Feature", "properties": { "uuid": "46487f8c-e345-464d-994b-23dcef0ee25d", "data_acq": "2019-11-30 00:00:00", "data_agg": "2019-11-30 00:00:00", "data_fin": "9999-12-31 00:00:00", "ente_for": "REGIONE PIEMONTE", "ente_prod": "REGIONE PIEMONTE", "modo_prod": "banche dati esterne - catasto", "sc_acq": "1:2000", "edifc_ty": "generica", "edifc_uso": "residenziale e commerciale", "edifc_stat": "costruito", "edifc_mon": "0", "edifc_nome": "", "edifc_idag": "", "edifc_ided": "", "source": "BDTRE edifc" }, "geometry": { "type": "Polygon", "coordinates": [ [ [ 7.66992, 45.06692 ], [ 7.67007, 45.06686 ], [ 7.67009, 45.06686 ], [ 7.67017, 45.06683 ], [ 7.67021, 45.06681 ], [ 7.67027, 45.06679 ], [ 7.67034, 45.06677 ], [ 7.67032, 45.06674 ], [ 7.67029, 45.0667 ], [ 7.67024, 45.06663 ], [ 7.67021, 45.06658 ], [ 7.66998, 45.06666 ], [ 7.66998, 45.06666 ], [ 7.67001, 45.06671 ], [ 7.67017, 45.06665 ], [ 7.67023, 45.06674 ], [ 7.67007, 45.0668 ], [ 7.6701, 45.06683 ], [ 7.67006, 45.06685 ], [ 7.66993, 45.06668 ], [ 7.66979, 45.06673 ], [ 7.66979, 45.06673 ], [ 7.66979, 45.06673 ], [ 7.66989, 45.06688 ], [ 7.66991, 45.06691 ], [ 7.66992, 45.06692 ], [ 7.66992, 45.06692 ], [ 7.66992, 45.06692 ], [ 7.66992, 45.06692 ] ] ] } },
{ "type": "Feature", "properties": { "uuid": "01e4a0c9-44c6-430c-8518-a65ae656c38b", "data_acq": "2019-11-30 00:00:00", "data_agg": "2019-11-30 00:00:00", "data_fin": "9999-12-31 00:00:00", "ente_for": "REGIONE PIEMONTE", "ente_prod": "REGIONE PIEMONTE", "modo_prod": "banche dati esterne - catasto", "sc_acq": "1:2000", "edifc_ty": "generica", "edifc_uso": "residenziale e commerciale", "edifc_stat": "costruito", "edifc_mon": "0", "edifc_nome": "", "edifc_idag": "", "edifc_ided": "", "source": "BDTRE edifc" }, "geometry": { "type": "Polygon", "coordinates": [ [ [ 7.69381, 45.06648 ], [ 7.6938, 45.06648 ], [ 7.6938, 45.06648 ], [ 7.69386, 45.06654 ], [ 7.69386, 45.06654 ], [ 7.69389, 45.06657 ], [ 7.69388, 45.06657 ], [ 7.69393, 45.06661 ], [ 7.69394, 45.06663 ], [ 7.69391, 45.06664 ], [ 7.69379, 45.06652 ], [ 7.69375, 45.06653 ], [ 7.69375, 45.06652 ], [ 7.69369, 45.06647 ], [ 7.69376, 45.06644 ], [ 7.69381, 45.06648 ] ] ] } },
{ "type": "Feature", "properties": { "uuid": "c779fafe-4cd3-420c-89d4-a35f17116bdf", "data_acq": "2019-11-30 00:00:00", "data_agg": "2019-11-30 00:00:00", "data_fin": "9999-12-31 00:00:00", "ente_for": "REGIONE PIEMONTE", "ente_prod": "REGIONE PIEMONTE", "modo_prod": "banche dati esterne - catasto", "sc_acq": "1:2000", "edifc_ty": "generica", "edifc_uso": "residenziale e commerciale", "edifc_stat": "costruito", "edifc_mon": "0", "edifc_nome": "", "edifc_idag": "", "edifc_ided": "", "source": "BDTRE edifc" }, "geometry": { "type": "Polygon", "coordinates": [ [ [ 7.66621, 45.06781 ], [ 7.66621, 45.06781 ], [ 7.66621, 45.06781 ], [ 7.66621, 45.06781 ], [ 7.66613, 45.0677 ], [ 7.66605, 45.06759 ], [ 7.66585, 45.06767 ], [ 7.66551, 45.06779 ], [ 7.66559, 45.0679 ], [ 7.6656, 45.06791 ], [ 7.6656, 45.06791 ], [ 7.66561, 45.0679 ], [ 7.66561, 45.0679 ], [ 7.66566, 45.06788 ], [ 7.66582, 45.06782 ], [ 7.66583, 45.06783 ], [ 7.66586, 45.06782 ], [ 7.66586, 45.06782 ], [ 7.66585, 45.06781 ], [ 7.66596, 45.06777 ], [ 7.66603, 45.06788 ], [ 7.66605, 45.06787 ], [ 7.66621, 45.06781 ] ] ] } },
{ "type": "Feature", "properties": { "uuid": "14973d99-1129-47a3-8d29-fdd5d6d99595", "data_acq": "2019-11-30 00:00:00", "data_agg": "2019-11-30 00:00:00", "data_fin": "9999-12-31 00:00:00", "ente_for": "REGIONE PIEMONTE", "ente_prod": "REGIONE PIEMONTE", "modo_prod": "banche dati esterne - catasto", "sc_acq": "1:2000", "edifc_ty": "generica", "edifc_uso": "residenziale e commerciale", "edifc_stat": "costruito", "edifc_mon": "0", "edifc_nome": "", "edifc_idag": "", "edifc_ided": "", "source": "BDTRE edifc" }, "geometry": { "type": "Polygon", "coordinates": [ [ [ 7.69504, 45.07434 ], [ 7.69489, 45.07427 ], [ 7.69489, 45.07424 ], [ 7.69488, 45.07422 ], [ 7.69487, 45.07418 ], [ 7.69486, 45.07415 ], [ 7.69518, 45.07405 ], [ 7.69525, 45.07417 ], [ 7.69521, 45.07419 ], [ 7.69518, 45.07415 ], [ 7.69518, 45.07415 ], [ 7.69515, 45.07416 ], [ 7.69515, 45.07416 ], [ 7.69514, 45.07417 ], [ 7.69514, 45.07417 ], [ 7.69513, 45.07416 ], [ 7.69513, 45.07416 ], [ 7.69504, 45.07419 ], [ 7.69505, 45.07422 ], [ 7.69512, 45.07425 ], [ 7.69504, 45.07434 ] ] ] } },
{ "type": "Feature", "properties": { "uuid": "7ab33097-6e49-4ab5-92fb-f57df1f2ca26", "data_acq": "2019-11-30 00:00:00", "data_agg": "2019-11-30 00:00:00", "data_fin": "9999-12-31 00:00:00", "ente_for": "REGIONE PIEMONTE", "ente_prod": "REGIONE PIEMONTE", "modo_prod": "banche dati esterne - catasto", "sc_acq": "1:2000", "edifc_ty": "generica", "edifc_uso": "residenziale e commerciale", "edifc_stat": "costruito", "edifc_mon": "0", "edifc_nome": "", "edifc_idag": "", "edifc_ided": "", "source": "BDTRE edifc" }, "geometry": { "type": "Polygon", "coordinates": [ [ [ 7.68169, 45.07156 ], [ 7.68173, 45.07162 ], [ 7.68173, 45.07161 ], [ 7.68178, 45.07168 ], [ 7.68175, 45.07169 ], [ 7.68179, 45.07175 ], [ 7.68186, 45.07172 ], [ 7.6819, 45.07177 ], [ 7.68189, 45.07178 ], [ 7.68193, 45.07183 ], [ 7.68206, 45.07178 ], [ 7.68205, 45.07176 ], [ 7.68205, 45.07175 ], [ 7.68208, 45.07174 ], [ 7.68216, 45.07171 ], [ 7.68228, 45.07166 ], [ 7.68227, 45.07163 ], [ 7.68224, 45.07159 ], [ 7.6822, 45.07154 ], [ 7.68217, 45.07148 ], [ 7.68214, 45.07144 ], [ 7.68212, 45.0714 ], [ 7.68188, 45.07149 ], [ 7.68182, 45.07151 ], [ 7.6817, 45.07156 ], [ 7.68169, 45.07156 ] ], [ [ 7.68203, 45.07154 ], [ 7.68203, 45.07155 ], [ 7.68203, 45.07154 ], [ 7.68204, 45.07154 ], [ 7.68204, 45.07154 ], [ 7.68204, 45.07154 ], [ 7.68204, 45.07154 ], [ 7.68206, 45.07153 ], [ 7.68206, 45.07153 ], [ 7.68211, 45.07161 ], [ 7.68211, 45.07161 ], [ 7.68208, 45.07162 ], [ 7.68208, 45.07163 ], [ 7.68208, 45.07163 ], [ 7.68201, 45.07165 ], [ 7.68196, 45.07167 ], [ 7.68191, 45.07158 ], [ 7.68202, 45.07154 ], [ 7.68203, 45.07154 ], [ 7.68203, 45.07154 ], [ 7.68203, 45.07154 ] ] ] } },
{ "type": "Feature", "properties": { "uuid": "1aee3858-7b0a-42bd-8ea9-e54aa81a679a", "data_acq": "2019-11-30 00:00:00", "data_agg": "2019-11-30 00:00:00", "data_fin": "9999-12-31 00:00:00", "ente_for": "REGIONE PIEMONTE", "ente_prod": "REGIONE PIEMONTE", "modo_prod": "banche dati esterne - catasto", "sc_acq": "1:2000", "edifc_ty": "generica", "edifc_uso": "residenziale e commerciale", "edifc_stat": "costruito", "edifc_mon": "0", "edifc_nome": "", "edifc_idag": "", "edifc_ided": "", "source": "BDTRE edifc" }, "geometry": { "type": "Polygon", "coordinates": [ [ [ 7.69502, 45.07446 ], [ 7.695, 45.07449 ], [ 7.69496, 45.07448 ], [ 7.69495, 45.07448 ], [ 7.69494, 45.07448 ], [ 7.6949, 45.07453 ], [ 7.69499, 45.07465 ], [ 7.69503, 45.0746 ], [ 7.69499, 45.07459 ], [ 7.695, 45.07457 ], [ 7.69498, 45.07456 ], [ 7.69505, 45.07448 ], [ 7.69516, 45.07452 ], [ 7.69516, 45.07453 ], [ 7.69497, 45.07474 ], [ 7.69496, 45.07475 ], [ 7.69495, 45.07475 ], [ 7.69494, 45.07475 ], [ 7.69493, 45.07474 ], [ 7.69478, 45.07453 ], [ 7.69475, 45.07449 ], [ 7.69484, 45.07438 ], [ 7.69502, 45.07446 ] ] ] } },
{ "type": "Feature", "properties": { "uuid": "6e4c5ddd-a3a4-450b-b105-3944034b6f29", "data_acq": "2019-11-30 00:00:00", "data_agg": "2019-11-30 00:00:00", "data_fin": "9999-12-31 00:00:00", "ente_for": "REGIONE PIEMONTE", "ente_prod": "REGIONE PIEMONTE", "modo_prod": "banche dati esterne - catasto", "sc_acq": "1:2000", "edifc_ty": "generica", "edifc_uso": "residenziale e commerciale", "edifc_stat": "costruito", "edifc_mon": "0", "edifc_nome": "", "edifc_idag": "", "edifc_ided": "", "source": "BDTRE edifc" }, "geometry": { "type": "Polygon", "coordinates": [ [ [ 7.6743, 45.08304 ], [ 7.6744, 45.08319 ], [ 7.67404, 45.08331 ], [ 7.674, 45.08326 ], [ 7.674, 45.08325 ], [ 7.67402, 45.08324 ], [ 7.67403, 45.08325 ], [ 7.67425, 45.08318 ], [ 7.67419, 45.08309 ], [ 7.67419, 45.08309 ], [ 7.67418, 45.08309 ], [ 7.67418, 45.08309 ], [ 7.67417, 45.08308 ], [ 7.6743, 45.08304 ] ] ] } },
{ "type": "Feature", "properties": { "uuid": "40a9839c-1a48-4c87-bbc2-a4c421938f69", "data_acq": "2019-11-30 00:00:00", "data_agg": "2019-11-30 00:00:00", "data_fin": "9999-12-31 00:00:00", "ente_for": "REGIONE PIEMONTE", "ente_prod": "REGIONE PIEMONTE", "modo_prod": "banche dati esterne - catasto", "sc_acq": "1:2000", "edifc_ty": "generica", "edifc_uso": "residenziale e commerciale", "edifc_stat": "costruito", "edifc_mon": "0", "edifc_nome": "", "edifc_idag": "", "edifc_ided": "", "source": "BDTRE edifc" }, "geometry": { "type": "Polygon", "coordinates": [ [ [ 7.68226, 45.06589 ], [ 7.68226, 45.06589 ], [ 7.68227, 45.06592 ], [ 7.68235, 45.06589 ], [ 7.68235, 45.06589 ], [ 7.68233, 45.06586 ], [ 7.68226, 45.06589 ] ] ] } },
{ "type": "Feature", "properties": { "uuid": "5b608ce8-af7d-4aab-a435-9e98c911286a", "data_acq": "2019-11-30 00:00:00", "data_agg": "2019-11-30 00:00:00", "data_fin": "9999-12-31 00:00:00", "ente_for": "REGIONE PIEMONTE", "ente_prod": "REGIONE PIEMONTE", "modo_prod": "banche dati esterne - catasto", "sc_acq": "1:2000", "edifc_ty": "generica", "edifc_uso": "residenziale e commerciale", "edifc_stat": "costruito", "edifc_mon": "0", "edifc_nome": "", "edifc_idag": "", "edifc_ided": "", "source": "BDTRE edifc" }, "geometry": { "type": "Polygon", "coordinates": [ [ [ 7.68977, 45.06629 ], [ 7.68977, 45.06629 ], [ 7.68974, 45.06624 ], [ 7.68974, 45.06624 ], [ 7.68967, 45.06613 ], [ 7.68965, 45.06611 ], [ 7.68965, 45.0661 ], [ 7.68964, 45.06609 ], [ 7.68978, 45.06604 ], [ 7.69009, 45.06593 ], [ 7.69037, 45.06583 ], [ 7.69039, 45.06582 ], [ 7.6904, 45.06584 ], [ 7.69041, 45.06586 ], [ 7.69061, 45.06613 ], [ 7.69064, 45.06617 ], [ 7.69052, 45.06621 ], [ 7.69038, 45.06626 ], [ 7.69038, 45.06627 ], [ 7.69038, 45.06627 ], [ 7.69033, 45.06629 ], [ 7.69025, 45.06631 ], [ 7.69025, 45.06631 ], [ 7.69025, 45.06631 ], [ 7.69022, 45.06632 ], [ 7.69016, 45.06634 ], [ 7.69, 45.0664 ], [ 7.69, 45.0664 ], [ 7.69, 45.0664 ], [ 7.68999, 45.0664 ], [ 7.68995, 45.06642 ], [ 7.68988, 45.06644 ], [ 7.68984, 45.06637 ], [ 7.68982, 45.06635 ], [ 7.6898, 45.06633 ], [ 7.68977, 45.06629 ] ], [ [ 7.69031, 45.066 ], [ 7.69025, 45.06602 ], [ 7.69029, 45.06608 ], [ 7.69033, 45.06613 ], [ 7.69045, 45.06609 ], [ 7.69037, 45.06598 ], [ 7.69037, 45.06598 ], [ 7.69034, 45.06599 ], [ 7.69034, 45.066 ], [ 7.69032, 45.066 ], [ 7.69032, 45.066 ], [ 7.69031, 45.066 ], [ 7.69031, 45.066 ] ], [ [ 7.69005, 45.06609 ], [ 7.69005, 45.0661 ], [ 7.69, 45.06612 ], [ 7.69, 45.06612 ], [ 7.69, 45.06611 ], [ 7.69, 45.06611 ], [ 7.68995, 45.06613 ], [ 7.68988, 45.06615 ], [ 7.68989, 45.06617 ], [ 7.6899, 45.06616 ], [ 7.68996, 45.06625 ], [ 7.68995, 45.06625 ], [ 7.68996, 45.06626 ], [ 7.69002, 45.06625 ], [ 7.6902, 45.06618 ], [ 7.6902, 45.06617 ], [ 7.69025, 45.06616 ], [ 7.69025, 45.06616 ], [ 7.69025, 45.06616 ], [ 7.69027, 45.06615 ], [ 7.69019, 45.06604 ], [ 7.69019, 45.06604 ], [ 7.69013, 45.06606 ], [ 7.69005, 45.06609 ] ] ] } },
{ "type": "Feature", "properties": { "uuid": "ce817853-d93e-4984-99e5-f387873367b9", "data_acq": "2019-11-30 00:00:00", "data_agg": "2019-11-30 00:00:00", "data_fin": "9999-12-31 00:00:00", "ente_for": "REGIONE PIEMONTE", "ente_prod": "REGIONE PIEMONTE", "modo_prod": "banche dati esterne - catasto", "sc_acq": "1:2000", "edifc_ty": "generica", "edifc_uso": "residenziale e commerciale", "edifc_stat": "costruito", "edifc_mon": "0", "edifc_nome": "", "edifc_idag": "", "edifc_ided": "", "source": "BDTRE edifc" }, "geometry": { "type": "Polygon", "coordinates": [ [ [ 7.69142, 45.08074 ], [ 7.69133, 45.08084 ], [ 7.69132, 45.08083 ], [ 7.69132, 45.08082 ], [ 7.6912, 45.08076 ], [ 7.69119, 45.08077 ], [ 7.69118, 45.08078 ], [ 7.69114, 45.08076 ], [ 7.69109, 45.08073 ], [ 7.69104, 45.08071 ], [ 7.69099, 45.08069 ], [ 7.69108, 45.08059 ], [ 7.69142, 45.08074 ] ] ] } },
{ "type": "Feature", "properties": { "uuid": "53bd8116-5f1f-4758-a958-32ddd1a742c0", "data_acq": "2019-11-30 00:00:00", "data_agg": "2019-11-30 00:00:00", "data_fin": "9999-12-31 00:00:00", "ente_for": "REGIONE PIEMONTE", "ente_prod": "REGIONE PIEMONTE", "modo_prod": "banche dati esterne - catasto", "sc_acq": "1:2000", "edifc_ty": "generica", "edifc_uso": "residenziale e commerciale", "edifc_stat": "costruito", "edifc_mon": "0", "edifc_nome": "", "edifc_idag": "", "edifc_ided": "", "source": "BDTRE edifc" }, "geometry": { "type": "Polygon", "coordinates": [ [ [ 7.67779, 45.07639 ], [ 7.67818, 45.07626 ], [ 7.6783, 45.07644 ], [ 7.67814, 45.07649 ], [ 7.67811, 45.0765 ], [ 7.67805, 45.07642 ], [ 7.67785, 45.07649 ], [ 7.67785, 45.07649 ], [ 7.67779, 45.07639 ] ] ] } },
{ "type": "Feature", "properties": { "uuid": "ce6c13a8-53c6-4334-9086-2b07651b0d50", "data_acq": "2019-11-30 00:00:00", "data_agg": "2019-11-30 00:00:00", "data_fin": "9999-12-31 00:00:00", "ente_for": "REGIONE PIEMONTE", "ente_prod": "REGIONE PIEMONTE", "modo_prod": "banche dati esterne - catasto", "sc_acq": "1:2000", "edifc_ty": "generica", "edifc_uso": "residenziale e commerciale", "edifc_stat": "costruito", "edifc_mon": "0", "edifc_nome": "", "edifc_idag": "", "edifc_ided": "", "source": "BDTRE edifc" }, "geometry": { "type": "Polygon", "coordinates": [ [ [ 7.67933, 45.06551 ], [ 7.67949, 45.06573 ], [ 7.67934, 45.06579 ], [ 7.67934, 45.06579 ], [ 7.67924, 45.06582 ], [ 7.67924, 45.06582 ], [ 7.67921, 45.06578 ], [ 7.67928, 45.06576 ], [ 7.67923, 45.06568 ], [ 7.67923, 45.06568 ], [ 7.67921, 45.06569 ], [ 7.67921, 45.06569 ], [ 7.6792, 45.06568 ], [ 7.67919, 45.06567 ], [ 7.67921, 45.06567 ], [ 7.6792, 45.06565 ], [ 7.67915, 45.06557 ], [ 7.67926, 45.06553 ], [ 7.67933, 45.06551 ] ] ] } },
{ "type": "Feature", "properties": { "uuid": "37612a9e-2684-493e-a71f-b274011ac904", "data_acq": "2019-11-30 00:00:00", "data_agg": "2019-11-30 00:00:00", "data_fin": "9999-12-31 00:00:00", "ente_for": "REGIONE PIEMONTE", "ente_prod": "REGIONE PIEMONTE", "modo_prod": "banche dati esterne - catasto", "sc_acq": "1:2000", "edifc_ty": "generica", "edifc_uso": "residenziale e commerciale", "edifc_stat": "costruito", "edifc_mon": "0", "edifc_nome": "", "edifc_idag": "", "edifc_ided": "", "source": "BDTRE edifc" }, "geometry": { "type": "Polygon", "coordinates": [ [ [ 7.66629, 45.07941 ], [ 7.66605, 45.07955 ], [ 7.66604, 45.07956 ], [ 7.66604, 45.07956 ], [ 7.66604, 45.07956 ], [ 7.66596, 45.07945 ], [ 7.6661, 45.07936 ], [ 7.66616, 45.07932 ], [ 7.66623, 45.07937 ], [ 7.66629, 45.07941 ] ] ] } },
{ "type": "Feature", "properties": { "uuid": "a77bf641-83a2-4037-9681-0997af35518c", "data_acq": "2019-11-30 00:00:00", "data_agg": "2019-11-30 00:00:00", "data_fin": "9999-12-31 00:00:00", "ente_for": "REGIONE PIEMONTE", "ente_prod": "REGIONE PIEMONTE", "modo_prod": "banche dati esterne - catasto", "sc_acq": "1:2000", "edifc_ty": "generica", "edifc_uso": "residenziale e commerciale", "edifc_stat": "costruito", "edifc_mon": "0", "edifc_nome": "", "edifc_idag": "", "edifc_ided": "", "source": "BDTRE edifc" }, "geometry": { "type": "Polygon", "coordinates": [ [ [ 7.67051, 45.076 ], [ 7.6705, 45.07599 ], [ 7.67081, 45.07588 ], [ 7.67081, 45.07588 ], [ 7.67082, 45.07588 ], [ 7.6709, 45.07585 ], [ 7.6709, 45.07585 ], [ 7.67096, 45.07582 ], [ 7.67096, 45.07582 ], [ 7.67096, 45.07581 ], [ 7.67092, 45.07577 ], [ 7.6709, 45.07578 ], [ 7.67086, 45.07579 ], [ 7.67085, 45.07579 ], [ 7.6708, 45.0757 ], [ 7.67079, 45.0757 ], [ 7.67073, 45.07561 ], [ 7.6707, 45.07557 ], [ 7.67054, 45.07562 ], [ 7.67056, 45.07566 ], [ 7.67061, 45.07573 ], [ 7.67063, 45.07576 ], [ 7.67057, 45.07578 ], [ 7.67056, 45.07577 ], [ 7.67052, 45.07578 ], [ 7.67053, 45.07579 ], [ 7.67049, 45.07581 ], [ 7.67044, 45.07583 ], [ 7.67041, 45.07584 ], [ 7.67039, 45.07582 ], [ 7.67027, 45.07587 ], [ 7.67026, 45.07587 ], [ 7.67029, 45.07591 ], [ 7.67022, 45.07594 ], [ 7.67008, 45.07574 ], [ 7.67004, 45.07576 ], [ 7.67001, 45.07572 ], [ 7.66995, 45.07574 ], [ 7.66997, 45.07578 ], [ 7.66993, 45.07579 ], [ 7.66992, 45.07578 ], [ 7.6699, 45.07579 ], [ 7.66987, 45.07574 ], [ 7.66984, 45.07574 ], [ 7.66977, 45.07563 ], [ 7.6698, 45.07562 ], [ 7.66981, 45.07562 ], [ 7.66982, 45.07563 ], [ 7.66982, 45.07563 ], [ 7.66982, 45.07563 ], [ 7.66983, 45.07563 ], [ 7.66984, 45.07564 ], [ 7.66984, 45.07564 ], [ 7.67005, 45.07557 ], [ 7.67005, 45.07557 ], [ 7.6701, 45.07565 ], [ 7.67006, 45.07567 ], [ 7.6701, 45.07573 ], [ 7.67023, 45.07569 ], [ 7.67006, 45.07544 ], [ 7.67005, 45.07544 ], [ 7.66993, 45.07549 ], [ 7.66964, 45.07559 ], [ 7.66964, 45.07558 ], [ 7.66959, 45.0756 ], [ 7.66956, 45.07561 ], [ 7.66955, 45.07562 ], [ 7.66956, 45.07564 ], [ 7.66959, 45.07568 ], [ 7.6696, 45.07568 ], [ 7.6696, 45.07568 ], [ 7.66978, 45.07594 ], [ 7.6698, 45.07597 ], [ 7.66983, 45.07601 ], [ 7.66991, 45.07612 ], [ 7.6699, 45.07612 ], [ 7.6699, 45.07612 ], [ 7.66995, 45.07618 ], [ 7.66995, 45.07618 ], [ 7.66995, 45.07618 ], [ 7.66995, 45.07618 ], [ 7.67003, 45.07615 ], [ 7.67004, 45.07615 ], [ 7.67003, 45.07615 ], [ 7.67035, 45.07604 ], [ 7.67036, 45.07607 ], [ 7.67037, 45.07607 ], [ 7.67037, 45.07607 ], [ 7.67051, 45.07602 ], [ 7.67052, 45.07602 ], [ 7.67051, 45.07601 ], [ 7.67052, 45.07601 ], [ 7.67051, 45.076 ], [ 7.67051, 45.076 ] ], [ [ 7.66994, 45.07585 ], [ 7.66998, 45.07583 ], [ 7.66998, 45.07583 ], [ 7.67005, 45.07581 ], [ 7.67014, 45.07594 ], [ 7.67013, 45.07594 ], [ 7.67014, 45.07597 ], [ 7.67009, 45.07599 ], [ 7.67006, 45.07594 ], [ 7.67, 45.07596 ], [ 7.66992, 45.07585 ], [ 7.66993, 45.07584 ], [ 7.66994, 45.07585 ] ] ] } },
{ "type": "Feature", "properties": { "uuid": "a5b3993c-cb0e-46b0-91da-919eea020c63", "data_acq": "2019-11-30 00:00:00", "data_agg": "2019-11-30 00:00:00", "data_fin": "9999-12-31 00:00:00", "ente_for": "REGIONE PIEMONTE", "ente_prod": "REGIONE PIEMONTE", "modo_prod": "banche dati esterne - catasto", "sc_acq": "1:2000", "edifc_ty": "generica", "edifc_uso": "commerciale", "edifc_stat": "costruito", "edifc_mon": "0", "edifc_nome": "", "edifc_idag": "", "edifc_ided": "", "source": "BDTRE edifc" }, "geometry": { "type": "Polygon", "coordinates": [ [ [ 7.68969, 45.08408 ], [ 7.68979, 45.0841 ], [ 7.68978, 45.08414 ], [ 7.68971, 45.08413 ], [ 7.68969, 45.08408 ] ] ] } },
{ "type": "Feature", "properties": { "uuid": "d89575eb-92c2-4e87-9126-953ca93a9064", "data_acq": "2019-11-30 00:00:00", "data_agg": "2019-11-30 00:00:00", "data_fin": "9999-12-31 00:00:00", "ente_for": "REGIONE PIEMONTE", "ente_prod": "REGIONE PIEMONTE", "modo_prod": "banche dati esterne - catasto", "sc_acq": "1:2000", "edifc_ty": "generica", "edifc_uso": "residenziale e commerciale", "edifc_stat": "costruito", "edifc_mon": "0", "edifc_nome": "", "edifc_idag": "", "edifc_ided": "", "source": "BDTRE edifc" }, "geometry": { "type": "Polygon", "coordinates": [ [ [ 7.68472, 45.08287 ], [ 7.6849, 45.08275 ], [ 7.68501, 45.08268 ], [ 7.68505, 45.08269 ], [ 7.68512, 45.08283 ], [ 7.68512, 45.08283 ], [ 7.68507, 45.08284 ], [ 7.68499, 45.08286 ], [ 7.68496, 45.08286 ], [ 7.68495, 45.08286 ], [ 7.68482, 45.08294 ], [ 7.68481, 45.08294 ], [ 7.68472, 45.08287 ] ] ] } },
{ "type": "Feature", "properties": { "uuid": "a31f7772-3645-4acd-9c91-fce744931017", "data_acq": "2019-11-30 00:00:00", "data_agg": "2019-11-30 00:00:00", "data_fin": "9999-12-31 00:00:00", "ente_for": "REGIONE PIEMONTE", "ente_prod": "REGIONE PIEMONTE", "modo_prod": "banche dati esterne - catasto", "sc_acq": "1:2000", "edifc_ty": "generica", "edifc_uso": "residenziale e commerciale", "edifc_stat": "costruito", "edifc_mon": "0", "edifc_nome": "", "edifc_idag": "", "edifc_ided": "", "source": "BDTRE edifc" }, "geometry": { "type": "Polygon", "coordinates": [ [ [ 7.66618, 45.08207 ], [ 7.66629, 45.08222 ], [ 7.66629, 45.08222 ], [ 7.66603, 45.08231 ], [ 7.66596, 45.08221 ], [ 7.66608, 45.08217 ], [ 7.66609, 45.08216 ], [ 7.66606, 45.08211 ], [ 7.66618, 45.08207 ] ] ] } },
{ "type": "Feature", "properties": { "uuid": "9a10dcf4-8c50-4fbf-b8b0-b072ea5b5847", "data_acq": "2019-11-30 00:00:00", "data_agg": "2019-11-30 00:00:00", "data_fin": "9999-12-31 00:00:00", "ente_for": "REGIONE PIEMONTE", "ente_prod": "REGIONE PIEMONTE", "modo_prod": "banche dati esterne - catasto", "sc_acq": "1:2000", "edifc_ty": "generica", "edifc_uso": "residenziale e commerciale", "edifc_stat": "costruito", "edifc_mon": "0", "edifc_nome": "", "edifc_idag": "", "edifc_ided": "", "source": "BDTRE edifc" }, "geometry": { "type": "Polygon", "coordinates": [ [ [ 7.69445, 45.08281 ], [ 7.69442, 45.08284 ], [ 7.69436, 45.08281 ], [ 7.69438, 45.08278 ], [ 7.69445, 45.08281 ] ] ] } },
{ "type": "Feature", "properties": { "uuid": "53cf76c6-5a12-46d3-b448-833ca7629a10", "data_acq": "2019-11-30 00:00:00", "data_agg": "2019-11-30 00:00:00", "data_fin": "9999-12-31 00:00:00", "ente_for": "REGIONE PIEMONTE", "ente_prod": "REGIONE PIEMONTE", "modo_prod": "banche dati esterne - catasto", "sc_acq": "1:2000", "edifc_ty": "generica", "edifc_uso": "residenziale e commerciale", "edifc_stat": "costruito", "edifc_mon": "0", "edifc_nome": "", "edifc_idag": "", "edifc_ided": "", "source": "BDTRE edifc" }, "geometry": { "type": "Polygon", "coordinates": [ [ [ 7.68674, 45.08202 ], [ 7.6866, 45.08207 ], [ 7.68659, 45.08207 ], [ 7.6865, 45.08194 ], [ 7.68652, 45.08193 ], [ 7.6865, 45.08191 ], [ 7.68647, 45.0819 ], [ 7.68641, 45.08193 ], [ 7.68641, 45.08193 ], [ 7.68621, 45.08206 ], [ 7.68614, 45.08195 ], [ 7.68633, 45.08182 ], [ 7.68648, 45.08177 ], [ 7.6866, 45.08179 ], [ 7.68674, 45.08202 ] ] ] } },
{ "type": "Feature", "properties": { "uuid": "1d915ab3-de8a-43b0-af9f-0dc0d8032a10", "data_acq": "2019-11-30 00:00:00", "data_agg": "2019-11-30 00:00:00", "data_fin": "9999-12-31 00:00:00", "ente_for": "REGIONE PIEMONTE", "ente_prod": "REGIONE PIEMONTE", "modo_prod": "banche dati esterne - catasto", "sc_acq": "1:2000", "edifc_ty": "generica", "edifc_uso": "residenziale e commerciale", "edifc_stat": "costruito", "edifc_mon": "0", "edifc_nome": "", "edifc_idag": "", "edifc_ided": "", "source": "BDTRE edifc" }, "geometry": { "type": "Polygon", "coordinates": [ [ [ 7.67195, 45.08113 ], [ 7.67214, 45.08106 ], [ 7.67213, 45.08106 ], [ 7.6721, 45.08107 ], [ 7.67207, 45.08102 ], [ 7.67206, 45.08103 ], [ 7.67205, 45.08102 ], [ 7.67206, 45.08102 ], [ 7.67207, 45.081 ], [ 7.67207, 45.081 ], [ 7.67207, 45.081 ], [ 7.67208, 45.08101 ], [ 7.67208, 45.08099 ], [ 7.67207, 45.08099 ], [ 7.67208, 45.08097 ], [ 7.67209, 45.08097 ], [ 7.6721, 45.08097 ], [ 7.6721, 45.08095 ], [ 7.67208, 45.08095 ], [ 7.67209, 45.08092 ], [ 7.67207, 45.08092 ], [ 7.67207, 45.08091 ], [ 7.6721, 45.0809 ], [ 7.6721, 45.0809 ], [ 7.67211, 45.08091 ], [ 7.67211, 45.08091 ], [ 7.67212, 45.0809 ], [ 7.67211, 45.0809 ], [ 7.67215, 45.08089 ], [ 7.67214, 45.08088 ], [ 7.67222, 45.08086 ], [ 7.67216, 45.08076 ], [ 7.67207, 45.08079 ], [ 7.67203, 45.08081 ], [ 7.67201, 45.08081 ], [ 7.67197, 45.08082 ], [ 7.67196, 45.08085 ], [ 7.67196, 45.08087 ], [ 7.67195, 45.08089 ], [ 7.67195, 45.08091 ], [ 7.67194, 45.08092 ], [ 7.67193, 45.08093 ], [ 7.67192, 45.08095 ], [ 7.67192, 45.08095 ], [ 7.67192, 45.08096 ], [ 7.67191, 45.08096 ], [ 7.67191, 45.08097 ], [ 7.6719, 45.08098 ], [ 7.67189, 45.081 ], [ 7.67187, 45.08102 ], [ 7.67195, 45.08113 ] ] ] } },
{ "type": "Feature", "properties": { "uuid": "27348da9-e091-436c-a3d4-1cfe384b0a72", "data_acq": "2019-11-30 00:00:00", "data_agg": "2019-11-30 00:00:00", "data_fin": "9999-12-31 00:00:00", "ente_for": "REGIONE PIEMONTE", "ente_prod": "REGIONE PIEMONTE", "modo_prod": "banche dati esterne - catasto", "sc_acq": "1:2000", "edifc_ty": "generica", "edifc_uso": "residenziale e commerciale", "edifc_stat": "costruito", "edifc_mon": "0", "edifc_nome": "", "edifc_idag": "", "edifc_ided": "", "source": "BDTRE edifc" }, "geometry": { "type": "Polygon", "coordinates": [ [ [ 7.68446, 45.07954 ], [ 7.68438, 45.07955 ], [ 7.68438, 45.07954 ], [ 7.68433, 45.07947 ], [ 7.68425, 45.07936 ], [ 7.68444, 45.0793 ], [ 7.68449, 45.07944 ], [ 7.68447, 45.07944 ], [ 7.68446, 45.07943 ], [ 7.68439, 45.07945 ], [ 7.68443, 45.07952 ], [ 7.68445, 45.07952 ], [ 7.68446, 45.07954 ] ] ] } },
{ "type": "Feature", "properties": { "uuid": "5b5245db-dfba-4448-b1d4-fea5cb389e34", "data_acq": "2019-11-30 00:00:00", "data_agg": "2019-11-30 00:00:00", "data_fin": "9999-12-31 00:00:00", "ente_for": "REGIONE PIEMONTE", "ente_prod": "REGIONE PIEMONTE", "modo_prod": "banche dati esterne - catasto", "sc_acq": "1:2000", "edifc_ty": "generica", "edifc_uso": "residenziale e commerciale", "edifc_stat": "costruito", "edifc_mon": "0", "edifc_nome": "", "edifc_idag": "", "edifc_ided": "", "source": "BDTRE edifc" }, "geometry": { "type": "Polygon", "coordinates": [ [ [ 7.677, 45.06582 ], [ 7.67692, 45.06585 ], [ 7.6769, 45.06585 ], [ 7.67708, 45.0661 ], [ 7.67667, 45.06625 ], [ 7.67648, 45.06598 ], [ 7.67648, 45.06598 ], [ 7.67648, 45.06598 ], [ 7.67647, 45.06596 ], [ 7.67646, 45.06594 ], [ 7.67644, 45.06592 ], [ 7.67643, 45.06591 ], [ 7.67645, 45.0659 ], [ 7.67654, 45.06587 ], [ 7.67668, 45.06582 ], [ 7.67693, 45.06573 ], [ 7.677, 45.06582 ] ], [ [ 7.67666, 45.06591 ], [ 7.6767, 45.06597 ], [ 7.67677, 45.06594 ], [ 7.67673, 45.06589 ], [ 7.67666, 45.06591 ] ], [ [ 7.67662, 45.06593 ], [ 7.67654, 45.06596 ], [ 7.67656, 45.06598 ], [ 7.67664, 45.06595 ], [ 7.67663, 45.06593 ], [ 7.67662, 45.06593 ] ], [ [ 7.67664, 45.06609 ], [ 7.67672, 45.0662 ], [ 7.67678, 45.06618 ], [ 7.67672, 45.0661 ], [ 7.67674, 45.06609 ], [ 7.67672, 45.06606 ], [ 7.67664, 45.06609 ] ] ] } },
{ "type": "Feature", "properties": { "uuid": "73747bbb-914a-410c-a8db-243c67da3942", "data_acq": "2019-11-30 00:00:00", "data_agg": "2019-11-30 00:00:00", "data_fin": "9999-12-31 00:00:00", "ente_for": "REGIONE PIEMONTE", "ente_prod": "REGIONE PIEMONTE", "modo_prod": "banche dati esterne - catasto", "sc_acq": "1:2000", "edifc_ty": "generica", "edifc_uso": "residenziale e commerciale", "edifc_stat": "costruito", "edifc_mon": "0", "edifc_nome": "", "edifc_idag": "", "edifc_ided": "", "source": "BDTRE edifc" }, "geometry": { "type": "Polygon", "coordinates": [ [ [ 7.67335, 45.06963 ], [ 7.67323, 45.06946 ], [ 7.67296, 45.06956 ], [ 7.67303, 45.06968 ], [ 7.67304, 45.06967 ], [ 7.67305, 45.06967 ], [ 7.67305, 45.06967 ], [ 7.67315, 45.06963 ], [ 7.67319, 45.06969 ], [ 7.67335, 45.06963 ] ] ] } },
{ "type": "Feature", "properties": { "uuid": "31f7ad99-b0b0-4598-b3f2-e0b2fbb7e118", "data_acq": "2019-11-30 00:00:00", "data_agg": "2019-11-30 00:00:00", "data_fin": "9999-12-31 00:00:00", "ente_for": "REGIONE PIEMONTE", "ente_prod": "REGIONE PIEMONTE", "modo_prod": "banche dati esterne - catasto", "sc_acq": "1:2000", "edifc_ty": "generica", "edifc_uso": "residenziale e commerciale", "edifc_stat": "costruito", "edifc_mon": "0", "edifc_nome": "", "edifc_idag": "", "edifc_ided": "", "source": "BDTRE edifc" }, "geometry": { "type": "Polygon", "coordinates": [ [ [ 7.67733, 45.07377 ], [ 7.67735, 45.07379 ], [ 7.67741, 45.07387 ], [ 7.67719, 45.07395 ], [ 7.67713, 45.07384 ], [ 7.67712, 45.07385 ], [ 7.67708, 45.07378 ], [ 7.67707, 45.07378 ], [ 7.67718, 45.07374 ], [ 7.67718, 45.07375 ], [ 7.67717, 45.07375 ], [ 7.67722, 45.07382 ], [ 7.67724, 45.07382 ], [ 7.67724, 45.07381 ], [ 7.67725, 45.07381 ], [ 7.67726, 45.07381 ], [ 7.67729, 45.0738 ], [ 7.67728, 45.07379 ], [ 7.67728, 45.07379 ], [ 7.67733, 45.07377 ] ] ] } },
{ "type": "Feature", "properties": { "uuid": "5d2dea40-d426-43af-b567-4016b8e060e9", "data_acq": "2019-11-30 00:00:00", "data_agg": "2019-11-30 00:00:00", "data_fin": "9999-12-31 00:00:00", "ente_for": "REGIONE PIEMONTE", "ente_prod": "REGIONE PIEMONTE", "modo_prod": "banche dati esterne - catasto", "sc_acq": "1:2000", "edifc_ty": "generica", "edifc_uso": "residenziale e commerciale", "edifc_stat": "costruito", "edifc_mon": "0", "edifc_nome": "", "edifc_idag": "", "edifc_ided": "", "source": "BDTRE edifc" }, "geometry": { "type": "Polygon", "coordinates": [ [ [ 7.69445, 45.07137 ], [ 7.69429, 45.07143 ], [ 7.69422, 45.07132 ], [ 7.69422, 45.07132 ], [ 7.69405, 45.07108 ], [ 7.69406, 45.07107 ], [ 7.694, 45.07099 ], [ 7.69394, 45.071 ], [ 7.6939, 45.07104 ], [ 7.69389, 45.07104 ], [ 7.69379, 45.07113 ], [ 7.69377, 45.07112 ], [ 7.69375, 45.07115 ], [ 7.69374, 45.07114 ], [ 7.69363, 45.07109 ], [ 7.69393, 45.07078 ], [ 7.69402, 45.07078 ], [ 7.69445, 45.07137 ] ] ] } },
{ "type": "Feature", "properties": { "uuid": "1202e75d-7571-496b-ba2c-208516862264", "data_acq": "2019-11-30 00:00:00", "data_agg": "2019-11-30 00:00:00", "data_fin": "9999-12-31 00:00:00", "ente_for": "REGIONE PIEMONTE", "ente_prod": "REGIONE PIEMONTE", "modo_prod": "banche dati esterne - catasto", "sc_acq": "1:2000", "edifc_ty": "generica", "edifc_uso": "residenziale e commerciale", "edifc_stat": "costruito", "edifc_mon": "0", "edifc_nome": "", "edifc_idag": "", "edifc_ided": "", "source": "BDTRE edifc" }, "geometry": { "type": "Polygon", "coordinates": [ [ [ 7.68728, 45.079 ], [ 7.68716, 45.07897 ], [ 7.68713, 45.07895 ], [ 7.68706, 45.07888 ], [ 7.68718, 45.07882 ], [ 7.68723, 45.07886 ], [ 7.68734, 45.0789 ], [ 7.68728, 45.079 ] ] ] } },
{ "type": "Feature", "properties": { "uuid": "de6383ba-37ae-4179-b3c3-249eeaf648e8", "data_acq": "2019-11-30 00:00:00", "data_agg": "2019-11-30 00:00:00", "data_fin": "9999-12-31 00:00:00", "ente_for": "REGIONE PIEMONTE", "ente_prod": "REGIONE PIEMONTE", "modo_prod": "banche dati esterne - catasto", "sc_acq": "1:2000", "edifc_ty": "generica", "edifc_uso": "residenziale e commerciale", "edifc_stat": "costruito", "edifc_mon": "0", "edifc_nome": "", "edifc_idag": "", "edifc_ided": "", "source": "BDTRE edifc" }, "geometry": { "type": "Polygon", "coordinates": [ [ [ 7.67943, 45.0837 ], [ 7.6793, 45.08375 ], [ 7.67929, 45.08375 ], [ 7.6794, 45.0839 ], [ 7.67953, 45.08385 ], [ 7.67943, 45.0837 ] ] ] } },
{ "type": "Feature", "properties": { "uuid": "a283c0c6-1ea1-4c22-984f-f2963804fa91", "data_acq": "2019-11-30 00:00:00", "data_agg": "2019-11-30 00:00:00", "data_fin": "9999-12-31 00:00:00", "ente_for": "REGIONE PIEMONTE", "ente_prod": "REGIONE PIEMONTE", "modo_prod": "banche dati esterne - catasto", "sc_acq": "1:2000", "edifc_ty": "generica", "edifc_uso": "residenziale e commerciale", "edifc_stat": "costruito", "edifc_mon": "0", "edifc_nome": "", "edifc_idag": "", "edifc_ided": "", "source": "BDTRE edifc" }, "geometry": { "type": "Polygon", "coordinates": [ [ [ 7.66603, 45.0831 ], [ 7.66599, 45.08303 ], [ 7.66587, 45.08284 ], [ 7.66576, 45.08288 ], [ 7.66579, 45.08297 ], [ 7.6658, 45.083 ], [ 7.6658, 45.08301 ], [ 7.66589, 45.08298 ], [ 7.66594, 45.08307 ], [ 7.66594, 45.08307 ], [ 7.66594, 45.08307 ], [ 7.66585, 45.0831 ], [ 7.66584, 45.0831 ], [ 7.66583, 45.0831 ], [ 7.66585, 45.08315 ], [ 7.66588, 45.08314 ], [ 7.66603, 45.0831 ] ] ] } },
{ "type": "Feature", "properties": { "uuid": "08e20fb6-b1ab-42c6-901f-b9d6e57e4c68", "data_acq": "2019-11-30 00:00:00", "data_agg": "2019-11-30 00:00:00", "data_fin": "9999-12-31 00:00:00", "ente_for": "REGIONE PIEMONTE", "ente_prod": "REGIONE PIEMONTE", "modo_prod": "banche dati esterne - catasto", "sc_acq": "1:2000", "edifc_ty": "generica", "edifc_uso": "residenziale e commerciale", "edifc_stat": "costruito", "edifc_mon": "0", "edifc_nome": "", "edifc_idag": "", "edifc_ided": "", "source": "BDTRE edifc" }, "geometry": { "type": "Polygon", "coordinates": [ [ [ 7.66753, 45.07749 ], [ 7.6676, 45.07759 ], [ 7.6676, 45.07759 ], [ 7.66763, 45.07758 ], [ 7.66775, 45.07774 ], [ 7.66785, 45.0777 ], [ 7.66785, 45.0777 ], [ 7.66786, 45.07768 ], [ 7.66776, 45.07754 ], [ 7.66776, 45.07754 ], [ 7.6679, 45.07749 ], [ 7.66793, 45.07753 ], [ 7.66797, 45.07758 ], [ 7.66799, 45.07759 ], [ 7.66799, 45.07759 ], [ 7.6681, 45.07756 ], [ 7.66795, 45.07734 ], [ 7.66773, 45.07742 ], [ 7.66753, 45.07749 ], [ 7.66753, 45.07749 ] ] ] } },
{ "type": "Feature", "properties": { "uuid": "3b5f3bd7-93ef-4169-8538-0f43f7e2eca2", "data_acq": "2019-11-30 00:00:00", "data_agg": "2019-11-30 00:00:00", "data_fin": "9999-12-31 00:00:00", "ente_for": "REGIONE PIEMONTE", "ente_prod": "REGIONE PIEMONTE", "modo_prod": "banche dati esterne - catasto", "sc_acq": "1:2000", "edifc_ty": "generica", "edifc_uso": "residenziale e commerciale", "edifc_stat": "costruito", "edifc_mon": "0", "edifc_nome": "", "edifc_idag": "", "edifc_ided": "", "source": "BDTRE edifc" }, "geometry": { "type": "Polygon", "coordinates": [ [ [ 7.68018, 45.07689 ], [ 7.68011, 45.07692 ], [ 7.68009, 45.0769 ], [ 7.68002, 45.07692 ], [ 7.68002, 45.07691 ], [ 7.68003, 45.0769 ], [ 7.67999, 45.07685 ], [ 7.67999, 45.07685 ], [ 7.67985, 45.0769 ], [ 7.67987, 45.07693 ], [ 7.67989, 45.07693 ], [ 7.67991, 45.07696 ], [ 7.67992, 45.07696 ], [ 7.67993, 45.07696 ], [ 7.67985, 45.07699 ], [ 7.67977, 45.07687 ], [ 7.6798, 45.07686 ], [ 7.67977, 45.07681 ], [ 7.67999, 45.07673 ], [ 7.68006, 45.07671 ], [ 7.68018, 45.07689 ] ] ] } },
{ "type": "Feature", "properties": { "uuid": "70d4823b-3ab7-4ddd-97c1-9ad362409465", "data_acq": "2019-11-30 00:00:00", "data_agg": "2019-11-30 00:00:00", "data_fin": "9999-12-31 00:00:00", "ente_for": "REGIONE PIEMONTE", "ente_prod": "REGIONE PIEMONTE", "modo_prod": "banche dati esterne - catasto", "sc_acq": "1:2000", "edifc_ty": "generica", "edifc_uso": "residenziale e commerciale", "edifc_stat": "costruito", "edifc_mon": "0", "edifc_nome": "", "edifc_idag": "", "edifc_ided": "", "source": "BDTRE edifc" }, "geometry": { "type": "Polygon", "coordinates": [ [ [ 7.68267, 45.07121 ], [ 7.68282, 45.07136 ], [ 7.68286, 45.07134 ], [ 7.6828, 45.07128 ], [ 7.68286, 45.07125 ], [ 7.68281, 45.07116 ], [ 7.68281, 45.07116 ], [ 7.68281, 45.07116 ], [ 7.6828, 45.07115 ], [ 7.6828, 45.07115 ], [ 7.6828, 45.07115 ], [ 7.68277, 45.07117 ], [ 7.68267, 45.07121 ] ] ] } },
{ "type": "Feature", "properties": { "uuid": "99654070-d827-42db-894b-f794a49430c8", "data_acq": "2019-11-30 00:00:00", "data_agg": "2019-11-30 00:00:00", "data_fin": "9999-12-31 00:00:00", "ente_for": "REGIONE PIEMONTE", "ente_prod": "REGIONE PIEMONTE", "modo_prod": "banche dati esterne - catasto", "sc_acq": "1:2000", "edifc_ty": "generica", "edifc_uso": "residenziale e commerciale", "edifc_stat": "costruito", "edifc_mon": "0", "edifc_nome": "", "edifc_idag": "", "edifc_ided": "", "source": "BDTRE edifc" }, "geometry": { "type": "Polygon", "coordinates": [ [ [ 7.67422, 45.08178 ], [ 7.67409, 45.08159 ], [ 7.67401, 45.08161 ], [ 7.67403, 45.08165 ], [ 7.67405, 45.08169 ], [ 7.67412, 45.08167 ], [ 7.67413, 45.08169 ], [ 7.67395, 45.08175 ], [ 7.67401, 45.08185 ], [ 7.67401, 45.08185 ], [ 7.67422, 45.08178 ] ] ] } },
{ "type": "Feature", "properties": { "uuid": "2cdc411c-7d17-4ffb-b28c-b292d65a98a7", "data_acq": "2019-11-30 00:00:00", "data_agg": "2019-11-30 00:00:00", "data_fin": "9999-12-31 00:00:00", "ente_for": "REGIONE PIEMONTE", "ente_prod": "REGIONE PIEMONTE", "modo_prod": "banche dati esterne - catasto", "sc_acq": "1:2000", "edifc_ty": "generica", "edifc_uso": "residenziale e commerciale", "edifc_stat": "costruito", "edifc_mon": "0", "edifc_nome": "", "edifc_idag": "", "edifc_ided": "", "source": "BDTRE edifc" }, "geometry": { "type": "Polygon", "coordinates": [ [ [ 7.66963, 45.08112 ], [ 7.66956, 45.08101 ], [ 7.66954, 45.08102 ], [ 7.66954, 45.08102 ], [ 7.66954, 45.08102 ], [ 7.66955, 45.08102 ], [ 7.66951, 45.08104 ], [ 7.66949, 45.08104 ], [ 7.66949, 45.08104 ], [ 7.66948, 45.08104 ], [ 7.66944, 45.08105 ], [ 7.66944, 45.08105 ], [ 7.66945, 45.08105 ], [ 7.66945, 45.08106 ], [ 7.66942, 45.08106 ], [ 7.66938, 45.08108 ], [ 7.66944, 45.08118 ], [ 7.66951, 45.08116 ], [ 7.66955, 45.08115 ], [ 7.66963, 45.08112 ] ] ] } },
{ "type": "Feature", "properties": { "uuid": "bf6e8fd1-ef6d-4ad8-806b-5c978377e139", "data_acq": "2019-11-30 00:00:00", "data_agg": "2019-11-30 00:00:00", "data_fin": "9999-12-31 00:00:00", "ente_for": "REGIONE PIEMONTE", "ente_prod": "REGIONE PIEMONTE", "modo_prod": "banche dati esterne - catasto", "sc_acq": "1:2000", "edifc_ty": "generica", "edifc_uso": "residenziale e commerciale", "edifc_stat": "costruito", "edifc_mon": "0", "edifc_nome": "", "edifc_idag": "", "edifc_ided": "", "source": "BDTRE edifc" }, "geometry": { "type": "Polygon", "coordinates": [ [ [ 7.67909, 45.07078 ], [ 7.67901, 45.07067 ], [ 7.67901, 45.07067 ], [ 7.67901, 45.07066 ], [ 7.679, 45.07065 ], [ 7.67877, 45.07073 ], [ 7.67877, 45.07073 ], [ 7.67884, 45.07084 ], [ 7.67884, 45.07084 ], [ 7.67897, 45.0708 ], [ 7.67903, 45.07078 ], [ 7.67907, 45.07078 ], [ 7.67909, 45.07078 ] ] ] } },
{ "type": "Feature", "properties": { "uuid": "79504c5d-b523-4356-8ef8-3adeba5e6e4a", "data_acq": "2019-11-30 00:00:00", "data_agg": "2019-11-30 00:00:00", "data_fin": "9999-12-31 00:00:00", "ente_for": "REGIONE PIEMONTE", "ente_prod": "REGIONE PIEMONTE", "modo_prod": "banche dati esterne - catasto", "sc_acq": "1:2000", "edifc_ty": "generica", "edifc_uso": "residenziale e commerciale", "edifc_stat": "costruito", "edifc_mon": "0", "edifc_nome": "", "edifc_idag": "", "edifc_ided": "", "source": "BDTRE edifc" }, "geometry": { "type": "Polygon", "coordinates": [ [ [ 7.68239, 45.07004 ], [ 7.68231, 45.07007 ], [ 7.6822, 45.07011 ], [ 7.68224, 45.07017 ], [ 7.68231, 45.07025 ], [ 7.6823, 45.07025 ], [ 7.68231, 45.07026 ], [ 7.68237, 45.07024 ], [ 7.68241, 45.0703 ], [ 7.68237, 45.07032 ], [ 7.68243, 45.07039 ], [ 7.68245, 45.07042 ], [ 7.68246, 45.07043 ], [ 7.68259, 45.07038 ], [ 7.68248, 45.0702 ], [ 7.68239, 45.07004 ] ] ] } },
{ "type": "Feature", "properties": { "uuid": "53bd9356-9813-4cf4-acf8-e0575543737b", "data_acq": "2019-11-30 00:00:00", "data_agg": "2019-11-30 00:00:00", "data_fin": "9999-12-31 00:00:00", "ente_for": "REGIONE PIEMONTE", "ente_prod": "REGIONE PIEMONTE", "modo_prod": "banche dati esterne - catasto", "sc_acq": "1:2000", "edifc_ty": "generica", "edifc_uso": "residenziale e commerciale", "edifc_stat": "costruito", "edifc_mon": "0", "edifc_nome": "", "edifc_idag": "", "edifc_ided": "", "source": "BDTRE edifc" }, "geometry": { "type": "Polygon", "coordinates": [ [ [ 7.68242, 45.06925 ], [ 7.68243, 45.06925 ], [ 7.68243, 45.06925 ], [ 7.68245, 45.06928 ], [ 7.68247, 45.06931 ], [ 7.68246, 45.06931 ], [ 7.68217, 45.06939 ], [ 7.68217, 45.06939 ], [ 7.68216, 45.06938 ], [ 7.68216, 45.06938 ], [ 7.6821, 45.06928 ], [ 7.68204, 45.06916 ], [ 7.68204, 45.06916 ], [ 7.68204, 45.06916 ], [ 7.68205, 45.06916 ], [ 7.68205, 45.06916 ], [ 7.6822, 45.06912 ], [ 7.68222, 45.06916 ], [ 7.68224, 45.06915 ], [ 7.68226, 45.0692 ], [ 7.68224, 45.0692 ], [ 7.68229, 45.06928 ], [ 7.6823, 45.0693 ], [ 7.6824, 45.06927 ], [ 7.68241, 45.06927 ], [ 7.68241, 45.06926 ], [ 7.68242, 45.06925 ] ] ] } },
{ "type": "Feature", "properties": { "uuid": "eb1bde1e-b773-48f9-ba51-0b21b4b9b815", "data_acq": "2019-11-30 00:00:00", "data_agg": "2019-11-30 00:00:00", "data_fin": "9999-12-31 00:00:00", "ente_for": "REGIONE PIEMONTE", "ente_prod": "REGIONE PIEMONTE", "modo_prod": "banche dati esterne - catasto", "sc_acq": "1:2000", "edifc_ty": "generica", "edifc_uso": "residenziale e commerciale", "edifc_stat": "costruito", "edifc_mon": "0", "edifc_nome": "", "edifc_idag": "", "edifc_ided": "", "source": "BDTRE edifc" }, "geometry": { "type": "Polygon", "coordinates": [ [ [ 7.66914, 45.06989 ], [ 7.66914, 45.06989 ], [ 7.66914, 45.0699 ], [ 7.66915, 45.06991 ], [ 7.66917, 45.06994 ], [ 7.66902, 45.06999 ], [ 7.66899, 45.06994 ], [ 7.66899, 45.06994 ], [ 7.66914, 45.06989 ] ] ] } },
{ "type": "Feature", "properties": { "uuid": "8f6f9cab-4c7e-47fe-b35e-febd5d5e4ddb", "data_acq": "2019-11-30 00:00:00", "data_agg": "2019-11-30 00:00:00", "data_fin": "9999-12-31 00:00:00", "ente_for": "REGIONE PIEMONTE", "ente_prod": "REGIONE PIEMONTE", "modo_prod": "banche dati esterne - catasto", "sc_acq": "1:2000", "edifc_ty": "generica", "edifc_uso": "residenziale e commerciale", "edifc_stat": "costruito", "edifc_mon": "0", "edifc_nome": "", "edifc_idag": "", "edifc_ided": "", "source": "BDTRE edifc" }, "geometry": { "type": "Polygon", "coordinates": [ [ [ 7.67728, 45.07628 ], [ 7.67717, 45.07614 ], [ 7.67717, 45.07613 ], [ 7.67703, 45.07593 ], [ 7.6774, 45.0758 ], [ 7.67748, 45.07592 ], [ 7.6776, 45.07609 ], [ 7.67762, 45.07612 ], [ 7.67764, 45.07615 ], [ 7.67755, 45.07619 ], [ 7.67743, 45.07623 ], [ 7.67743, 45.07623 ], [ 7.67728, 45.07628 ] ], [ [ 7.67726, 45.07601 ], [ 7.67739, 45.07619 ], [ 7.67753, 45.07614 ], [ 7.67753, 45.07613 ], [ 7.6774, 45.07596 ], [ 7.67726, 45.07601 ] ] ] } },
{ "type": "Feature", "properties": { "uuid": "36b44620-0d19-4ff4-a9f0-3a021bc3dd8b", "data_acq": "2019-11-30 00:00:00", "data_agg": "2019-11-30 00:00:00", "data_fin": "9999-12-31 00:00:00", "ente_for": "REGIONE PIEMONTE", "ente_prod": "REGIONE PIEMONTE", "modo_prod": "banche dati esterne - catasto", "sc_acq": "1:2000", "edifc_ty": "generica", "edifc_uso": "residenziale e commerciale", "edifc_stat": "costruito", "edifc_mon": "0", "edifc_nome": "", "edifc_idag": "", "edifc_ided": "", "source": "BDTRE edifc" }, "geometry": { "type": "Polygon", "coordinates": [ [ [ 7.68697, 45.06703 ], [ 7.68709, 45.06699 ], [ 7.68728, 45.06692 ], [ 7.68737, 45.06689 ], [ 7.68756, 45.06715 ], [ 7.68754, 45.06716 ], [ 7.68762, 45.06727 ], [ 7.68757, 45.06729 ], [ 7.68757, 45.06729 ], [ 7.68736, 45.06737 ], [ 7.68727, 45.0674 ], [ 7.68716, 45.06724 ], [ 7.68716, 45.06724 ], [ 7.68708, 45.06712 ], [ 7.68705, 45.06708 ], [ 7.68701, 45.0671 ], [ 7.68697, 45.06703 ] ], [ [ 7.68716, 45.0671 ], [ 7.68728, 45.06726 ], [ 7.6875, 45.06718 ], [ 7.68739, 45.06701 ], [ 7.68739, 45.06701 ], [ 7.68716, 45.0671 ] ] ] } },
{ "type": "Feature", "properties": { "uuid": "ef6966e8-e41f-46ea-a35b-8558b705fdf4", "data_acq": "2019-11-30 00:00:00", "data_agg": "2019-11-30 00:00:00", "data_fin": "9999-12-31 00:00:00", "ente_for": "REGIONE PIEMONTE", "ente_prod": "REGIONE PIEMONTE", "modo_prod": "banche dati esterne - catasto", "sc_acq": "1:2000", "edifc_ty": "generica", "edifc_uso": "residenziale e produttivo", "edifc_stat": "costruito", "edifc_mon": "0", "edifc_nome": "", "edifc_idag": "", "edifc_ided": "", "source": "BDTRE edifc" }, "geometry": { "type": "Polygon", "coordinates": [ [ [ 7.66828, 45.0799 ], [ 7.66827, 45.0799 ], [ 7.66818, 45.07993 ], [ 7.66818, 45.07994 ], [ 7.66805, 45.07998 ], [ 7.66798, 45.07987 ], [ 7.66833, 45.07975 ], [ 7.6684, 45.07986 ], [ 7.66828, 45.0799 ] ] ] } },
{ "type": "Feature", "properties": { "uuid": "ab044f8b-a016-4846-960b-8f936d2d7261", "data_acq": "2019-11-30 00:00:00", "data_agg": "2019-11-30 00:00:00", "data_fin": "9999-12-31 00:00:00", "ente_for": "REGIONE PIEMONTE", "ente_prod": "REGIONE PIEMONTE", "modo_prod": "banche dati esterne - catasto", "sc_acq": "1:2000", "edifc_ty": "generica", "edifc_uso": "residenziale e commerciale", "edifc_stat": "costruito", "edifc_mon": "0", "edifc_nome": "", "edifc_idag": "", "edifc_ided": "", "source": "BDTRE edifc" }, "geometry": { "type": "Polygon", "coordinates": [ [ [ 7.67895, 45.08236 ], [ 7.67899, 45.08235 ], [ 7.679, 45.08236 ], [ 7.67898, 45.08237 ], [ 7.679, 45.08239 ], [ 7.67901, 45.08238 ], [ 7.67905, 45.08243 ], [ 7.67902, 45.08243 ], [ 7.67904, 45.08246 ], [ 7.67907, 45.08246 ], [ 7.6791, 45.0825 ], [ 7.67908, 45.08251 ], [ 7.67909, 45.08252 ], [ 7.67911, 45.08252 ], [ 7.67912, 45.08254 ], [ 7.67911, 45.08254 ], [ 7.67915, 45.0826 ], [ 7.67913, 45.0826 ], [ 7.67914, 45.08261 ], [ 7.67912, 45.08262 ], [ 7.67913, 45.08263 ], [ 7.67923, 45.0826 ], [ 7.67928, 45.08269 ], [ 7.67928, 45.08269 ], [ 7.6791, 45.08275 ], [ 7.67908, 45.08275 ], [ 7.67884, 45.0824 ], [ 7.67895, 45.08236 ] ] ] } },
{ "type": "Feature", "properties": { "uuid": "af2c4f4c-56a0-4465-93d6-8ec5275387e3", "data_acq": "2019-11-30 00:00:00", "data_agg": "2019-11-30 00:00:00", "data_fin": "9999-12-31 00:00:00", "ente_for": "REGIONE PIEMONTE", "ente_prod": "REGIONE PIEMONTE", "modo_prod": "banche dati esterne - catasto", "sc_acq": "1:2000", "edifc_ty": "generica", "edifc_uso": "residenziale e commerciale", "edifc_stat": "costruito", "edifc_mon": "0", "edifc_nome": "", "edifc_idag": "", "edifc_ided": "", "source": "BDTRE edifc" }, "geometry": { "type": "Polygon", "coordinates": [ [ [ 7.68496, 45.08348 ], [ 7.68493, 45.08355 ], [ 7.6849, 45.08365 ], [ 7.68478, 45.08363 ], [ 7.68479, 45.08359 ], [ 7.68481, 45.08353 ], [ 7.6848, 45.08353 ], [ 7.6848, 45.08352 ], [ 7.68482, 45.08347 ], [ 7.68481, 45.08347 ], [ 7.68481, 45.08346 ], [ 7.68496, 45.08348 ] ] ] } },
{ "type": "Feature", "properties": { "uuid": "ddb3b8bd-b7ea-4234-a785-db1814dabaf7", "data_acq": "2019-11-30 00:00:00", "data_agg": "2019-11-30 00:00:00", "data_fin": "9999-12-31 00:00:00", "ente_for": "REGIONE PIEMONTE", "ente_prod": "REGIONE PIEMONTE", "modo_prod": "banche dati esterne - catasto", "sc_acq": "1:2000", "edifc_ty": "generica", "edifc_uso": "residenziale e commerciale", "edifc_stat": "costruito", "edifc_mon": "0", "edifc_nome": "", "edifc_idag": "", "edifc_ided": "", "source": "BDTRE edifc" }, "geometry": { "type": "Polygon", "coordinates": [ [ [ 7.67801, 45.07674 ], [ 7.67774, 45.07674 ], [ 7.6776, 45.07674 ], [ 7.6776, 45.07674 ], [ 7.6776, 45.07674 ], [ 7.67744, 45.07651 ], [ 7.67779, 45.07639 ], [ 7.67785, 45.07649 ], [ 7.67785, 45.0765 ], [ 7.67786, 45.07651 ], [ 7.67785, 45.07651 ], [ 7.67785, 45.07651 ], [ 7.67784, 45.0765 ], [ 7.67784, 45.0765 ], [ 7.67769, 45.07656 ], [ 7.67775, 45.07665 ], [ 7.67791, 45.07659 ], [ 7.6779, 45.07658 ], [ 7.67791, 45.07658 ], [ 7.67801, 45.07674 ] ] ] } },
{ "type": "Feature", "properties": { "uuid": "7c213932-63bc-4ce6-ae80-f6fc88c039b1", "data_acq": "2019-11-30 00:00:00", "data_agg": "2019-11-30 00:00:00", "data_fin": "9999-12-31 00:00:00", "ente_for": "REGIONE PIEMONTE", "ente_prod": "REGIONE PIEMONTE", "modo_prod": "banche dati esterne - catasto", "sc_acq": "1:2000", "edifc_ty": "generica", "edifc_uso": "residenziale e commerciale", "edifc_stat": "costruito", "edifc_mon": "0", "edifc_nome": "", "edifc_idag": "", "edifc_ided": "", "source": "BDTRE edifc" }, "geometry": { "type": "Polygon", "coordinates": [ [ [ 7.67321, 45.06629 ], [ 7.67304, 45.06635 ], [ 7.67306, 45.06637 ], [ 7.67306, 45.06637 ], [ 7.67308, 45.06637 ], [ 7.67316, 45.06649 ], [ 7.67316, 45.06649 ], [ 7.67315, 45.0665 ], [ 7.67315, 45.06649 ], [ 7.67314, 45.06649 ], [ 7.67315, 45.0665 ], [ 7.67297, 45.06657 ], [ 7.67295, 45.06654 ], [ 7.67302, 45.06652 ], [ 7.67293, 45.06639 ], [ 7.67285, 45.06642 ], [ 7.67286, 45.06644 ], [ 7.67291, 45.06651 ], [ 7.67295, 45.06656 ], [ 7.67295, 45.06656 ], [ 7.67302, 45.06667 ], [ 7.67309, 45.06664 ], [ 7.67311, 45.06664 ], [ 7.6732, 45.0666 ], [ 7.67338, 45.06654 ], [ 7.67336, 45.06651 ], [ 7.67324, 45.06633 ], [ 7.67321, 45.06629 ], [ 7.67321, 45.06629 ] ] ] } },
{ "type": "Feature", "properties": { "uuid": "cb183bb1-28f3-4893-af00-7b42c0404b0e", "data_acq": "2019-11-30 00:00:00", "data_agg": "2019-11-30 00:00:00", "data_fin": "9999-12-31 00:00:00", "ente_for": "REGIONE PIEMONTE", "ente_prod": "REGIONE PIEMONTE", "modo_prod": "banche dati esterne - catasto", "sc_acq": "1:2000", "edifc_ty": "generica", "edifc_uso": "residenziale e commerciale", "edifc_stat": "costruito", "edifc_mon": "0", "edifc_nome": "", "edifc_idag": "", "edifc_ided": "", "source": "BDTRE edifc" }, "geometry": { "type": "Polygon", "coordinates": [ [ [ 7.69325, 45.07804 ], [ 7.69303, 45.07829 ], [ 7.69297, 45.07826 ], [ 7.69293, 45.07824 ], [ 7.69291, 45.07825 ], [ 7.69274, 45.07825 ], [ 7.69273, 45.07808 ], [ 7.69288, 45.07807 ], [ 7.69289, 45.07815 ], [ 7.6929, 45.07815 ], [ 7.6929, 45.07817 ], [ 7.6929, 45.07817 ], [ 7.69289, 45.07817 ], [ 7.69289, 45.07817 ], [ 7.69289, 45.07819 ], [ 7.69295, 45.07819 ], [ 7.69309, 45.07804 ], [ 7.69299, 45.07799 ], [ 7.69303, 45.07794 ], [ 7.69325, 45.07804 ] ] ] } },
{ "type": "Feature", "properties": { "uuid": "538e7d1d-8437-4469-b2d8-57275cf7f2fd", "data_acq": "2019-11-30 00:00:00", "data_agg": "2019-11-30 00:00:00", "data_fin": "9999-12-31 00:00:00", "ente_for": "REGIONE PIEMONTE", "ente_prod": "REGIONE PIEMONTE", "modo_prod": "banche dati esterne - catasto", "sc_acq": "1:2000", "edifc_ty": "generica", "edifc_uso": "residenziale e commerciale", "edifc_stat": "costruito", "edifc_mon": "0", "edifc_nome": "", "edifc_idag": "", "edifc_ided": "", "source": "BDTRE edifc" }, "geometry": { "type": "Polygon", "coordinates": [ [ [ 7.67532, 45.07527 ], [ 7.67541, 45.0754 ], [ 7.67547, 45.07548 ], [ 7.67548, 45.0755 ], [ 7.67554, 45.07559 ], [ 7.67536, 45.07566 ], [ 7.67521, 45.07571 ], [ 7.67516, 45.07573 ], [ 7.67512, 45.07567 ], [ 7.67509, 45.07562 ], [ 7.6751, 45.07561 ], [ 7.6751, 45.07561 ], [ 7.67521, 45.07557 ], [ 7.67531, 45.07553 ], [ 7.67517, 45.07533 ], [ 7.67532, 45.07527 ] ] ] } },
{ "type": "Feature", "properties": { "uuid": "cbfb3947-f51c-4860-8fed-de48386744a8", "data_acq": "2019-11-30 00:00:00", "data_agg": "2019-11-30 00:00:00", "data_fin": "9999-12-31 00:00:00", "ente_for": "REGIONE PIEMONTE", "ente_prod": "REGIONE PIEMONTE", "modo_prod": "banche dati esterne - catasto", "sc_acq": "1:2000", "edifc_ty": "generica", "edifc_uso": "residenziale e commerciale", "edifc_stat": "costruito", "edifc_mon": "0", "edifc_nome": "", "edifc_idag": "", "edifc_ided": "", "source": "BDTRE edifc" }, "geometry": { "type": "Polygon", "coordinates": [ [ [ 7.68308, 45.07473 ], [ 7.68334, 45.07506 ], [ 7.68366, 45.07548 ], [ 7.6836, 45.0755 ], [ 7.68355, 45.07543 ], [ 7.68344, 45.0753 ], [ 7.68331, 45.07513 ], [ 7.68324, 45.07515 ], [ 7.68317, 45.07518 ], [ 7.6831, 45.07508 ], [ 7.68312, 45.07507 ], [ 7.68312, 45.07507 ], [ 7.68314, 45.07506 ], [ 7.68312, 45.07503 ], [ 7.68313, 45.07503 ], [ 7.68301, 45.07486 ], [ 7.68303, 45.07485 ], [ 7.68296, 45.07477 ], [ 7.68308, 45.07473 ] ] ] } },
{ "type": "Feature", "properties": { "uuid": "d94ffeec-66c4-4a19-87e2-f7772dbbbfbc", "data_acq": "2019-11-30 00:00:00", "data_agg": "2019-11-30 00:00:00", "data_fin": "9999-12-31 00:00:00", "ente_for": "REGIONE PIEMONTE", "ente_prod": "REGIONE PIEMONTE", "modo_prod": "banche dati esterne - catasto", "sc_acq": "1:2000", "edifc_ty": "generica", "edifc_uso": "residenziale e commerciale", "edifc_stat": "costruito", "edifc_mon": "0", "edifc_nome": "", "edifc_idag": "", "edifc_ided": "", "source": "BDTRE edifc" }, "geometry": { "type": "Polygon", "coordinates": [ [ [ 7.68212, 45.07301 ], [ 7.68206, 45.07302 ], [ 7.68196, 45.07287 ], [ 7.68215, 45.07281 ], [ 7.68223, 45.07295 ], [ 7.68222, 45.07296 ], [ 7.68212, 45.073 ], [ 7.68212, 45.07301 ] ] ] } },
{ "type": "Feature", "properties": { "uuid": "cae48cf9-cf0a-4549-92b3-0dad207d28ea", "data_acq": "2019-11-30 00:00:00", "data_agg": "2019-11-30 00:00:00", "data_fin": "9999-12-31 00:00:00", "ente_for": "REGIONE PIEMONTE", "ente_prod": "REGIONE PIEMONTE", "modo_prod": "banche dati esterne - catasto", "sc_acq": "1:2000", "edifc_ty": "generica", "edifc_uso": "residenziale e commerciale", "edifc_stat": "costruito", "edifc_mon": "0", "edifc_nome": "", "edifc_idag": "", "edifc_ided": "", "source": "BDTRE edifc" }, "geometry": { "type": "Polygon", "coordinates": [ [ [ 7.68437, 45.08309 ], [ 7.6845, 45.08301 ], [ 7.68455, 45.08306 ], [ 7.68469, 45.08316 ], [ 7.68475, 45.08321 ], [ 7.68465, 45.0833 ], [ 7.68464, 45.0833 ], [ 7.68459, 45.08326 ], [ 7.68457, 45.08325 ], [ 7.68458, 45.08325 ], [ 7.68459, 45.08325 ], [ 7.68465, 45.08321 ], [ 7.68455, 45.08313 ], [ 7.68448, 45.08318 ], [ 7.68447, 45.08317 ], [ 7.68437, 45.08309 ] ] ] } },
{ "type": "Feature", "properties": { "uuid": "6a83b7bd-82fa-4c33-be79-048b15c70151", "data_acq": "2019-11-30 00:00:00", "data_agg": "2019-11-30 00:00:00", "data_fin": "9999-12-31 00:00:00", "ente_for": "REGIONE PIEMONTE", "ente_prod": "REGIONE PIEMONTE", "modo_prod": "banche dati esterne - catasto", "sc_acq": "1:2000", "edifc_ty": "generica", "edifc_uso": "residenziale e commerciale", "edifc_stat": "costruito", "edifc_mon": "0", "edifc_nome": "", "edifc_idag": "", "edifc_ided": "", "source": "BDTRE edifc" }, "geometry": { "type": "Polygon", "coordinates": [ [ [ 7.67952, 45.0737 ], [ 7.67949, 45.07366 ], [ 7.67946, 45.07362 ], [ 7.67945, 45.07361 ], [ 7.67943, 45.07358 ], [ 7.67956, 45.07354 ], [ 7.67959, 45.07359 ], [ 7.67953, 45.07361 ], [ 7.67957, 45.07366 ], [ 7.67958, 45.07369 ], [ 7.67956, 45.07369 ], [ 7.67954, 45.0737 ], [ 7.67952, 45.0737 ] ] ] } },
{ "type": "Feature", "properties": { "uuid": "296b9173-329e-48d4-a412-b5ced45a67b6", "data_acq": "2019-11-30 00:00:00", "data_agg": "2019-11-30 00:00:00", "data_fin": "9999-12-31 00:00:00", "ente_for": "REGIONE PIEMONTE", "ente_prod": "REGIONE PIEMONTE", "modo_prod": "banche dati esterne - catasto", "sc_acq": "1:2000", "edifc_ty": "generica", "edifc_uso": "residenziale e commerciale", "edifc_stat": "costruito", "edifc_mon": "0", "edifc_nome": "", "edifc_idag": "", "edifc_ided": "", "source": "BDTRE edifc" }, "geometry": { "type": "Polygon", "coordinates": [ [ [ 7.69411, 45.06501 ], [ 7.69443, 45.06479 ], [ 7.69387, 45.06437 ], [ 7.69355, 45.06457 ], [ 7.69396, 45.06489 ], [ 7.69396, 45.06489 ], [ 7.694, 45.06492 ], [ 7.69411, 45.06501 ] ], [ [ 7.69372, 45.06463 ], [ 7.69387, 45.06454 ], [ 7.69387, 45.06454 ], [ 7.69397, 45.06462 ], [ 7.69383, 45.06471 ], [ 7.69372, 45.06463 ] ], [ [ 7.69389, 45.06477 ], [ 7.69404, 45.06467 ], [ 7.69404, 45.06467 ], [ 7.69416, 45.06476 ], [ 7.69401, 45.06486 ], [ 7.69389, 45.06477 ] ] ] } },
{ "type": "Feature", "properties": { "uuid": "bddc6744-b6ba-43e7-be15-50f91328af48", "data_acq": "2019-11-30 00:00:00", "data_agg": "2019-11-30 00:00:00", "data_fin": "9999-12-31 00:00:00", "ente_for": "REGIONE PIEMONTE", "ente_prod": "REGIONE PIEMONTE", "modo_prod": "banche dati esterne - catasto", "sc_acq": "1:2000", "edifc_ty": "generica", "edifc_uso": "residenziale e commerciale", "edifc_stat": "costruito", "edifc_mon": "0", "edifc_nome": "", "edifc_idag": "", "edifc_ided": "", "source": "BDTRE edifc" }, "geometry": { "type": "Polygon", "coordinates": [ [ [ 7.69015, 45.08017 ], [ 7.69015, 45.08017 ], [ 7.69038, 45.08027 ], [ 7.69033, 45.08032 ], [ 7.69033, 45.08033 ], [ 7.69029, 45.08031 ], [ 7.6903, 45.0803 ], [ 7.69022, 45.08027 ], [ 7.69016, 45.08033 ], [ 7.69017, 45.08034 ], [ 7.69017, 45.08036 ], [ 7.69015, 45.08036 ], [ 7.69019, 45.08042 ], [ 7.69011, 45.08044 ], [ 7.69002, 45.08031 ], [ 7.69015, 45.08017 ] ] ] } },
{ "type": "Feature", "properties": { "uuid": "5d7b3b26-507b-45a3-aa63-453c56dbb581", "data_acq": "2019-11-30 00:00:00", "data_agg": "2019-11-30 00:00:00", "data_fin": "9999-12-31 00:00:00", "ente_for": "REGIONE PIEMONTE", "ente_prod": "REGIONE PIEMONTE", "modo_prod": "banche dati esterne - catasto", "sc_acq": "1:2000", "edifc_ty": "generica", "edifc_uso": "residenziale e commerciale", "edifc_stat": "costruito", "edifc_mon": "0", "edifc_nome": "", "edifc_idag": "", "edifc_ided": "", "source": "BDTRE edifc" }, "geometry": { "type": "Polygon", "coordinates": [ [ [ 7.68712, 45.07045 ], [ 7.6871, 45.0704 ], [ 7.68703, 45.07032 ], [ 7.68712, 45.07027 ], [ 7.68712, 45.07027 ], [ 7.68737, 45.07011 ], [ 7.68741, 45.07016 ], [ 7.68741, 45.07016 ], [ 7.68748, 45.07025 ], [ 7.68718, 45.07037 ], [ 7.68721, 45.07041 ], [ 7.68712, 45.07045 ] ] ] } },
{ "type": "Feature", "properties": { "uuid": "b493a0e8-35da-499f-a6a3-1104ec556911", "data_acq": "2019-11-30 00:00:00", "data_agg": "2019-11-30 00:00:00", "data_fin": "9999-12-31 00:00:00", "ente_for": "REGIONE PIEMONTE", "ente_prod": "REGIONE PIEMONTE", "modo_prod": "banche dati esterne - catasto", "sc_acq": "1:2000", "edifc_ty": "generica", "edifc_uso": "residenziale e commerciale", "edifc_stat": "costruito", "edifc_mon": "0", "edifc_nome": "", "edifc_idag": "", "edifc_ided": "", "source": "BDTRE edifc" }, "geometry": { "type": "Polygon", "coordinates": [ [ [ 7.68269, 45.06953 ], [ 7.68235, 45.06966 ], [ 7.68234, 45.06966 ], [ 7.68231, 45.06965 ], [ 7.68228, 45.06959 ], [ 7.68217, 45.06939 ], [ 7.68246, 45.06931 ], [ 7.68247, 45.06931 ], [ 7.6825, 45.06937 ], [ 7.68248, 45.06938 ], [ 7.68247, 45.06937 ], [ 7.68236, 45.0694 ], [ 7.68241, 45.06948 ], [ 7.68242, 45.06949 ], [ 7.68243, 45.06949 ], [ 7.68252, 45.06946 ], [ 7.68261, 45.06942 ], [ 7.68269, 45.06953 ] ] ] } },
{ "type": "Feature", "properties": { "uuid": "0e223665-bd13-4561-bfb7-e2d665db3776", "data_acq": "2019-11-30 00:00:00", "data_agg": "2019-11-30 00:00:00", "data_fin": "9999-12-31 00:00:00", "ente_for": "REGIONE PIEMONTE", "ente_prod": "REGIONE PIEMONTE", "modo_prod": "banche dati esterne - catasto", "sc_acq": "1:2000", "edifc_ty": "generica", "edifc_uso": "residenziale e commerciale", "edifc_stat": "costruito", "edifc_mon": "0", "edifc_nome": "", "edifc_idag": "", "edifc_ided": "", "source": "BDTRE edifc" }, "geometry": { "type": "Polygon", "coordinates": [ [ [ 7.67633, 45.07496 ], [ 7.67634, 45.07498 ], [ 7.67639, 45.07505 ], [ 7.6764, 45.07505 ], [ 7.6764, 45.07505 ], [ 7.67646, 45.07513 ], [ 7.67647, 45.07514 ], [ 7.67649, 45.07517 ], [ 7.67651, 45.0752 ], [ 7.67653, 45.07523 ], [ 7.67653, 45.07523 ], [ 7.67673, 45.07516 ], [ 7.67692, 45.07509 ], [ 7.67692, 45.07509 ], [ 7.6769, 45.07506 ], [ 7.67675, 45.07485 ], [ 7.67665, 45.07489 ], [ 7.67665, 45.07489 ], [ 7.67666, 45.07489 ], [ 7.67674, 45.075 ], [ 7.67653, 45.07507 ], [ 7.67646, 45.07498 ], [ 7.67643, 45.07494 ], [ 7.67646, 45.07493 ], [ 7.67645, 45.07492 ], [ 7.67642, 45.07493 ], [ 7.67642, 45.07493 ], [ 7.67633, 45.07496 ] ] ] } },
{ "type": "Feature", "properties": { "uuid": "b611d508-eead-4025-89bc-ba103406d63e", "data_acq": "2019-11-30 00:00:00", "data_agg": "2019-11-30 00:00:00", "data_fin": "9999-12-31 00:00:00", "ente_for": "REGIONE PIEMONTE", "ente_prod": "REGIONE PIEMONTE", "modo_prod": "banche dati esterne - catasto", "sc_acq": "1:2000", "edifc_ty": "generica", "edifc_uso": "residenziale e commerciale", "edifc_stat": "costruito", "edifc_mon": "0", "edifc_nome": "", "edifc_idag": "", "edifc_ided": "", "source": "BDTRE edifc" }, "geometry": { "type": "Polygon", "coordinates": [ [ [ 7.69443, 45.06652 ], [ 7.69424, 45.06661 ], [ 7.69419, 45.06655 ], [ 7.69418, 45.06655 ], [ 7.69416, 45.06654 ], [ 7.69406, 45.06645 ], [ 7.69406, 45.06645 ], [ 7.69418, 45.0664 ], [ 7.69416, 45.06638 ], [ 7.69416, 45.06638 ], [ 7.69414, 45.06639 ], [ 7.69414, 45.06639 ], [ 7.69412, 45.06636 ], [ 7.69414, 45.06636 ], [ 7.69411, 45.06632 ], [ 7.69411, 45.06632 ], [ 7.694, 45.06637 ], [ 7.69401, 45.06637 ], [ 7.69399, 45.06638 ], [ 7.69392, 45.06632 ], [ 7.69392, 45.06632 ], [ 7.69394, 45.06631 ], [ 7.69395, 45.06632 ], [ 7.69406, 45.06627 ], [ 7.69399, 45.06618 ], [ 7.69399, 45.06618 ], [ 7.69397, 45.06619 ], [ 7.69398, 45.0662 ], [ 7.69397, 45.0662 ], [ 7.69397, 45.0662 ], [ 7.69395, 45.06621 ], [ 7.69395, 45.06621 ], [ 7.69395, 45.06619 ], [ 7.69395, 45.06619 ], [ 7.69389, 45.0662 ], [ 7.69395, 45.06629 ], [ 7.69391, 45.06631 ], [ 7.69384, 45.06625 ], [ 7.69363, 45.06606 ], [ 7.69364, 45.06605 ], [ 7.69367, 45.06606 ], [ 7.6937, 45.06607 ], [ 7.69373, 45.06607 ], [ 7.69375, 45.06608 ], [ 7.69379, 45.06608 ], [ 7.69381, 45.06609 ], [ 7.69387, 45.06608 ], [ 7.69391, 45.06607 ], [ 7.69394, 45.06607 ], [ 7.69397, 45.06606 ], [ 7.69398, 45.06605 ], [ 7.69402, 45.06604 ], [ 7.69404, 45.06603 ], [ 7.6941, 45.066 ], [ 7.6943, 45.06615 ], [ 7.69429, 45.06616 ], [ 7.69435, 45.0662 ], [ 7.69433, 45.06621 ], [ 7.69433, 45.06623 ], [ 7.69433, 45.06623 ], [ 7.69428, 45.06626 ], [ 7.69428, 45.06626 ], [ 7.69427, 45.06627 ], [ 7.69434, 45.06634 ], [ 7.69426, 45.06637 ], [ 7.69434, 45.06647 ], [ 7.69441, 45.06646 ], [ 7.69443, 45.06651 ], [ 7.69443, 45.06652 ] ] ] } },
{ "type": "Feature", "properties": { "uuid": "b6c25121-c838-4d41-a29a-e66932c21a44", "data_acq": "2019-11-30 00:00:00", "data_agg": "2019-11-30 00:00:00", "data_fin": "9999-12-31 00:00:00", "ente_for": "REGIONE PIEMONTE", "ente_prod": "REGIONE PIEMONTE", "modo_prod": "banche dati esterne - catasto", "sc_acq": "1:2000", "edifc_ty": "generica", "edifc_uso": "residenziale e produttivo", "edifc_stat": "costruito", "edifc_mon": "0", "edifc_nome": "", "edifc_idag": "", "edifc_ided": "", "source": "BDTRE edifc" }, "geometry": { "type": "Polygon", "coordinates": [ [ [ 7.66848, 45.06828 ], [ 7.66834, 45.06808 ], [ 7.6683, 45.0681 ], [ 7.66826, 45.06811 ], [ 7.66827, 45.06812 ], [ 7.66829, 45.06812 ], [ 7.66834, 45.06819 ], [ 7.66818, 45.06825 ], [ 7.66812, 45.06816 ], [ 7.66805, 45.06818 ], [ 7.66819, 45.06838 ], [ 7.66833, 45.06833 ], [ 7.66848, 45.06828 ] ] ] } },
{ "type": "Feature", "properties": { "uuid": "4ea9c515-fc33-4ea8-81cd-6e94f9cf4cb1", "data_acq": "2019-11-30 00:00:00", "data_agg": "2019-11-30 00:00:00", "data_fin": "9999-12-31 00:00:00", "ente_for": "REGIONE PIEMONTE", "ente_prod": "REGIONE PIEMONTE", "modo_prod": "banche dati esterne - catasto", "sc_acq": "1:2000", "edifc_ty": "generica", "edifc_uso": "residenziale e commerciale", "edifc_stat": "costruito", "edifc_mon": "0", "edifc_nome": "", "edifc_idag": "", "edifc_ided": "", "source": "BDTRE edifc" }, "geometry": { "type": "Polygon", "coordinates": [ [ [ 7.69024, 45.06918 ], [ 7.68968, 45.0694 ], [ 7.68952, 45.06917 ], [ 7.68982, 45.069 ], [ 7.68998, 45.0689 ], [ 7.68998, 45.0689 ], [ 7.69, 45.06891 ], [ 7.69003, 45.06895 ], [ 7.68999, 45.06897 ], [ 7.69001, 45.06899 ], [ 7.69002, 45.06901 ], [ 7.69007, 45.06906 ], [ 7.69011, 45.06904 ], [ 7.69011, 45.06904 ], [ 7.69024, 45.06918 ] ], [ [ 7.68991, 45.06903 ], [ 7.68971, 45.06911 ], [ 7.68982, 45.06923 ], [ 7.69002, 45.06915 ], [ 7.68991, 45.06903 ], [ 7.68991, 45.06903 ] ] ] } },
{ "type": "Feature", "properties": { "uuid": "bd2f13e1-6b13-4f08-ae81-e01fbe7cc0a8", "data_acq": "2019-11-30 00:00:00", "data_agg": "2019-11-30 00:00:00", "data_fin": "9999-12-31 00:00:00", "ente_for": "REGIONE PIEMONTE", "ente_prod": "REGIONE PIEMONTE", "modo_prod": "banche dati esterne - catasto", "sc_acq": "1:2000", "edifc_ty": "generica", "edifc_uso": "residenziale e commerciale", "edifc_stat": "costruito", "edifc_mon": "0", "edifc_nome": "", "edifc_idag": "", "edifc_ided": "", "source": "BDTRE edifc" }, "geometry": { "type": "Polygon", "coordinates": [ [ [ 7.6708, 45.07871 ], [ 7.67061, 45.07878 ], [ 7.67057, 45.07879 ], [ 7.67036, 45.07886 ], [ 7.67033, 45.07882 ], [ 7.67022, 45.07866 ], [ 7.67038, 45.0786 ], [ 7.67049, 45.07856 ], [ 7.67066, 45.07851 ], [ 7.67069, 45.07855 ], [ 7.6707, 45.07857 ], [ 7.67071, 45.07858 ], [ 7.67072, 45.07861 ], [ 7.6708, 45.07871 ] ], [ [ 7.67044, 45.0787 ], [ 7.67066, 45.07863 ], [ 7.67063, 45.07859 ], [ 7.67056, 45.07861 ], [ 7.67053, 45.07858 ], [ 7.67042, 45.07862 ], [ 7.67042, 45.07862 ], [ 7.67041, 45.07863 ], [ 7.67041, 45.07862 ], [ 7.67038, 45.07863 ], [ 7.67044, 45.0787 ] ] ] } },
{ "type": "Feature", "properties": { "uuid": "e481a712-7771-4ee7-9dda-387caad084a2", "data_acq": "2019-11-30 00:00:00", "data_agg": "2019-11-30 00:00:00", "data_fin": "9999-12-31 00:00:00", "ente_for": "REGIONE PIEMONTE", "ente_prod": "REGIONE PIEMONTE", "modo_prod": "banche dati esterne - catasto", "sc_acq": "1:2000", "edifc_ty": "generica", "edifc_uso": "residenziale e commerciale", "edifc_stat": "costruito", "edifc_mon": "0", "edifc_nome": "", "edifc_idag": "", "edifc_ided": "", "source": "BDTRE edifc" }, "geometry": { "type": "Polygon", "coordinates": [ [ [ 7.67578, 45.07593 ], [ 7.67576, 45.0759 ], [ 7.67572, 45.07584 ], [ 7.67561, 45.07568 ], [ 7.67554, 45.07571 ], [ 7.67538, 45.07576 ], [ 7.67545, 45.07587 ], [ 7.67561, 45.07582 ], [ 7.67567, 45.07591 ], [ 7.67553, 45.07596 ], [ 7.67552, 45.07594 ], [ 7.6755, 45.07595 ], [ 7.67552, 45.07596 ], [ 7.67555, 45.07601 ], [ 7.67574, 45.07594 ], [ 7.67578, 45.07593 ] ] ] } },
{ "type": "Feature", "properties": { "uuid": "c6b075b2-8094-4855-8a04-7eabaa47e7b3", "data_acq": "2019-11-30 00:00:00", "data_agg": "2019-11-30 00:00:00", "data_fin": "9999-12-31 00:00:00", "ente_for": "REGIONE PIEMONTE", "ente_prod": "REGIONE PIEMONTE", "modo_prod": "banche dati esterne - catasto", "sc_acq": "1:2000", "edifc_ty": "generica", "edifc_uso": "residenziale e commerciale", "edifc_stat": "costruito", "edifc_mon": "0", "edifc_nome": "", "edifc_idag": "", "edifc_ided": "", "source": "BDTRE edifc" }, "geometry": { "type": "Polygon", "coordinates": [ [ [ 7.68234, 45.07128 ], [ 7.68233, 45.07128 ], [ 7.68215, 45.07134 ], [ 7.68215, 45.07134 ], [ 7.68214, 45.07134 ], [ 7.68214, 45.07134 ], [ 7.68201, 45.07115 ], [ 7.682, 45.07113 ], [ 7.682, 45.07113 ], [ 7.68212, 45.07109 ], [ 7.68213, 45.0711 ], [ 7.6822, 45.07108 ], [ 7.68224, 45.07113 ], [ 7.68217, 45.07115 ], [ 7.68221, 45.0712 ], [ 7.68225, 45.07118 ], [ 7.68225, 45.07118 ], [ 7.68226, 45.07117 ], [ 7.68234, 45.07128 ] ] ] } },
{ "type": "Feature", "properties": { "uuid": "e9b9e024-b9df-41f7-91a5-4612c1266b43", "data_acq": "2019-11-30 00:00:00", "data_agg": "2019-11-30 00:00:00", "data_fin": "9999-12-31 00:00:00", "ente_for": "REGIONE PIEMONTE", "ente_prod": "REGIONE PIEMONTE", "modo_prod": "banche dati esterne - catasto", "sc_acq": "1:2000", "edifc_ty": "generica", "edifc_uso": "residenziale e commerciale", "edifc_stat": "costruito", "edifc_mon": "0", "edifc_nome": "", "edifc_idag": "", "edifc_ided": "", "source": "BDTRE edifc" }, "geometry": { "type": "Polygon", "coordinates": [ [ [ 7.6831, 45.07298 ], [ 7.68309, 45.07298 ], [ 7.68311, 45.07301 ], [ 7.68306, 45.07304 ], [ 7.68304, 45.07302 ], [ 7.683, 45.07303 ], [ 7.68301, 45.07305 ], [ 7.68305, 45.07309 ], [ 7.68279, 45.0732 ], [ 7.68275, 45.07317 ], [ 7.68265, 45.07325 ], [ 7.68292, 45.07336 ], [ 7.68301, 45.0733 ], [ 7.68299, 45.07329 ], [ 7.683, 45.07329 ], [ 7.68299, 45.07328 ], [ 7.68298, 45.07328 ], [ 7.68295, 45.07326 ], [ 7.68305, 45.07322 ], [ 7.68314, 45.07318 ], [ 7.68314, 45.07318 ], [ 7.68317, 45.07323 ], [ 7.68326, 45.0732 ], [ 7.68324, 45.07316 ], [ 7.6832, 45.0731 ], [ 7.68322, 45.0731 ], [ 7.68317, 45.07301 ], [ 7.68314, 45.07297 ], [ 7.68314, 45.07296 ], [ 7.6831, 45.07298 ] ] ] } },
{ "type": "Feature", "properties": { "uuid": "d8ff6c0c-7abb-4408-a46c-3ec0904b0d61", "data_acq": "2010-01-01 00:00:00", "data_agg": "2022-12-31 00:00:00", "data_fin": "9999-12-31 00:00:00", "ente_for": "REGIONE PIEMONTE", "ente_prod": "CSI PIEMONTE", "modo_prod": "rilievo speditivo - ortofoto", "sc_acq": "1:10000", "edifc_ty": "generica", "edifc_uso": "residenziale e commerciale", "edifc_stat": "costruito", "edifc_mon": "0", "edifc_nome": "", "edifc_idag": "", "edifc_ided": "", "source": "BDTRE edifc" }, "geometry": { "type": "Polygon", "coordinates": [ [ [ 7.69211, 45.06634 ], [ 7.69212, 45.06635 ], [ 7.69224, 45.06631 ], [ 7.69207, 45.06609 ], [ 7.69196, 45.06613 ], [ 7.69204, 45.06623 ], [ 7.69201, 45.06624 ], [ 7.69203, 45.06626 ], [ 7.69205, 45.06625 ], [ 7.69211, 45.06634 ] ] ] } },
{ "type": "Feature", "properties": { "uuid": "ab882494-f672-4ee4-8567-d16111cf0612", "data_acq": "2019-11-30 00:00:00", "data_agg": "2019-11-30 00:00:00", "data_fin": "9999-12-31 00:00:00", "ente_for": "REGIONE PIEMONTE", "ente_prod": "REGIONE PIEMONTE", "modo_prod": "banche dati esterne - catasto", "sc_acq": "1:2000", "edifc_ty": "generica", "edifc_uso": "residenziale e commerciale", "edifc_stat": "costruito", "edifc_mon": "0", "edifc_nome": "", "edifc_idag": "", "edifc_ided": "", "source": "BDTRE edifc" }, "geometry": { "type": "Polygon", "coordinates": [ [ [ 7.6825, 45.07303 ], [ 7.68248, 45.07304 ], [ 7.68249, 45.07307 ], [ 7.68248, 45.07307 ], [ 7.6825, 45.07311 ], [ 7.6824, 45.07313 ], [ 7.6824, 45.07313 ], [ 7.68237, 45.07308 ], [ 7.68236, 45.07303 ], [ 7.6824, 45.07302 ], [ 7.68239, 45.073 ], [ 7.68245, 45.07299 ], [ 7.68246, 45.07299 ], [ 7.6825, 45.07303 ] ] ] } },
{ "type": "Feature", "properties": { "uuid": "2d51d65a-34a0-4db6-ad71-7ccd307b9b87", "data_acq": "2019-11-30 00:00:00", "data_agg": "2019-11-30 00:00:00", "data_fin": "9999-12-31 00:00:00", "ente_for": "REGIONE PIEMONTE", "ente_prod": "REGIONE PIEMONTE", "modo_prod": "banche dati esterne - catasto", "sc_acq": "1:2000", "edifc_ty": "generica", "edifc_uso": "residenziale e commerciale", "edifc_stat": "costruito", "edifc_mon": "0", "edifc_nome": "", "edifc_idag": "", "edifc_ided": "", "source": "BDTRE edifc" }, "geometry": { "type": "Polygon", "coordinates": [ [ [ 7.67932, 45.0841 ], [ 7.67933, 45.08411 ], [ 7.67932, 45.08412 ], [ 7.67933, 45.08414 ], [ 7.67933, 45.08415 ], [ 7.67935, 45.08418 ], [ 7.6794, 45.08416 ], [ 7.67946, 45.08424 ], [ 7.67928, 45.0843 ], [ 7.67917, 45.08415 ], [ 7.67931, 45.0841 ], [ 7.67932, 45.0841 ] ] ] } },
{ "type": "Feature", "properties": { "uuid": "8ddc0fa6-3b2d-4838-86ac-3baedef303ca", "data_acq": "2019-11-30 00:00:00", "data_agg": "2019-11-30 00:00:00", "data_fin": "9999-12-31 00:00:00", "ente_for": "REGIONE PIEMONTE", "ente_prod": "REGIONE PIEMONTE", "modo_prod": "banche dati esterne - catasto", "sc_acq": "1:2000", "edifc_ty": "generica", "edifc_uso": "residenziale e commerciale", "edifc_stat": "costruito", "edifc_mon": "0", "edifc_nome": "", "edifc_idag": "", "edifc_ided": "", "source": "BDTRE edifc" }, "geometry": { "type": "Polygon", "coordinates": [ [ [ 7.67315, 45.08213 ], [ 7.67298, 45.08218 ], [ 7.67292, 45.08209 ], [ 7.67308, 45.08204 ], [ 7.67307, 45.08203 ], [ 7.67308, 45.08203 ], [ 7.67315, 45.08213 ] ] ] } },
{ "type": "Feature", "properties": { "uuid": "7ac57db1-1a07-47f4-9667-cb3534b20003", "data_acq": "2019-11-30 00:00:00", "data_agg": "2019-11-30 00:00:00", "data_fin": "9999-12-31 00:00:00", "ente_for": "REGIONE PIEMONTE", "ente_prod": "REGIONE PIEMONTE", "modo_prod": "banche dati esterne - catasto", "sc_acq": "1:2000", "edifc_ty": "generica", "edifc_uso": "residenziale e commerciale", "edifc_stat": "costruito", "edifc_mon": "0", "edifc_nome": "", "edifc_idag": "", "edifc_ided": "", "source": "BDTRE edifc" }, "geometry": { "type": "Polygon", "coordinates": [ [ [ 7.66849, 45.06672 ], [ 7.66866, 45.06695 ], [ 7.66873, 45.06693 ], [ 7.66873, 45.06693 ], [ 7.66873, 45.06692 ], [ 7.66873, 45.06692 ], [ 7.66867, 45.06683 ], [ 7.66868, 45.06683 ], [ 7.66869, 45.06683 ], [ 7.66898, 45.06673 ], [ 7.66898, 45.06672 ], [ 7.66899, 45.06671 ], [ 7.66906, 45.0668 ], [ 7.66906, 45.06681 ], [ 7.66906, 45.0668 ], [ 7.66912, 45.06678 ], [ 7.669, 45.06661 ], [ 7.66896, 45.06655 ], [ 7.66896, 45.06655 ], [ 7.66873, 45.06663 ], [ 7.66863, 45.06667 ], [ 7.66849, 45.06672 ] ] ] } },
{ "type": "Feature", "properties": { "uuid": "5485357f-70d2-4206-9175-2d4f4e9a56b5", "data_acq": "2019-11-30 00:00:00", "data_agg": "2019-11-30 00:00:00", "data_fin": "9999-12-31 00:00:00", "ente_for": "REGIONE PIEMONTE", "ente_prod": "REGIONE PIEMONTE", "modo_prod": "banche dati esterne - catasto", "sc_acq": "1:2000", "edifc_ty": "generica", "edifc_uso": "residenziale e commerciale", "edifc_stat": "costruito", "edifc_mon": "0", "edifc_nome": "", "edifc_idag": "", "edifc_ided": "", "source": "BDTRE edifc" }, "geometry": { "type": "Polygon", "coordinates": [ [ [ 7.68387, 45.08043 ], [ 7.68388, 45.08044 ], [ 7.68399, 45.08064 ], [ 7.68383, 45.08068 ], [ 7.68383, 45.08068 ], [ 7.68382, 45.08068 ], [ 7.6838, 45.08063 ], [ 7.68386, 45.08061 ], [ 7.68383, 45.08056 ], [ 7.68382, 45.08056 ], [ 7.68382, 45.08055 ], [ 7.68386, 45.08054 ], [ 7.68384, 45.08051 ], [ 7.68373, 45.08054 ], [ 7.68373, 45.08054 ], [ 7.6837, 45.08048 ], [ 7.68371, 45.08048 ], [ 7.68387, 45.08043 ] ] ] } },
{ "type": "Feature", "properties": { "uuid": "af9be33e-ffe3-47a3-bae6-429c5f47147a", "data_acq": "2019-11-30 00:00:00", "data_agg": "2019-11-30 00:00:00", "data_fin": "9999-12-31 00:00:00", "ente_for": "REGIONE PIEMONTE", "ente_prod": "REGIONE PIEMONTE", "modo_prod": "banche dati esterne - catasto", "sc_acq": "1:2000", "edifc_ty": "generica", "edifc_uso": "residenziale e commerciale", "edifc_stat": "costruito", "edifc_mon": "0", "edifc_nome": "", "edifc_idag": "", "edifc_ided": "", "source": "BDTRE edifc" }, "geometry": { "type": "Polygon", "coordinates": [ [ [ 7.67399, 45.08236 ], [ 7.67389, 45.08222 ], [ 7.67393, 45.0822 ], [ 7.67397, 45.08224 ], [ 7.67401, 45.08223 ], [ 7.67404, 45.08227 ], [ 7.67405, 45.08226 ], [ 7.67407, 45.08228 ], [ 7.67405, 45.08229 ], [ 7.67408, 45.08233 ], [ 7.67399, 45.08236 ] ] ] } },
{ "type": "Feature", "properties": { "uuid": "5eecf0e6-32f1-411d-8576-a56e32f07afb", "data_acq": "2019-11-30 00:00:00", "data_agg": "2019-11-30 00:00:00", "data_fin": "9999-12-31 00:00:00", "ente_for": "REGIONE PIEMONTE", "ente_prod": "REGIONE PIEMONTE", "modo_prod": "banche dati esterne - catasto", "sc_acq": "1:2000", "edifc_ty": "generica", "edifc_uso": "residenziale e commerciale", "edifc_stat": "costruito", "edifc_mon": "0", "edifc_nome": "", "edifc_idag": "", "edifc_ided": "", "source": "BDTRE edifc" }, "geometry": { "type": "Polygon", "coordinates": [ [ [ 7.68802, 45.06902 ], [ 7.68788, 45.06882 ], [ 7.68795, 45.0688 ], [ 7.68801, 45.06877 ], [ 7.68806, 45.06885 ], [ 7.68806, 45.06885 ], [ 7.68799, 45.06888 ], [ 7.68803, 45.06894 ], [ 7.68805, 45.06893 ], [ 7.68806, 45.06895 ], [ 7.68812, 45.06893 ], [ 7.68813, 45.06895 ], [ 7.68813, 45.06895 ], [ 7.68815, 45.06897 ], [ 7.68802, 45.06902 ] ] ] } },
{ "type": "Feature", "properties": { "uuid": "984e0325-0b45-414c-bb94-e35727ca7d3f", "data_acq": "2019-11-30 00:00:00", "data_agg": "2019-11-30 00:00:00", "data_fin": "9999-12-31 00:00:00", "ente_for": "REGIONE PIEMONTE", "ente_prod": "REGIONE PIEMONTE", "modo_prod": "banche dati esterne - catasto", "sc_acq": "1:2000", "edifc_ty": "generica", "edifc_uso": "residenziale e commerciale", "edifc_stat": "costruito", "edifc_mon": "0", "edifc_nome": "", "edifc_idag": "", "edifc_ided": "", "source": "BDTRE edifc" }, "geometry": { "type": "Polygon", "coordinates": [ [ [ 7.66556, 45.07798 ], [ 7.66549, 45.07788 ], [ 7.66523, 45.07797 ], [ 7.6653, 45.07807 ], [ 7.66533, 45.07806 ], [ 7.66543, 45.07802 ], [ 7.66556, 45.07798 ] ] ] } },
{ "type": "Feature", "properties": { "uuid": "a540cb7c-fb72-4ba8-bd7b-46fe8d136a9d", "data_acq": "2019-11-30 00:00:00", "data_agg": "2019-11-30 00:00:00", "data_fin": "9999-12-31 00:00:00", "ente_for": "REGIONE PIEMONTE", "ente_prod": "REGIONE PIEMONTE", "modo_prod": "banche dati esterne - catasto", "sc_acq": "1:2000", "edifc_ty": "generica", "edifc_uso": "residenziale e commerciale", "edifc_stat": "costruito", "edifc_mon": "0", "edifc_nome": "", "edifc_idag": "", "edifc_ided": "", "source": "BDTRE edifc" }, "geometry": { "type": "Polygon", "coordinates": [ [ [ 7.6684, 45.06806 ], [ 7.6684, 45.06807 ], [ 7.66845, 45.06805 ], [ 7.66844, 45.06804 ], [ 7.66843, 45.06805 ], [ 7.6684, 45.06806 ] ] ] } },
{ "type": "Feature", "properties": { "uuid": "8052e827-ddf4-481d-83e8-6ce54dabe58b", "data_acq": "2019-11-30 00:00:00", "data_agg": "2019-11-30 00:00:00", "data_fin": "9999-12-31 00:00:00", "ente_for": "REGIONE PIEMONTE", "ente_prod": "REGIONE PIEMONTE", "modo_prod": "banche dati esterne - catasto", "sc_acq": "1:2000", "edifc_ty": "generica", "edifc_uso": "residenziale e commerciale", "edifc_stat": "costruito", "edifc_mon": "0", "edifc_nome": "", "edifc_idag": "", "edifc_ided": "", "source": "BDTRE edifc" }, "geometry": { "type": "Polygon", "coordinates": [ [ [ 7.67909, 45.07016 ], [ 7.67908, 45.07015 ], [ 7.67902, 45.07005 ], [ 7.679, 45.07003 ], [ 7.67891, 45.0699 ], [ 7.67903, 45.06985 ], [ 7.67919, 45.06979 ], [ 7.67924, 45.06978 ], [ 7.6793, 45.06987 ], [ 7.67937, 45.06997 ], [ 7.67931, 45.06999 ], [ 7.67937, 45.07006 ], [ 7.67936, 45.07007 ], [ 7.67935, 45.07007 ], [ 7.67922, 45.07012 ], [ 7.67923, 45.07012 ], [ 7.67916, 45.07015 ], [ 7.67916, 45.07013 ], [ 7.67909, 45.07016 ] ], [ [ 7.67917, 45.07004 ], [ 7.6793, 45.06999 ], [ 7.67924, 45.06989 ], [ 7.6791, 45.06994 ], [ 7.67917, 45.07004 ] ] ] } },
{ "type": "Feature", "properties": { "uuid": "5caa4862-9926-40c1-867d-64bbd7a21dcf", "data_acq": "2019-11-30 00:00:00", "data_agg": "2019-11-30 00:00:00", "data_fin": "9999-12-31 00:00:00", "ente_for": "REGIONE PIEMONTE", "ente_prod": "REGIONE PIEMONTE", "modo_prod": "banche dati esterne - catasto", "sc_acq": "1:2000", "edifc_ty": "generica", "edifc_uso": "residenziale e commerciale", "edifc_stat": "costruito", "edifc_mon": "0", "edifc_nome": "", "edifc_idag": "", "edifc_ided": "", "source": "BDTRE edifc" }, "geometry": { "type": "Polygon", "coordinates": [ [ [ 7.67795, 45.07283 ], [ 7.67809, 45.07278 ], [ 7.67822, 45.07274 ], [ 7.67822, 45.07274 ], [ 7.67818, 45.07269 ], [ 7.67808, 45.07256 ], [ 7.67787, 45.07262 ], [ 7.67781, 45.0725 ], [ 7.67774, 45.07251 ], [ 7.67774, 45.07252 ], [ 7.67778, 45.0726 ], [ 7.67772, 45.07261 ], [ 7.67776, 45.07268 ], [ 7.67784, 45.07265 ], [ 7.67786, 45.07268 ], [ 7.67788, 45.07268 ], [ 7.67806, 45.07263 ], [ 7.67809, 45.07267 ], [ 7.67808, 45.07267 ], [ 7.67809, 45.07268 ], [ 7.67808, 45.07268 ], [ 7.67809, 45.07269 ], [ 7.67804, 45.07271 ], [ 7.67805, 45.07272 ], [ 7.67793, 45.07276 ], [ 7.67795, 45.07283 ], [ 7.67795, 45.07283 ] ] ] } },
{ "type": "Feature", "properties": { "uuid": "a01c2b4b-e94f-4476-9974-28e9a1f60107", "data_acq": "2019-11-30 00:00:00", "data_agg": "2019-11-30 00:00:00", "data_fin": "9999-12-31 00:00:00", "ente_for": "REGIONE PIEMONTE", "ente_prod": "REGIONE PIEMONTE", "modo_prod": "banche dati esterne - catasto", "sc_acq": "1:2000", "edifc_ty": "generica", "edifc_uso": "residenziale e commerciale", "edifc_stat": "costruito", "edifc_mon": "0", "edifc_nome": "", "edifc_idag": "", "edifc_ided": "", "source": "BDTRE edifc" }, "geometry": { "type": "Polygon", "coordinates": [ [ [ 7.69029, 45.07521 ], [ 7.69022, 45.07529 ], [ 7.69021, 45.0753 ], [ 7.69016, 45.07528 ], [ 7.69015, 45.07529 ], [ 7.69002, 45.07523 ], [ 7.69002, 45.07524 ], [ 7.68996, 45.07522 ], [ 7.68997, 45.07521 ], [ 7.68995, 45.0752 ], [ 7.68984, 45.07532 ], [ 7.68965, 45.07523 ], [ 7.68959, 45.07521 ], [ 7.6897, 45.07509 ], [ 7.6897, 45.07509 ], [ 7.68971, 45.07509 ], [ 7.68972, 45.07509 ], [ 7.68973, 45.07509 ], [ 7.68974, 45.0751 ], [ 7.68986, 45.07506 ], [ 7.68986, 45.07505 ], [ 7.68986, 45.07504 ], [ 7.68987, 45.07504 ], [ 7.68988, 45.07503 ], [ 7.68989, 45.07503 ], [ 7.6899, 45.07503 ], [ 7.69029, 45.07521 ], [ 7.69029, 45.07521 ] ] ] } },
{ "type": "Feature", "properties": { "uuid": "9c6e9894-475b-4d4d-a2b5-3168f436053c", "data_acq": "2019-11-30 00:00:00", "data_agg": "2019-11-30 00:00:00", "data_fin": "9999-12-31 00:00:00", "ente_for": "REGIONE PIEMONTE", "ente_prod": "REGIONE PIEMONTE", "modo_prod": "banche dati esterne - catasto", "sc_acq": "1:2000", "edifc_ty": "generica", "edifc_uso": "residenziale e commerciale", "edifc_stat": "costruito", "edifc_mon": "0", "edifc_nome": "", "edifc_idag": "", "edifc_ided": "", "source": "BDTRE edifc" }, "geometry": { "type": "Polygon", "coordinates": [ [ [ 7.66522, 45.07543 ], [ 7.66519, 45.0754 ], [ 7.66522, 45.07539 ], [ 7.66523, 45.07541 ], [ 7.66522, 45.07542 ], [ 7.66523, 45.07543 ], [ 7.66522, 45.07543 ] ] ] } },
{ "type": "Feature", "properties": { "uuid": "8a6a39d8-1bac-4972-81a6-6c54f0480fc4", "data_acq": "2019-11-30 00:00:00", "data_agg": "2019-11-30 00:00:00", "data_fin": "9999-12-31 00:00:00", "ente_for": "REGIONE PIEMONTE", "ente_prod": "REGIONE PIEMONTE", "modo_prod": "banche dati esterne - catasto", "sc_acq": "1:2000", "edifc_ty": "generica", "edifc_uso": "residenziale e commerciale", "edifc_stat": "costruito", "edifc_mon": "0", "edifc_nome": "", "edifc_idag": "", "edifc_ided": "", "source": "BDTRE edifc" }, "geometry": { "type": "Polygon", "coordinates": [ [ [ 7.6744, 45.08125 ], [ 7.67438, 45.08126 ], [ 7.67437, 45.08125 ], [ 7.67428, 45.08128 ], [ 7.67429, 45.08129 ], [ 7.67427, 45.0813 ], [ 7.6742, 45.08119 ], [ 7.67426, 45.08117 ], [ 7.67431, 45.08116 ], [ 7.67434, 45.08115 ], [ 7.6744, 45.08125 ] ] ] } },
{ "type": "Feature", "properties": { "uuid": "096bd27e-a857-4a47-8243-388e083989e0", "data_acq": "2019-11-30 00:00:00", "data_agg": "2019-11-30 00:00:00", "data_fin": "9999-12-31 00:00:00", "ente_for": "REGIONE PIEMONTE", "ente_prod": "REGIONE PIEMONTE", "modo_prod": "banche dati esterne - catasto", "sc_acq": "1:2000", "edifc_ty": "generica", "edifc_uso": "residenziale e commerciale", "edifc_stat": "costruito", "edifc_mon": "0", "edifc_nome": "", "edifc_idag": "", "edifc_ided": "", "source": "BDTRE edifc" }, "geometry": { "type": "Polygon", "coordinates": [ [ [ 7.68496, 45.06765 ], [ 7.68482, 45.0677 ], [ 7.68472, 45.06773 ], [ 7.68464, 45.06776 ], [ 7.68451, 45.06758 ], [ 7.68439, 45.06742 ], [ 7.68447, 45.06739 ], [ 7.68448, 45.0674 ], [ 7.68461, 45.06758 ], [ 7.68467, 45.06756 ], [ 7.68476, 45.06752 ], [ 7.68464, 45.06734 ], [ 7.68463, 45.06733 ], [ 7.68471, 45.0673 ], [ 7.68472, 45.06731 ], [ 7.6848, 45.06742 ], [ 7.68488, 45.06754 ], [ 7.68496, 45.06765 ] ] ] } },
{ "type": "Feature", "properties": { "uuid": "d2c3b46f-bdc9-48a8-8423-21b0ec542428", "data_acq": "2019-11-30 00:00:00", "data_agg": "2019-11-30 00:00:00", "data_fin": "9999-12-31 00:00:00", "ente_for": "REGIONE PIEMONTE", "ente_prod": "REGIONE PIEMONTE", "modo_prod": "banche dati esterne - catasto", "sc_acq": "1:2000", "edifc_ty": "generica", "edifc_uso": "residenziale e produttivo", "edifc_stat": "costruito", "edifc_mon": "0", "edifc_nome": "", "edifc_idag": "", "edifc_ided": "", "source": "BDTRE edifc" }, "geometry": { "type": "Polygon", "coordinates": [ [ [ 7.66528, 45.07959 ], [ 7.66522, 45.07964 ], [ 7.66522, 45.07964 ], [ 7.66519, 45.07962 ], [ 7.66512, 45.07958 ], [ 7.66513, 45.0795 ], [ 7.66514, 45.07944 ], [ 7.66515, 45.07932 ], [ 7.66521, 45.07936 ], [ 7.66524, 45.07938 ], [ 7.66524, 45.0794 ], [ 7.66523, 45.07939 ], [ 7.66521, 45.07955 ], [ 7.66528, 45.07959 ] ] ] } },
{ "type": "Feature", "properties": { "uuid": "bb763e9a-70be-4508-aabe-f76d5c697a87", "data_acq": "2019-11-30 00:00:00", "data_agg": "2019-11-30 00:00:00", "data_fin": "9999-12-31 00:00:00", "ente_for": "REGIONE PIEMONTE", "ente_prod": "REGIONE PIEMONTE", "modo_prod": "banche dati esterne - catasto", "sc_acq": "1:2000", "edifc_ty": "generica", "edifc_uso": "residenziale e commerciale", "edifc_stat": "costruito", "edifc_mon": "0", "edifc_nome": "", "edifc_idag": "", "edifc_ided": "", "source": "BDTRE edifc" }, "geometry": { "type": "Polygon", "coordinates": [ [ [ 7.68039, 45.07125 ], [ 7.68046, 45.07136 ], [ 7.68058, 45.07131 ], [ 7.68064, 45.07139 ], [ 7.68066, 45.07141 ], [ 7.6808, 45.07135 ], [ 7.68074, 45.07128 ], [ 7.6807, 45.07123 ], [ 7.68066, 45.07118 ], [ 7.68064, 45.07117 ], [ 7.68062, 45.07117 ], [ 7.68053, 45.0712 ], [ 7.68039, 45.07125 ] ] ] } },
{ "type": "Feature", "properties": { "uuid": "636e322b-f2bd-4efa-bb1f-54fb3c06bd9d", "data_acq": "2019-11-30 00:00:00", "data_agg": "2019-11-30 00:00:00", "data_fin": "9999-12-31 00:00:00", "ente_for": "REGIONE PIEMONTE", "ente_prod": "REGIONE PIEMONTE", "modo_prod": "banche dati esterne - catasto", "sc_acq": "1:2000", "edifc_ty": "generica", "edifc_uso": "residenziale e commerciale", "edifc_stat": "costruito", "edifc_mon": "0", "edifc_nome": "", "edifc_idag": "", "edifc_ided": "", "source": "BDTRE edifc" }, "geometry": { "type": "Polygon", "coordinates": [ [ [ 7.67764, 45.07927 ], [ 7.67726, 45.07939 ], [ 7.67721, 45.0793 ], [ 7.67718, 45.07924 ], [ 7.67712, 45.07911 ], [ 7.67733, 45.07904 ], [ 7.67747, 45.079 ], [ 7.67754, 45.07911 ], [ 7.67761, 45.07922 ], [ 7.67763, 45.07925 ], [ 7.67764, 45.07927 ], [ 7.67764, 45.07927 ] ], [ [ 7.67743, 45.0791 ], [ 7.67724, 45.07917 ], [ 7.67726, 45.07918 ], [ 7.67732, 45.07929 ], [ 7.67751, 45.07923 ], [ 7.67743, 45.0791 ] ] ] } },
{ "type": "Feature", "properties": { "uuid": "84c8560f-10a1-4a6c-acaa-77aa35cbd0af", "data_acq": "2019-11-30 00:00:00", "data_agg": "2019-11-30 00:00:00", "data_fin": "9999-12-31 00:00:00", "ente_for": "REGIONE PIEMONTE", "ente_prod": "REGIONE PIEMONTE", "modo_prod": "banche dati esterne - catasto", "sc_acq": "1:2000", "edifc_ty": "generica", "edifc_uso": "residenziale e commerciale", "edifc_stat": "costruito", "edifc_mon": "0", "edifc_nome": "", "edifc_idag": "", "edifc_ided": "", "source": "BDTRE edifc" }, "geometry": { "type": "Polygon", "coordinates": [ [ [ 7.666, 45.07988 ], [ 7.66592, 45.07993 ], [ 7.66587, 45.07989 ], [ 7.6659, 45.07987 ], [ 7.66585, 45.07982 ], [ 7.66591, 45.07979 ], [ 7.666, 45.07988 ] ] ] } },
{ "type": "Feature", "properties": { "uuid": "d5e2cd77-69bb-4332-a2ea-7c413e66dc9f", "data_acq": "2019-11-30 00:00:00", "data_agg": "2019-11-30 00:00:00", "data_fin": "9999-12-31 00:00:00", "ente_for": "REGIONE PIEMONTE", "ente_prod": "REGIONE PIEMONTE", "modo_prod": "banche dati esterne - catasto", "sc_acq": "1:2000", "edifc_ty": "generica", "edifc_uso": "residenziale e commerciale", "edifc_stat": "costruito", "edifc_mon": "0", "edifc_nome": "", "edifc_idag": "", "edifc_ided": "", "source": "BDTRE edifc" }, "geometry": { "type": "Polygon", "coordinates": [ [ [ 7.67094, 45.07921 ], [ 7.67095, 45.07922 ], [ 7.67096, 45.07922 ], [ 7.67149, 45.07904 ], [ 7.67149, 45.07903 ], [ 7.67125, 45.07869 ], [ 7.67124, 45.07868 ], [ 7.67124, 45.07868 ], [ 7.6707, 45.07887 ], [ 7.6707, 45.07887 ], [ 7.67077, 45.07897 ], [ 7.67077, 45.07897 ], [ 7.67084, 45.07895 ], [ 7.67085, 45.07897 ], [ 7.67085, 45.07897 ], [ 7.67084, 45.07898 ], [ 7.67085, 45.07899 ], [ 7.67086, 45.07898 ], [ 7.67086, 45.07899 ], [ 7.671, 45.07919 ], [ 7.67095, 45.0792 ], [ 7.67094, 45.07921 ] ], [ [ 7.67121, 45.07906 ], [ 7.67113, 45.07909 ], [ 7.6711, 45.0791 ], [ 7.67097, 45.07891 ], [ 7.67107, 45.07887 ], [ 7.67118, 45.07883 ], [ 7.67131, 45.07903 ], [ 7.67121, 45.07906 ] ] ] } },
{ "type": "Feature", "properties": { "uuid": "35064dac-9822-4305-ae62-54158f185a40", "data_acq": "2019-11-30 00:00:00", "data_agg": "2019-11-30 00:00:00", "data_fin": "9999-12-31 00:00:00", "ente_for": "REGIONE PIEMONTE", "ente_prod": "REGIONE PIEMONTE", "modo_prod": "banche dati esterne - catasto", "sc_acq": "1:2000", "edifc_ty": "generica", "edifc_uso": "residenziale e commerciale", "edifc_stat": "costruito", "edifc_mon": "0", "edifc_nome": "", "edifc_idag": "", "edifc_ided": "", "source": "BDTRE edifc" }, "geometry": { "type": "Polygon", "coordinates": [ [ [ 7.69316, 45.07574 ], [ 7.69321, 45.07576 ], [ 7.69317, 45.0758 ], [ 7.69312, 45.07578 ], [ 7.69316, 45.07574 ] ] ] } },
{ "type": "Feature", "properties": { "uuid": "b943ec57-29ae-4cee-b0b0-974983f2ec8b", "data_acq": "2019-11-30 00:00:00", "data_agg": "2019-11-30 00:00:00", "data_fin": "9999-12-31 00:00:00", "ente_for": "REGIONE PIEMONTE", "ente_prod": "REGIONE PIEMONTE", "modo_prod": "banche dati esterne - catasto", "sc_acq": "1:2000", "edifc_ty": "generica", "edifc_uso": "residenziale e commerciale", "edifc_stat": "costruito", "edifc_mon": "0", "edifc_nome": "", "edifc_idag": "", "edifc_ided": "", "source": "BDTRE edifc" }, "geometry": { "type": "Polygon", "coordinates": [ [ [ 7.68265, 45.07325 ], [ 7.68265, 45.07325 ], [ 7.68255, 45.07321 ], [ 7.68247, 45.07316 ], [ 7.68252, 45.07313 ], [ 7.68252, 45.07313 ], [ 7.68261, 45.07308 ], [ 7.68267, 45.07306 ], [ 7.68268, 45.07307 ], [ 7.68268, 45.07308 ], [ 7.6827, 45.0731 ], [ 7.6827, 45.0731 ], [ 7.68272, 45.07311 ], [ 7.6827, 45.07312 ], [ 7.68274, 45.07315 ], [ 7.68275, 45.07317 ], [ 7.68265, 45.07325 ] ] ] } },
{ "type": "Feature", "properties": { "uuid": "b838838c-3fbb-4502-9a58-c5438859bd6e", "data_acq": "2019-11-30 00:00:00", "data_agg": "2019-11-30 00:00:00", "data_fin": "9999-12-31 00:00:00", "ente_for": "REGIONE PIEMONTE", "ente_prod": "REGIONE PIEMONTE", "modo_prod": "banche dati esterne - catasto", "sc_acq": "1:2000", "edifc_ty": "generica", "edifc_uso": "residenziale e commerciale", "edifc_stat": "costruito", "edifc_mon": "0", "edifc_nome": "", "edifc_idag": "", "edifc_ided": "", "source": "BDTRE edifc" }, "geometry": { "type": "Polygon", "coordinates": [ [ [ 7.66646, 45.07947 ], [ 7.66646, 45.07947 ], [ 7.66658, 45.07938 ], [ 7.66671, 45.07948 ], [ 7.66657, 45.07955 ], [ 7.66646, 45.07947 ] ] ] } },
{ "type": "Feature", "properties": { "uuid": "7a7623e9-c0e1-4b59-8746-28125a5c3dc4", "data_acq": "2019-11-30 00:00:00", "data_agg": "2019-11-30 00:00:00", "data_fin": "9999-12-31 00:00:00", "ente_for": "REGIONE PIEMONTE", "ente_prod": "REGIONE PIEMONTE", "modo_prod": "banche dati esterne - catasto", "sc_acq": "1:2000", "edifc_ty": "generica", "edifc_uso": "residenziale e commerciale", "edifc_stat": "costruito", "edifc_mon": "0", "edifc_nome": "", "edifc_idag": "", "edifc_ided": "", "source": "BDTRE edifc" }, "geometry": { "type": "Polygon", "coordinates": [ [ [ 7.68852, 45.08364 ], [ 7.6885, 45.08369 ], [ 7.68864, 45.08391 ], [ 7.6885, 45.08395 ], [ 7.6885, 45.08395 ], [ 7.68829, 45.08363 ], [ 7.68831, 45.0836 ], [ 7.68852, 45.08364 ] ] ] } },
{ "type": "Feature", "properties": { "uuid": "bbe7becc-468e-4b19-a0ee-48cc568de5f0", "data_acq": "2019-11-30 00:00:00", "data_agg": "2019-11-30 00:00:00", "data_fin": "9999-12-31 00:00:00", "ente_for": "REGIONE PIEMONTE", "ente_prod": "REGIONE PIEMONTE", "modo_prod": "banche dati esterne - catasto", "sc_acq": "1:2000", "edifc_ty": "generica", "edifc_uso": "residenziale e produttivo", "edifc_stat": "costruito", "edifc_mon": "0", "edifc_nome": "", "edifc_idag": "", "edifc_ided": "", "source": "BDTRE edifc" }, "geometry": { "type": "Polygon", "coordinates": [ [ [ 7.66651, 45.08385 ], [ 7.66656, 45.08393 ], [ 7.66644, 45.08397 ], [ 7.66638, 45.08389 ], [ 7.66638, 45.08389 ], [ 7.66651, 45.08385 ] ] ] } },
{ "type": "Feature", "properties": { "uuid": "77823e90-bf36-4c32-b447-7ff1313cf9ce", "data_acq": "2019-11-30 00:00:00", "data_agg": "2019-11-30 00:00:00", "data_fin": "9999-12-31 00:00:00", "ente_for": "REGIONE PIEMONTE", "ente_prod": "REGIONE PIEMONTE", "modo_prod": "banche dati esterne - catasto", "sc_acq": "1:2000", "edifc_ty": "generica", "edifc_uso": "residenziale e commerciale", "edifc_stat": "costruito", "edifc_mon": "0", "edifc_nome": "", "edifc_idag": "", "edifc_ided": "", "source": "BDTRE edifc" }, "geometry": { "type": "Polygon", "coordinates": [ [ [ 7.69245, 45.0663 ], [ 7.69247, 45.06628 ], [ 7.69246, 45.06627 ], [ 7.69256, 45.06621 ], [ 7.69256, 45.06621 ], [ 7.69262, 45.06617 ], [ 7.69254, 45.0661 ], [ 7.69252, 45.06609 ], [ 7.69245, 45.06603 ], [ 7.69238, 45.06597 ], [ 7.69238, 45.06597 ], [ 7.69238, 45.06597 ], [ 7.69219, 45.06604 ], [ 7.69227, 45.06614 ], [ 7.6924, 45.06633 ], [ 7.69244, 45.0663 ], [ 7.69245, 45.0663 ] ], [ [ 7.6924, 45.06609 ], [ 7.69246, 45.06606 ], [ 7.69246, 45.06606 ], [ 7.69254, 45.06613 ], [ 7.69246, 45.06618 ], [ 7.6924, 45.06609 ] ] ] } },
{ "type": "Feature", "properties": { "uuid": "7bacfdd7-37d7-42e0-adfb-16934343ae63", "data_acq": "2019-11-30 00:00:00", "data_agg": "2019-11-30 00:00:00", "data_fin": "9999-12-31 00:00:00", "ente_for": "REGIONE PIEMONTE", "ente_prod": "REGIONE PIEMONTE", "modo_prod": "banche dati esterne - catasto", "sc_acq": "1:2000", "edifc_ty": "generica", "edifc_uso": "residenziale e commerciale", "edifc_stat": "costruito", "edifc_mon": "0", "edifc_nome": "", "edifc_idag": "", "edifc_ided": "", "source": "BDTRE edifc" }, "geometry": { "type": "Polygon", "coordinates": [ [ [ 7.66543, 45.07336 ], [ 7.66545, 45.07339 ], [ 7.66549, 45.07344 ], [ 7.66543, 45.07347 ], [ 7.66543, 45.07347 ], [ 7.66533, 45.0735 ], [ 7.6652, 45.07354 ], [ 7.66515, 45.07348 ], [ 7.6651, 45.07341 ], [ 7.66524, 45.07336 ], [ 7.66527, 45.07341 ], [ 7.66528, 45.07341 ], [ 7.66543, 45.07336 ], [ 7.66543, 45.07336 ] ] ] } },
{ "type": "Feature", "properties": { "uuid": "ef5cd668-0b68-4d41-a78d-84a96cd0a327", "data_acq": "2019-11-30 00:00:00", "data_agg": "2019-11-30 00:00:00", "data_fin": "9999-12-31 00:00:00", "ente_for": "REGIONE PIEMONTE", "ente_prod": "REGIONE PIEMONTE", "modo_prod": "banche dati esterne - catasto", "sc_acq": "1:2000", "edifc_ty": "generica", "edifc_uso": "residenziale e commerciale", "edifc_stat": "costruito", "edifc_mon": "0", "edifc_nome": "", "edifc_idag": "", "edifc_ided": "", "source": "BDTRE edifc" }, "geometry": { "type": "Polygon", "coordinates": [ [ [ 7.66825, 45.07686 ], [ 7.66835, 45.077 ], [ 7.66819, 45.07706 ], [ 7.66813, 45.07708 ], [ 7.6681, 45.07704 ], [ 7.66795, 45.07709 ], [ 7.66798, 45.07713 ], [ 7.66792, 45.07715 ], [ 7.66789, 45.0771 ], [ 7.66786, 45.07707 ], [ 7.66804, 45.07701 ], [ 7.66803, 45.07699 ], [ 7.66805, 45.07699 ], [ 7.66806, 45.07696 ], [ 7.6681, 45.07695 ], [ 7.66812, 45.07696 ], [ 7.66813, 45.07694 ], [ 7.6681, 45.07694 ], [ 7.66808, 45.07692 ], [ 7.66809, 45.07688 ], [ 7.66825, 45.07686 ] ] ] } },
{ "type": "Feature", "properties": { "uuid": "f4c795af-5c9e-4a7d-a4ef-7ca6ee8af3e8", "data_acq": "2019-11-30 00:00:00", "data_agg": "2019-11-30 00:00:00", "data_fin": "9999-12-31 00:00:00", "ente_for": "REGIONE PIEMONTE", "ente_prod": "REGIONE PIEMONTE", "modo_prod": "banche dati esterne - catasto", "sc_acq": "1:2000", "edifc_ty": "generica", "edifc_uso": "residenziale e commerciale", "edifc_stat": "costruito", "edifc_mon": "0", "edifc_nome": "", "edifc_idag": "", "edifc_ided": "", "source": "BDTRE edifc" }, "geometry": { "type": "Polygon", "coordinates": [ [ [ 7.68099, 45.06916 ], [ 7.68103, 45.06922 ], [ 7.68105, 45.06921 ], [ 7.68109, 45.06927 ], [ 7.68109, 45.06927 ], [ 7.6812, 45.06923 ], [ 7.68122, 45.06926 ], [ 7.68119, 45.06929 ], [ 7.68121, 45.06932 ], [ 7.68133, 45.06928 ], [ 7.68137, 45.06933 ], [ 7.68137, 45.06933 ], [ 7.68144, 45.0693 ], [ 7.68146, 45.06932 ], [ 7.68148, 45.06931 ], [ 7.6813, 45.06905 ], [ 7.68114, 45.06911 ], [ 7.68099, 45.06916 ] ] ] } },
{ "type": "Feature", "properties": { "uuid": "816d761a-d2b1-49aa-81a6-404b38121527", "data_acq": "2019-11-30 00:00:00", "data_agg": "2019-11-30 00:00:00", "data_fin": "9999-12-31 00:00:00", "ente_for": "REGIONE PIEMONTE", "ente_prod": "REGIONE PIEMONTE", "modo_prod": "banche dati esterne - catasto", "sc_acq": "1:2000", "edifc_ty": "generica", "edifc_uso": "residenziale e commerciale", "edifc_stat": "costruito", "edifc_mon": "0", "edifc_nome": "", "edifc_idag": "", "edifc_ided": "", "source": "BDTRE edifc" }, "geometry": { "type": "Polygon", "coordinates": [ [ [ 7.68346, 45.07916 ], [ 7.68345, 45.07916 ], [ 7.68332, 45.07913 ], [ 7.68345, 45.07897 ], [ 7.68357, 45.07896 ], [ 7.6836, 45.07916 ], [ 7.68346, 45.07916 ] ] ] } },
{ "type": "Feature", "properties": { "uuid": "0cc02691-50fb-4d19-a854-a9e48e2b2f81", "data_acq": "2019-11-30 00:00:00", "data_agg": "2019-11-30 00:00:00", "data_fin": "9999-12-31 00:00:00", "ente_for": "REGIONE PIEMONTE", "ente_prod": "REGIONE PIEMONTE", "modo_prod": "banche dati esterne - catasto", "sc_acq": "1:2000", "edifc_ty": "generica", "edifc_uso": "residenziale e commerciale", "edifc_stat": "costruito", "edifc_mon": "0", "edifc_nome": "", "edifc_idag": "", "edifc_ided": "", "source": "BDTRE edifc" }, "geometry": { "type": "Polygon", "coordinates": [ [ [ 7.69307, 45.06692 ], [ 7.69297, 45.06684 ], [ 7.69297, 45.06684 ], [ 7.6929, 45.06679 ], [ 7.69286, 45.06676 ], [ 7.69281, 45.06672 ], [ 7.69274, 45.06668 ], [ 7.6927, 45.06665 ], [ 7.69271, 45.06664 ], [ 7.69272, 45.06665 ], [ 7.69291, 45.06652 ], [ 7.69296, 45.06649 ], [ 7.69301, 45.06653 ], [ 7.69303, 45.06655 ], [ 7.69316, 45.06669 ], [ 7.69324, 45.06677 ], [ 7.69328, 45.06682 ], [ 7.69322, 45.06684 ], [ 7.69304, 45.06665 ], [ 7.69304, 45.06665 ], [ 7.69301, 45.06667 ], [ 7.69298, 45.06668 ], [ 7.693, 45.0667 ], [ 7.693, 45.0667 ], [ 7.69297, 45.06672 ], [ 7.69313, 45.06689 ], [ 7.69307, 45.06692 ] ] ] } },
{ "type": "Feature", "properties": { "uuid": "5d67e8ca-8198-49ea-86d8-5f7c0618cbdc", "data_acq": "2019-11-30 00:00:00", "data_agg": "2019-11-30 00:00:00", "data_fin": "9999-12-31 00:00:00", "ente_for": "REGIONE PIEMONTE", "ente_prod": "REGIONE PIEMONTE", "modo_prod": "banche dati esterne - catasto", "sc_acq": "1:2000", "edifc_ty": "generica", "edifc_uso": "residenziale e commerciale", "edifc_stat": "costruito", "edifc_mon": "0", "edifc_nome": "", "edifc_idag": "", "edifc_ided": "", "source": "BDTRE edifc" }, "geometry": { "type": "Polygon", "coordinates": [ [ [ 7.67837, 45.07195 ], [ 7.67826, 45.07199 ], [ 7.67815, 45.07202 ], [ 7.67825, 45.07216 ], [ 7.67835, 45.0723 ], [ 7.67845, 45.07227 ], [ 7.67855, 45.07223 ], [ 7.67854, 45.07222 ], [ 7.67852, 45.07218 ], [ 7.67848, 45.07213 ], [ 7.67845, 45.07214 ], [ 7.67844, 45.07214 ], [ 7.67843, 45.07214 ], [ 7.67843, 45.07215 ], [ 7.6784, 45.07216 ], [ 7.67838, 45.07214 ], [ 7.67839, 45.07213 ], [ 7.67837, 45.0721 ], [ 7.67836, 45.07211 ], [ 7.67834, 45.07208 ], [ 7.67838, 45.07207 ], [ 7.67839, 45.07207 ], [ 7.6784, 45.07207 ], [ 7.6784, 45.07206 ], [ 7.67843, 45.07205 ], [ 7.67843, 45.07205 ], [ 7.67839, 45.07199 ], [ 7.67837, 45.07195 ] ] ] } },
{ "type": "Feature", "properties": { "uuid": "89b355da-f1e6-49a2-a2d7-04db57da5988", "data_acq": "2019-11-30 00:00:00", "data_agg": "2019-11-30 00:00:00", "data_fin": "9999-12-31 00:00:00", "ente_for": "REGIONE PIEMONTE", "ente_prod": "REGIONE PIEMONTE", "modo_prod": "banche dati esterne - catasto", "sc_acq": "1:2000", "edifc_ty": "generica", "edifc_uso": "residenziale e produttivo", "edifc_stat": "costruito", "edifc_mon": "0", "edifc_nome": "", "edifc_idag": "", "edifc_ided": "", "source": "BDTRE edifc" }, "geometry": { "type": "Polygon", "coordinates": [ [ [ 7.69127, 45.084 ], [ 7.69148, 45.08394 ], [ 7.69155, 45.08405 ], [ 7.69162, 45.08416 ], [ 7.69141, 45.08423 ], [ 7.69135, 45.08413 ], [ 7.69127, 45.084 ] ] ] } },
{ "type": "Feature", "properties": { "uuid": "0c4b6f21-e87d-4903-838c-6f40e9817e0d", "data_acq": "2019-11-30 00:00:00", "data_agg": "2019-11-30 00:00:00", "data_fin": "9999-12-31 00:00:00", "ente_for": "REGIONE PIEMONTE", "ente_prod": "REGIONE PIEMONTE", "modo_prod": "banche dati esterne - catasto", "sc_acq": "1:2000", "edifc_ty": "generica", "edifc_uso": "residenziale e produttivo", "edifc_stat": "costruito", "edifc_mon": "0", "edifc_nome": "", "edifc_idag": "", "edifc_ided": "", "source": "BDTRE edifc" }, "geometry": { "type": "Polygon", "coordinates": [ [ [ 7.67365, 45.08282 ], [ 7.67381, 45.08277 ], [ 7.67386, 45.08284 ], [ 7.67386, 45.08284 ], [ 7.67385, 45.08284 ], [ 7.67385, 45.08284 ], [ 7.67384, 45.08284 ], [ 7.67384, 45.08284 ], [ 7.67375, 45.08287 ], [ 7.67376, 45.08289 ], [ 7.67371, 45.0829 ], [ 7.67365, 45.08282 ] ] ] } },
{ "type": "Feature", "properties": { "uuid": "c090dbd5-6a60-4db0-8a7d-d80415435212", "data_acq": "2019-11-30 00:00:00", "data_agg": "2019-11-30 00:00:00", "data_fin": "9999-12-31 00:00:00", "ente_for": "REGIONE PIEMONTE", "ente_prod": "REGIONE PIEMONTE", "modo_prod": "banche dati esterne - catasto", "sc_acq": "1:2000", "edifc_ty": "generica", "edifc_uso": "residenziale e commerciale", "edifc_stat": "costruito", "edifc_mon": "0", "edifc_nome": "", "edifc_idag": "", "edifc_ided": "", "source": "BDTRE edifc" }, "geometry": { "type": "Polygon", "coordinates": [ [ [ 7.68593, 45.06741 ], [ 7.68606, 45.06736 ], [ 7.68607, 45.06736 ], [ 7.68615, 45.06748 ], [ 7.68615, 45.06748 ], [ 7.68601, 45.06753 ], [ 7.68593, 45.06741 ] ] ] } },
{ "type": "Feature", "properties": { "uuid": "065219aa-9fed-4b47-a487-e2731e73596d", "data_acq": "2019-11-30 00:00:00", "data_agg": "2019-11-30 00:00:00", "data_fin": "9999-12-31 00:00:00", "ente_for": "REGIONE PIEMONTE", "ente_prod": "REGIONE PIEMONTE", "modo_prod": "banche dati esterne - catasto", "sc_acq": "1:2000", "edifc_ty": "generica", "edifc_uso": "residenziale e commerciale", "edifc_stat": "costruito", "edifc_mon": "0", "edifc_nome": "", "edifc_idag": "", "edifc_ided": "", "source": "BDTRE edifc" }, "geometry": { "type": "Polygon", "coordinates": [ [ [ 7.67011, 45.07792 ], [ 7.67016, 45.07793 ], [ 7.6702, 45.07794 ], [ 7.67022, 45.07794 ], [ 7.67024, 45.07795 ], [ 7.67016, 45.078 ], [ 7.67021, 45.07805 ], [ 7.6702, 45.07807 ], [ 7.6702, 45.07808 ], [ 7.67027, 45.07818 ], [ 7.67016, 45.07821 ], [ 7.67007, 45.07824 ], [ 7.66995, 45.07828 ], [ 7.66993, 45.07825 ], [ 7.66988, 45.07818 ], [ 7.66981, 45.07809 ], [ 7.6699, 45.07804 ], [ 7.67011, 45.07792 ] ], [ [ 7.67003, 45.07804 ], [ 7.66997, 45.07807 ], [ 7.67002, 45.07814 ], [ 7.67011, 45.07811 ], [ 7.67003, 45.07804 ] ] ] } },
{ "type": "Feature", "properties": { "uuid": "b46b2520-e320-422a-8629-c2cb8bdf1470", "data_acq": "2019-11-30 00:00:00", "data_agg": "2019-11-30 00:00:00", "data_fin": "9999-12-31 00:00:00", "ente_for": "REGIONE PIEMONTE", "ente_prod": "REGIONE PIEMONTE", "modo_prod": "banche dati esterne - catasto", "sc_acq": "1:2000", "edifc_ty": "generica", "edifc_uso": "residenziale e commerciale", "edifc_stat": "costruito", "edifc_mon": "0", "edifc_nome": "", "edifc_idag": "", "edifc_ided": "", "source": "BDTRE edifc" }, "geometry": { "type": "Polygon", "coordinates": [ [ [ 7.67656, 45.07417 ], [ 7.67648, 45.07406 ], [ 7.6765, 45.07406 ], [ 7.6765, 45.07407 ], [ 7.67653, 45.07406 ], [ 7.67649, 45.074 ], [ 7.67649, 45.074 ], [ 7.67645, 45.07401 ], [ 7.67638, 45.07392 ], [ 7.67642, 45.0739 ], [ 7.67647, 45.07389 ], [ 7.67652, 45.07387 ], [ 7.67661, 45.07399 ], [ 7.67669, 45.07412 ], [ 7.67669, 45.07412 ], [ 7.67669, 45.07412 ], [ 7.67656, 45.07417 ] ] ] } },
{ "type": "Feature", "properties": { "uuid": "7e599ecb-3a98-4d94-8b8d-0f212723445a", "data_acq": "2019-11-30 00:00:00", "data_agg": "2019-11-30 00:00:00", "data_fin": "9999-12-31 00:00:00", "ente_for": "REGIONE PIEMONTE", "ente_prod": "REGIONE PIEMONTE", "modo_prod": "banche dati esterne - catasto", "sc_acq": "1:2000", "edifc_ty": "generica", "edifc_uso": "residenziale e commerciale", "edifc_stat": "costruito", "edifc_mon": "0", "edifc_nome": "", "edifc_idag": "", "edifc_ided": "", "source": "BDTRE edifc" }, "geometry": { "type": "Polygon", "coordinates": [ [ [ 7.68303, 45.08481 ], [ 7.68299, 45.08485 ], [ 7.68294, 45.0849 ], [ 7.6829, 45.08494 ], [ 7.68288, 45.08493 ], [ 7.68289, 45.08491 ], [ 7.68285, 45.08488 ], [ 7.68289, 45.08484 ], [ 7.68286, 45.08482 ], [ 7.68289, 45.08479 ], [ 7.68286, 45.08478 ], [ 7.68284, 45.0848 ], [ 7.68277, 45.08482 ], [ 7.68278, 45.08483 ], [ 7.68275, 45.08484 ], [ 7.68274, 45.08483 ], [ 7.68274, 45.08483 ], [ 7.68273, 45.08482 ], [ 7.68266, 45.08485 ], [ 7.6826, 45.08476 ], [ 7.68279, 45.0847 ], [ 7.68303, 45.08481 ] ] ] } },
{ "type": "Feature", "properties": { "uuid": "f242c82a-4b76-44b4-86db-75638e27d021", "data_acq": "2010-01-01 00:00:00", "data_agg": "2022-12-31 00:00:00", "data_fin": "9999-12-31 00:00:00", "ente_for": "REGIONE PIEMONTE", "ente_prod": "CSI PIEMONTE", "modo_prod": "rilievo speditivo - ortofoto", "sc_acq": "1:10000", "edifc_ty": "generica", "edifc_uso": "residenziale e commerciale", "edifc_stat": "costruito", "edifc_mon": "0", "edifc_nome": "", "edifc_idag": "", "edifc_ided": "", "source": "BDTRE edifc" }, "geometry": { "type": "Polygon", "coordinates": [ [ [ 7.68341, 45.06518 ], [ 7.68375, 45.06506 ], [ 7.68384, 45.0652 ], [ 7.68395, 45.06535 ], [ 7.68396, 45.06536 ], [ 7.68382, 45.06541 ], [ 7.68382, 45.06541 ], [ 7.68378, 45.06535 ], [ 7.68372, 45.06526 ], [ 7.6835, 45.06533 ], [ 7.68341, 45.06518 ] ] ] } },
{ "type": "Feature", "properties": { "uuid": "0dbf3c69-ba16-4d28-adde-83f09959d8fe", "data_acq": "2019-11-30 00:00:00", "data_agg": "2019-11-30 00:00:00", "data_fin": "9999-12-31 00:00:00", "ente_for": "REGIONE PIEMONTE", "ente_prod": "REGIONE PIEMONTE", "modo_prod": "banche dati esterne - catasto", "sc_acq": "1:2000", "edifc_ty": "generica", "edifc_uso": "residenziale e commerciale", "edifc_stat": "costruito", "edifc_mon": "0", "edifc_nome": "", "edifc_idag": "", "edifc_ided": "", "source": "BDTRE edifc" }, "geometry": { "type": "Polygon", "coordinates": [ [ [ 7.68397, 45.08409 ], [ 7.68386, 45.08412 ], [ 7.68377, 45.08415 ], [ 7.68365, 45.08396 ], [ 7.68377, 45.08392 ], [ 7.68384, 45.08402 ], [ 7.6839, 45.084 ], [ 7.68389, 45.08399 ], [ 7.68391, 45.08399 ], [ 7.68391, 45.08399 ], [ 7.68397, 45.08409 ] ] ] } },
{ "type": "Feature", "properties": { "uuid": "56c80401-5239-4618-bc8a-3edfcff10986", "data_acq": "2019-11-30 00:00:00", "data_agg": "2019-11-30 00:00:00", "data_fin": "9999-12-31 00:00:00", "ente_for": "REGIONE PIEMONTE", "ente_prod": "REGIONE PIEMONTE", "modo_prod": "banche dati esterne - catasto", "sc_acq": "1:2000", "edifc_ty": "generica", "edifc_uso": "residenziale e commerciale", "edifc_stat": "costruito", "edifc_mon": "0", "edifc_nome": "", "edifc_idag": "", "edifc_ided": "", "source": "BDTRE edifc" }, "geometry": { "type": "Polygon", "coordinates": [ [ [ 7.69449, 45.07633 ], [ 7.69473, 45.07644 ], [ 7.69462, 45.07655 ], [ 7.69451, 45.0765 ], [ 7.69451, 45.0765 ], [ 7.69454, 45.07646 ], [ 7.69442, 45.0764 ], [ 7.69449, 45.07633 ] ] ] } },
{ "type": "Feature", "properties": { "uuid": "88d74b19-68b1-4605-b999-90378bd6cc82", "data_acq": "2019-11-30 00:00:00", "data_agg": "2019-11-30 00:00:00", "data_fin": "9999-12-31 00:00:00", "ente_for": "REGIONE PIEMONTE", "ente_prod": "REGIONE PIEMONTE", "modo_prod": "banche dati esterne - catasto", "sc_acq": "1:2000", "edifc_ty": "generica", "edifc_uso": "residenziale e commerciale", "edifc_stat": "costruito", "edifc_mon": "0", "edifc_nome": "", "edifc_idag": "", "edifc_ided": "", "source": "BDTRE edifc" }, "geometry": { "type": "Polygon", "coordinates": [ [ [ 7.68224, 45.07089 ], [ 7.68225, 45.07085 ], [ 7.68221, 45.07084 ], [ 7.68221, 45.07089 ], [ 7.68224, 45.07089 ] ] ] } },
{ "type": "Feature", "properties": { "uuid": "24e6bace-8bb8-4b6d-8062-b93770f88230", "data_acq": "2019-11-30 00:00:00", "data_agg": "2019-11-30 00:00:00", "data_fin": "9999-12-31 00:00:00", "ente_for": "REGIONE PIEMONTE", "ente_prod": "REGIONE PIEMONTE", "modo_prod": "banche dati esterne - catasto", "sc_acq": "1:2000", "edifc_ty": "generica", "edifc_uso": "residenziale e commerciale", "edifc_stat": "costruito", "edifc_mon": "0", "edifc_nome": "", "edifc_idag": "", "edifc_ided": "", "source": "BDTRE edifc" }, "geometry": { "type": "Polygon", "coordinates": [ [ [ 7.6935, 45.08168 ], [ 7.69371, 45.08178 ], [ 7.69362, 45.08187 ], [ 7.69361, 45.08186 ], [ 7.69362, 45.08186 ], [ 7.69346, 45.08179 ], [ 7.69345, 45.08179 ], [ 7.69343, 45.08178 ], [ 7.69343, 45.08178 ], [ 7.69342, 45.08177 ], [ 7.6935, 45.08168 ] ] ] } },
{ "type": "Feature", "properties": { "uuid": "2089a81d-1171-4e4f-8520-3bb400ccc850", "data_acq": "2019-11-30 00:00:00", "data_agg": "2019-11-30 00:00:00", "data_fin": "9999-12-31 00:00:00", "ente_for": "REGIONE PIEMONTE", "ente_prod": "REGIONE PIEMONTE", "modo_prod": "banche dati esterne - catasto", "sc_acq": "1:2000", "edifc_ty": "generica", "edifc_uso": "residenziale e commerciale", "edifc_stat": "costruito", "edifc_mon": "0", "edifc_nome": "", "edifc_idag": "", "edifc_ided": "", "source": "BDTRE edifc" }, "geometry": { "type": "Polygon", "coordinates": [ [ [ 7.66677, 45.07668 ], [ 7.66677, 45.07668 ], [ 7.66677, 45.07681 ], [ 7.66677, 45.07681 ], [ 7.66684, 45.07682 ], [ 7.66684, 45.07684 ], [ 7.6669, 45.07684 ], [ 7.6669, 45.07688 ], [ 7.66699, 45.07688 ], [ 7.667, 45.07679 ], [ 7.66707, 45.07679 ], [ 7.66706, 45.07681 ], [ 7.66707, 45.07682 ], [ 7.6676, 45.07684 ], [ 7.66761, 45.07682 ], [ 7.66794, 45.07683 ], [ 7.66795, 45.07681 ], [ 7.66804, 45.07683 ], [ 7.66804, 45.07683 ], [ 7.66806, 45.07684 ], [ 7.66806, 45.07685 ], [ 7.66805, 45.07685 ], [ 7.66808, 45.07689 ], [ 7.66809, 45.07688 ], [ 7.66825, 45.07686 ], [ 7.66825, 45.07686 ], [ 7.66816, 45.07673 ], [ 7.66815, 45.07673 ], [ 7.66677, 45.07668 ] ] ] } },
{ "type": "Feature", "properties": { "uuid": "43314fe8-460b-42c3-b5a3-7cfdbe9c3b87", "data_acq": "2019-11-30 00:00:00", "data_agg": "2019-11-30 00:00:00", "data_fin": "9999-12-31 00:00:00", "ente_for": "REGIONE PIEMONTE", "ente_prod": "REGIONE PIEMONTE", "modo_prod": "banche dati esterne - catasto", "sc_acq": "1:2000", "edifc_ty": "generica", "edifc_uso": "residenziale e commerciale", "edifc_stat": "costruito", "edifc_mon": "0", "edifc_nome": "", "edifc_idag": "", "edifc_ided": "", "source": "BDTRE edifc" }, "geometry": { "type": "Polygon", "coordinates": [ [ [ 7.68831, 45.0687 ], [ 7.68829, 45.06868 ], [ 7.68801, 45.06877 ], [ 7.68806, 45.06885 ], [ 7.68812, 45.06893 ], [ 7.68813, 45.06895 ], [ 7.68813, 45.06895 ], [ 7.68819, 45.06893 ], [ 7.68813, 45.06884 ], [ 7.68827, 45.06879 ], [ 7.68828, 45.06879 ], [ 7.68835, 45.06876 ], [ 7.68831, 45.0687 ] ] ] } },
{ "type": "Feature", "properties": { "uuid": "9c70b6ad-f27b-4838-a571-a51d5fb64f7a", "data_acq": "2019-11-30 00:00:00", "data_agg": "2019-11-30 00:00:00", "data_fin": "9999-12-31 00:00:00", "ente_for": "REGIONE PIEMONTE", "ente_prod": "REGIONE PIEMONTE", "modo_prod": "banche dati esterne - catasto", "sc_acq": "1:2000", "edifc_ty": "generica", "edifc_uso": "residenziale e commerciale", "edifc_stat": "costruito", "edifc_mon": "0", "edifc_nome": "", "edifc_idag": "", "edifc_ided": "", "source": "BDTRE edifc" }, "geometry": { "type": "Polygon", "coordinates": [ [ [ 7.68065, 45.07417 ], [ 7.68049, 45.07422 ], [ 7.68048, 45.07422 ], [ 7.68052, 45.07427 ], [ 7.68044, 45.07429 ], [ 7.68045, 45.0743 ], [ 7.68033, 45.07433 ], [ 7.6803, 45.07429 ], [ 7.68033, 45.07428 ], [ 7.68043, 45.07425 ], [ 7.68041, 45.07421 ], [ 7.68034, 45.07423 ], [ 7.68032, 45.07424 ], [ 7.68027, 45.07425 ], [ 7.68022, 45.07426 ], [ 7.68023, 45.07427 ], [ 7.68033, 45.07443 ], [ 7.68041, 45.07441 ], [ 7.68052, 45.07437 ], [ 7.68062, 45.07434 ], [ 7.68068, 45.07443 ], [ 7.68061, 45.07446 ], [ 7.68055, 45.07448 ], [ 7.68056, 45.07448 ], [ 7.68056, 45.07448 ], [ 7.68055, 45.07448 ], [ 7.68055, 45.07449 ], [ 7.68055, 45.07449 ], [ 7.68051, 45.0745 ], [ 7.68053, 45.07453 ], [ 7.68059, 45.0746 ], [ 7.6806, 45.0746 ], [ 7.68061, 45.07459 ], [ 7.68064, 45.07458 ], [ 7.68087, 45.07449 ], [ 7.68081, 45.0744 ], [ 7.68065, 45.07417 ] ] ] } },
{ "type": "Feature", "properties": { "uuid": "ae190201-5838-4a01-a060-a67e063e038d", "data_acq": "2019-11-30 00:00:00", "data_agg": "2019-11-30 00:00:00", "data_fin": "9999-12-31 00:00:00", "ente_for": "REGIONE PIEMONTE", "ente_prod": "REGIONE PIEMONTE", "modo_prod": "banche dati esterne - catasto", "sc_acq": "1:2000", "edifc_ty": "generica", "edifc_uso": "residenziale e commerciale", "edifc_stat": "costruito", "edifc_mon": "0", "edifc_nome": "", "edifc_idag": "", "edifc_ided": "", "source": "BDTRE edifc" }, "geometry": { "type": "Polygon", "coordinates": [ [ [ 7.68403, 45.07024 ], [ 7.68406, 45.07023 ], [ 7.68404, 45.07021 ], [ 7.68402, 45.07022 ], [ 7.68403, 45.07024 ] ] ] } },
{ "type": "Feature", "properties": { "uuid": "1663d70c-72ee-478d-aca3-3c8bdf1b5487", "data_acq": "2019-11-30 00:00:00", "data_agg": "2019-11-30 00:00:00", "data_fin": "9999-12-31 00:00:00", "ente_for": "REGIONE PIEMONTE", "ente_prod": "REGIONE PIEMONTE", "modo_prod": "banche dati esterne - catasto", "sc_acq": "1:2000", "edifc_ty": "generica", "edifc_uso": "residenziale e commerciale", "edifc_stat": "costruito", "edifc_mon": "0", "edifc_nome": "", "edifc_idag": "", "edifc_ided": "", "source": "BDTRE edifc" }, "geometry": { "type": "Polygon", "coordinates": [ [ [ 7.66793, 45.07878 ], [ 7.66814, 45.07863 ], [ 7.66814, 45.07863 ], [ 7.66785, 45.07843 ], [ 7.6678, 45.07847 ], [ 7.66773, 45.07852 ], [ 7.66778, 45.07855 ], [ 7.66795, 45.07867 ], [ 7.66795, 45.07867 ], [ 7.66786, 45.07874 ], [ 7.66793, 45.07878 ] ] ] } },
{ "type": "Feature", "properties": { "uuid": "b4fe3c28-4221-431b-b5ef-1a6cf65009ce", "data_acq": "2019-11-30 00:00:00", "data_agg": "2019-11-30 00:00:00", "data_fin": "9999-12-31 00:00:00", "ente_for": "REGIONE PIEMONTE", "ente_prod": "REGIONE PIEMONTE", "modo_prod": "banche dati esterne - catasto", "sc_acq": "1:2000", "edifc_ty": "generica", "edifc_uso": "residenziale e produttivo", "edifc_stat": "costruito", "edifc_mon": "0", "edifc_nome": "", "edifc_idag": "", "edifc_ided": "", "source": "BDTRE edifc" }, "geometry": { "type": "Polygon", "coordinates": [ [ [ 7.66504, 45.08465 ], [ 7.6656, 45.08463 ], [ 7.66565, 45.0847 ], [ 7.66508, 45.08487 ], [ 7.66506, 45.08479 ], [ 7.66506, 45.08479 ], [ 7.66506, 45.08476 ], [ 7.66506, 45.08473 ], [ 7.66505, 45.0847 ], [ 7.66504, 45.08465 ] ] ] } },
{ "type": "Feature", "properties": { "uuid": "92cda806-9ee3-4e34-a1f8-4a7162916bf8", "data_acq": "2019-11-30 00:00:00", "data_agg": "2019-11-30 00:00:00", "data_fin": "9999-12-31 00:00:00", "ente_for": "REGIONE PIEMONTE", "ente_prod": "REGIONE PIEMONTE", "modo_prod": "banche dati esterne - catasto", "sc_acq": "1:2000", "edifc_ty": "generica", "edifc_uso": "abitativa", "edifc_stat": "costruito", "edifc_mon": "0", "edifc_nome": "", "edifc_idag": "", "edifc_ided": "", "source": "BDTRE edifc" }, "geometry": { "type": "Polygon", "coordinates": [ [ [ 7.66704, 45.08466 ], [ 7.6669, 45.08469 ], [ 7.66693, 45.08475 ], [ 7.66683, 45.08478 ], [ 7.66688, 45.08486 ], [ 7.66689, 45.08485 ], [ 7.66707, 45.08479 ], [ 7.66711, 45.08477 ], [ 7.66709, 45.08474 ], [ 7.66708, 45.08473 ], [ 7.66704, 45.08466 ] ] ] } },
{ "type": "Feature", "properties": { "uuid": "a9ef3b37-ead3-429c-bb4b-4e1495b5c025", "data_acq": "2019-11-30 00:00:00", "data_agg": "2019-11-30 00:00:00", "data_fin": "9999-12-31 00:00:00", "ente_for": "REGIONE PIEMONTE", "ente_prod": "REGIONE PIEMONTE", "modo_prod": "banche dati esterne - catasto", "sc_acq": "1:2000", "edifc_ty": "capannone", "edifc_uso": "residenziale e produttivo", "edifc_stat": "costruito", "edifc_mon": "0", "edifc_nome": "", "edifc_idag": "", "edifc_ided": "", "source": "BDTRE edifc" }, "geometry": { "type": "Polygon", "coordinates": [ [ [ 7.67136, 45.08394 ], [ 7.67138, 45.08394 ], [ 7.67131, 45.0838 ], [ 7.67131, 45.0838 ], [ 7.67122, 45.08381 ], [ 7.67112, 45.08383 ], [ 7.67111, 45.08383 ], [ 7.6711, 45.08383 ], [ 7.6705, 45.08392 ], [ 7.67043, 45.08393 ], [ 7.67049, 45.08401 ], [ 7.67057, 45.08412 ], [ 7.67111, 45.084 ], [ 7.67136, 45.08394 ], [ 7.67136, 45.08394 ] ], [ [ 7.67095, 45.08397 ], [ 7.67096, 45.08399 ], [ 7.6708, 45.08403 ], [ 7.67077, 45.08394 ], [ 7.67089, 45.08392 ], [ 7.67089, 45.08392 ], [ 7.6709, 45.08394 ], [ 7.6709, 45.08394 ], [ 7.67096, 45.08393 ], [ 7.67095, 45.08391 ], [ 7.67119, 45.08387 ], [ 7.67122, 45.08394 ], [ 7.67122, 45.08394 ], [ 7.67098, 45.08399 ], [ 7.67097, 45.08397 ], [ 7.67095, 45.08397 ] ] ] } },
{ "type": "Feature", "properties": { "uuid": "fc4712f1-9330-4f78-8d26-849e9ee26ba2", "data_acq": "2019-11-30 00:00:00", "data_agg": "2019-11-30 00:00:00", "data_fin": "9999-12-31 00:00:00", "ente_for": "REGIONE PIEMONTE", "ente_prod": "REGIONE PIEMONTE", "modo_prod": "banche dati esterne - catasto", "sc_acq": "1:2000", "edifc_ty": "generica", "edifc_uso": "residenziale e commerciale", "edifc_stat": "costruito", "edifc_mon": "0", "edifc_nome": "", "edifc_idag": "", "edifc_ided": "", "source": "BDTRE edifc" }, "geometry": { "type": "Polygon", "coordinates": [ [ [ 7.67207, 45.06468 ], [ 7.67189, 45.06475 ], [ 7.67188, 45.06473 ], [ 7.67186, 45.06474 ], [ 7.67187, 45.06474 ], [ 7.67185, 45.06475 ], [ 7.67184, 45.06474 ], [ 7.67183, 45.06475 ], [ 7.67182, 45.06475 ], [ 7.67181, 45.06475 ], [ 7.6718, 45.06475 ], [ 7.6718, 45.06476 ], [ 7.67179, 45.06476 ], [ 7.67179, 45.06477 ], [ 7.67177, 45.06477 ], [ 7.67177, 45.06477 ], [ 7.67175, 45.06478 ], [ 7.67176, 45.06479 ], [ 7.67169, 45.06482 ], [ 7.67164, 45.06484 ], [ 7.67157, 45.06486 ], [ 7.67159, 45.06489 ], [ 7.67167, 45.06499 ], [ 7.67167, 45.065 ], [ 7.67173, 45.06508 ], [ 7.6718, 45.06505 ], [ 7.67187, 45.06503 ], [ 7.67181, 45.06494 ], [ 7.67203, 45.06487 ], [ 7.67209, 45.06495 ], [ 7.67215, 45.06492 ], [ 7.67223, 45.0649 ], [ 7.67219, 45.06485 ], [ 7.67215, 45.06479 ], [ 7.67215, 45.06479 ], [ 7.67214, 45.06478 ], [ 7.67211, 45.06473 ], [ 7.67208, 45.06469 ], [ 7.67207, 45.06468 ] ] ] } },
{ "type": "Feature", "properties": { "uuid": "a3822494-c698-468e-bc42-77ccf73c1240", "data_acq": "2019-11-30 00:00:00", "data_agg": "2019-11-30 00:00:00", "data_fin": "9999-12-31 00:00:00", "ente_for": "REGIONE PIEMONTE", "ente_prod": "REGIONE PIEMONTE", "modo_prod": "banche dati esterne - catasto", "sc_acq": "1:2000", "edifc_ty": "generica", "edifc_uso": "residenziale e commerciale", "edifc_stat": "costruito", "edifc_mon": "0", "edifc_nome": "", "edifc_idag": "", "edifc_ided": "", "source": "BDTRE edifc" }, "geometry": { "type": "Polygon", "coordinates": [ [ [ 7.68181, 45.07264 ], [ 7.682, 45.07259 ], [ 7.682, 45.07259 ], [ 7.68204, 45.07258 ], [ 7.68207, 45.07257 ], [ 7.682, 45.07248 ], [ 7.68198, 45.07248 ], [ 7.68192, 45.07239 ], [ 7.68176, 45.07244 ], [ 7.68169, 45.07247 ], [ 7.68179, 45.0726 ], [ 7.68181, 45.07264 ] ], [ [ 7.68196, 45.07252 ], [ 7.68196, 45.07253 ], [ 7.68196, 45.07253 ], [ 7.68185, 45.07257 ], [ 7.68183, 45.07254 ], [ 7.68185, 45.07253 ], [ 7.68195, 45.0725 ], [ 7.68197, 45.07252 ], [ 7.68197, 45.07252 ], [ 7.68196, 45.07252 ] ] ] } },
{ "type": "Feature", "properties": { "uuid": "50eb0929-5397-4472-ad97-781cecc1e4c7", "data_acq": "2019-11-30 00:00:00", "data_agg": "2019-11-30 00:00:00", "data_fin": "9999-12-31 00:00:00", "ente_for": "REGIONE PIEMONTE", "ente_prod": "REGIONE PIEMONTE", "modo_prod": "banche dati esterne - catasto", "sc_acq": "1:2000", "edifc_ty": "generica", "edifc_uso": "residenziale e produttivo", "edifc_stat": "costruito", "edifc_mon": "0", "edifc_nome": "", "edifc_idag": "", "edifc_ided": "", "source": "BDTRE edifc" }, "geometry": { "type": "Polygon", "coordinates": [ [ [ 7.66696, 45.08111 ], [ 7.66688, 45.081 ], [ 7.66678, 45.08086 ], [ 7.66664, 45.0809 ], [ 7.66644, 45.08096 ], [ 7.6665, 45.08106 ], [ 7.66659, 45.08103 ], [ 7.66659, 45.08104 ], [ 7.66663, 45.08103 ], [ 7.66664, 45.08103 ], [ 7.66663, 45.08102 ], [ 7.6667, 45.081 ], [ 7.66672, 45.08101 ], [ 7.66676, 45.08107 ], [ 7.66675, 45.08107 ], [ 7.66675, 45.08107 ], [ 7.66677, 45.0811 ], [ 7.66677, 45.0811 ], [ 7.66678, 45.0811 ], [ 7.6668, 45.08112 ], [ 7.66676, 45.08113 ], [ 7.66676, 45.08113 ], [ 7.66679, 45.08116 ], [ 7.66679, 45.08116 ], [ 7.66682, 45.08115 ], [ 7.66682, 45.08115 ], [ 7.66696, 45.08111 ] ] ] } },
{ "type": "Feature", "properties": { "uuid": "3e963c20-7d77-4333-ba30-b854b767ba04", "data_acq": "2019-11-30 00:00:00", "data_agg": "2019-11-30 00:00:00", "data_fin": "9999-12-31 00:00:00", "ente_for": "REGIONE PIEMONTE", "ente_prod": "REGIONE PIEMONTE", "modo_prod": "banche dati esterne - catasto", "sc_acq": "1:2000", "edifc_ty": "generica", "edifc_uso": "residenziale e commerciale", "edifc_stat": "costruito", "edifc_mon": "0", "edifc_nome": "", "edifc_idag": "", "edifc_ided": "", "source": "BDTRE edifc" }, "geometry": { "type": "Polygon", "coordinates": [ [ [ 7.67429, 45.07227 ], [ 7.67416, 45.07232 ], [ 7.67417, 45.07233 ], [ 7.67412, 45.07235 ], [ 7.67413, 45.07237 ], [ 7.67414, 45.07236 ], [ 7.67417, 45.07239 ], [ 7.67417, 45.0724 ], [ 7.67402, 45.07245 ], [ 7.67399, 45.07241 ], [ 7.67395, 45.07243 ], [ 7.67401, 45.07252 ], [ 7.67423, 45.07244 ], [ 7.67438, 45.07239 ], [ 7.67435, 45.07235 ], [ 7.67431, 45.07229 ], [ 7.67429, 45.07227 ] ] ] } },
{ "type": "Feature", "properties": { "uuid": "787b0217-3138-45f7-8d99-04f2a3f0ac98", "data_acq": "2019-11-30 00:00:00", "data_agg": "2019-11-30 00:00:00", "data_fin": "9999-12-31 00:00:00", "ente_for": "REGIONE PIEMONTE", "ente_prod": "REGIONE PIEMONTE", "modo_prod": "banche dati esterne - catasto", "sc_acq": "1:2000", "edifc_ty": "generica", "edifc_uso": "residenziale e commerciale", "edifc_stat": "costruito", "edifc_mon": "0", "edifc_nome": "", "edifc_idag": "", "edifc_ided": "", "source": "BDTRE edifc" }, "geometry": { "type": "Polygon", "coordinates": [ [ [ 7.67279, 45.0816 ], [ 7.67293, 45.08156 ], [ 7.67299, 45.08165 ], [ 7.67299, 45.08165 ], [ 7.67291, 45.08168 ], [ 7.67292, 45.0817 ], [ 7.67293, 45.08169 ], [ 7.67294, 45.08171 ], [ 7.67293, 45.08171 ], [ 7.67299, 45.08179 ], [ 7.67293, 45.08181 ], [ 7.67279, 45.0816 ] ] ] } },
{ "type": "Feature", "properties": { "uuid": "33961f67-cdb1-4cd7-8ebe-bbdaa7e1de42", "data_acq": "2019-11-30 00:00:00", "data_agg": "2019-11-30 00:00:00", "data_fin": "9999-12-31 00:00:00", "ente_for": "REGIONE PIEMONTE", "ente_prod": "REGIONE PIEMONTE", "modo_prod": "banche dati esterne - catasto", "sc_acq": "1:2000", "edifc_ty": "generica", "edifc_uso": "residenziale", "edifc_stat": "costruito", "edifc_mon": "0", "edifc_nome": "", "edifc_idag": "", "edifc_ided": "", "source": "BDTRE edifc" }, "geometry": { "type": "Polygon", "coordinates": [ [ [ 7.67901, 45.08168 ], [ 7.67903, 45.08171 ], [ 7.6789, 45.08175 ], [ 7.67889, 45.08172 ], [ 7.67891, 45.08171 ], [ 7.67901, 45.08168 ] ] ] } },
{ "type": "Feature", "properties": { "uuid": "628b0e29-34fb-4b0d-a2c9-eeb305f9d805", "data_acq": "2019-11-30 00:00:00", "data_agg": "2019-11-30 00:00:00", "data_fin": "9999-12-31 00:00:00", "ente_for": "REGIONE PIEMONTE", "ente_prod": "REGIONE PIEMONTE", "modo_prod": "banche dati esterne - catasto", "sc_acq": "1:2000", "edifc_ty": "generica", "edifc_uso": "residenziale", "edifc_stat": "costruito", "edifc_mon": "0", "edifc_nome": "", "edifc_idag": "", "edifc_ided": "", "source": "BDTRE edifc" }, "geometry": { "type": "Polygon", "coordinates": [ [ [ 7.68852, 45.07206 ], [ 7.68851, 45.07207 ], [ 7.68851, 45.07208 ], [ 7.68853, 45.07208 ], [ 7.68852, 45.07206 ] ] ] } },
{ "type": "Feature", "properties": { "uuid": "8fab0ff5-b840-4177-a53a-4edf0f5f38eb", "data_acq": "2019-11-30 00:00:00", "data_agg": "2019-11-30 00:00:00", "data_fin": "9999-12-31 00:00:00", "ente_for": "REGIONE PIEMONTE", "ente_prod": "REGIONE PIEMONTE", "modo_prod": "banche dati esterne - catasto", "sc_acq": "1:2000", "edifc_ty": "generica", "edifc_uso": "Non conosciuto", "edifc_stat": "costruito", "edifc_mon": "0", "edifc_nome": "", "edifc_idag": "", "edifc_ided": "", "source": "BDTRE edifc" }, "geometry": { "type": "Polygon", "coordinates": [ [ [ 7.67995, 45.0838 ], [ 7.67994, 45.08377 ], [ 7.67988, 45.0838 ], [ 7.67989, 45.08382 ], [ 7.67995, 45.0838 ] ] ] } },
{ "type": "Feature", "properties": { "uuid": "5349d5c4-fe0c-4270-8241-cfb6af4216a4", "data_acq": "2019-11-30 00:00:00", "data_agg": "2019-11-30 00:00:00", "data_fin": "9999-12-31 00:00:00", "ente_for": "REGIONE PIEMONTE", "ente_prod": "REGIONE PIEMONTE", "modo_prod": "banche dati esterne - catasto", "sc_acq": "1:2000", "edifc_ty": "generica", "edifc_uso": "Non conosciuto", "edifc_stat": "costruito", "edifc_mon": "0", "edifc_nome": "", "edifc_idag": "", "edifc_ided": "", "source": "BDTRE edifc" }, "geometry": { "type": "Polygon", "coordinates": [ [ [ 7.69237, 45.08294 ], [ 7.69259, 45.08293 ], [ 7.69259, 45.08297 ], [ 7.69259, 45.08297 ], [ 7.69259, 45.08297 ], [ 7.69259, 45.08297 ], [ 7.69245, 45.08298 ], [ 7.69245, 45.08303 ], [ 7.69245, 45.08304 ], [ 7.69249, 45.08303 ], [ 7.69249, 45.08307 ], [ 7.69238, 45.08308 ], [ 7.69237, 45.08294 ] ] ] } },
{ "type": "Feature", "properties": { "uuid": "1f742c14-9b8e-49dd-8e83-fde12260efb1", "data_acq": "2019-11-30 00:00:00", "data_agg": "2019-11-30 00:00:00", "data_fin": "9999-12-31 00:00:00", "ente_for": "REGIONE PIEMONTE", "ente_prod": "REGIONE PIEMONTE", "modo_prod": "banche dati esterne - catasto", "sc_acq": "1:2000", "edifc_ty": "Non conosciuto", "edifc_uso": "Non conosciuto", "edifc_stat": "costruito", "edifc_mon": "0", "edifc_nome": "", "edifc_idag": "", "edifc_ided": "", "source": "BDTRE edifc" }, "geometry": { "type": "Polygon", "coordinates": [ [ [ 7.67309, 45.07689 ], [ 7.67307, 45.0769 ], [ 7.67303, 45.07691 ], [ 7.67299, 45.07685 ], [ 7.67288, 45.07689 ], [ 7.67286, 45.07685 ], [ 7.67283, 45.07682 ], [ 7.67296, 45.07677 ], [ 7.67301, 45.07678 ], [ 7.67309, 45.07689 ] ] ] } },
{ "type": "Feature", "properties": { "uuid": "733a9e9a-5703-4558-9b9d-c94206ebd591", "data_acq": "2019-11-30 00:00:00", "data_agg": "2019-11-30 00:00:00", "data_fin": "9999-12-31 00:00:00", "ente_for": "REGIONE PIEMONTE", "ente_prod": "REGIONE PIEMONTE", "modo_prod": "banche dati esterne - catasto", "sc_acq": "1:2000", "edifc_ty": "Non conosciuto", "edifc_uso": "Non conosciuto", "edifc_stat": "costruito", "edifc_mon": "0", "edifc_nome": "", "edifc_idag": "", "edifc_ided": "", "source": "BDTRE edifc" }, "geometry": { "type": "Polygon", "coordinates": [ [ [ 7.69383, 45.08334 ], [ 7.69388, 45.08328 ], [ 7.69396, 45.08332 ], [ 7.69391, 45.08337 ], [ 7.69383, 45.08334 ] ] ] } },
{ "type": "Feature", "properties": { "uuid": "962f1f80-5562-4c8e-b95a-8930f3b8de02", "data_acq": "2019-11-30 00:00:00", "data_agg": "2019-11-30 00:00:00", "data_fin": "9999-12-31 00:00:00", "ente_for": "REGIONE PIEMONTE", "ente_prod": "REGIONE PIEMONTE", "modo_prod": "banche dati esterne - catasto", "sc_acq": "1:2000", "edifc_ty": "generica", "edifc_uso": "Non conosciuto", "edifc_stat": "costruito", "edifc_mon": "0", "edifc_nome": "", "edifc_idag": "", "edifc_ided": "", "source": "BDTRE edifc" }, "geometry": { "type": "Polygon", "coordinates": [ [ [ 7.69255, 45.08348 ], [ 7.69242, 45.08352 ], [ 7.69235, 45.08341 ], [ 7.69235, 45.08336 ], [ 7.69239, 45.08335 ], [ 7.69238, 45.08334 ], [ 7.69241, 45.08332 ], [ 7.69245, 45.08331 ], [ 7.69255, 45.08348 ] ] ] } },
{ "type": "Feature", "properties": { "uuid": "3fda9370-3c7a-49e2-9b66-40e15aa6ca02", "data_acq": "2019-11-30 00:00:00", "data_agg": "2019-11-30 00:00:00", "data_fin": "9999-12-31 00:00:00", "ente_for": "REGIONE PIEMONTE", "ente_prod": "REGIONE PIEMONTE", "modo_prod": "banche dati esterne - catasto", "sc_acq": "1:2000", "edifc_ty": "Non conosciuto", "edifc_uso": "Non conosciuto", "edifc_stat": "costruito", "edifc_mon": "0", "edifc_nome": "", "edifc_idag": "", "edifc_ided": "", "source": "BDTRE edifc" }, "geometry": { "type": "Polygon", "coordinates": [ [ [ 7.67341, 45.0766 ], [ 7.67351, 45.07656 ], [ 7.67352, 45.07657 ], [ 7.67367, 45.07651 ], [ 7.67367, 45.07652 ], [ 7.6737, 45.0765 ], [ 7.6737, 45.0765 ], [ 7.67377, 45.07647 ], [ 7.67376, 45.07647 ], [ 7.67381, 45.07645 ], [ 7.67376, 45.07637 ], [ 7.67352, 45.07645 ], [ 7.6732, 45.07657 ], [ 7.67322, 45.07659 ], [ 7.67326, 45.07665 ], [ 7.67341, 45.0766 ] ] ] } },
{ "type": "Feature", "properties": { "uuid": "fac9843b-2599-4c33-95a1-4ea068ed9f28", "data_acq": "2019-11-30 00:00:00", "data_agg": "2019-11-30 00:00:00", "data_fin": "9999-12-31 00:00:00", "ente_for": "REGIONE PIEMONTE", "ente_prod": "REGIONE PIEMONTE", "modo_prod": "banche dati esterne - catasto", "sc_acq": "1:2000", "edifc_ty": "capannone", "edifc_uso": "Non conosciuto", "edifc_stat": "costruito", "edifc_mon": "0", "edifc_nome": "", "edifc_idag": "", "edifc_ided": "", "source": "BDTRE edifc" }, "geometry": { "type": "Polygon", "coordinates": [ [ [ 7.69411, 45.07837 ], [ 7.69403, 45.07846 ], [ 7.69401, 45.07848 ], [ 7.694, 45.07849 ], [ 7.694, 45.07849 ], [ 7.69396, 45.07847 ], [ 7.69395, 45.07848 ], [ 7.69385, 45.07844 ], [ 7.69397, 45.07831 ], [ 7.69398, 45.07832 ], [ 7.69411, 45.07837 ] ] ] } },
{ "type": "Feature", "properties": { "uuid": "3a65715a-fb9a-4b82-ad04-ae28571cc366", "data_acq": "2019-11-30 00:00:00", "data_agg": "2019-11-30 00:00:00", "data_fin": "9999-12-31 00:00:00", "ente_for": "REGIONE PIEMONTE", "ente_prod": "REGIONE PIEMONTE", "modo_prod": "banche dati esterne - catasto", "sc_acq": "1:2000", "edifc_ty": "generica", "edifc_uso": "Non conosciuto", "edifc_stat": "costruito", "edifc_mon": "0", "edifc_nome": "", "edifc_idag": "", "edifc_ided": "", "source": "BDTRE edifc" }, "geometry": { "type": "Polygon", "coordinates": [ [ [ 7.67761, 45.08012 ], [ 7.67781, 45.08054 ], [ 7.67776, 45.08056 ], [ 7.67774, 45.08051 ], [ 7.67763, 45.08052 ], [ 7.67747, 45.08029 ], [ 7.67746, 45.08029 ], [ 7.67748, 45.08028 ], [ 7.6775, 45.08031 ], [ 7.67761, 45.08027 ], [ 7.67756, 45.08015 ], [ 7.67761, 45.08012 ] ] ] } },
{ "type": "Feature", "properties": { "uuid": "d06758ec-0264-4319-b1df-c0823221261c", "data_acq": "2019-11-30 00:00:00", "data_agg": "2019-11-30 00:00:00", "data_fin": "9999-12-31 00:00:00", "ente_for": "REGIONE PIEMONTE", "ente_prod": "REGIONE PIEMONTE", "modo_prod": "banche dati esterne - catasto", "sc_acq": "1:2000", "edifc_ty": "Non conosciuto", "edifc_uso": "Non conosciuto", "edifc_stat": "costruito", "edifc_mon": "0", "edifc_nome": "", "edifc_idag": "", "edifc_ided": "", "source": "BDTRE edifc" }, "geometry": { "type": "Polygon", "coordinates": [ [ [ 7.67768, 45.08009 ], [ 7.67761, 45.08011 ], [ 7.67758, 45.08005 ], [ 7.67784, 45.07994 ], [ 7.67789, 45.08 ], [ 7.67768, 45.08009 ] ] ] } },
{ "type": "Feature", "properties": { "uuid": "077f2d64-e019-45fa-a40d-244aee6ff814", "data_acq": "2019-11-30 00:00:00", "data_agg": "2019-11-30 00:00:00", "data_fin": "9999-12-31 00:00:00", "ente_for": "REGIONE PIEMONTE", "ente_prod": "REGIONE PIEMONTE", "modo_prod": "banche dati esterne - catasto", "sc_acq": "1:2000", "edifc_ty": "generica", "edifc_uso": "residenziale", "edifc_stat": "costruito", "edifc_mon": "0", "edifc_nome": "", "edifc_idag": "", "edifc_ided": "", "source": "BDTRE edifc" }, "geometry": { "type": "Polygon", "coordinates": [ [ [ 7.68008, 45.0774 ], [ 7.68008, 45.0774 ], [ 7.68003, 45.07741 ], [ 7.68003, 45.07741 ], [ 7.68001, 45.07739 ], [ 7.68, 45.07737 ], [ 7.68003, 45.07736 ], [ 7.68004, 45.07738 ], [ 7.68006, 45.07737 ], [ 7.68008, 45.0774 ] ] ] } },
{ "type": "Feature", "properties": { "uuid": "e18aaa33-5ffb-41e7-9187-3a37f235cb98", "data_acq": "2019-11-30 00:00:00", "data_agg": "2019-11-30 00:00:00", "data_fin": "9999-12-31 00:00:00", "ente_for": "REGIONE PIEMONTE", "ente_prod": "REGIONE PIEMONTE", "modo_prod": "banche dati esterne - catasto", "sc_acq": "1:2000", "edifc_ty": "Non conosciuto", "edifc_uso": "Non conosciuto", "edifc_stat": "costruito", "edifc_mon": "0", "edifc_nome": "", "edifc_idag": "", "edifc_ided": "", "source": "BDTRE edifc" }, "geometry": { "type": "Polygon", "coordinates": [ [ [ 7.673, 45.07705 ], [ 7.67296, 45.07707 ], [ 7.67296, 45.07707 ], [ 7.67287, 45.07711 ], [ 7.67282, 45.07709 ], [ 7.67278, 45.07704 ], [ 7.67279, 45.07704 ], [ 7.67283, 45.07702 ], [ 7.67288, 45.077 ], [ 7.67294, 45.07698 ], [ 7.673, 45.07705 ] ] ] } },
{ "type": "Feature", "properties": { "uuid": "6682e7b8-7d46-45b8-b890-284c75fca6d0", "data_acq": "2019-11-30 00:00:00", "data_agg": "2019-11-30 00:00:00", "data_fin": "9999-12-31 00:00:00", "ente_for": "REGIONE PIEMONTE", "ente_prod": "REGIONE PIEMONTE", "modo_prod": "banche dati esterne - catasto", "sc_acq": "1:2000", "edifc_ty": "chiesa", "edifc_uso": "Non conosciuto", "edifc_stat": "costruito", "edifc_mon": "0", "edifc_nome": "", "edifc_idag": "", "edifc_ided": "", "source": "BDTRE edifc" }, "geometry": { "type": "Polygon", "coordinates": [ [ [ 7.6925, 45.06743 ], [ 7.69271, 45.06735 ], [ 7.69276, 45.06741 ], [ 7.69255, 45.06749 ], [ 7.6925, 45.06743 ] ] ] } },
{ "type": "Feature", "properties": { "uuid": "da0bf99f-1293-4747-8666-f0e23a9b0235", "data_acq": "2019-11-30 00:00:00", "data_agg": "2019-11-30 00:00:00", "data_fin": "9999-12-31 00:00:00", "ente_for": "REGIONE PIEMONTE", "ente_prod": "REGIONE PIEMONTE", "modo_prod": "banche dati esterne - catasto", "sc_acq": "1:2000", "edifc_ty": "generica", "edifc_uso": "Non conosciuto", "edifc_stat": "costruito", "edifc_mon": "0", "edifc_nome": "", "edifc_idag": "", "edifc_ided": "", "source": "BDTRE edifc" }, "geometry": { "type": "Polygon", "coordinates": [ [ [ 7.68031, 45.0839 ], [ 7.68026, 45.08393 ], [ 7.68018, 45.08386 ], [ 7.68009, 45.08392 ], [ 7.68006, 45.0839 ], [ 7.68009, 45.08388 ], [ 7.68005, 45.08385 ], [ 7.68005, 45.08385 ], [ 7.67997, 45.08388 ], [ 7.67997, 45.08388 ], [ 7.67994, 45.08385 ], [ 7.67994, 45.08385 ], [ 7.67992, 45.08386 ], [ 7.67989, 45.08387 ], [ 7.67987, 45.08383 ], [ 7.67989, 45.08382 ], [ 7.67995, 45.0838 ], [ 7.6801, 45.08375 ], [ 7.68011, 45.08374 ], [ 7.68031, 45.0839 ] ] ] } },
{ "type": "Feature", "properties": { "uuid": "ef3fda89-24fc-417e-b85b-c3c6615fb472", "data_acq": "2019-11-30 00:00:00", "data_agg": "2019-11-30 00:00:00", "data_fin": "9999-12-31 00:00:00", "ente_for": "REGIONE PIEMONTE", "ente_prod": "REGIONE PIEMONTE", "modo_prod": "banche dati esterne - catasto", "sc_acq": "1:2000", "edifc_ty": "Non conosciuto", "edifc_uso": "Non conosciuto", "edifc_stat": "costruito", "edifc_mon": "0", "edifc_nome": "", "edifc_idag": "", "edifc_ided": "", "source": "BDTRE edifc" }, "geometry": { "type": "Polygon", "coordinates": [ [ [ 7.6737, 45.08082 ], [ 7.67375, 45.08078 ], [ 7.67372, 45.08075 ], [ 7.67383, 45.08068 ], [ 7.6739, 45.08073 ], [ 7.67385, 45.08076 ], [ 7.67393, 45.08082 ], [ 7.67402, 45.08076 ], [ 7.67386, 45.08064 ], [ 7.6738, 45.08059 ], [ 7.67372, 45.08062 ], [ 7.67373, 45.08064 ], [ 7.67359, 45.08075 ], [ 7.67359, 45.08076 ], [ 7.6737, 45.08082 ] ] ] } },
{ "type": "Feature", "properties": { "uuid": "8e51418d-cd39-4384-bac4-09f776210fe7", "data_acq": "2019-11-30 00:00:00", "data_agg": "2019-11-30 00:00:00", "data_fin": "9999-12-31 00:00:00", "ente_for": "REGIONE PIEMONTE", "ente_prod": "REGIONE PIEMONTE", "modo_prod": "banche dati esterne - catasto", "sc_acq": "1:2000", "edifc_ty": "Non conosciuto", "edifc_uso": "Non conosciuto", "edifc_stat": "costruito", "edifc_mon": "0", "edifc_nome": "", "edifc_idag": "", "edifc_ided": "", "source": "BDTRE edifc" }, "geometry": { "type": "Polygon", "coordinates": [ [ [ 7.67309, 45.07689 ], [ 7.67307, 45.0769 ], [ 7.67303, 45.07691 ], [ 7.67305, 45.07694 ], [ 7.67294, 45.07698 ], [ 7.673, 45.07705 ], [ 7.673, 45.07706 ], [ 7.67314, 45.07701 ], [ 7.67315, 45.07697 ], [ 7.67309, 45.07689 ] ] ] } },
{ "type": "Feature", "properties": { "uuid": "911f1e5b-825d-475f-9785-2cf369a8d64a", "data_acq": "2019-11-30 00:00:00", "data_agg": "2019-11-30 00:00:00", "data_fin": "9999-12-31 00:00:00", "ente_for": "REGIONE PIEMONTE", "ente_prod": "REGIONE PIEMONTE", "modo_prod": "banche dati esterne - catasto", "sc_acq": "1:2000", "edifc_ty": "generica", "edifc_uso": "Non conosciuto", "edifc_stat": "costruito", "edifc_mon": "0", "edifc_nome": "", "edifc_idag": "", "edifc_ided": "", "source": "BDTRE edifc" }, "geometry": { "type": "Polygon", "coordinates": [ [ [ 7.6937, 45.07829 ], [ 7.69355, 45.07823 ], [ 7.69351, 45.07827 ], [ 7.69343, 45.07836 ], [ 7.69344, 45.07836 ], [ 7.69346, 45.07837 ], [ 7.69357, 45.07842 ], [ 7.69368, 45.07831 ], [ 7.6937, 45.07829 ] ] ] } },
{ "type": "Feature", "properties": { "uuid": "623f14e9-c204-48ce-82e8-c2dc01058509", "data_acq": "2019-11-30 00:00:00", "data_agg": "2019-11-30 00:00:00", "data_fin": "9999-12-31 00:00:00", "ente_for": "REGIONE PIEMONTE", "ente_prod": "REGIONE PIEMONTE", "modo_prod": "banche dati esterne - catasto", "sc_acq": "1:2000", "edifc_ty": "Non conosciuto", "edifc_uso": "Non conosciuto", "edifc_stat": "costruito", "edifc_mon": "0", "edifc_nome": "", "edifc_idag": "", "edifc_ided": "", "source": "BDTRE edifc" }, "geometry": { "type": "Polygon", "coordinates": [ [ [ 7.67829, 45.08009 ], [ 7.67848, 45.08045 ], [ 7.6785, 45.08049 ], [ 7.6785, 45.0805 ], [ 7.67837, 45.08053 ], [ 7.67818, 45.08016 ], [ 7.67816, 45.08012 ], [ 7.67829, 45.08009 ] ] ] } },
{ "type": "Feature", "properties": { "uuid": "5f507f77-fad0-4822-886d-94bcd4262615", "data_acq": "2019-11-30 00:00:00", "data_agg": "2019-11-30 00:00:00", "data_fin": "9999-12-31 00:00:00", "ente_for": "REGIONE PIEMONTE", "ente_prod": "REGIONE PIEMONTE", "modo_prod": "banche dati esterne - catasto", "sc_acq": "1:2000", "edifc_ty": "generica", "edifc_uso": "Non conosciuto", "edifc_stat": "costruito", "edifc_mon": "0", "edifc_nome": "", "edifc_idag": "", "edifc_ided": "", "source": "BDTRE edifc" }, "geometry": { "type": "Polygon", "coordinates": [ [ [ 7.67775, 45.08195 ], [ 7.67772, 45.0819 ], [ 7.67772, 45.0819 ], [ 7.67768, 45.08184 ], [ 7.67785, 45.08178 ], [ 7.67788, 45.08182 ], [ 7.67779, 45.08185 ], [ 7.67783, 45.08192 ], [ 7.67775, 45.08195 ] ] ] } },
{ "type": "Feature", "properties": { "uuid": "ebaf7760-2728-47ee-8e9a-186e736abcfd", "data_acq": "2019-11-30 00:00:00", "data_agg": "2019-11-30 00:00:00", "data_fin": "9999-12-31 00:00:00", "ente_for": "REGIONE PIEMONTE", "ente_prod": "REGIONE PIEMONTE", "modo_prod": "banche dati esterne - catasto", "sc_acq": "1:2000", "edifc_ty": "Non conosciuto", "edifc_uso": "Non conosciuto", "edifc_stat": "costruito", "edifc_mon": "0", "edifc_nome": "", "edifc_idag": "", "edifc_ided": "", "source": "BDTRE edifc" }, "geometry": { "type": "Polygon", "coordinates": [ [ [ 7.67241, 45.06794 ], [ 7.67242, 45.06794 ], [ 7.67243, 45.06794 ], [ 7.67244, 45.06793 ], [ 7.67246, 45.06792 ], [ 7.67248, 45.06792 ], [ 7.6725, 45.06795 ], [ 7.67251, 45.06797 ], [ 7.6725, 45.06798 ], [ 7.67248, 45.06798 ], [ 7.67248, 45.06799 ], [ 7.67249, 45.06799 ], [ 7.67249, 45.06799 ], [ 7.67249, 45.06799 ], [ 7.67249, 45.06799 ], [ 7.67249, 45.06799 ], [ 7.67245, 45.06801 ], [ 7.67245, 45.068 ], [ 7.67242, 45.06796 ], [ 7.67241, 45.06794 ] ] ] } },
{ "type": "Feature", "properties": { "uuid": "7281029d-9545-4894-bf05-66e4519a96dd", "data_acq": "2019-11-30 00:00:00", "data_agg": "2019-11-30 00:00:00", "data_fin": "9999-12-31 00:00:00", "ente_for": "REGIONE PIEMONTE", "ente_prod": "REGIONE PIEMONTE", "modo_prod": "banche dati esterne - catasto", "sc_acq": "1:2000", "edifc_ty": "generica", "edifc_uso": "Non conosciuto", "edifc_stat": "costruito", "edifc_mon": "0", "edifc_nome": "", "edifc_idag": "", "edifc_ided": "", "source": "BDTRE edifc" }, "geometry": { "type": "Polygon", "coordinates": [ [ [ 7.675, 45.08343 ], [ 7.67503, 45.08347 ], [ 7.67522, 45.0837 ], [ 7.6753, 45.08381 ], [ 7.67519, 45.08384 ], [ 7.67501, 45.0838 ], [ 7.67492, 45.08368 ], [ 7.67505, 45.08363 ], [ 7.67504, 45.08362 ], [ 7.67507, 45.08361 ], [ 7.67501, 45.08353 ], [ 7.67501, 45.08353 ], [ 7.67498, 45.08354 ], [ 7.67486, 45.08358 ], [ 7.67479, 45.0835 ], [ 7.675, 45.08343 ] ] ] } },
{ "type": "Feature", "properties": { "uuid": "7b89e53a-d84c-437b-8c43-372124513990", "data_acq": "2019-11-30 00:00:00", "data_agg": "2019-11-30 00:00:00", "data_fin": "9999-12-31 00:00:00", "ente_for": "REGIONE PIEMONTE", "ente_prod": "REGIONE PIEMONTE", "modo_prod": "banche dati esterne - catasto", "sc_acq": "1:2000", "edifc_ty": "generica", "edifc_uso": "Non conosciuto", "edifc_stat": "costruito", "edifc_mon": "0", "edifc_nome": "", "edifc_idag": "", "edifc_ided": "", "source": "BDTRE edifc" }, "geometry": { "type": "Polygon", "coordinates": [ [ [ 7.66971, 45.08398 ], [ 7.66965, 45.08388 ], [ 7.66958, 45.08377 ], [ 7.66958, 45.08377 ], [ 7.66954, 45.08377 ], [ 7.66945, 45.08378 ], [ 7.66949, 45.08386 ], [ 7.66955, 45.08395 ], [ 7.6694, 45.084 ], [ 7.66944, 45.08407 ], [ 7.66958, 45.08403 ], [ 7.66971, 45.08398 ] ] ] } },
{ "type": "Feature", "properties": { "uuid": "92d3a378-6087-4098-9c82-c183bfa1d383", "data_acq": "2019-11-30 00:00:00", "data_agg": "2019-11-30 00:00:00", "data_fin": "9999-12-31 00:00:00", "ente_for": "REGIONE PIEMONTE", "ente_prod": "REGIONE PIEMONTE", "modo_prod": "banche dati esterne - catasto", "sc_acq": "1:2000", "edifc_ty": "generica", "edifc_uso": "Non conosciuto", "edifc_stat": "costruito", "edifc_mon": "0", "edifc_nome": "", "edifc_idag": "", "edifc_ided": "", "source": "BDTRE edifc" }, "geometry": { "type": "Polygon", "coordinates": [ [ [ 7.67993, 45.08369 ], [ 7.67998, 45.08367 ], [ 7.68002, 45.08372 ], [ 7.67997, 45.08373 ], [ 7.67993, 45.08369 ] ] ] } },
{ "type": "Feature", "properties": { "uuid": "90254d23-22f8-48e8-a1ed-ac234f46c3be", "data_acq": "2019-11-30 00:00:00", "data_agg": "2019-11-30 00:00:00", "data_fin": "9999-12-31 00:00:00", "ente_for": "REGIONE PIEMONTE", "ente_prod": "REGIONE PIEMONTE", "modo_prod": "banche dati esterne - catasto", "sc_acq": "1:2000", "edifc_ty": "capannone", "edifc_uso": "Non conosciuto", "edifc_stat": "costruito", "edifc_mon": "0", "edifc_nome": "", "edifc_idag": "", "edifc_ided": "", "source": "BDTRE edifc" }, "geometry": { "type": "Polygon", "coordinates": [ [ [ 7.69395, 45.07848 ], [ 7.6938, 45.07864 ], [ 7.69385, 45.07866 ], [ 7.69382, 45.07868 ], [ 7.69378, 45.07873 ], [ 7.69376, 45.07875 ], [ 7.69373, 45.07878 ], [ 7.69357, 45.07871 ], [ 7.69358, 45.0787 ], [ 7.69357, 45.0787 ], [ 7.69363, 45.07863 ], [ 7.69365, 45.07864 ], [ 7.69366, 45.07862 ], [ 7.69365, 45.07862 ], [ 7.69373, 45.07853 ], [ 7.69372, 45.07853 ], [ 7.69375, 45.0785 ], [ 7.69376, 45.0785 ], [ 7.6938, 45.07846 ], [ 7.69379, 45.07846 ], [ 7.69383, 45.07843 ], [ 7.69385, 45.07844 ], [ 7.69395, 45.07848 ] ] ] } },
{ "type": "Feature", "properties": { "uuid": "681ae0eb-2b0b-4690-b2ff-681aa8de324a", "data_acq": "2019-11-30 00:00:00", "data_agg": "2019-11-30 00:00:00", "data_fin": "9999-12-31 00:00:00", "ente_for": "REGIONE PIEMONTE", "ente_prod": "REGIONE PIEMONTE", "modo_prod": "banche dati esterne - catasto", "sc_acq": "1:2000", "edifc_ty": "generica", "edifc_uso": "Non conosciuto", "edifc_stat": "costruito", "edifc_mon": "0", "edifc_nome": "", "edifc_idag": "", "edifc_ided": "", "source": "BDTRE edifc" }, "geometry": { "type": "Polygon", "coordinates": [ [ [ 7.66703, 45.08049 ], [ 7.66701, 45.08046 ], [ 7.66714, 45.0804 ], [ 7.66716, 45.08045 ], [ 7.66703, 45.08049 ] ] ] } },
{ "type": "Feature", "properties": { "uuid": "9dda6a68-b11e-42c9-bcea-ab981707e410", "data_acq": "2019-11-30 00:00:00", "data_agg": "2019-11-30 00:00:00", "data_fin": "9999-12-31 00:00:00", "ente_for": "REGIONE PIEMONTE", "ente_prod": "REGIONE PIEMONTE", "modo_prod": "banche dati esterne - catasto", "sc_acq": "1:2000", "edifc_ty": "chiesa", "edifc_uso": "Non conosciuto", "edifc_stat": "costruito", "edifc_mon": "0", "edifc_nome": "", "edifc_idag": "", "edifc_ided": "", "source": "BDTRE edifc" }, "geometry": { "type": "Polygon", "coordinates": [ [ [ 7.68852, 45.06562 ], [ 7.68841, 45.06546 ], [ 7.68847, 45.06544 ], [ 7.68844, 45.06539 ], [ 7.68842, 45.06536 ], [ 7.68848, 45.06534 ], [ 7.68849, 45.06534 ], [ 7.68851, 45.06537 ], [ 7.68851, 45.06538 ], [ 7.68859, 45.06535 ], [ 7.68858, 45.06534 ], [ 7.6886, 45.06533 ], [ 7.68861, 45.06532 ], [ 7.6887, 45.06546 ], [ 7.68874, 45.06551 ], [ 7.68865, 45.06554 ], [ 7.68858, 45.06557 ], [ 7.6886, 45.0656 ], [ 7.68852, 45.06562 ] ] ] } },
{ "type": "Feature", "properties": { "uuid": "c6c645b6-240f-4df2-ab69-ff31ec1d7338", "data_acq": "2019-11-30 00:00:00", "data_agg": "2019-11-30 00:00:00", "data_fin": "9999-12-31 00:00:00", "ente_for": "REGIONE PIEMONTE", "ente_prod": "REGIONE PIEMONTE", "modo_prod": "banche dati esterne - catasto", "sc_acq": "1:2000", "edifc_ty": "generica", "edifc_uso": "Non conosciuto", "edifc_stat": "costruito", "edifc_mon": "0", "edifc_nome": "", "edifc_idag": "", "edifc_ided": "", "source": "BDTRE edifc" }, "geometry": { "type": "Polygon", "coordinates": [ [ [ 7.66516, 45.08236 ], [ 7.66526, 45.08232 ], [ 7.66529, 45.08235 ], [ 7.66516, 45.08241 ], [ 7.66513, 45.08237 ], [ 7.66516, 45.08236 ] ] ] } },
{ "type": "Feature", "properties": { "uuid": "c239db87-c8f9-4856-b7fd-2a3e03d0820b", "data_acq": "2019-11-30 00:00:00", "data_agg": "2019-11-30 00:00:00", "data_fin": "9999-12-31 00:00:00", "ente_for": "REGIONE PIEMONTE", "ente_prod": "REGIONE PIEMONTE", "modo_prod": "banche dati esterne - catasto", "sc_acq": "1:2000", "edifc_ty": "generica", "edifc_uso": "Non conosciuto", "edifc_stat": "costruito", "edifc_mon": "0", "edifc_nome": "", "edifc_idag": "", "edifc_ided": "", "source": "BDTRE edifc" }, "geometry": { "type": "Polygon", "coordinates": [ [ [ 7.66733, 45.07923 ], [ 7.66731, 45.07925 ], [ 7.6673, 45.07925 ], [ 7.6673, 45.07926 ], [ 7.66705, 45.07944 ], [ 7.66703, 45.07939 ], [ 7.66728, 45.0792 ], [ 7.66733, 45.07923 ] ] ] } },
{ "type": "Feature", "properties": { "uuid": "fef9692c-70dc-445f-87eb-13f2e12a128e", "data_acq": "2019-11-30 00:00:00", "data_agg": "2019-11-30 00:00:00", "data_fin": "9999-12-31 00:00:00", "ente_for": "REGIONE PIEMONTE", "ente_prod": "REGIONE PIEMONTE", "modo_prod": "banche dati esterne - catasto", "sc_acq": "1:2000", "edifc_ty": "Non conosciuto", "edifc_uso": "Non conosciuto", "edifc_stat": "costruito", "edifc_mon": "0", "edifc_nome": "", "edifc_idag": "", "edifc_ided": "", "source": "BDTRE edifc" }, "geometry": { "type": "Polygon", "coordinates": [ [ [ 7.69407, 45.08331 ], [ 7.69398, 45.08341 ], [ 7.69391, 45.08337 ], [ 7.69396, 45.08332 ], [ 7.69401, 45.08326 ], [ 7.69408, 45.08329 ], [ 7.69407, 45.08331 ] ] ] } },
{ "type": "Feature", "properties": { "uuid": "965d670b-cb5b-4db4-97c3-8e40be14ea40", "data_acq": "2019-11-30 00:00:00", "data_agg": "2019-11-30 00:00:00", "data_fin": "9999-12-31 00:00:00", "ente_for": "REGIONE PIEMONTE", "ente_prod": "REGIONE PIEMONTE", "modo_prod": "banche dati esterne - catasto", "sc_acq": "1:2000", "edifc_ty": "generica", "edifc_uso": "Non conosciuto", "edifc_stat": "costruito", "edifc_mon": "0", "edifc_nome": "", "edifc_idag": "", "edifc_ided": "", "source": "BDTRE edifc" }, "geometry": { "type": "Polygon", "coordinates": [ [ [ 7.67412, 45.0831 ], [ 7.67415, 45.08314 ], [ 7.67402, 45.08318 ], [ 7.67403, 45.08321 ], [ 7.67398, 45.08323 ], [ 7.67398, 45.08323 ], [ 7.67397, 45.0832 ], [ 7.67396, 45.08319 ], [ 7.67395, 45.08319 ], [ 7.67394, 45.08316 ], [ 7.67412, 45.0831 ] ] ] } },
{ "type": "Feature", "properties": { "uuid": "bab6157c-72de-4997-aa37-f761e3f9fb55", "data_acq": "2019-11-30 00:00:00", "data_agg": "2019-11-30 00:00:00", "data_fin": "9999-12-31 00:00:00", "ente_for": "REGIONE PIEMONTE", "ente_prod": "REGIONE PIEMONTE", "modo_prod": "banche dati esterne - catasto", "sc_acq": "1:2000", "edifc_ty": "generica", "edifc_uso": "Non conosciuto", "edifc_stat": "costruito", "edifc_mon": "0", "edifc_nome": "", "edifc_idag": "", "edifc_ided": "", "source": "BDTRE edifc" }, "geometry": { "type": "Polygon", "coordinates": [ [ [ 7.69327, 45.06511 ], [ 7.69336, 45.06517 ], [ 7.69323, 45.06526 ], [ 7.69316, 45.06517 ], [ 7.69325, 45.06511 ], [ 7.69327, 45.06511 ] ] ] } },
{ "type": "Feature", "properties": { "uuid": "72c6f431-5416-4c68-a5c0-0f050f161d32", "data_acq": "2019-11-30 00:00:00", "data_agg": "2019-11-30 00:00:00", "data_fin": "9999-12-31 00:00:00", "ente_for": "REGIONE PIEMONTE", "ente_prod": "REGIONE PIEMONTE", "modo_prod": "banche dati esterne - catasto", "sc_acq": "1:2000", "edifc_ty": "generica", "edifc_uso": "Non conosciuto", "edifc_stat": "costruito", "edifc_mon": "0", "edifc_nome": "", "edifc_idag": "", "edifc_ided": "", "source": "BDTRE edifc" }, "geometry": { "type": "Polygon", "coordinates": [ [ [ 7.67979, 45.08367 ], [ 7.67979, 45.08367 ], [ 7.67981, 45.0837 ], [ 7.67985, 45.08368 ], [ 7.67985, 45.08368 ], [ 7.67983, 45.08366 ], [ 7.67979, 45.08367 ] ] ] } },
{ "type": "Feature", "properties": { "uuid": "a91d127d-5d32-498a-939a-d2b430cb5e1d", "data_acq": "2019-11-30 00:00:00", "data_agg": "2019-11-30 00:00:00", "data_fin": "9999-12-31 00:00:00", "ente_for": "REGIONE PIEMONTE", "ente_prod": "REGIONE PIEMONTE", "modo_prod": "banche dati esterne - catasto", "sc_acq": "1:2000", "edifc_ty": "generica", "edifc_uso": "Non conosciuto", "edifc_stat": "costruito", "edifc_mon": "0", "edifc_nome": "", "edifc_idag": "", "edifc_ided": "", "source": "BDTRE edifc" }, "geometry": { "type": "Polygon", "coordinates": [ [ [ 7.67983, 45.08366 ], [ 7.68, 45.0836 ], [ 7.6801, 45.08375 ], [ 7.67995, 45.0838 ], [ 7.67994, 45.08377 ], [ 7.67998, 45.08376 ], [ 7.67997, 45.08373 ], [ 7.68002, 45.08372 ], [ 7.67998, 45.08367 ], [ 7.67993, 45.08369 ], [ 7.67993, 45.08369 ], [ 7.67987, 45.08371 ], [ 7.67987, 45.08371 ], [ 7.67985, 45.08368 ], [ 7.67983, 45.08366 ] ] ] } },
{ "type": "Feature", "properties": { "uuid": "c21a7663-52d6-42fe-957b-91d05ade6f6d", "data_acq": "2019-11-30 00:00:00", "data_agg": "2019-11-30 00:00:00", "data_fin": "9999-12-31 00:00:00", "ente_for": "REGIONE PIEMONTE", "ente_prod": "REGIONE PIEMONTE", "modo_prod": "banche dati esterne - catasto", "sc_acq": "1:2000", "edifc_ty": "chiesa", "edifc_uso": "Non conosciuto", "edifc_stat": "costruito", "edifc_mon": "0", "edifc_nome": "", "edifc_idag": "", "edifc_ided": "", "source": "BDTRE edifc" }, "geometry": { "type": "Polygon", "coordinates": [ [ [ 7.68889, 45.06568 ], [ 7.68887, 45.06569 ], [ 7.68887, 45.06568 ], [ 7.68884, 45.06564 ], [ 7.68881, 45.06561 ], [ 7.68878, 45.06556 ], [ 7.68874, 45.06551 ], [ 7.68865, 45.06554 ], [ 7.68858, 45.06557 ], [ 7.6886, 45.0656 ], [ 7.68852, 45.06562 ], [ 7.6886, 45.06574 ], [ 7.68863, 45.06577 ], [ 7.68865, 45.06578 ], [ 7.68869, 45.06576 ], [ 7.68869, 45.06575 ], [ 7.6887, 45.06575 ], [ 7.68872, 45.06575 ], [ 7.68872, 45.06576 ], [ 7.68874, 45.06575 ], [ 7.68875, 45.06575 ], [ 7.68875, 45.06575 ], [ 7.68878, 45.06574 ], [ 7.68881, 45.06573 ], [ 7.68881, 45.06573 ], [ 7.68882, 45.06572 ], [ 7.68882, 45.06571 ], [ 7.68883, 45.0657 ], [ 7.68884, 45.0657 ], [ 7.68886, 45.0657 ], [ 7.6889, 45.06569 ], [ 7.68889, 45.06568 ] ] ] } },
{ "type": "Feature", "properties": { "uuid": "e2d9f1c2-7012-4c3e-8a4e-f655ed77163c", "data_acq": "2019-11-30 00:00:00", "data_agg": "2019-11-30 00:00:00", "data_fin": "9999-12-31 00:00:00", "ente_for": "REGIONE PIEMONTE", "ente_prod": "REGIONE PIEMONTE", "modo_prod": "banche dati esterne - catasto", "sc_acq": "1:2000", "edifc_ty": "Non conosciuto", "edifc_uso": "Non conosciuto", "edifc_stat": "costruito", "edifc_mon": "0", "edifc_nome": "", "edifc_idag": "", "edifc_ided": "", "source": "BDTRE edifc" }, "geometry": { "type": "Polygon", "coordinates": [ [ [ 7.67789, 45.07992 ], [ 7.67809, 45.07983 ], [ 7.67816, 45.07992 ], [ 7.67816, 45.07992 ], [ 7.67796, 45.08001 ], [ 7.67789, 45.07992 ] ] ] } },
{ "type": "Feature", "properties": { "uuid": "d77f3e28-f961-47f2-b276-3dd29085f2d1", "data_acq": "2019-11-30 00:00:00", "data_agg": "2019-11-30 00:00:00", "data_fin": "9999-12-31 00:00:00", "ente_for": "REGIONE PIEMONTE", "ente_prod": "REGIONE PIEMONTE", "modo_prod": "banche dati esterne - catasto", "sc_acq": "1:2000", "edifc_ty": "capannone", "edifc_uso": "Non conosciuto", "edifc_stat": "costruito", "edifc_mon": "0", "edifc_nome": "", "edifc_idag": "", "edifc_ided": "", "source": "BDTRE edifc" }, "geometry": { "type": "Polygon", "coordinates": [ [ [ 7.69558, 45.0781 ], [ 7.6954, 45.0783 ], [ 7.69524, 45.07847 ], [ 7.69517, 45.07855 ], [ 7.69517, 45.07855 ], [ 7.69516, 45.07854 ], [ 7.69516, 45.07854 ], [ 7.69516, 45.07854 ], [ 7.69483, 45.07839 ], [ 7.69489, 45.07832 ], [ 7.69495, 45.07826 ], [ 7.69506, 45.07831 ], [ 7.69512, 45.07833 ], [ 7.69522, 45.07822 ], [ 7.6954, 45.07802 ], [ 7.69558, 45.0781 ] ] ] } },
{ "type": "Feature", "properties": { "uuid": "22603aa0-91cc-4164-9778-718546b15edd", "data_acq": "2019-11-30 00:00:00", "data_agg": "2019-11-30 00:00:00", "data_fin": "9999-12-31 00:00:00", "ente_for": "REGIONE PIEMONTE", "ente_prod": "REGIONE PIEMONTE", "modo_prod": "banche dati esterne - catasto", "sc_acq": "1:2000", "edifc_ty": "generica", "edifc_uso": "Non conosciuto", "edifc_stat": "costruito", "edifc_mon": "0", "edifc_nome": "", "edifc_idag": "", "edifc_ided": "", "source": "BDTRE edifc" }, "geometry": { "type": "Polygon", "coordinates": [ [ [ 7.66977, 45.08346 ], [ 7.66955, 45.08348 ], [ 7.66954, 45.08345 ], [ 7.6696, 45.08344 ], [ 7.6696, 45.08339 ], [ 7.66963, 45.08338 ], [ 7.66969, 45.08337 ], [ 7.66968, 45.08333 ], [ 7.66968, 45.08333 ], [ 7.66963, 45.08334 ], [ 7.66963, 45.08334 ], [ 7.66962, 45.08333 ], [ 7.66959, 45.08325 ], [ 7.66971, 45.08322 ], [ 7.66977, 45.08346 ] ] ] } },
{ "type": "Feature", "properties": { "uuid": "82164252-71fa-4c99-9f0a-e5bb780b5ebc", "data_acq": "2019-11-30 00:00:00", "data_agg": "2019-11-30 00:00:00", "data_fin": "9999-12-31 00:00:00", "ente_for": "REGIONE PIEMONTE", "ente_prod": "REGIONE PIEMONTE", "modo_prod": "banche dati esterne - catasto", "sc_acq": "1:2000", "edifc_ty": "Non conosciuto", "edifc_uso": "Non conosciuto", "edifc_stat": "costruito", "edifc_mon": "0", "edifc_nome": "", "edifc_idag": "", "edifc_ided": "", "source": "BDTRE edifc" }, "geometry": { "type": "Polygon", "coordinates": [ [ [ 7.66994, 45.07585 ], [ 7.66993, 45.07584 ], [ 7.66992, 45.07585 ], [ 7.67, 45.07596 ], [ 7.67006, 45.07594 ], [ 7.67009, 45.07599 ], [ 7.67014, 45.07597 ], [ 7.67013, 45.07594 ], [ 7.67014, 45.07594 ], [ 7.67005, 45.07581 ], [ 7.66998, 45.07583 ], [ 7.66998, 45.07583 ], [ 7.66994, 45.07585 ] ] ] } },
{ "type": "Feature", "properties": { "uuid": "22ce8ec9-79a7-4de8-af67-8118b5c4e781", "data_acq": "2019-11-30 00:00:00", "data_agg": "2019-11-30 00:00:00", "data_fin": "9999-12-31 00:00:00", "ente_for": "REGIONE PIEMONTE", "ente_prod": "REGIONE PIEMONTE", "modo_prod": "banche dati esterne - catasto", "sc_acq": "1:2000", "edifc_ty": "generica", "edifc_uso": "Non conosciuto", "edifc_stat": "costruito", "edifc_mon": "0", "edifc_nome": "", "edifc_idag": "", "edifc_ided": "", "source": "BDTRE edifc" }, "geometry": { "type": "Polygon", "coordinates": [ [ [ 7.69145, 45.08141 ], [ 7.69152, 45.08139 ], [ 7.69152, 45.08138 ], [ 7.69151, 45.08135 ], [ 7.69152, 45.08135 ], [ 7.69151, 45.08134 ], [ 7.6915, 45.08134 ], [ 7.69143, 45.08124 ], [ 7.69139, 45.08124 ], [ 7.69135, 45.08124 ], [ 7.69143, 45.08137 ], [ 7.69145, 45.08141 ] ] ] } },
{ "type": "Feature", "properties": { "uuid": "a59c2085-2250-4f6d-bfc5-f2e5aa7d5df7", "data_acq": "2019-11-30 00:00:00", "data_agg": "2019-11-30 00:00:00", "data_fin": "9999-12-31 00:00:00", "ente_for": "REGIONE PIEMONTE", "ente_prod": "REGIONE PIEMONTE", "modo_prod": "banche dati esterne - catasto", "sc_acq": "1:2000", "edifc_ty": "Non conosciuto", "edifc_uso": "Non conosciuto", "edifc_stat": "costruito", "edifc_mon": "0", "edifc_nome": "", "edifc_idag": "", "edifc_ided": "", "source": "BDTRE edifc" }, "geometry": { "type": "Polygon", "coordinates": [ [ [ 7.67278, 45.07704 ], [ 7.67266, 45.07688 ], [ 7.67283, 45.07682 ], [ 7.67286, 45.07685 ], [ 7.67288, 45.07689 ], [ 7.67277, 45.07694 ], [ 7.67283, 45.07702 ], [ 7.67279, 45.07704 ], [ 7.67278, 45.07704 ] ] ] } },
{ "type": "Feature", "properties": { "uuid": "f7830c6d-6b5d-4375-976f-f04fb2d2199e", "data_acq": "2019-11-30 00:00:00", "data_agg": "2019-11-30 00:00:00", "data_fin": "9999-12-31 00:00:00", "ente_for": "REGIONE PIEMONTE", "ente_prod": "REGIONE PIEMONTE", "modo_prod": "banche dati esterne - catasto", "sc_acq": "1:2000", "edifc_ty": "generica", "edifc_uso": "Non conosciuto", "edifc_stat": "costruito", "edifc_mon": "0", "edifc_nome": "", "edifc_idag": "", "edifc_ided": "", "source": "BDTRE edifc" }, "geometry": { "type": "Polygon", "coordinates": [ [ [ 7.67219, 45.07299 ], [ 7.67211, 45.07302 ], [ 7.67217, 45.07309 ], [ 7.67216, 45.0731 ], [ 7.67218, 45.07313 ], [ 7.6722, 45.07316 ], [ 7.67225, 45.07314 ], [ 7.67237, 45.0731 ], [ 7.67241, 45.07309 ], [ 7.67236, 45.07302 ], [ 7.6723, 45.07304 ], [ 7.6723, 45.07305 ], [ 7.67228, 45.07305 ], [ 7.67227, 45.07304 ], [ 7.67226, 45.07304 ], [ 7.67222, 45.07304 ], [ 7.67219, 45.07299 ] ] ] } },
{ "type": "Feature", "properties": { "uuid": "bc37dfae-0f43-4c02-a9d3-96dd521317fb", "data_acq": "2019-11-30 00:00:00", "data_agg": "2019-11-30 00:00:00", "data_fin": "9999-12-31 00:00:00", "ente_for": "REGIONE PIEMONTE", "ente_prod": "REGIONE PIEMONTE", "modo_prod": "banche dati esterne - catasto", "sc_acq": "1:2000", "edifc_ty": "generica", "edifc_uso": "Non conosciuto", "edifc_stat": "costruito", "edifc_mon": "0", "edifc_nome": "", "edifc_idag": "", "edifc_ided": "", "source": "BDTRE edifc" }, "geometry": { "type": "Polygon", "coordinates": [ [ [ 7.67453, 45.08284 ], [ 7.67468, 45.08279 ], [ 7.67471, 45.08284 ], [ 7.67477, 45.08294 ], [ 7.67472, 45.08296 ], [ 7.67466, 45.08287 ], [ 7.67463, 45.08286 ], [ 7.67463, 45.08286 ], [ 7.67457, 45.08288 ], [ 7.67457, 45.08288 ], [ 7.67454, 45.08285 ], [ 7.67453, 45.08284 ] ] ] } },
{ "type": "Feature", "properties": { "uuid": "aa466a2a-2b64-4af5-8042-f0fd2d7fce6e", "data_acq": "2019-11-30 00:00:00", "data_agg": "2019-11-30 00:00:00", "data_fin": "9999-12-31 00:00:00", "ente_for": "REGIONE PIEMONTE", "ente_prod": "REGIONE PIEMONTE", "modo_prod": "banche dati esterne - catasto", "sc_acq": "1:2000", "edifc_ty": "generica", "edifc_uso": "Non conosciuto", "edifc_stat": "costruito", "edifc_mon": "0", "edifc_nome": "", "edifc_idag": "", "edifc_ided": "", "source": "BDTRE edifc" }, "geometry": { "type": "Polygon", "coordinates": [ [ [ 7.67936, 45.08297 ], [ 7.67942, 45.08307 ], [ 7.67945, 45.08312 ], [ 7.67937, 45.08315 ], [ 7.67936, 45.08314 ], [ 7.67925, 45.08298 ], [ 7.67925, 45.08297 ], [ 7.67921, 45.08292 ], [ 7.67921, 45.08291 ], [ 7.67922, 45.08291 ], [ 7.67923, 45.08291 ], [ 7.67924, 45.0829 ], [ 7.67923, 45.08289 ], [ 7.67928, 45.08288 ], [ 7.67934, 45.08298 ], [ 7.67936, 45.08297 ] ] ] } },
{ "type": "Feature", "properties": { "uuid": "c2fca873-0cc7-4692-aea8-c76918c6a21c", "data_acq": "2019-11-30 00:00:00", "data_agg": "2019-11-30 00:00:00", "data_fin": "9999-12-31 00:00:00", "ente_for": "REGIONE PIEMONTE", "ente_prod": "REGIONE PIEMONTE", "modo_prod": "banche dati esterne - catasto", "sc_acq": "1:2000", "edifc_ty": "capannone", "edifc_uso": "Non conosciuto", "edifc_stat": "costruito", "edifc_mon": "0", "edifc_nome": "", "edifc_idag": "", "edifc_ided": "", "source": "BDTRE edifc" }, "geometry": { "type": "Polygon", "coordinates": [ [ [ 7.69472, 45.07867 ], [ 7.69483, 45.07872 ], [ 7.69487, 45.07874 ], [ 7.69495, 45.07877 ], [ 7.69491, 45.07881 ], [ 7.69483, 45.07878 ], [ 7.6948, 45.07876 ], [ 7.69469, 45.07871 ], [ 7.69472, 45.07867 ] ] ] } },
{ "type": "Feature", "properties": { "uuid": "63622506-2314-4cae-bcb9-2e18d0ae8d07", "data_acq": "2019-11-30 00:00:00", "data_agg": "2019-11-30 00:00:00", "data_fin": "9999-12-31 00:00:00", "ente_for": "REGIONE PIEMONTE", "ente_prod": "REGIONE PIEMONTE", "modo_prod": "banche dati esterne - catasto", "sc_acq": "1:2000", "edifc_ty": "Non conosciuto", "edifc_uso": "Non conosciuto", "edifc_stat": "costruito", "edifc_mon": "0", "edifc_nome": "", "edifc_idag": "", "edifc_ided": "", "source": "BDTRE edifc" }, "geometry": { "type": "Polygon", "coordinates": [ [ [ 7.66721, 45.0796 ], [ 7.66714, 45.07951 ], [ 7.66723, 45.07944 ], [ 7.66733, 45.0795 ], [ 7.66724, 45.07956 ], [ 7.66725, 45.07956 ], [ 7.66721, 45.0796 ] ] ] } },
{ "type": "Feature", "properties": { "uuid": "f928eab4-20b6-484f-aed5-b38d8c83e1a9", "data_acq": "2019-11-30 00:00:00", "data_agg": "2019-11-30 00:00:00", "data_fin": "9999-12-31 00:00:00", "ente_for": "REGIONE PIEMONTE", "ente_prod": "REGIONE PIEMONTE", "modo_prod": "banche dati esterne - catasto", "sc_acq": "1:2000", "edifc_ty": "generica", "edifc_uso": "Non conosciuto", "edifc_stat": "costruito", "edifc_mon": "0", "edifc_nome": "", "edifc_idag": "", "edifc_ided": "", "source": "BDTRE edifc" }, "geometry": { "type": "Polygon", "coordinates": [ [ [ 7.67753, 45.0806 ], [ 7.67745, 45.08063 ], [ 7.67742, 45.0806 ], [ 7.67753, 45.08056 ], [ 7.67737, 45.08033 ], [ 7.67747, 45.08029 ], [ 7.67763, 45.08052 ], [ 7.67765, 45.08055 ], [ 7.67753, 45.0806 ] ] ] } },
{ "type": "Feature", "properties": { "uuid": "ce0b4568-4812-4344-9af1-5078abeea972", "data_acq": "2019-11-30 00:00:00", "data_agg": "2019-11-30 00:00:00", "data_fin": "9999-12-31 00:00:00", "ente_for": "REGIONE PIEMONTE", "ente_prod": "REGIONE PIEMONTE", "modo_prod": "banche dati esterne - catasto", "sc_acq": "1:2000", "edifc_ty": "capannone", "edifc_uso": "Non conosciuto", "edifc_stat": "costruito", "edifc_mon": "0", "edifc_nome": "", "edifc_idag": "", "edifc_ided": "", "source": "BDTRE edifc" }, "geometry": { "type": "Polygon", "coordinates": [ [ [ 7.69405, 45.0779 ], [ 7.69412, 45.07792 ], [ 7.69411, 45.07793 ], [ 7.69426, 45.078 ], [ 7.69441, 45.07783 ], [ 7.6944, 45.07783 ], [ 7.69444, 45.07779 ], [ 7.69457, 45.07785 ], [ 7.69455, 45.0779 ], [ 7.69438, 45.07808 ], [ 7.6943, 45.07816 ], [ 7.6942, 45.07811 ], [ 7.69398, 45.07802 ], [ 7.69396, 45.078 ], [ 7.69405, 45.0779 ] ] ] } },
{ "type": "Feature", "properties": { "uuid": "92d96bd6-1125-43d5-b693-b43180a4c75e", "data_acq": "2010-01-01 00:00:00", "data_agg": "2022-12-31 00:00:00", "data_fin": "9999-12-31 00:00:00", "ente_for": "REGIONE PIEMONTE", "ente_prod": "CSI PIEMONTE", "modo_prod": "rilievo speditivo - ortofoto", "sc_acq": "1:10000", "edifc_ty": "generica", "edifc_uso": "Non conosciuto", "edifc_stat": "costruito", "edifc_mon": "0", "edifc_nome": "", "edifc_idag": "", "edifc_ided": "", "source": "BDTRE edifc" }, "geometry": { "type": "Polygon", "coordinates": [ [ [ 7.69177, 45.06676 ], [ 7.69176, 45.06676 ], [ 7.6917, 45.06668 ], [ 7.69181, 45.06664 ], [ 7.69184, 45.06667 ], [ 7.6919, 45.06665 ], [ 7.6919, 45.06664 ], [ 7.69192, 45.06663 ], [ 7.69192, 45.06664 ], [ 7.69193, 45.06665 ], [ 7.69177, 45.06676 ] ] ] } },
{ "type": "Feature", "properties": { "uuid": "f7821591-bcf7-4f65-9edf-510b776c22cf", "data_acq": "2019-11-30 00:00:00", "data_agg": "2019-11-30 00:00:00", "data_fin": "9999-12-31 00:00:00", "ente_for": "REGIONE PIEMONTE", "ente_prod": "REGIONE PIEMONTE", "modo_prod": "banche dati esterne - catasto", "sc_acq": "1:2000", "edifc_ty": "generica", "edifc_uso": "Non conosciuto", "edifc_stat": "costruito", "edifc_mon": "0", "edifc_nome": "", "edifc_idag": "", "edifc_ided": "", "source": "BDTRE edifc" }, "geometry": { "type": "Polygon", "coordinates": [ [ [ 7.67997, 45.08373 ], [ 7.67998, 45.08376 ], [ 7.67994, 45.08377 ], [ 7.67992, 45.08375 ], [ 7.67997, 45.08373 ] ] ] } },
{ "type": "Feature", "properties": { "uuid": "b382b7b0-1a7a-4c64-b55e-2237dac71221", "data_acq": "2019-11-30 00:00:00", "data_agg": "2019-11-30 00:00:00", "data_fin": "9999-12-31 00:00:00", "ente_for": "REGIONE PIEMONTE", "ente_prod": "REGIONE PIEMONTE", "modo_prod": "banche dati esterne - catasto", "sc_acq": "1:2000", "edifc_ty": "Non conosciuto", "edifc_uso": "Non conosciuto", "edifc_stat": "costruito", "edifc_mon": "0", "edifc_nome": "", "edifc_idag": "", "edifc_ided": "", "source": "BDTRE edifc" }, "geometry": { "type": "Polygon", "coordinates": [ [ [ 7.67306, 45.06864 ], [ 7.67306, 45.06864 ], [ 7.67306, 45.06863 ], [ 7.67306, 45.06863 ], [ 7.67306, 45.06863 ], [ 7.67303, 45.06864 ], [ 7.67301, 45.06862 ], [ 7.67301, 45.06861 ], [ 7.67299, 45.06859 ], [ 7.67303, 45.06857 ], [ 7.67306, 45.06856 ], [ 7.67311, 45.06862 ], [ 7.6731, 45.06863 ], [ 7.67306, 45.06864 ], [ 7.67306, 45.06864 ] ] ] } },
{ "type": "Feature", "properties": { "uuid": "3f549922-702c-4e45-a2b2-5dbe48d4e1a5", "data_acq": "2019-11-30 00:00:00", "data_agg": "2019-11-30 00:00:00", "data_fin": "9999-12-31 00:00:00", "ente_for": "REGIONE PIEMONTE", "ente_prod": "REGIONE PIEMONTE", "modo_prod": "banche dati esterne - catasto", "sc_acq": "1:2000", "edifc_ty": "generica", "edifc_uso": "Non conosciuto", "edifc_stat": "costruito", "edifc_mon": "0", "edifc_nome": "", "edifc_idag": "", "edifc_ided": "", "source": "BDTRE edifc" }, "geometry": { "type": "Polygon", "coordinates": [ [ [ 7.67269, 45.08195 ], [ 7.67265, 45.0819 ], [ 7.67269, 45.08189 ], [ 7.67266, 45.08185 ], [ 7.6728, 45.0818 ], [ 7.67285, 45.08188 ], [ 7.67288, 45.08187 ], [ 7.67289, 45.08188 ], [ 7.67279, 45.08191 ], [ 7.67279, 45.08192 ], [ 7.67276, 45.08193 ], [ 7.67272, 45.08194 ], [ 7.6727, 45.08195 ], [ 7.67269, 45.08195 ] ] ] } },
{ "type": "Feature", "properties": { "uuid": "e1a720dc-896f-4b15-81b5-e100b70e7f68", "data_acq": "2019-11-30 00:00:00", "data_agg": "2019-11-30 00:00:00", "data_fin": "9999-12-31 00:00:00", "ente_for": "REGIONE PIEMONTE", "ente_prod": "REGIONE PIEMONTE", "modo_prod": "banche dati esterne - catasto", "sc_acq": "1:2000", "edifc_ty": "Non conosciuto", "edifc_uso": "Non conosciuto", "edifc_stat": "costruito", "edifc_mon": "0", "edifc_nome": "", "edifc_idag": "", "edifc_ided": "", "source": "BDTRE edifc" }, "geometry": { "type": "Polygon", "coordinates": [ [ [ 7.68734, 45.08272 ], [ 7.6873, 45.08266 ], [ 7.68732, 45.08266 ], [ 7.68736, 45.08271 ], [ 7.68736, 45.08271 ], [ 7.68735, 45.08271 ], [ 7.68735, 45.08272 ], [ 7.68734, 45.08272 ], [ 7.68734, 45.08272 ] ] ] } },
{ "type": "Feature", "properties": { "uuid": "e1821b17-d9fa-4ebd-bfd0-81ee70436c63", "data_acq": "2019-11-30 00:00:00", "data_agg": "2019-11-30 00:00:00", "data_fin": "9999-12-31 00:00:00", "ente_for": "REGIONE PIEMONTE", "ente_prod": "REGIONE PIEMONTE", "modo_prod": "banche dati esterne - catasto", "sc_acq": "1:2000", "edifc_ty": "generica", "edifc_uso": "altro", "edifc_stat": "costruito", "edifc_mon": "0", "edifc_nome": "", "edifc_idag": "", "edifc_ided": "", "source": "BDTRE edifc" }, "geometry": { "type": "Polygon", "coordinates": [ [ [ 7.6843, 45.07746 ], [ 7.68424, 45.07747 ], [ 7.68399, 45.0771 ], [ 7.68405, 45.07709 ], [ 7.6843, 45.07746 ] ] ] } },
{ "type": "Feature", "properties": { "uuid": "9886e42e-9414-4a71-992f-d981104f4dda", "data_acq": "2019-11-30 00:00:00", "data_agg": "2019-11-30 00:00:00", "data_fin": "9999-12-31 00:00:00", "ente_for": "REGIONE PIEMONTE", "ente_prod": "REGIONE PIEMONTE", "modo_prod": "banche dati esterne - catasto", "sc_acq": "1:2000", "edifc_ty": "capannone", "edifc_uso": "Non conosciuto", "edifc_stat": "costruito", "edifc_mon": "0", "edifc_nome": "", "edifc_idag": "", "edifc_ided": "", "source": "BDTRE edifc" }, "geometry": { "type": "Polygon", "coordinates": [ [ [ 7.67617, 45.08323 ], [ 7.67613, 45.08318 ], [ 7.67607, 45.08309 ], [ 7.67596, 45.08293 ], [ 7.67587, 45.0828 ], [ 7.67605, 45.08274 ], [ 7.67607, 45.08277 ], [ 7.67608, 45.08277 ], [ 7.67613, 45.08283 ], [ 7.67606, 45.08286 ], [ 7.67608, 45.08289 ], [ 7.67608, 45.08289 ], [ 7.67612, 45.08296 ], [ 7.67614, 45.08296 ], [ 7.67614, 45.08296 ], [ 7.67614, 45.08296 ], [ 7.67614, 45.08297 ], [ 7.67614, 45.08297 ], [ 7.67616, 45.083 ], [ 7.67617, 45.083 ], [ 7.67617, 45.083 ], [ 7.67617, 45.083 ], [ 7.67617, 45.08301 ], [ 7.67616, 45.08301 ], [ 7.6762, 45.08307 ], [ 7.67621, 45.08306 ], [ 7.67621, 45.08307 ], [ 7.6762, 45.08307 ], [ 7.67622, 45.08309 ], [ 7.67623, 45.08309 ], [ 7.67623, 45.0831 ], [ 7.67623, 45.08309 ], [ 7.67624, 45.0831 ], [ 7.67623, 45.0831 ], [ 7.67626, 45.08313 ], [ 7.67626, 45.08313 ], [ 7.67626, 45.08313 ], [ 7.67626, 45.08313 ], [ 7.67626, 45.08314 ], [ 7.67625, 45.08314 ], [ 7.67629, 45.08319 ], [ 7.67617, 45.08323 ] ] ] } },
{ "type": "Feature", "properties": { "uuid": "54dde653-0061-4e5d-9a4c-8941aaf076c9", "data_acq": "2019-11-30 00:00:00", "data_agg": "2019-11-30 00:00:00", "data_fin": "9999-12-31 00:00:00", "ente_for": "REGIONE PIEMONTE", "ente_prod": "REGIONE PIEMONTE", "modo_prod": "banche dati esterne - catasto", "sc_acq": "1:2000", "edifc_ty": "capannone", "edifc_uso": "Non conosciuto", "edifc_stat": "costruito", "edifc_mon": "0", "edifc_nome": "", "edifc_idag": "", "edifc_ided": "", "source": "BDTRE edifc" }, "geometry": { "type": "Polygon", "coordinates": [ [ [ 7.69514, 45.08488 ], [ 7.69514, 45.08489 ], [ 7.69512, 45.08491 ], [ 7.69504, 45.085 ], [ 7.69494, 45.08496 ], [ 7.69489, 45.08493 ], [ 7.69473, 45.08486 ], [ 7.69484, 45.08475 ], [ 7.69514, 45.08488 ] ] ] } },
{ "type": "Feature", "properties": { "uuid": "4f636ae4-9262-4f2a-a3ac-55c98d06d933", "data_acq": "2019-11-30 00:00:00", "data_agg": "2019-11-30 00:00:00", "data_fin": "9999-12-31 00:00:00", "ente_for": "REGIONE PIEMONTE", "ente_prod": "REGIONE PIEMONTE", "modo_prod": "banche dati esterne - catasto", "sc_acq": "1:2000", "edifc_ty": "generica", "edifc_uso": "Non conosciuto", "edifc_stat": "costruito", "edifc_mon": "0", "edifc_nome": "", "edifc_idag": "", "edifc_ided": "", "source": "BDTRE edifc" }, "geometry": { "type": "Polygon", "coordinates": [ [ [ 7.69114, 45.08076 ], [ 7.69118, 45.08078 ], [ 7.69112, 45.08085 ], [ 7.69112, 45.08085 ], [ 7.69126, 45.08092 ], [ 7.69121, 45.08097 ], [ 7.69118, 45.081 ], [ 7.69116, 45.08097 ], [ 7.69114, 45.08095 ], [ 7.69112, 45.08094 ], [ 7.69103, 45.08089 ], [ 7.69105, 45.08086 ], [ 7.69114, 45.08076 ] ] ] } },
{ "type": "Feature", "properties": { "uuid": "8d8d518c-3533-47de-a8bd-1faf56b57406", "data_acq": "2019-11-30 00:00:00", "data_agg": "2019-11-30 00:00:00", "data_fin": "9999-12-31 00:00:00", "ente_for": "REGIONE PIEMONTE", "ente_prod": "REGIONE PIEMONTE", "modo_prod": "banche dati esterne - catasto", "sc_acq": "1:2000", "edifc_ty": "Non conosciuto", "edifc_uso": "Non conosciuto", "edifc_stat": "costruito", "edifc_mon": "0", "edifc_nome": "", "edifc_idag": "", "edifc_ided": "", "source": "BDTRE edifc" }, "geometry": { "type": "Polygon", "coordinates": [ [ [ 7.67122, 45.08419 ], [ 7.67106, 45.08424 ], [ 7.67101, 45.08425 ], [ 7.67098, 45.08426 ], [ 7.67081, 45.08431 ], [ 7.67053, 45.08439 ], [ 7.67037, 45.08444 ], [ 7.67034, 45.08433 ], [ 7.6703, 45.08418 ], [ 7.67057, 45.08412 ], [ 7.67111, 45.084 ], [ 7.67122, 45.08419 ] ] ] } },
{ "type": "Feature", "properties": { "uuid": "65c90dcc-d8bf-4f25-9879-cae5c5a6a9ec", "data_acq": "2019-11-30 00:00:00", "data_agg": "2019-11-30 00:00:00", "data_fin": "9999-12-31 00:00:00", "ente_for": "REGIONE PIEMONTE", "ente_prod": "REGIONE PIEMONTE", "modo_prod": "banche dati esterne - catasto", "sc_acq": "1:2000", "edifc_ty": "generica", "edifc_uso": "sede di attivitÃ  sportive", "edifc_stat": "costruito", "edifc_mon": "0", "edifc_nome": "", "edifc_idag": "", "edifc_ided": "", "source": "BDTRE edifc" }, "geometry": { "type": "Polygon", "coordinates": [ [ [ 7.66601, 45.06804 ], [ 7.66591, 45.06808 ], [ 7.66582, 45.06811 ], [ 7.66581, 45.06809 ], [ 7.66578, 45.06805 ], [ 7.66573, 45.06798 ], [ 7.66592, 45.06791 ], [ 7.66592, 45.06792 ], [ 7.66601, 45.06804 ] ] ] } },
{ "type": "Feature", "properties": { "uuid": "05f1872e-7af1-4a41-99e3-fa528769c8a7", "data_acq": "2019-11-30 00:00:00", "data_agg": "2019-11-30 00:00:00", "data_fin": "9999-12-31 00:00:00", "ente_for": "REGIONE PIEMONTE", "ente_prod": "REGIONE PIEMONTE", "modo_prod": "banche dati esterne - catasto", "sc_acq": "1:2000", "edifc_ty": "generica", "edifc_uso": "sede di attivitÃ  sportive", "edifc_stat": "costruito", "edifc_mon": "0", "edifc_nome": "", "edifc_idag": "", "edifc_ided": "", "source": "BDTRE edifc" }, "geometry": { "type": "Polygon", "coordinates": [ [ [ 7.66979, 45.06673 ], [ 7.66993, 45.06668 ], [ 7.66995, 45.06667 ], [ 7.66985, 45.06653 ], [ 7.66985, 45.06653 ], [ 7.66969, 45.06659 ], [ 7.66969, 45.06659 ], [ 7.66974, 45.06666 ], [ 7.66978, 45.06671 ], [ 7.66979, 45.06672 ], [ 7.66979, 45.06673 ] ] ] } },
{ "type": "Feature", "properties": { "uuid": "108e19b5-00cc-4865-9e04-9f3bf5d88b65", "data_acq": "2019-11-30 00:00:00", "data_agg": "2019-11-30 00:00:00", "data_fin": "9999-12-31 00:00:00", "ente_for": "REGIONE PIEMONTE", "ente_prod": "REGIONE PIEMONTE", "modo_prod": "banche dati esterne - catasto", "sc_acq": "1:2000", "edifc_ty": "generica", "edifc_uso": "sede di attivitÃ  sportive", "edifc_stat": "costruito", "edifc_mon": "0", "edifc_nome": "", "edifc_idag": "", "edifc_ided": "", "source": "BDTRE edifc" }, "geometry": { "type": "Polygon", "coordinates": [ [ [ 7.67021, 45.06658 ], [ 7.66998, 45.06666 ], [ 7.66995, 45.06667 ], [ 7.66985, 45.06653 ], [ 7.66985, 45.06653 ], [ 7.66985, 45.06653 ], [ 7.67004, 45.06646 ], [ 7.67004, 45.06647 ], [ 7.67016, 45.06642 ], [ 7.67016, 45.06643 ], [ 7.67025, 45.06656 ], [ 7.67021, 45.06658 ] ] ] } },
{ "type": "Feature", "properties": { "uuid": "d95e47ee-fef7-4728-9efc-d65a2f93dd75", "data_acq": "2019-11-30 00:00:00", "data_agg": "2019-11-30 00:00:00", "data_fin": "9999-12-31 00:00:00", "ente_for": "REGIONE PIEMONTE", "ente_prod": "REGIONE PIEMONTE", "modo_prod": "banche dati esterne - catasto", "sc_acq": "1:2000", "edifc_ty": "generica", "edifc_uso": "sede di attivitÃ  sportive", "edifc_stat": "costruito", "edifc_mon": "0", "edifc_nome": "", "edifc_idag": "", "edifc_ided": "", "source": "BDTRE edifc" }, "geometry": { "type": "Polygon", "coordinates": [ [ [ 7.6799, 45.07547 ], [ 7.6798, 45.07535 ], [ 7.67986, 45.07532 ], [ 7.67997, 45.07544 ], [ 7.67997, 45.07544 ], [ 7.6799, 45.07547 ] ] ] } },
{ "type": "Feature", "properties": { "uuid": "889951c3-b74d-4951-845e-befdfb72bf40", "data_acq": "2019-11-30 00:00:00", "data_agg": "2019-11-30 00:00:00", "data_fin": "9999-12-31 00:00:00", "ente_for": "REGIONE PIEMONTE", "ente_prod": "REGIONE PIEMONTE", "modo_prod": "banche dati esterne - catasto", "sc_acq": "1:2000", "edifc_ty": "generica", "edifc_uso": "sede di attivitÃ  sportive", "edifc_stat": "costruito", "edifc_mon": "0", "edifc_nome": "", "edifc_idag": "", "edifc_ided": "", "source": "BDTRE edifc" }, "geometry": { "type": "Polygon", "coordinates": [ [ [ 7.66685, 45.08033 ], [ 7.66681, 45.08029 ], [ 7.66684, 45.08028 ], [ 7.6668, 45.08022 ], [ 7.66662, 45.08029 ], [ 7.66656, 45.08031 ], [ 7.66667, 45.08046 ], [ 7.66669, 45.08049 ], [ 7.6667, 45.08051 ], [ 7.66679, 45.08048 ], [ 7.66693, 45.08042 ], [ 7.66685, 45.08033 ] ] ] } },
{ "type": "Feature", "properties": { "uuid": "333201d3-81d0-447b-b540-8597b7817b41", "data_acq": "2019-11-30 00:00:00", "data_agg": "2019-11-30 00:00:00", "data_fin": "9999-12-31 00:00:00", "ente_for": "REGIONE PIEMONTE", "ente_prod": "REGIONE PIEMONTE", "modo_prod": "banche dati esterne - catasto", "sc_acq": "1:2000", "edifc_ty": "generica", "edifc_uso": "sede di attivitÃ  sportive", "edifc_stat": "costruito", "edifc_mon": "0", "edifc_nome": "", "edifc_idag": "", "edifc_ided": "", "source": "BDTRE edifc" }, "geometry": { "type": "Polygon", "coordinates": [ [ [ 7.67424, 45.07374 ], [ 7.67397, 45.07384 ], [ 7.67397, 45.07384 ], [ 7.67403, 45.07391 ], [ 7.67409, 45.074 ], [ 7.67409, 45.074 ], [ 7.67423, 45.07396 ], [ 7.67423, 45.07396 ], [ 7.67436, 45.07391 ], [ 7.6743, 45.07383 ], [ 7.67424, 45.07374 ] ] ] } },
{ "type": "Feature", "properties": { "uuid": "9fa087f2-89e7-46b2-b96a-56b0b625db3f", "data_acq": "2019-11-30 00:00:00", "data_agg": "2019-11-30 00:00:00", "data_fin": "9999-12-31 00:00:00", "ente_for": "REGIONE PIEMONTE", "ente_prod": "REGIONE PIEMONTE", "modo_prod": "banche dati esterne - catasto", "sc_acq": "1:2000", "edifc_ty": "generica", "edifc_uso": "sede di attivitÃ  sportive", "edifc_stat": "costruito", "edifc_mon": "0", "edifc_nome": "", "edifc_idag": "", "edifc_ided": "", "source": "BDTRE edifc" }, "geometry": { "type": "Polygon", "coordinates": [ [ [ 7.67503, 45.07771 ], [ 7.67488, 45.07776 ], [ 7.67494, 45.07785 ], [ 7.67492, 45.07784 ], [ 7.6747, 45.07792 ], [ 7.67465, 45.07785 ], [ 7.67449, 45.0779 ], [ 7.67451, 45.07793 ], [ 7.6745, 45.07793 ], [ 7.67464, 45.07812 ], [ 7.67465, 45.07813 ], [ 7.67481, 45.07808 ], [ 7.67484, 45.07812 ], [ 7.67494, 45.07825 ], [ 7.67501, 45.07823 ], [ 7.675, 45.07823 ], [ 7.67497, 45.07818 ], [ 7.67515, 45.07812 ], [ 7.67518, 45.07817 ], [ 7.67519, 45.07818 ], [ 7.67519, 45.07818 ], [ 7.67533, 45.07813 ], [ 7.67526, 45.07803 ], [ 7.67516, 45.0779 ], [ 7.67515, 45.07788 ], [ 7.67509, 45.0778 ], [ 7.67507, 45.07777 ], [ 7.67503, 45.07771 ] ] ] } },
{ "type": "Feature", "properties": { "uuid": "69067ee7-6b01-4a01-87dd-814b559c578a", "data_acq": "2019-11-30 00:00:00", "data_agg": "2019-11-30 00:00:00", "data_fin": "9999-12-31 00:00:00", "ente_for": "REGIONE PIEMONTE", "ente_prod": "REGIONE PIEMONTE", "modo_prod": "banche dati esterne - catasto", "sc_acq": "1:2000", "edifc_ty": "generica", "edifc_uso": "sede di attivitÃ  sportive", "edifc_stat": "costruito", "edifc_mon": "0", "edifc_nome": "", "edifc_idag": "", "edifc_ided": "", "source": "BDTRE edifc" }, "geometry": { "type": "Polygon", "coordinates": [ [ [ 7.67708, 45.07685 ], [ 7.67716, 45.07684 ], [ 7.67714, 45.07678 ], [ 7.67695, 45.07682 ], [ 7.67697, 45.07685 ], [ 7.67708, 45.07685 ] ] ] } },
{ "type": "Feature", "properties": { "uuid": "7ff2e5f4-4861-4312-9547-2ecc1abdd652", "data_acq": "2019-11-30 00:00:00", "data_agg": "2019-11-30 00:00:00", "data_fin": "9999-12-31 00:00:00", "ente_for": "REGIONE PIEMONTE", "ente_prod": "REGIONE PIEMONTE", "modo_prod": "banche dati esterne - catasto", "sc_acq": "1:2000", "edifc_ty": "generica", "edifc_uso": "sede di attivitÃ  sportive", "edifc_stat": "costruito", "edifc_mon": "0", "edifc_nome": "", "edifc_idag": "", "edifc_ided": "", "source": "BDTRE edifc" }, "geometry": { "type": "Polygon", "coordinates": [ [ [ 7.67508, 45.07048 ], [ 7.6751, 45.07051 ], [ 7.6752, 45.07047 ], [ 7.67521, 45.07049 ], [ 7.67527, 45.07046 ], [ 7.67526, 45.07045 ], [ 7.6754, 45.0704 ], [ 7.67548, 45.0705 ], [ 7.67564, 45.07044 ], [ 7.67563, 45.07043 ], [ 7.67555, 45.07032 ], [ 7.67551, 45.07026 ], [ 7.67549, 45.07023 ], [ 7.67528, 45.0703 ], [ 7.67527, 45.07029 ], [ 7.67523, 45.07031 ], [ 7.67523, 45.07032 ], [ 7.67502, 45.07039 ], [ 7.67508, 45.07048 ] ] ] } },
{ "type": "Feature", "properties": { "uuid": "6c507ab2-52d1-4624-a3e0-8060f8b32bae", "data_acq": "2019-11-30 00:00:00", "data_agg": "2019-11-30 00:00:00", "data_fin": "9999-12-31 00:00:00", "ente_for": "REGIONE PIEMONTE", "ente_prod": "REGIONE PIEMONTE", "modo_prod": "banche dati esterne - catasto", "sc_acq": "1:2000", "edifc_ty": "generica", "edifc_uso": "sede di attivitÃ  sportive", "edifc_stat": "costruito", "edifc_mon": "0", "edifc_nome": "", "edifc_idag": "", "edifc_ided": "", "source": "BDTRE edifc" }, "geometry": { "type": "Polygon", "coordinates": [ [ [ 7.69334, 45.0789 ], [ 7.69344, 45.07879 ], [ 7.69364, 45.07888 ], [ 7.69345, 45.07908 ], [ 7.69325, 45.07899 ], [ 7.69334, 45.0789 ] ] ] } },
{ "type": "Feature", "properties": { "uuid": "bdba6b26-b8cb-46ee-8e89-2c9ba85bca1a", "data_acq": "2019-11-30 00:00:00", "data_agg": "2019-11-30 00:00:00", "data_fin": "9999-12-31 00:00:00", "ente_for": "REGIONE PIEMONTE", "ente_prod": "REGIONE PIEMONTE", "modo_prod": "banche dati esterne - catasto", "sc_acq": "1:2000", "edifc_ty": "generica", "edifc_uso": "sede di attivitÃ  sportive", "edifc_stat": "costruito", "edifc_mon": "0", "edifc_nome": "", "edifc_idag": "", "edifc_ided": "", "source": "BDTRE edifc" }, "geometry": { "type": "Polygon", "coordinates": [ [ [ 7.66879, 45.08457 ], [ 7.66879, 45.08458 ], [ 7.66877, 45.08458 ], [ 7.66876, 45.08459 ], [ 7.66874, 45.08461 ], [ 7.66873, 45.08464 ], [ 7.66874, 45.08466 ], [ 7.66875, 45.08467 ], [ 7.66877, 45.08468 ], [ 7.66881, 45.08468 ], [ 7.66883, 45.08468 ], [ 7.66884, 45.08467 ], [ 7.66886, 45.08471 ], [ 7.66892, 45.08469 ], [ 7.66891, 45.08468 ], [ 7.6691, 45.08463 ], [ 7.66907, 45.08457 ], [ 7.66906, 45.08458 ], [ 7.66905, 45.08456 ], [ 7.66907, 45.08455 ], [ 7.66904, 45.0845 ], [ 7.66889, 45.08454 ], [ 7.66891, 45.08458 ], [ 7.66888, 45.08459 ], [ 7.66886, 45.08455 ], [ 7.66884, 45.08456 ], [ 7.66879, 45.08457 ] ] ] } },
{ "type": "Feature", "properties": { "uuid": "f06c11c2-64cd-4ecf-9e38-f642bb4bb601", "data_acq": "2019-11-30 00:00:00", "data_agg": "2019-11-30 00:00:00", "data_fin": "9999-12-31 00:00:00", "ente_for": "REGIONE PIEMONTE", "ente_prod": "REGIONE PIEMONTE", "modo_prod": "banche dati esterne - catasto", "sc_acq": "1:2000", "edifc_ty": "generica", "edifc_uso": "sede di attivitÃ  sportive", "edifc_stat": "costruito", "edifc_mon": "0", "edifc_nome": "", "edifc_idag": "", "edifc_ided": "", "source": "BDTRE edifc" }, "geometry": { "type": "Polygon", "coordinates": [ [ [ 7.67449, 45.0779 ], [ 7.67451, 45.07793 ], [ 7.6745, 45.07793 ], [ 7.67439, 45.07797 ], [ 7.67455, 45.07819 ], [ 7.6746, 45.07818 ], [ 7.67461, 45.07818 ], [ 7.67464, 45.07821 ], [ 7.67465, 45.07824 ], [ 7.67465, 45.07824 ], [ 7.67451, 45.07828 ], [ 7.67451, 45.07829 ], [ 7.67429, 45.07797 ], [ 7.67449, 45.0779 ] ] ] } },
{ "type": "Feature", "properties": { "uuid": "53d429ca-638d-4890-acf2-0b7c4cf93555", "data_acq": "2019-11-30 00:00:00", "data_agg": "2019-11-30 00:00:00", "data_fin": "9999-12-31 00:00:00", "ente_for": "REGIONE PIEMONTE", "ente_prod": "REGIONE PIEMONTE", "modo_prod": "banche dati esterne - catasto", "sc_acq": "1:2000", "edifc_ty": "generica", "edifc_uso": "servizi di trasporto", "edifc_stat": "costruito", "edifc_mon": "0", "edifc_nome": "", "edifc_idag": "", "edifc_ided": "", "source": "BDTRE edifc" }, "geometry": { "type": "Polygon", "coordinates": [ [ [ 7.67161, 45.08302 ], [ 7.67154, 45.08293 ], [ 7.67185, 45.08282 ], [ 7.67192, 45.08291 ], [ 7.67161, 45.08302 ] ] ] } },
{ "type": "Feature", "properties": { "uuid": "7435fdb1-31f7-4034-a104-9d38bdda723f", "data_acq": "2019-11-30 00:00:00", "data_agg": "2019-11-30 00:00:00", "data_fin": "9999-12-31 00:00:00", "ente_for": "REGIONE PIEMONTE", "ente_prod": "REGIONE PIEMONTE", "modo_prod": "banche dati esterne - catasto", "sc_acq": "1:2000", "edifc_ty": "generica", "edifc_uso": "servizi di trasporto", "edifc_stat": "costruito", "edifc_mon": "0", "edifc_nome": "", "edifc_idag": "", "edifc_ided": "", "source": "BDTRE edifc" }, "geometry": { "type": "Polygon", "coordinates": [ [ [ 7.68469, 45.08039 ], [ 7.68477, 45.08036 ], [ 7.68481, 45.08035 ], [ 7.68482, 45.08035 ], [ 7.68483, 45.08037 ], [ 7.68471, 45.08041 ], [ 7.68469, 45.08039 ] ] ] } },
{ "type": "Feature", "properties": { "uuid": "9d1d9c31-4bee-4d17-b0ed-94733b597b1a", "data_acq": "2019-11-30 00:00:00", "data_agg": "2019-11-30 00:00:00", "data_fin": "9999-12-31 00:00:00", "ente_for": "REGIONE PIEMONTE", "ente_prod": "REGIONE PIEMONTE", "modo_prod": "banche dati esterne - catasto", "sc_acq": "1:2000", "edifc_ty": "generica", "edifc_uso": "servizi di trasporto", "edifc_stat": "costruito", "edifc_mon": "0", "edifc_nome": "", "edifc_idag": "", "edifc_ided": "", "source": "BDTRE edifc" }, "geometry": { "type": "Polygon", "coordinates": [ [ [ 7.6719, 45.08262 ], [ 7.67201, 45.08259 ], [ 7.67204, 45.08263 ], [ 7.67192, 45.08266 ], [ 7.67191, 45.08264 ], [ 7.6719, 45.08262 ], [ 7.6719, 45.08262 ] ] ] } },
{ "type": "Feature", "properties": { "uuid": "95f61d77-b009-484b-86e0-6cdd1bd293c3", "data_acq": "2019-11-30 00:00:00", "data_agg": "2019-11-30 00:00:00", "data_fin": "9999-12-31 00:00:00", "ente_for": "REGIONE PIEMONTE", "ente_prod": "REGIONE PIEMONTE", "modo_prod": "banche dati esterne - catasto", "sc_acq": "1:2000", "edifc_ty": "generica", "edifc_uso": "servizi di trasporto", "edifc_stat": "costruito", "edifc_mon": "0", "edifc_nome": "", "edifc_idag": "", "edifc_ided": "", "source": "BDTRE edifc" }, "geometry": { "type": "Polygon", "coordinates": [ [ [ 7.68455, 45.08047 ], [ 7.68458, 45.08052 ], [ 7.68449, 45.08055 ], [ 7.68446, 45.08056 ], [ 7.68443, 45.08051 ], [ 7.68455, 45.08047 ] ] ] } },
{ "type": "Feature", "properties": { "uuid": "321ba414-52db-4e61-9e2c-f2597ff2520d", "data_acq": "2019-11-30 00:00:00", "data_agg": "2019-11-30 00:00:00", "data_fin": "9999-12-31 00:00:00", "ente_for": "REGIONE PIEMONTE", "ente_prod": "REGIONE PIEMONTE", "modo_prod": "banche dati esterne - catasto", "sc_acq": "1:2000", "edifc_ty": "generica", "edifc_uso": "servizi di trasporto", "edifc_stat": "costruito", "edifc_mon": "0", "edifc_nome": "", "edifc_idag": "", "edifc_ided": "", "source": "BDTRE edifc" }, "geometry": { "type": "Polygon", "coordinates": [ [ [ 7.67168, 45.08274 ], [ 7.67165, 45.08269 ], [ 7.67175, 45.08266 ], [ 7.67175, 45.08266 ], [ 7.67178, 45.08271 ], [ 7.67168, 45.08274 ] ] ] } },
{ "type": "Feature", "properties": { "uuid": "0fe01e37-1d71-47be-88b1-339854fe3ef7", "data_acq": "2019-11-30 00:00:00", "data_agg": "2019-11-30 00:00:00", "data_fin": "9999-12-31 00:00:00", "ente_for": "REGIONE PIEMONTE", "ente_prod": "REGIONE PIEMONTE", "modo_prod": "banche dati esterne - catasto", "sc_acq": "1:2000", "edifc_ty": "generica", "edifc_uso": "servizi di trasporto", "edifc_stat": "costruito", "edifc_mon": "0", "edifc_nome": "", "edifc_idag": "", "edifc_ided": "", "source": "BDTRE edifc" }, "geometry": { "type": "Polygon", "coordinates": [ [ [ 7.68419, 45.07987 ], [ 7.68425, 45.07996 ], [ 7.68424, 45.07996 ], [ 7.68418, 45.07998 ], [ 7.68417, 45.07995 ], [ 7.68414, 45.07989 ], [ 7.68416, 45.07988 ], [ 7.68419, 45.07987 ] ] ] } },
{ "type": "Feature", "properties": { "uuid": "fb398b77-204d-4bab-b198-d8bf13559b0e", "data_acq": "2019-11-30 00:00:00", "data_agg": "2019-11-30 00:00:00", "data_fin": "9999-12-31 00:00:00", "ente_for": "REGIONE PIEMONTE", "ente_prod": "REGIONE PIEMONTE", "modo_prod": "banche dati esterne - catasto", "sc_acq": "1:2000", "edifc_ty": "generica", "edifc_uso": "servizi di trasporto", "edifc_stat": "costruito", "edifc_mon": "0", "edifc_nome": "", "edifc_idag": "", "edifc_ided": "", "source": "BDTRE edifc" }, "geometry": { "type": "Polygon", "coordinates": [ [ [ 7.68453, 45.07998 ], [ 7.68445, 45.07985 ], [ 7.68459, 45.0798 ], [ 7.6846, 45.07982 ], [ 7.68463, 45.07981 ], [ 7.68465, 45.07985 ], [ 7.68463, 45.07986 ], [ 7.68464, 45.07987 ], [ 7.68466, 45.07986 ], [ 7.68471, 45.07995 ], [ 7.68469, 45.07995 ], [ 7.68486, 45.08021 ], [ 7.68486, 45.08021 ], [ 7.68488, 45.08025 ], [ 7.68474, 45.0803 ], [ 7.68471, 45.08026 ], [ 7.68453, 45.07998 ] ] ] } },
{ "type": "Feature", "properties": { "uuid": "e1adfc11-ae02-4bc4-bd9a-69fba471f710", "data_acq": "2019-11-30 00:00:00", "data_agg": "2019-11-30 00:00:00", "data_fin": "9999-12-31 00:00:00", "ente_for": "REGIONE PIEMONTE", "ente_prod": "REGIONE PIEMONTE", "modo_prod": "banche dati esterne - catasto", "sc_acq": "1:2000", "edifc_ty": "generica", "edifc_uso": "servizi di trasporto", "edifc_stat": "costruito", "edifc_mon": "0", "edifc_nome": "", "edifc_idag": "", "edifc_ided": "", "source": "BDTRE edifc" }, "geometry": { "type": "Polygon", "coordinates": [ [ [ 7.68533, 45.0812 ], [ 7.68533, 45.08122 ], [ 7.68533, 45.08122 ], [ 7.68531, 45.08122 ], [ 7.68531, 45.0812 ], [ 7.68533, 45.0812 ] ] ] } },
{ "type": "Feature", "properties": { "uuid": "df46694c-7ef0-4ce7-8ca0-da9c6870b384", "data_acq": "2019-11-30 00:00:00", "data_agg": "2019-11-30 00:00:00", "data_fin": "9999-12-31 00:00:00", "ente_for": "REGIONE PIEMONTE", "ente_prod": "REGIONE PIEMONTE", "modo_prod": "banche dati esterne - catasto", "sc_acq": "1:2000", "edifc_ty": "generica", "edifc_uso": "servizi di trasporto", "edifc_stat": "costruito", "edifc_mon": "0", "edifc_nome": "", "edifc_idag": "", "edifc_ided": "", "source": "BDTRE edifc" }, "geometry": { "type": "Polygon", "coordinates": [ [ [ 7.66716, 45.07338 ], [ 7.66721, 45.07336 ], [ 7.66725, 45.0734 ], [ 7.66719, 45.07342 ], [ 7.66716, 45.07338 ] ] ] } },
{ "type": "Feature", "properties": { "uuid": "92c8ab04-d980-402f-9eb2-185c5f1249b9", "data_acq": "2019-11-30 00:00:00", "data_agg": "2019-11-30 00:00:00", "data_fin": "9999-12-31 00:00:00", "ente_for": "REGIONE PIEMONTE", "ente_prod": "REGIONE PIEMONTE", "modo_prod": "banche dati esterne - catasto", "sc_acq": "1:2000", "edifc_ty": "generica", "edifc_uso": "servizi di trasporto", "edifc_stat": "costruito", "edifc_mon": "0", "edifc_nome": "", "edifc_idag": "", "edifc_ided": "", "source": "BDTRE edifc" }, "geometry": { "type": "Polygon", "coordinates": [ [ [ 7.67188, 45.08298 ], [ 7.67199, 45.08293 ], [ 7.6724, 45.08349 ], [ 7.67228, 45.08353 ], [ 7.67188, 45.08298 ] ] ] } },
{ "type": "Feature", "properties": { "uuid": "e46eafe8-a4ac-478a-addd-65d647d589e8", "data_acq": "2019-11-30 00:00:00", "data_agg": "2019-11-30 00:00:00", "data_fin": "9999-12-31 00:00:00", "ente_for": "REGIONE PIEMONTE", "ente_prod": "REGIONE PIEMONTE", "modo_prod": "banche dati esterne - catasto", "sc_acq": "1:2000", "edifc_ty": "generica", "edifc_uso": "servizi di trasporto", "edifc_stat": "costruito", "edifc_mon": "0", "edifc_nome": "", "edifc_idag": "", "edifc_ided": "", "source": "BDTRE edifc" }, "geometry": { "type": "Polygon", "coordinates": [ [ [ 7.6856, 45.08041 ], [ 7.68555, 45.08034 ], [ 7.68552, 45.08029 ], [ 7.68547, 45.08021 ], [ 7.68547, 45.08029 ], [ 7.68547, 45.08043 ], [ 7.68547, 45.08056 ], [ 7.6854, 45.08056 ], [ 7.6854, 45.08021 ], [ 7.68546, 45.08019 ], [ 7.68545, 45.08018 ], [ 7.68543, 45.08019 ], [ 7.68536, 45.08008 ], [ 7.68533, 45.08009 ], [ 7.68521, 45.07992 ], [ 7.68524, 45.07991 ], [ 7.68513, 45.07973 ], [ 7.68522, 45.0797 ], [ 7.68523, 45.0797 ], [ 7.68534, 45.07987 ], [ 7.68534, 45.07987 ], [ 7.68537, 45.07987 ], [ 7.68537, 45.07986 ], [ 7.68538, 45.07987 ], [ 7.6854, 45.07989 ], [ 7.6854, 45.07989 ], [ 7.68542, 45.07989 ], [ 7.68549, 45.08 ], [ 7.68548, 45.08001 ], [ 7.68547, 45.08001 ], [ 7.68548, 45.08002 ], [ 7.68549, 45.08004 ], [ 7.68546, 45.08005 ], [ 7.68568, 45.08038 ], [ 7.6856, 45.08041 ] ] ] } },
{ "type": "Feature", "properties": { "uuid": "91192807-145f-466b-97dc-a239067771a3", "data_acq": "2019-11-30 00:00:00", "data_agg": "2019-11-30 00:00:00", "data_fin": "9999-12-31 00:00:00", "ente_for": "REGIONE PIEMONTE", "ente_prod": "REGIONE PIEMONTE", "modo_prod": "banche dati esterne - catasto", "sc_acq": "1:2000", "edifc_ty": "generica", "edifc_uso": "servizi di trasporto", "edifc_stat": "costruito", "edifc_mon": "0", "edifc_nome": "", "edifc_idag": "", "edifc_ided": "", "source": "BDTRE edifc" }, "geometry": { "type": "Polygon", "coordinates": [ [ [ 7.68419, 45.07987 ], [ 7.68416, 45.07988 ], [ 7.68414, 45.07983 ], [ 7.68412, 45.07974 ], [ 7.68411, 45.07964 ], [ 7.6842, 45.07963 ], [ 7.68423, 45.07975 ], [ 7.68426, 45.07985 ], [ 7.68419, 45.07987 ] ] ] } },
{ "type": "Feature", "properties": { "uuid": "d509e7be-686e-430d-b6e8-0633581d9b33", "data_acq": "2019-11-30 00:00:00", "data_agg": "2019-11-30 00:00:00", "data_fin": "9999-12-31 00:00:00", "ente_for": "REGIONE PIEMONTE", "ente_prod": "REGIONE PIEMONTE", "modo_prod": "banche dati esterne - catasto", "sc_acq": "1:2000", "edifc_ty": "generica", "edifc_uso": "servizi di trasporto", "edifc_stat": "costruito", "edifc_mon": "0", "edifc_nome": "", "edifc_idag": "", "edifc_ided": "", "source": "BDTRE edifc" }, "geometry": { "type": "Polygon", "coordinates": [ [ [ 7.66743, 45.07364 ], [ 7.66739, 45.07366 ], [ 7.66723, 45.07343 ], [ 7.66717, 45.07344 ], [ 7.66713, 45.07339 ], [ 7.66704, 45.07341 ], [ 7.66745, 45.07399 ], [ 7.6679, 45.07463 ], [ 7.668, 45.0746 ], [ 7.66798, 45.07457 ], [ 7.66801, 45.07455 ], [ 7.66772, 45.07413 ], [ 7.66776, 45.07411 ], [ 7.66776, 45.07411 ], [ 7.66772, 45.07405 ], [ 7.66765, 45.07396 ], [ 7.6677, 45.07394 ], [ 7.66759, 45.07378 ], [ 7.66756, 45.07379 ], [ 7.66754, 45.0738 ], [ 7.66743, 45.07364 ] ] ] } },
{ "type": "Feature", "properties": { "uuid": "4631ee12-6b39-43ee-968a-a57a11c8c46d", "data_acq": "2019-11-30 00:00:00", "data_agg": "2019-11-30 00:00:00", "data_fin": "9999-12-31 00:00:00", "ente_for": "REGIONE PIEMONTE", "ente_prod": "REGIONE PIEMONTE", "modo_prod": "banche dati esterne - catasto", "sc_acq": "1:2000", "edifc_ty": "generica", "edifc_uso": "servizi di trasporto", "edifc_stat": "costruito", "edifc_mon": "0", "edifc_nome": "", "edifc_idag": "", "edifc_ided": "", "source": "BDTRE edifc" }, "geometry": { "type": "Polygon", "coordinates": [ [ [ 7.68425, 45.07996 ], [ 7.68435, 45.07992 ], [ 7.68441, 45.08 ], [ 7.68444, 45.07999 ], [ 7.68457, 45.0802 ], [ 7.68461, 45.08018 ], [ 7.68464, 45.08024 ], [ 7.68461, 45.08025 ], [ 7.68469, 45.08039 ], [ 7.68471, 45.08041 ], [ 7.68455, 45.08047 ], [ 7.68443, 45.08051 ], [ 7.68437, 45.08043 ], [ 7.68437, 45.08043 ], [ 7.68429, 45.08031 ], [ 7.68421, 45.0802 ], [ 7.68417, 45.08008 ], [ 7.68429, 45.08004 ], [ 7.68426, 45.07999 ], [ 7.68426, 45.07999 ], [ 7.68424, 45.07996 ], [ 7.68425, 45.07996 ] ] ] } },
{ "type": "Feature", "properties": { "uuid": "debb2821-5f18-44e3-ac1b-77fd2588261f", "data_acq": "2019-11-30 00:00:00", "data_agg": "2019-11-30 00:00:00", "data_fin": "9999-12-31 00:00:00", "ente_for": "REGIONE PIEMONTE", "ente_prod": "REGIONE PIEMONTE", "modo_prod": "banche dati esterne - catasto", "sc_acq": "1:2000", "edifc_ty": "generica", "edifc_uso": "servizi di trasporto", "edifc_stat": "costruito", "edifc_mon": "0", "edifc_nome": "", "edifc_idag": "", "edifc_ided": "", "source": "BDTRE edifc" }, "geometry": { "type": "Polygon", "coordinates": [ [ [ 7.67168, 45.08274 ], [ 7.67168, 45.08275 ], [ 7.6715, 45.0828 ], [ 7.67147, 45.08274 ], [ 7.67165, 45.08269 ], [ 7.67168, 45.08274 ] ] ] } },
{ "type": "Feature", "properties": { "uuid": "ec595078-ef5d-483a-9896-e2ab88f0c9b2", "data_acq": "2019-11-30 00:00:00", "data_agg": "2019-11-30 00:00:00", "data_fin": "9999-12-31 00:00:00", "ente_for": "REGIONE PIEMONTE", "ente_prod": "REGIONE PIEMONTE", "modo_prod": "banche dati esterne - catasto", "sc_acq": "1:2000", "edifc_ty": "generica", "edifc_uso": "servizi di trasporto", "edifc_stat": "costruito", "edifc_mon": "0", "edifc_nome": "", "edifc_idag": "", "edifc_ided": "", "source": "BDTRE edifc" }, "geometry": { "type": "Polygon", "coordinates": [ [ [ 7.68499, 45.07934 ], [ 7.68498, 45.07935 ], [ 7.68491, 45.07936 ], [ 7.68493, 45.07939 ], [ 7.6849, 45.07941 ], [ 7.68496, 45.07952 ], [ 7.6849, 45.07954 ], [ 7.68497, 45.07964 ], [ 7.68487, 45.07968 ], [ 7.68467, 45.07938 ], [ 7.68456, 45.07942 ], [ 7.68451, 45.07933 ], [ 7.6845, 45.07931 ], [ 7.68451, 45.07928 ], [ 7.68488, 45.07916 ], [ 7.685, 45.07934 ], [ 7.68499, 45.07934 ] ] ] } },
{ "type": "Feature", "properties": { "uuid": "96d5f472-2583-486c-a590-2197b5d9cbe3", "data_acq": "2010-01-01 00:00:00", "data_agg": "2022-12-31 00:00:00", "data_fin": "9999-12-31 00:00:00", "ente_for": "REGIONE PIEMONTE", "ente_prod": "CSI PIEMONTE", "modo_prod": "rilievo speditivo - ortofoto", "sc_acq": "1:10000", "edifc_ty": "generica", "edifc_uso": "commerciale", "edifc_stat": "costruito", "edifc_mon": "0", "edifc_nome": "", "edifc_idag": "", "edifc_ided": "", "source": "BDTRE edifc" }, "geometry": { "type": "Polygon", "coordinates": [ [ [ 7.68327, 45.06609 ], [ 7.68329, 45.06612 ], [ 7.68333, 45.06617 ], [ 7.68336, 45.06621 ], [ 7.68348, 45.06617 ], [ 7.68351, 45.06616 ], [ 7.68353, 45.06615 ], [ 7.68345, 45.06603 ], [ 7.68344, 45.06603 ], [ 7.68327, 45.06609 ] ] ] } },
{ "type": "Feature", "properties": { "uuid": "88efc465-d574-4de9-bafb-5dc8fc102ff0", "data_acq": "2019-11-30 00:00:00", "data_agg": "2019-11-30 00:00:00", "data_fin": "9999-12-31 00:00:00", "ente_for": "REGIONE PIEMONTE", "ente_prod": "REGIONE PIEMONTE", "modo_prod": "banche dati esterne - catasto", "sc_acq": "1:2000", "edifc_ty": "generica", "edifc_uso": "commerciale", "edifc_stat": "costruito", "edifc_mon": "0", "edifc_nome": "", "edifc_idag": "", "edifc_ided": "", "source": "BDTRE edifc" }, "geometry": { "type": "Polygon", "coordinates": [ [ [ 7.69482, 45.07108 ], [ 7.69485, 45.0711 ], [ 7.6949, 45.07114 ], [ 7.69484, 45.07118 ], [ 7.69479, 45.0712 ], [ 7.69475, 45.07122 ], [ 7.6947, 45.07116 ], [ 7.69474, 45.07113 ], [ 7.69482, 45.07108 ] ] ] } },
{ "type": "Feature", "properties": { "uuid": "c564c2cc-4023-4727-8557-21e42a928172", "data_acq": "2019-11-30 00:00:00", "data_agg": "2019-11-30 00:00:00", "data_fin": "9999-12-31 00:00:00", "ente_for": "REGIONE PIEMONTE", "ente_prod": "REGIONE PIEMONTE", "modo_prod": "banche dati esterne - catasto", "sc_acq": "1:2000", "edifc_ty": "generica", "edifc_uso": "commerciale", "edifc_stat": "costruito", "edifc_mon": "0", "edifc_nome": "", "edifc_idag": "", "edifc_ided": "", "source": "BDTRE edifc" }, "geometry": { "type": "Polygon", "coordinates": [ [ [ 7.69241, 45.08332 ], [ 7.69245, 45.08331 ], [ 7.69244, 45.0833 ], [ 7.69242, 45.08326 ], [ 7.69239, 45.08322 ], [ 7.69238, 45.08321 ], [ 7.6923, 45.08324 ], [ 7.6923, 45.08332 ], [ 7.69239, 45.08329 ], [ 7.69241, 45.08332 ] ] ] } },
{ "type": "Feature", "properties": { "uuid": "416a864f-d2ab-4f43-a855-05fd2e3f6e53", "data_acq": "2019-11-30 00:00:00", "data_agg": "2019-11-30 00:00:00", "data_fin": "9999-12-31 00:00:00", "ente_for": "REGIONE PIEMONTE", "ente_prod": "REGIONE PIEMONTE", "modo_prod": "banche dati esterne - catasto", "sc_acq": "1:2000", "edifc_ty": "generica", "edifc_uso": "commerciale", "edifc_stat": "costruito", "edifc_mon": "0", "edifc_nome": "", "edifc_idag": "", "edifc_ided": "", "source": "BDTRE edifc" }, "geometry": { "type": "Polygon", "coordinates": [ [ [ 7.66788, 45.08145 ], [ 7.66788, 45.08145 ], [ 7.66782, 45.08136 ], [ 7.66791, 45.08133 ], [ 7.66792, 45.08134 ], [ 7.66793, 45.08136 ], [ 7.66794, 45.08136 ], [ 7.66796, 45.08139 ], [ 7.66798, 45.08142 ], [ 7.66793, 45.08144 ], [ 7.66788, 45.08145 ] ] ] } },
{ "type": "Feature", "properties": { "uuid": "5f3c6ee5-4766-4897-b734-bf178a1f5bf7", "data_acq": "2019-11-30 00:00:00", "data_agg": "2019-11-30 00:00:00", "data_fin": "9999-12-31 00:00:00", "ente_for": "REGIONE PIEMONTE", "ente_prod": "REGIONE PIEMONTE", "modo_prod": "banche dati esterne - catasto", "sc_acq": "1:2000", "edifc_ty": "generica", "edifc_uso": "commerciale", "edifc_stat": "costruito", "edifc_mon": "0", "edifc_nome": "", "edifc_idag": "", "edifc_ided": "", "source": "BDTRE edifc" }, "geometry": { "type": "Polygon", "coordinates": [ [ [ 7.678, 45.08506 ], [ 7.67791, 45.08493 ], [ 7.67788, 45.08494 ], [ 7.67784, 45.08488 ], [ 7.67794, 45.08485 ], [ 7.678, 45.08496 ], [ 7.67796, 45.08498 ], [ 7.67801, 45.08506 ], [ 7.678, 45.08506 ] ] ] } },
{ "type": "Feature", "properties": { "uuid": "78292249-6182-4976-a887-6cd6b8d26570", "data_acq": "2019-11-30 00:00:00", "data_agg": "2019-11-30 00:00:00", "data_fin": "9999-12-31 00:00:00", "ente_for": "REGIONE PIEMONTE", "ente_prod": "REGIONE PIEMONTE", "modo_prod": "banche dati esterne - catasto", "sc_acq": "1:2000", "edifc_ty": "generica", "edifc_uso": "commerciale", "edifc_stat": "costruito", "edifc_mon": "0", "edifc_nome": "", "edifc_idag": "", "edifc_ided": "", "source": "BDTRE edifc" }, "geometry": { "type": "Polygon", "coordinates": [ [ [ 7.66598, 45.07865 ], [ 7.66602, 45.07869 ], [ 7.66605, 45.07866 ], [ 7.66611, 45.0786 ], [ 7.66621, 45.0785 ], [ 7.66607, 45.07843 ], [ 7.66606, 45.07843 ], [ 7.66603, 45.07847 ], [ 7.66605, 45.07848 ], [ 7.66602, 45.07851 ], [ 7.66601, 45.07851 ], [ 7.666, 45.07852 ], [ 7.66601, 45.07852 ], [ 7.666, 45.07853 ], [ 7.666, 45.07852 ], [ 7.66599, 45.07853 ], [ 7.666, 45.07853 ], [ 7.66594, 45.07859 ], [ 7.66598, 45.07865 ] ] ] } },
{ "type": "Feature", "properties": { "uuid": "dc59db8b-9115-4016-8262-81cec6dc8712", "data_acq": "2019-11-30 00:00:00", "data_agg": "2019-11-30 00:00:00", "data_fin": "9999-12-31 00:00:00", "ente_for": "REGIONE PIEMONTE", "ente_prod": "REGIONE PIEMONTE", "modo_prod": "banche dati esterne - catasto", "sc_acq": "1:2000", "edifc_ty": "generica", "edifc_uso": "commerciale", "edifc_stat": "costruito", "edifc_mon": "0", "edifc_nome": "", "edifc_idag": "", "edifc_ided": "", "source": "BDTRE edifc" }, "geometry": { "type": "Polygon", "coordinates": [ [ [ 7.69357, 45.07842 ], [ 7.69329, 45.07872 ], [ 7.69308, 45.07863 ], [ 7.69295, 45.07857 ], [ 7.69322, 45.07827 ], [ 7.69322, 45.07827 ], [ 7.69334, 45.07832 ], [ 7.69334, 45.07832 ], [ 7.69328, 45.07839 ], [ 7.6934, 45.07844 ], [ 7.69346, 45.07837 ], [ 7.69357, 45.07842 ] ] ] } },
{ "type": "Feature", "properties": { "uuid": "ad7c54b6-6758-49ea-81d8-9104317a1b1e", "data_acq": "2019-11-30 00:00:00", "data_agg": "2019-11-30 00:00:00", "data_fin": "9999-12-31 00:00:00", "ente_for": "REGIONE PIEMONTE", "ente_prod": "REGIONE PIEMONTE", "modo_prod": "banche dati esterne - catasto", "sc_acq": "1:2000", "edifc_ty": "generica", "edifc_uso": "commerciale", "edifc_stat": "costruito", "edifc_mon": "0", "edifc_nome": "", "edifc_idag": "", "edifc_ided": "", "source": "BDTRE edifc" }, "geometry": { "type": "Polygon", "coordinates": [ [ [ 7.69204, 45.07893 ], [ 7.69207, 45.07889 ], [ 7.69215, 45.07893 ], [ 7.69213, 45.07895 ], [ 7.69214, 45.07896 ], [ 7.69213, 45.07897 ], [ 7.69204, 45.07893 ] ] ] } },
{ "type": "Feature", "properties": { "uuid": "02f519f7-0604-48e4-96c6-a96a0dc8d44b", "data_acq": "2019-11-30 00:00:00", "data_agg": "2019-11-30 00:00:00", "data_fin": "9999-12-31 00:00:00", "ente_for": "REGIONE PIEMONTE", "ente_prod": "REGIONE PIEMONTE", "modo_prod": "banche dati esterne - catasto", "sc_acq": "1:2000", "edifc_ty": "generica", "edifc_uso": "commerciale", "edifc_stat": "costruito", "edifc_mon": "0", "edifc_nome": "", "edifc_idag": "", "edifc_ided": "", "source": "BDTRE edifc" }, "geometry": { "type": "Polygon", "coordinates": [ [ [ 7.67231, 45.06655 ], [ 7.67224, 45.06645 ], [ 7.67224, 45.06645 ], [ 7.67212, 45.06649 ], [ 7.67204, 45.06651 ], [ 7.67191, 45.06656 ], [ 7.67196, 45.06665 ], [ 7.67198, 45.06667 ], [ 7.67202, 45.06673 ], [ 7.67202, 45.06673 ], [ 7.67218, 45.06668 ], [ 7.67216, 45.06665 ], [ 7.67217, 45.06665 ], [ 7.67217, 45.06664 ], [ 7.67217, 45.06664 ], [ 7.67215, 45.06661 ], [ 7.67231, 45.06655 ] ] ] } },
{ "type": "Feature", "properties": { "uuid": "ee47650e-ed99-400f-a768-b69697df79d6", "data_acq": "2019-11-30 00:00:00", "data_agg": "2019-11-30 00:00:00", "data_fin": "9999-12-31 00:00:00", "ente_for": "REGIONE PIEMONTE", "ente_prod": "REGIONE PIEMONTE", "modo_prod": "banche dati esterne - catasto", "sc_acq": "1:2000", "edifc_ty": "generica", "edifc_uso": "commerciale", "edifc_stat": "costruito", "edifc_mon": "0", "edifc_nome": "", "edifc_idag": "", "edifc_ided": "", "source": "BDTRE edifc" }, "geometry": { "type": "Polygon", "coordinates": [ [ [ 7.66891, 45.08289 ], [ 7.66891, 45.0829 ], [ 7.66874, 45.08298 ], [ 7.66868, 45.0829 ], [ 7.66865, 45.08285 ], [ 7.66883, 45.08279 ], [ 7.66885, 45.08282 ], [ 7.66891, 45.08289 ], [ 7.66891, 45.08289 ] ] ] } },
{ "type": "Feature", "properties": { "uuid": "f7e6bb3b-4d98-4de5-9a3d-59f6c0082aed", "data_acq": "2019-11-30 00:00:00", "data_agg": "2019-11-30 00:00:00", "data_fin": "9999-12-31 00:00:00", "ente_for": "REGIONE PIEMONTE", "ente_prod": "REGIONE PIEMONTE", "modo_prod": "banche dati esterne - catasto", "sc_acq": "1:2000", "edifc_ty": "generica", "edifc_uso": "commerciale", "edifc_stat": "costruito", "edifc_mon": "0", "edifc_nome": "", "edifc_idag": "", "edifc_ided": "", "source": "BDTRE edifc" }, "geometry": { "type": "Polygon", "coordinates": [ [ [ 7.67902, 45.06704 ], [ 7.67938, 45.0669 ], [ 7.67924, 45.06671 ], [ 7.67913, 45.06675 ], [ 7.67907, 45.06677 ], [ 7.679, 45.06679 ], [ 7.679, 45.06679 ], [ 7.67899, 45.06679 ], [ 7.67897, 45.0668 ], [ 7.67894, 45.06681 ], [ 7.67894, 45.06681 ], [ 7.67894, 45.06682 ], [ 7.67894, 45.06681 ], [ 7.67894, 45.06681 ], [ 7.67893, 45.06682 ], [ 7.67893, 45.06682 ], [ 7.67893, 45.06682 ], [ 7.67893, 45.06682 ], [ 7.67892, 45.06682 ], [ 7.67892, 45.06682 ], [ 7.67891, 45.06682 ], [ 7.6789, 45.06684 ], [ 7.67889, 45.06686 ], [ 7.6789, 45.06686 ], [ 7.6789, 45.06686 ], [ 7.6789, 45.06686 ], [ 7.6789, 45.06686 ], [ 7.6789, 45.06687 ], [ 7.67891, 45.06687 ], [ 7.67891, 45.06687 ], [ 7.67891, 45.06687 ], [ 7.67891, 45.06687 ], [ 7.67891, 45.06687 ], [ 7.67891, 45.06688 ], [ 7.67891, 45.06688 ], [ 7.67896, 45.06696 ], [ 7.679, 45.067 ], [ 7.679, 45.06701 ], [ 7.67902, 45.06704 ] ] ] } },
{ "type": "Feature", "properties": { "uuid": "4551a7ae-89f7-42c4-8e8c-96e128e7339f", "data_acq": "2019-11-30 00:00:00", "data_agg": "2019-11-30 00:00:00", "data_fin": "9999-12-31 00:00:00", "ente_for": "REGIONE PIEMONTE", "ente_prod": "REGIONE PIEMONTE", "modo_prod": "banche dati esterne - catasto", "sc_acq": "1:2000", "edifc_ty": "generica", "edifc_uso": "commerciale", "edifc_stat": "costruito", "edifc_mon": "0", "edifc_nome": "", "edifc_idag": "", "edifc_ided": "", "source": "BDTRE edifc" }, "geometry": { "type": "Polygon", "coordinates": [ [ [ 7.678, 45.08496 ], [ 7.67805, 45.08504 ], [ 7.67801, 45.08506 ], [ 7.67796, 45.08498 ], [ 7.678, 45.08496 ] ] ] } },
{ "type": "Feature", "properties": { "uuid": "9b4e84e6-69ca-4a82-b2ae-988daae3909e", "data_acq": "2019-11-30 00:00:00", "data_agg": "2019-11-30 00:00:00", "data_fin": "9999-12-31 00:00:00", "ente_for": "REGIONE PIEMONTE", "ente_prod": "REGIONE PIEMONTE", "modo_prod": "banche dati esterne - catasto", "sc_acq": "1:2000", "edifc_ty": "generica", "edifc_uso": "commerciale", "edifc_stat": "costruito", "edifc_mon": "0", "edifc_nome": "", "edifc_idag": "", "edifc_ided": "", "source": "BDTRE edifc" }, "geometry": { "type": "Polygon", "coordinates": [ [ [ 7.67462, 45.08295 ], [ 7.67451, 45.08299 ], [ 7.67449, 45.08296 ], [ 7.67458, 45.08293 ], [ 7.67458, 45.08292 ], [ 7.67459, 45.08291 ], [ 7.67462, 45.08295 ] ] ] } },
{ "type": "Feature", "properties": { "uuid": "2b0f6876-156e-4c24-bf24-9b0977a0f98b", "data_acq": "2019-11-30 00:00:00", "data_agg": "2019-11-30 00:00:00", "data_fin": "9999-12-31 00:00:00", "ente_for": "REGIONE PIEMONTE", "ente_prod": "REGIONE PIEMONTE", "modo_prod": "banche dati esterne - catasto", "sc_acq": "1:2000", "edifc_ty": "generica", "edifc_uso": "commerciale", "edifc_stat": "costruito", "edifc_mon": "0", "edifc_nome": "", "edifc_idag": "", "edifc_ided": "", "source": "BDTRE edifc" }, "geometry": { "type": "Polygon", "coordinates": [ [ [ 7.66586, 45.08322 ], [ 7.66591, 45.08329 ], [ 7.66596, 45.08337 ], [ 7.66596, 45.08338 ], [ 7.66594, 45.08338 ], [ 7.66594, 45.08339 ], [ 7.66594, 45.08338 ], [ 7.66591, 45.08339 ], [ 7.66588, 45.08336 ], [ 7.66584, 45.08329 ], [ 7.66574, 45.08332 ], [ 7.66582, 45.08344 ], [ 7.66574, 45.08346 ], [ 7.6657, 45.08341 ], [ 7.66563, 45.08329 ], [ 7.66586, 45.08322 ] ] ] } },
{ "type": "Feature", "properties": { "uuid": "9c11aa65-b7a8-47d7-a5ca-377c4dabbfb2", "data_acq": "2019-11-30 00:00:00", "data_agg": "2019-11-30 00:00:00", "data_fin": "9999-12-31 00:00:00", "ente_for": "REGIONE PIEMONTE", "ente_prod": "REGIONE PIEMONTE", "modo_prod": "banche dati esterne - catasto", "sc_acq": "1:2000", "edifc_ty": "generica", "edifc_uso": "commerciale", "edifc_stat": "costruito", "edifc_mon": "0", "edifc_nome": "", "edifc_idag": "", "edifc_ided": "", "source": "BDTRE edifc" }, "geometry": { "type": "Polygon", "coordinates": [ [ [ 7.68365, 45.06558 ], [ 7.68369, 45.06566 ], [ 7.68369, 45.06566 ], [ 7.68367, 45.06567 ], [ 7.68361, 45.0656 ], [ 7.68365, 45.06558 ] ] ] } },
{ "type": "Feature", "properties": { "uuid": "206f8984-c209-4b17-a90c-8e7107ff1c63", "data_acq": "2019-11-30 00:00:00", "data_agg": "2019-11-30 00:00:00", "data_fin": "9999-12-31 00:00:00", "ente_for": "REGIONE PIEMONTE", "ente_prod": "REGIONE PIEMONTE", "modo_prod": "banche dati esterne - catasto", "sc_acq": "1:2000", "edifc_ty": "generica", "edifc_uso": "commerciale", "edifc_stat": "costruito", "edifc_mon": "0", "edifc_nome": "", "edifc_idag": "", "edifc_ided": "", "source": "BDTRE edifc" }, "geometry": { "type": "Polygon", "coordinates": [ [ [ 7.68985, 45.08097 ], [ 7.68998, 45.08093 ], [ 7.69001, 45.08092 ], [ 7.68997, 45.08087 ], [ 7.68982, 45.08091 ], [ 7.68975, 45.0808 ], [ 7.68972, 45.08076 ], [ 7.6896, 45.08079 ], [ 7.68974, 45.08101 ], [ 7.68981, 45.08098 ], [ 7.68985, 45.08097 ] ] ] } },
{ "type": "Feature", "properties": { "uuid": "56c0e1b7-28f2-41a4-baa3-279c44026ac2", "data_acq": "2019-11-30 00:00:00", "data_agg": "2019-11-30 00:00:00", "data_fin": "9999-12-31 00:00:00", "ente_for": "REGIONE PIEMONTE", "ente_prod": "REGIONE PIEMONTE", "modo_prod": "banche dati esterne - catasto", "sc_acq": "1:2000", "edifc_ty": "generica", "edifc_uso": "commerciale", "edifc_stat": "costruito", "edifc_mon": "0", "edifc_nome": "", "edifc_idag": "", "edifc_ided": "", "source": "BDTRE edifc" }, "geometry": { "type": "Polygon", "coordinates": [ [ [ 7.6914, 45.08476 ], [ 7.69149, 45.08473 ], [ 7.69157, 45.08485 ], [ 7.69148, 45.08488 ], [ 7.69144, 45.08482 ], [ 7.6914, 45.08477 ], [ 7.6914, 45.08476 ] ] ] } },
{ "type": "Feature", "properties": { "uuid": "3d7934f7-3761-4b48-9e69-9b5138029eb5", "data_acq": "2019-11-30 00:00:00", "data_agg": "2019-11-30 00:00:00", "data_fin": "9999-12-31 00:00:00", "ente_for": "REGIONE PIEMONTE", "ente_prod": "REGIONE PIEMONTE", "modo_prod": "banche dati esterne - catasto", "sc_acq": "1:2000", "edifc_ty": "generica", "edifc_uso": "commerciale", "edifc_stat": "costruito", "edifc_mon": "0", "edifc_nome": "", "edifc_idag": "", "edifc_ided": "", "source": "BDTRE edifc" }, "geometry": { "type": "Polygon", "coordinates": [ [ [ 7.67869, 45.07632 ], [ 7.67877, 45.07629 ], [ 7.67881, 45.07628 ], [ 7.67886, 45.07631 ], [ 7.67871, 45.07636 ], [ 7.67869, 45.07632 ] ] ] } },
{ "type": "Feature", "properties": { "uuid": "549c6b90-2180-4038-8980-6fdc7e898f53", "data_acq": "2019-11-30 00:00:00", "data_agg": "2019-11-30 00:00:00", "data_fin": "9999-12-31 00:00:00", "ente_for": "REGIONE PIEMONTE", "ente_prod": "REGIONE PIEMONTE", "modo_prod": "banche dati esterne - catasto", "sc_acq": "1:2000", "edifc_ty": "generica", "edifc_uso": "commerciale", "edifc_stat": "costruito", "edifc_mon": "0", "edifc_nome": "", "edifc_idag": "", "edifc_ided": "", "source": "BDTRE edifc" }, "geometry": { "type": "Polygon", "coordinates": [ [ [ 7.67159, 45.07868 ], [ 7.67152, 45.07858 ], [ 7.67148, 45.0786 ], [ 7.67145, 45.07861 ], [ 7.67144, 45.07861 ], [ 7.67138, 45.07863 ], [ 7.67145, 45.07873 ], [ 7.67159, 45.07868 ] ] ] } },
{ "type": "Feature", "properties": { "uuid": "152741df-3d81-497f-a827-839cc3f80c9a", "data_acq": "2019-11-30 00:00:00", "data_agg": "2019-11-30 00:00:00", "data_fin": "9999-12-31 00:00:00", "ente_for": "REGIONE PIEMONTE", "ente_prod": "REGIONE PIEMONTE", "modo_prod": "banche dati esterne - catasto", "sc_acq": "1:2000", "edifc_ty": "generica", "edifc_uso": "commerciale", "edifc_stat": "costruito", "edifc_mon": "0", "edifc_nome": "", "edifc_idag": "", "edifc_ided": "", "source": "BDTRE edifc" }, "geometry": { "type": "Polygon", "coordinates": [ [ [ 7.69131, 45.08444 ], [ 7.69138, 45.08454 ], [ 7.69127, 45.08458 ], [ 7.69124, 45.08453 ], [ 7.69119, 45.08445 ], [ 7.69131, 45.08444 ] ] ] } },
{ "type": "Feature", "properties": { "uuid": "38467dde-b28c-4cc3-ac53-997f8b48e96b", "data_acq": "2019-11-30 00:00:00", "data_agg": "2019-11-30 00:00:00", "data_fin": "9999-12-31 00:00:00", "ente_for": "REGIONE PIEMONTE", "ente_prod": "REGIONE PIEMONTE", "modo_prod": "banche dati esterne - catasto", "sc_acq": "1:2000", "edifc_ty": "generica", "edifc_uso": "commerciale", "edifc_stat": "costruito", "edifc_mon": "0", "edifc_nome": "", "edifc_idag": "", "edifc_ided": "", "source": "BDTRE edifc" }, "geometry": { "type": "Polygon", "coordinates": [ [ [ 7.69433, 45.08343 ], [ 7.69428, 45.0835 ], [ 7.69422, 45.08347 ], [ 7.69425, 45.08344 ], [ 7.69413, 45.08339 ], [ 7.69416, 45.08335 ], [ 7.69418, 45.08336 ], [ 7.69433, 45.08343 ] ] ] } },
{ "type": "Feature", "properties": { "uuid": "c3e2b779-a939-4d9b-9e1b-f53fae043ce5", "data_acq": "2019-11-30 00:00:00", "data_agg": "2019-11-30 00:00:00", "data_fin": "9999-12-31 00:00:00", "ente_for": "REGIONE PIEMONTE", "ente_prod": "REGIONE PIEMONTE", "modo_prod": "banche dati esterne - catasto", "sc_acq": "1:2000", "edifc_ty": "generica", "edifc_uso": "commerciale", "edifc_stat": "costruito", "edifc_mon": "0", "edifc_nome": "", "edifc_idag": "", "edifc_ided": "", "source": "BDTRE edifc" }, "geometry": { "type": "Polygon", "coordinates": [ [ [ 7.68282, 45.0843 ], [ 7.68279, 45.08426 ], [ 7.68292, 45.08422 ], [ 7.68291, 45.0842 ], [ 7.68328, 45.08404 ], [ 7.68332, 45.0841 ], [ 7.68324, 45.08413 ], [ 7.68322, 45.08412 ], [ 7.68318, 45.08414 ], [ 7.68313, 45.08416 ], [ 7.68296, 45.08422 ], [ 7.68297, 45.08424 ], [ 7.68282, 45.0843 ] ] ] } },
{ "type": "Feature", "properties": { "uuid": "f9a4ed90-1833-4941-8bf1-9a6b02529b7e", "data_acq": "2019-11-30 00:00:00", "data_agg": "2019-11-30 00:00:00", "data_fin": "9999-12-31 00:00:00", "ente_for": "REGIONE PIEMONTE", "ente_prod": "REGIONE PIEMONTE", "modo_prod": "banche dati esterne - catasto", "sc_acq": "1:2000", "edifc_ty": "generica", "edifc_uso": "commerciale", "edifc_stat": "costruito", "edifc_mon": "0", "edifc_nome": "", "edifc_idag": "", "edifc_ided": "", "source": "BDTRE edifc" }, "geometry": { "type": "Polygon", "coordinates": [ [ [ 7.66982, 45.08177 ], [ 7.66998, 45.08172 ], [ 7.66995, 45.08168 ], [ 7.66979, 45.08173 ], [ 7.66982, 45.08177 ] ] ] } },
{ "type": "Feature", "properties": { "uuid": "18b3e1a5-f4cc-4615-b92a-54a5c880da08", "data_acq": "2019-11-30 00:00:00", "data_agg": "2019-11-30 00:00:00", "data_fin": "9999-12-31 00:00:00", "ente_for": "REGIONE PIEMONTE", "ente_prod": "REGIONE PIEMONTE", "modo_prod": "banche dati esterne - catasto", "sc_acq": "1:2000", "edifc_ty": "generica", "edifc_uso": "commerciale", "edifc_stat": "costruito", "edifc_mon": "0", "edifc_nome": "", "edifc_idag": "", "edifc_ided": "", "source": "BDTRE edifc" }, "geometry": { "type": "Polygon", "coordinates": [ [ [ 7.66638, 45.06619 ], [ 7.66635, 45.06614 ], [ 7.66631, 45.06615 ], [ 7.66635, 45.0662 ], [ 7.66635, 45.06619 ], [ 7.66638, 45.06619 ], [ 7.66638, 45.06619 ] ] ] } },
{ "type": "Feature", "properties": { "uuid": "6de1cd24-d37d-4aa9-9c58-d6fd6ebd578f", "data_acq": "2019-11-30 00:00:00", "data_agg": "2019-11-30 00:00:00", "data_fin": "9999-12-31 00:00:00", "ente_for": "REGIONE PIEMONTE", "ente_prod": "REGIONE PIEMONTE", "modo_prod": "banche dati esterne - catasto", "sc_acq": "1:2000", "edifc_ty": "generica", "edifc_uso": "commerciale", "edifc_stat": "costruito", "edifc_mon": "0", "edifc_nome": "", "edifc_idag": "", "edifc_ided": "", "source": "BDTRE edifc" }, "geometry": { "type": "Polygon", "coordinates": [ [ [ 7.67547, 45.06518 ], [ 7.67534, 45.06522 ], [ 7.67518, 45.06501 ], [ 7.67525, 45.06498 ], [ 7.67533, 45.06509 ], [ 7.67539, 45.06507 ], [ 7.67547, 45.06518 ] ] ] } },
{ "type": "Feature", "properties": { "uuid": "b0c70779-9474-41f8-a7cc-86359f4ab8d8", "data_acq": "2019-11-30 00:00:00", "data_agg": "2019-11-30 00:00:00", "data_fin": "9999-12-31 00:00:00", "ente_for": "REGIONE PIEMONTE", "ente_prod": "REGIONE PIEMONTE", "modo_prod": "banche dati esterne - catasto", "sc_acq": "1:2000", "edifc_ty": "generica", "edifc_uso": "commerciale", "edifc_stat": "costruito", "edifc_mon": "0", "edifc_nome": "", "edifc_idag": "", "edifc_ided": "", "source": "BDTRE edifc" }, "geometry": { "type": "Polygon", "coordinates": [ [ [ 7.67378, 45.08301 ], [ 7.67383, 45.08307 ], [ 7.67383, 45.08307 ], [ 7.67378, 45.08309 ], [ 7.67378, 45.08309 ], [ 7.67374, 45.08302 ], [ 7.67378, 45.08301 ] ] ] } },
{ "type": "Feature", "properties": { "uuid": "35d2a00b-7d0a-44e7-ae4a-ccf5d0ee5020", "data_acq": "2019-11-30 00:00:00", "data_agg": "2019-11-30 00:00:00", "data_fin": "9999-12-31 00:00:00", "ente_for": "REGIONE PIEMONTE", "ente_prod": "REGIONE PIEMONTE", "modo_prod": "banche dati esterne - catasto", "sc_acq": "1:2000", "edifc_ty": "generica", "edifc_uso": "commerciale", "edifc_stat": "costruito", "edifc_mon": "0", "edifc_nome": "", "edifc_idag": "", "edifc_ided": "", "source": "BDTRE edifc" }, "geometry": { "type": "Polygon", "coordinates": [ [ [ 7.68993, 45.08131 ], [ 7.68928, 45.08152 ], [ 7.68894, 45.08101 ], [ 7.68911, 45.08096 ], [ 7.68913, 45.08095 ], [ 7.6896, 45.08079 ], [ 7.68974, 45.08101 ], [ 7.68993, 45.08131 ] ], [ [ 7.68954, 45.08103 ], [ 7.68955, 45.08104 ], [ 7.68931, 45.08112 ], [ 7.68924, 45.08114 ], [ 7.68921, 45.08115 ], [ 7.68925, 45.08122 ], [ 7.68927, 45.08125 ], [ 7.68933, 45.08134 ], [ 7.68935, 45.08133 ], [ 7.68938, 45.08132 ], [ 7.6894, 45.08136 ], [ 7.68946, 45.08134 ], [ 7.68944, 45.08131 ], [ 7.6895, 45.08129 ], [ 7.68951, 45.08129 ], [ 7.68952, 45.08132 ], [ 7.68958, 45.0813 ], [ 7.68956, 45.08128 ], [ 7.68962, 45.08125 ], [ 7.68964, 45.08128 ], [ 7.6897, 45.08126 ], [ 7.68979, 45.08123 ], [ 7.68978, 45.08123 ], [ 7.68964, 45.08101 ], [ 7.68965, 45.08101 ], [ 7.68964, 45.081 ], [ 7.68964, 45.081 ], [ 7.68954, 45.08103 ] ] ] } },
{ "type": "Feature", "properties": { "uuid": "541a494c-913c-4501-8f61-0e125f733c13", "data_acq": "2019-11-30 00:00:00", "data_agg": "2019-11-30 00:00:00", "data_fin": "9999-12-31 00:00:00", "ente_for": "REGIONE PIEMONTE", "ente_prod": "REGIONE PIEMONTE", "modo_prod": "banche dati esterne - catasto", "sc_acq": "1:2000", "edifc_ty": "generica", "edifc_uso": "commerciale", "edifc_stat": "costruito", "edifc_mon": "0", "edifc_nome": "", "edifc_idag": "", "edifc_ided": "", "source": "BDTRE edifc" }, "geometry": { "type": "Polygon", "coordinates": [ [ [ 7.66866, 45.07745 ], [ 7.66874, 45.07756 ], [ 7.66874, 45.07757 ], [ 7.66858, 45.07768 ], [ 7.66849, 45.07761 ], [ 7.66854, 45.07758 ], [ 7.6685, 45.07751 ], [ 7.66866, 45.07745 ] ] ] } },
{ "type": "Feature", "properties": { "uuid": "b9493970-0817-452d-bcf8-3b5a1770ce18", "data_acq": "2019-11-30 00:00:00", "data_agg": "2019-11-30 00:00:00", "data_fin": "9999-12-31 00:00:00", "ente_for": "REGIONE PIEMONTE", "ente_prod": "REGIONE PIEMONTE", "modo_prod": "banche dati esterne - catasto", "sc_acq": "1:2000", "edifc_ty": "generica", "edifc_uso": "commerciale", "edifc_stat": "costruito", "edifc_mon": "0", "edifc_nome": "", "edifc_idag": "", "edifc_ided": "", "source": "BDTRE edifc" }, "geometry": { "type": "Polygon", "coordinates": [ [ [ 7.67093, 45.07967 ], [ 7.67107, 45.07961 ], [ 7.67104, 45.07957 ], [ 7.67105, 45.07956 ], [ 7.67103, 45.07954 ], [ 7.67104, 45.07954 ], [ 7.67103, 45.07953 ], [ 7.67102, 45.07953 ], [ 7.67102, 45.07952 ], [ 7.67101, 45.07952 ], [ 7.67095, 45.07944 ], [ 7.67096, 45.07944 ], [ 7.67094, 45.07941 ], [ 7.67093, 45.07942 ], [ 7.67088, 45.07934 ], [ 7.67089, 45.07934 ], [ 7.67086, 45.07929 ], [ 7.67085, 45.0793 ], [ 7.67085, 45.0793 ], [ 7.67084, 45.07929 ], [ 7.67082, 45.07926 ], [ 7.67082, 45.07926 ], [ 7.67068, 45.07931 ], [ 7.67093, 45.07967 ] ] ] } },
{ "type": "Feature", "properties": { "uuid": "7f476c2e-d648-489b-9934-be2e03b33f33", "data_acq": "2019-11-30 00:00:00", "data_agg": "2019-11-30 00:00:00", "data_fin": "9999-12-31 00:00:00", "ente_for": "REGIONE PIEMONTE", "ente_prod": "REGIONE PIEMONTE", "modo_prod": "banche dati esterne - catasto", "sc_acq": "1:2000", "edifc_ty": "generica", "edifc_uso": "commerciale", "edifc_stat": "costruito", "edifc_mon": "0", "edifc_nome": "", "edifc_idag": "", "edifc_ided": "", "source": "BDTRE edifc" }, "geometry": { "type": "Polygon", "coordinates": [ [ [ 7.69474, 45.07768 ], [ 7.69474, 45.07769 ], [ 7.69471, 45.07773 ], [ 7.69468, 45.07775 ], [ 7.69462, 45.07773 ], [ 7.69468, 45.07766 ], [ 7.69474, 45.07768 ] ] ] } },
{ "type": "Feature", "properties": { "uuid": "8c702330-cb04-4622-a5d2-1d29ce47983e", "data_acq": "2019-11-30 00:00:00", "data_agg": "2019-11-30 00:00:00", "data_fin": "9999-12-31 00:00:00", "ente_for": "REGIONE PIEMONTE", "ente_prod": "REGIONE PIEMONTE", "modo_prod": "banche dati esterne - catasto", "sc_acq": "1:2000", "edifc_ty": "generica", "edifc_uso": "commerciale", "edifc_stat": "costruito", "edifc_mon": "0", "edifc_nome": "", "edifc_idag": "", "edifc_ided": "", "source": "BDTRE edifc" }, "geometry": { "type": "Polygon", "coordinates": [ [ [ 7.69008, 45.08064 ], [ 7.69022, 45.08085 ], [ 7.69022, 45.08085 ], [ 7.69005, 45.0809 ], [ 7.69004, 45.08089 ], [ 7.69007, 45.08088 ], [ 7.69, 45.08078 ], [ 7.69, 45.08078 ], [ 7.68998, 45.08079 ], [ 7.68998, 45.08079 ], [ 7.68997, 45.08077 ], [ 7.68999, 45.08077 ], [ 7.68998, 45.08075 ], [ 7.68998, 45.08075 ], [ 7.68997, 45.08075 ], [ 7.68997, 45.08075 ], [ 7.68996, 45.08072 ], [ 7.68996, 45.08072 ], [ 7.68995, 45.0807 ], [ 7.68995, 45.0807 ], [ 7.68993, 45.08071 ], [ 7.68993, 45.08071 ], [ 7.68992, 45.08069 ], [ 7.69008, 45.08064 ] ] ] } },
{ "type": "Feature", "properties": { "uuid": "a6d69b9a-eec7-486a-a9dd-55ae472861e2", "data_acq": "2019-11-30 00:00:00", "data_agg": "2019-11-30 00:00:00", "data_fin": "9999-12-31 00:00:00", "ente_for": "REGIONE PIEMONTE", "ente_prod": "REGIONE PIEMONTE", "modo_prod": "banche dati esterne - catasto", "sc_acq": "1:2000", "edifc_ty": "generica", "edifc_uso": "commerciale", "edifc_stat": "costruito", "edifc_mon": "0", "edifc_nome": "", "edifc_idag": "", "edifc_ided": "", "source": "BDTRE edifc" }, "geometry": { "type": "Polygon", "coordinates": [ [ [ 7.67846, 45.08167 ], [ 7.67833, 45.08172 ], [ 7.67803, 45.0813 ], [ 7.67816, 45.08125 ], [ 7.67846, 45.08167 ] ] ] } },
{ "type": "Feature", "properties": { "uuid": "ec3ed1a5-8e24-4df1-9290-ae03d36ae2fc", "data_acq": "2019-11-30 00:00:00", "data_agg": "2019-11-30 00:00:00", "data_fin": "9999-12-31 00:00:00", "ente_for": "REGIONE PIEMONTE", "ente_prod": "REGIONE PIEMONTE", "modo_prod": "banche dati esterne - catasto", "sc_acq": "1:2000", "edifc_ty": "generica", "edifc_uso": "commerciale", "edifc_stat": "costruito", "edifc_mon": "0", "edifc_nome": "", "edifc_idag": "", "edifc_ided": "", "source": "BDTRE edifc" }, "geometry": { "type": "Polygon", "coordinates": [ [ [ 7.67837, 45.07413 ], [ 7.67852, 45.07407 ], [ 7.67852, 45.07408 ], [ 7.67879, 45.07399 ], [ 7.67875, 45.07392 ], [ 7.67868, 45.07383 ], [ 7.67874, 45.0738 ], [ 7.67879, 45.07379 ], [ 7.67879, 45.07378 ], [ 7.67879, 45.07377 ], [ 7.67878, 45.07378 ], [ 7.67875, 45.07374 ], [ 7.67875, 45.07374 ], [ 7.67873, 45.0737 ], [ 7.67869, 45.07372 ], [ 7.67869, 45.07372 ], [ 7.67857, 45.07376 ], [ 7.67854, 45.07373 ], [ 7.67847, 45.07375 ], [ 7.67846, 45.07375 ], [ 7.67844, 45.07375 ], [ 7.67843, 45.07374 ], [ 7.67842, 45.07375 ], [ 7.67848, 45.07383 ], [ 7.6784, 45.07386 ], [ 7.67831, 45.07389 ], [ 7.67822, 45.07392 ], [ 7.67825, 45.07396 ], [ 7.67826, 45.07398 ], [ 7.67828, 45.074 ], [ 7.67828, 45.074 ], [ 7.67827, 45.074 ], [ 7.67829, 45.07402 ], [ 7.6783, 45.07404 ], [ 7.6783, 45.07404 ], [ 7.67831, 45.07404 ], [ 7.67834, 45.07409 ], [ 7.67837, 45.07413 ] ], [ [ 7.67848, 45.07389 ], [ 7.67854, 45.07388 ], [ 7.67861, 45.07397 ], [ 7.67847, 45.07402 ], [ 7.67839, 45.07392 ], [ 7.67848, 45.07389 ] ] ] } },
{ "type": "Feature", "properties": { "uuid": "cfd21f24-72a2-43d0-97d2-504a305f720e", "data_acq": "2019-11-30 00:00:00", "data_agg": "2019-11-30 00:00:00", "data_fin": "9999-12-31 00:00:00", "ente_for": "REGIONE PIEMONTE", "ente_prod": "REGIONE PIEMONTE", "modo_prod": "banche dati esterne - catasto", "sc_acq": "1:2000", "edifc_ty": "generica", "edifc_uso": "commerciale", "edifc_stat": "costruito", "edifc_mon": "0", "edifc_nome": "", "edifc_idag": "", "edifc_ided": "", "source": "BDTRE edifc" }, "geometry": { "type": "Polygon", "coordinates": [ [ [ 7.68703, 45.07728 ], [ 7.6871, 45.07741 ], [ 7.68716, 45.07753 ], [ 7.68721, 45.07762 ], [ 7.68721, 45.07762 ], [ 7.68701, 45.07768 ], [ 7.68694, 45.0777 ], [ 7.68683, 45.0775 ], [ 7.68687, 45.07749 ], [ 7.68687, 45.0775 ], [ 7.6869, 45.07749 ], [ 7.68694, 45.07757 ], [ 7.68695, 45.07756 ], [ 7.68696, 45.07759 ], [ 7.68698, 45.07758 ], [ 7.68698, 45.07757 ], [ 7.68701, 45.07756 ], [ 7.68698, 45.07751 ], [ 7.68696, 45.07752 ], [ 7.68694, 45.07751 ], [ 7.68693, 45.07749 ], [ 7.68694, 45.07748 ], [ 7.68697, 45.07747 ], [ 7.68695, 45.07745 ], [ 7.68694, 45.07745 ], [ 7.68693, 45.07743 ], [ 7.68694, 45.07743 ], [ 7.68693, 45.0774 ], [ 7.6869, 45.07741 ], [ 7.68689, 45.07741 ], [ 7.68688, 45.07738 ], [ 7.68689, 45.07737 ], [ 7.68691, 45.07736 ], [ 7.68688, 45.07732 ], [ 7.68688, 45.07732 ], [ 7.68703, 45.07728 ] ] ] } },
{ "type": "Feature", "properties": { "uuid": "5b0ae883-0bff-4fb1-8d2c-2eaebdb466e4", "data_acq": "2019-11-30 00:00:00", "data_agg": "2019-11-30 00:00:00", "data_fin": "9999-12-31 00:00:00", "ente_for": "REGIONE PIEMONTE", "ente_prod": "REGIONE PIEMONTE", "modo_prod": "banche dati esterne - catasto", "sc_acq": "1:2000", "edifc_ty": "generica", "edifc_uso": "commerciale", "edifc_stat": "costruito", "edifc_mon": "0", "edifc_nome": "", "edifc_idag": "", "edifc_ided": "", "source": "BDTRE edifc" }, "geometry": { "type": "Polygon", "coordinates": [ [ [ 7.68265, 45.06844 ], [ 7.68265, 45.06844 ], [ 7.68264, 45.06844 ], [ 7.68264, 45.06844 ], [ 7.68264, 45.06844 ], [ 7.68264, 45.06844 ], [ 7.68263, 45.06843 ], [ 7.68263, 45.06843 ], [ 7.68263, 45.06843 ], [ 7.68262, 45.06843 ], [ 7.68262, 45.06843 ], [ 7.68262, 45.06844 ], [ 7.68262, 45.06844 ], [ 7.68261, 45.06844 ], [ 7.68261, 45.06844 ], [ 7.68261, 45.06844 ], [ 7.68261, 45.06844 ], [ 7.68261, 45.06844 ], [ 7.68261, 45.06845 ], [ 7.68261, 45.06845 ], [ 7.68261, 45.06845 ], [ 7.68261, 45.06845 ], [ 7.68261, 45.06845 ], [ 7.68261, 45.06845 ], [ 7.68261, 45.06846 ], [ 7.68261, 45.06846 ], [ 7.68261, 45.06846 ], [ 7.68261, 45.06846 ], [ 7.68262, 45.06846 ], [ 7.68262, 45.06846 ], [ 7.68262, 45.06846 ], [ 7.68263, 45.06846 ], [ 7.68263, 45.06846 ], [ 7.68263, 45.06846 ], [ 7.68264, 45.06846 ], [ 7.68264, 45.06846 ], [ 7.68264, 45.06846 ], [ 7.68264, 45.06846 ], [ 7.68265, 45.06846 ], [ 7.68265, 45.06845 ], [ 7.68265, 45.06845 ], [ 7.68265, 45.06845 ], [ 7.68265, 45.06844 ] ] ] } },
{ "type": "Feature", "properties": { "uuid": "5035c7f4-37e2-4df7-9437-292484cefba4", "data_acq": "2019-11-30 00:00:00", "data_agg": "2019-11-30 00:00:00", "data_fin": "9999-12-31 00:00:00", "ente_for": "REGIONE PIEMONTE", "ente_prod": "REGIONE PIEMONTE", "modo_prod": "banche dati esterne - catasto", "sc_acq": "1:2000", "edifc_ty": "generica", "edifc_uso": "commerciale", "edifc_stat": "costruito", "edifc_mon": "0", "edifc_nome": "", "edifc_idag": "", "edifc_ided": "", "source": "BDTRE edifc" }, "geometry": { "type": "Polygon", "coordinates": [ [ [ 7.69386, 45.0692 ], [ 7.69418, 45.06909 ], [ 7.69425, 45.06919 ], [ 7.69422, 45.06921 ], [ 7.69424, 45.06924 ], [ 7.69407, 45.0693 ], [ 7.69401, 45.06927 ], [ 7.69386, 45.0692 ] ] ] } },
{ "type": "Feature", "properties": { "uuid": "f67ae5ee-867c-492a-9555-f39736420eae", "data_acq": "2019-11-30 00:00:00", "data_agg": "2019-11-30 00:00:00", "data_fin": "9999-12-31 00:00:00", "ente_for": "REGIONE PIEMONTE", "ente_prod": "REGIONE PIEMONTE", "modo_prod": "banche dati esterne - catasto", "sc_acq": "1:2000", "edifc_ty": "generica", "edifc_uso": "commerciale", "edifc_stat": "costruito", "edifc_mon": "0", "edifc_nome": "", "edifc_idag": "", "edifc_ided": "", "source": "BDTRE edifc" }, "geometry": { "type": "Polygon", "coordinates": [ [ [ 7.68827, 45.08484 ], [ 7.68826, 45.08484 ], [ 7.68819, 45.08487 ], [ 7.68816, 45.08488 ], [ 7.68791, 45.08449 ], [ 7.68785, 45.08439 ], [ 7.68784, 45.08438 ], [ 7.68795, 45.08435 ], [ 7.68803, 45.08432 ], [ 7.68821, 45.08462 ], [ 7.68816, 45.08467 ], [ 7.6882, 45.08473 ], [ 7.68827, 45.08484 ] ] ] } },
{ "type": "Feature", "properties": { "uuid": "b5b69464-8a8d-45c6-8a29-d659bcadf500", "data_acq": "2019-11-30 00:00:00", "data_agg": "2019-11-30 00:00:00", "data_fin": "9999-12-31 00:00:00", "ente_for": "REGIONE PIEMONTE", "ente_prod": "REGIONE PIEMONTE", "modo_prod": "banche dati esterne - catasto", "sc_acq": "1:2000", "edifc_ty": "generica", "edifc_uso": "commerciale", "edifc_stat": "costruito", "edifc_mon": "0", "edifc_nome": "", "edifc_idag": "", "edifc_ided": "", "source": "BDTRE edifc" }, "geometry": { "type": "Polygon", "coordinates": [ [ [ 7.69378, 45.08052 ], [ 7.69377, 45.08052 ], [ 7.69377, 45.08051 ], [ 7.69377, 45.0805 ], [ 7.69378, 45.0805 ], [ 7.69379, 45.0805 ], [ 7.6938, 45.08051 ], [ 7.6938, 45.08051 ], [ 7.6938, 45.08052 ], [ 7.69379, 45.08052 ], [ 7.69378, 45.08052 ] ] ] } },
{ "type": "Feature", "properties": { "uuid": "daeb7d11-1ba9-45e3-b1b3-69f9a9d95c50", "data_acq": "2019-11-30 00:00:00", "data_agg": "2019-11-30 00:00:00", "data_fin": "9999-12-31 00:00:00", "ente_for": "REGIONE PIEMONTE", "ente_prod": "REGIONE PIEMONTE", "modo_prod": "banche dati esterne - catasto", "sc_acq": "1:2000", "edifc_ty": "generica", "edifc_uso": "commerciale", "edifc_stat": "costruito", "edifc_mon": "0", "edifc_nome": "", "edifc_idag": "", "edifc_ided": "", "source": "BDTRE edifc" }, "geometry": { "type": "Polygon", "coordinates": [ [ [ 7.67325, 45.07982 ], [ 7.67319, 45.07981 ], [ 7.67333, 45.07953 ], [ 7.67334, 45.07954 ], [ 7.67338, 45.07955 ], [ 7.67338, 45.07955 ], [ 7.67328, 45.07976 ], [ 7.67328, 45.07978 ], [ 7.67325, 45.07982 ] ] ] } },
{ "type": "Feature", "properties": { "uuid": "d762a438-4de6-4122-9ba9-b0099cd9ebe3", "data_acq": "2019-11-30 00:00:00", "data_agg": "2019-11-30 00:00:00", "data_fin": "9999-12-31 00:00:00", "ente_for": "REGIONE PIEMONTE", "ente_prod": "REGIONE PIEMONTE", "modo_prod": "banche dati esterne - catasto", "sc_acq": "1:2000", "edifc_ty": "generica", "edifc_uso": "commerciale", "edifc_stat": "costruito", "edifc_mon": "0", "edifc_nome": "", "edifc_idag": "", "edifc_ided": "", "source": "BDTRE edifc" }, "geometry": { "type": "Polygon", "coordinates": [ [ [ 7.66922, 45.07357 ], [ 7.6693, 45.07354 ], [ 7.66943, 45.07373 ], [ 7.66943, 45.07373 ], [ 7.66916, 45.07382 ], [ 7.6691, 45.07373 ], [ 7.66914, 45.07371 ], [ 7.66928, 45.07366 ], [ 7.66922, 45.07357 ] ] ] } },
{ "type": "Feature", "properties": { "uuid": "4d2dac47-ea22-4c6b-8ab8-b5a06352ec0c", "data_acq": "2019-11-30 00:00:00", "data_agg": "2019-11-30 00:00:00", "data_fin": "9999-12-31 00:00:00", "ente_for": "REGIONE PIEMONTE", "ente_prod": "REGIONE PIEMONTE", "modo_prod": "banche dati esterne - catasto", "sc_acq": "1:2000", "edifc_ty": "generica", "edifc_uso": "commerciale", "edifc_stat": "costruito", "edifc_mon": "0", "edifc_nome": "", "edifc_idag": "", "edifc_ided": "", "source": "BDTRE edifc" }, "geometry": { "type": "Polygon", "coordinates": [ [ [ 7.67686, 45.0766 ], [ 7.67676, 45.07646 ], [ 7.67672, 45.07641 ], [ 7.67672, 45.07641 ], [ 7.67666, 45.07632 ], [ 7.67663, 45.07628 ], [ 7.67662, 45.07627 ], [ 7.67658, 45.07628 ], [ 7.67656, 45.07627 ], [ 7.67654, 45.07628 ], [ 7.67665, 45.07644 ], [ 7.67665, 45.07645 ], [ 7.67672, 45.07655 ], [ 7.67673, 45.07655 ], [ 7.67672, 45.07655 ], [ 7.67672, 45.07656 ], [ 7.67672, 45.07656 ], [ 7.67655, 45.07662 ], [ 7.67645, 45.07647 ], [ 7.67636, 45.07634 ], [ 7.67634, 45.07632 ], [ 7.67624, 45.07635 ], [ 7.67632, 45.07647 ], [ 7.6764, 45.07658 ], [ 7.67646, 45.07666 ], [ 7.67652, 45.07675 ], [ 7.67652, 45.07675 ], [ 7.67652, 45.07675 ], [ 7.67652, 45.07675 ], [ 7.67652, 45.07675 ], [ 7.67667, 45.0767 ], [ 7.67668, 45.0767 ], [ 7.67669, 45.0767 ], [ 7.67672, 45.07668 ], [ 7.67672, 45.07668 ], [ 7.67672, 45.07668 ], [ 7.67673, 45.07668 ], [ 7.67673, 45.07668 ], [ 7.67688, 45.07663 ], [ 7.67686, 45.0766 ] ] ] } },
{ "type": "Feature", "properties": { "uuid": "895660b0-ea03-47fe-aa9e-835bb88077a6", "data_acq": "2019-11-30 00:00:00", "data_agg": "2019-11-30 00:00:00", "data_fin": "9999-12-31 00:00:00", "ente_for": "REGIONE PIEMONTE", "ente_prod": "REGIONE PIEMONTE", "modo_prod": "banche dati esterne - catasto", "sc_acq": "1:2000", "edifc_ty": "generica", "edifc_uso": "commerciale", "edifc_stat": "costruito", "edifc_mon": "0", "edifc_nome": "", "edifc_idag": "", "edifc_ided": "", "source": "BDTRE edifc" }, "geometry": { "type": "Polygon", "coordinates": [ [ [ 7.68414, 45.0838 ], [ 7.68418, 45.08387 ], [ 7.68413, 45.08389 ], [ 7.68408, 45.08382 ], [ 7.68414, 45.0838 ] ] ] } },
{ "type": "Feature", "properties": { "uuid": "3212c794-610c-4630-b005-3d9d64adea0c", "data_acq": "2019-11-30 00:00:00", "data_agg": "2019-11-30 00:00:00", "data_fin": "9999-12-31 00:00:00", "ente_for": "REGIONE PIEMONTE", "ente_prod": "REGIONE PIEMONTE", "modo_prod": "banche dati esterne - catasto", "sc_acq": "1:2000", "edifc_ty": "generica", "edifc_uso": "commerciale", "edifc_stat": "costruito", "edifc_mon": "0", "edifc_nome": "", "edifc_idag": "", "edifc_ided": "", "source": "BDTRE edifc" }, "geometry": { "type": "Polygon", "coordinates": [ [ [ 7.69407, 45.07916 ], [ 7.694, 45.07924 ], [ 7.69396, 45.07922 ], [ 7.69403, 45.07915 ], [ 7.69407, 45.07916 ] ] ] } },
{ "type": "Feature", "properties": { "uuid": "47cb9327-a1ca-48e2-a15b-b56d2b2f0e67", "data_acq": "2019-11-30 00:00:00", "data_agg": "2019-11-30 00:00:00", "data_fin": "9999-12-31 00:00:00", "ente_for": "REGIONE PIEMONTE", "ente_prod": "REGIONE PIEMONTE", "modo_prod": "banche dati esterne - catasto", "sc_acq": "1:2000", "edifc_ty": "generica", "edifc_uso": "commerciale", "edifc_stat": "costruito", "edifc_mon": "0", "edifc_nome": "", "edifc_idag": "", "edifc_ided": "", "source": "BDTRE edifc" }, "geometry": { "type": "Polygon", "coordinates": [ [ [ 7.66671, 45.07958 ], [ 7.66666, 45.07962 ], [ 7.66664, 45.0796 ], [ 7.66664, 45.0796 ], [ 7.66669, 45.07957 ], [ 7.66671, 45.07958 ] ] ] } },
{ "type": "Feature", "properties": { "uuid": "84350505-ae44-466b-861f-5c6cc8fc6379", "data_acq": "2019-11-30 00:00:00", "data_agg": "2019-11-30 00:00:00", "data_fin": "9999-12-31 00:00:00", "ente_for": "REGIONE PIEMONTE", "ente_prod": "REGIONE PIEMONTE", "modo_prod": "banche dati esterne - catasto", "sc_acq": "1:2000", "edifc_ty": "generica", "edifc_uso": "commerciale", "edifc_stat": "costruito", "edifc_mon": "0", "edifc_nome": "", "edifc_idag": "", "edifc_ided": "", "source": "BDTRE edifc" }, "geometry": { "type": "Polygon", "coordinates": [ [ [ 7.66671, 45.07948 ], [ 7.66657, 45.07955 ], [ 7.66663, 45.07959 ], [ 7.66675, 45.07951 ], [ 7.66671, 45.07948 ] ] ] } },
{ "type": "Feature", "properties": { "uuid": "277b15c8-8eb4-401d-ac6b-de1321713b1b", "data_acq": "2019-11-30 00:00:00", "data_agg": "2019-11-30 00:00:00", "data_fin": "9999-12-31 00:00:00", "ente_for": "REGIONE PIEMONTE", "ente_prod": "REGIONE PIEMONTE", "modo_prod": "banche dati esterne - catasto", "sc_acq": "1:2000", "edifc_ty": "generica", "edifc_uso": "commerciale", "edifc_stat": "costruito", "edifc_mon": "0", "edifc_nome": "", "edifc_idag": "", "edifc_ided": "", "source": "BDTRE edifc" }, "geometry": { "type": "Polygon", "coordinates": [ [ [ 7.67429, 45.07522 ], [ 7.67414, 45.07528 ], [ 7.67415, 45.07529 ], [ 7.6742, 45.07537 ], [ 7.67419, 45.07537 ], [ 7.6742, 45.07538 ], [ 7.67405, 45.07544 ], [ 7.67404, 45.07542 ], [ 7.67404, 45.07543 ], [ 7.67398, 45.07534 ], [ 7.67397, 45.07533 ], [ 7.67381, 45.07539 ], [ 7.67384, 45.07544 ], [ 7.67388, 45.07549 ], [ 7.67393, 45.07556 ], [ 7.67393, 45.07556 ], [ 7.67394, 45.07557 ], [ 7.67394, 45.07557 ], [ 7.67393, 45.07558 ], [ 7.67396, 45.07561 ], [ 7.67397, 45.07561 ], [ 7.67398, 45.07562 ], [ 7.6741, 45.07579 ], [ 7.67411, 45.07579 ], [ 7.67449, 45.07566 ], [ 7.6745, 45.07567 ], [ 7.67459, 45.07564 ], [ 7.67429, 45.07522 ] ] ] } },
{ "type": "Feature", "properties": { "uuid": "292f80bb-108e-4f07-b34e-f5ed706394e7", "data_acq": "2019-11-30 00:00:00", "data_agg": "2019-11-30 00:00:00", "data_fin": "9999-12-31 00:00:00", "ente_for": "REGIONE PIEMONTE", "ente_prod": "REGIONE PIEMONTE", "modo_prod": "banche dati esterne - catasto", "sc_acq": "1:2000", "edifc_ty": "generica", "edifc_uso": "commerciale", "edifc_stat": "costruito", "edifc_mon": "0", "edifc_nome": "", "edifc_idag": "", "edifc_ided": "", "source": "BDTRE edifc" }, "geometry": { "type": "Polygon", "coordinates": [ [ [ 7.66724, 45.07965 ], [ 7.66738, 45.07961 ], [ 7.66739, 45.07963 ], [ 7.66742, 45.07968 ], [ 7.66745, 45.07972 ], [ 7.66758, 45.07968 ], [ 7.66758, 45.07969 ], [ 7.66766, 45.0798 ], [ 7.66766, 45.0798 ], [ 7.66755, 45.07984 ], [ 7.66741, 45.07989 ], [ 7.6673, 45.07973 ], [ 7.66724, 45.07965 ] ] ] } },
{ "type": "Feature", "properties": { "uuid": "765f4f41-5784-4542-bbf7-8d461a4cb19b", "data_acq": "2019-11-30 00:00:00", "data_agg": "2019-11-30 00:00:00", "data_fin": "9999-12-31 00:00:00", "ente_for": "REGIONE PIEMONTE", "ente_prod": "REGIONE PIEMONTE", "modo_prod": "banche dati esterne - catasto", "sc_acq": "1:2000", "edifc_ty": "generica", "edifc_uso": "commerciale", "edifc_stat": "costruito", "edifc_mon": "0", "edifc_nome": "", "edifc_idag": "", "edifc_ided": "", "source": "BDTRE edifc" }, "geometry": { "type": "Polygon", "coordinates": [ [ [ 7.67914, 45.07366 ], [ 7.67946, 45.07411 ], [ 7.67946, 45.07411 ], [ 7.67945, 45.07411 ], [ 7.67925, 45.07419 ], [ 7.67923, 45.07417 ], [ 7.67922, 45.07416 ], [ 7.67916, 45.07418 ], [ 7.67911, 45.0742 ], [ 7.67911, 45.0742 ], [ 7.67911, 45.07421 ], [ 7.67891, 45.07428 ], [ 7.67891, 45.07428 ], [ 7.6789, 45.07427 ], [ 7.6789, 45.07427 ], [ 7.67884, 45.07429 ], [ 7.67879, 45.07432 ], [ 7.6788, 45.07433 ], [ 7.67881, 45.07435 ], [ 7.67877, 45.07436 ], [ 7.6787, 45.07439 ], [ 7.67859, 45.07442 ], [ 7.67851, 45.07431 ], [ 7.67841, 45.07418 ], [ 7.67841, 45.07417 ], [ 7.67837, 45.07413 ], [ 7.67852, 45.07407 ], [ 7.67852, 45.07408 ], [ 7.67862, 45.0742 ], [ 7.67867, 45.07427 ], [ 7.67871, 45.07426 ], [ 7.67868, 45.07423 ], [ 7.67871, 45.07422 ], [ 7.67868, 45.07419 ], [ 7.6787, 45.07418 ], [ 7.6787, 45.07418 ], [ 7.67873, 45.07417 ], [ 7.67873, 45.07417 ], [ 7.67874, 45.07417 ], [ 7.67871, 45.07413 ], [ 7.67883, 45.07409 ], [ 7.67905, 45.07401 ], [ 7.67908, 45.07404 ], [ 7.67913, 45.07402 ], [ 7.67915, 45.07405 ], [ 7.67917, 45.07404 ], [ 7.6792, 45.07408 ], [ 7.67924, 45.07407 ], [ 7.67911, 45.07387 ], [ 7.67879, 45.07399 ], [ 7.67875, 45.07392 ], [ 7.67882, 45.0739 ], [ 7.6788, 45.07387 ], [ 7.67904, 45.07378 ], [ 7.67899, 45.07371 ], [ 7.67899, 45.07371 ], [ 7.67914, 45.07366 ] ] ] } },
{ "type": "Feature", "properties": { "uuid": "3c247b52-95cd-4f44-b329-6f0d3c2b7b18", "data_acq": "2019-11-30 00:00:00", "data_agg": "2019-11-30 00:00:00", "data_fin": "9999-12-31 00:00:00", "ente_for": "REGIONE PIEMONTE", "ente_prod": "REGIONE PIEMONTE", "modo_prod": "banche dati esterne - catasto", "sc_acq": "1:2000", "edifc_ty": "generica", "edifc_uso": "commerciale", "edifc_stat": "costruito", "edifc_mon": "0", "edifc_nome": "", "edifc_idag": "", "edifc_ided": "", "source": "BDTRE edifc" }, "geometry": { "type": "Polygon", "coordinates": [ [ [ 7.69327, 45.08295 ], [ 7.69335, 45.08295 ], [ 7.69335, 45.08304 ], [ 7.69328, 45.08304 ], [ 7.69327, 45.08295 ] ] ] } },
{ "type": "Feature", "properties": { "uuid": "f5c9490b-4802-4377-8fe7-5eea3fdee442", "data_acq": "2019-11-30 00:00:00", "data_agg": "2019-11-30 00:00:00", "data_fin": "9999-12-31 00:00:00", "ente_for": "REGIONE PIEMONTE", "ente_prod": "REGIONE PIEMONTE", "modo_prod": "banche dati esterne - catasto", "sc_acq": "1:2000", "edifc_ty": "generica", "edifc_uso": "commerciale", "edifc_stat": "costruito", "edifc_mon": "0", "edifc_nome": "", "edifc_idag": "", "edifc_ided": "", "source": "BDTRE edifc" }, "geometry": { "type": "Polygon", "coordinates": [ [ [ 7.68864, 45.08366 ], [ 7.68873, 45.08367 ], [ 7.68871, 45.08373 ], [ 7.68869, 45.08373 ], [ 7.68864, 45.08366 ] ] ] } },
{ "type": "Feature", "properties": { "uuid": "f46e3596-beb0-4c4c-9667-ab6e951f7958", "data_acq": "2019-11-30 00:00:00", "data_agg": "2019-11-30 00:00:00", "data_fin": "9999-12-31 00:00:00", "ente_for": "REGIONE PIEMONTE", "ente_prod": "REGIONE PIEMONTE", "modo_prod": "banche dati esterne - catasto", "sc_acq": "1:2000", "edifc_ty": "generica", "edifc_uso": "commerciale", "edifc_stat": "costruito", "edifc_mon": "0", "edifc_nome": "", "edifc_idag": "", "edifc_ided": "", "source": "BDTRE edifc" }, "geometry": { "type": "Polygon", "coordinates": [ [ [ 7.6792, 45.08378 ], [ 7.67922, 45.08381 ], [ 7.67918, 45.08383 ], [ 7.67915, 45.08378 ], [ 7.67919, 45.08377 ], [ 7.6792, 45.08378 ] ] ] } },
{ "type": "Feature", "properties": { "uuid": "c685487b-67d3-4df5-8416-a7b37ba3fc4d", "data_acq": "2019-11-30 00:00:00", "data_agg": "2019-11-30 00:00:00", "data_fin": "9999-12-31 00:00:00", "ente_for": "REGIONE PIEMONTE", "ente_prod": "REGIONE PIEMONTE", "modo_prod": "banche dati esterne - catasto", "sc_acq": "1:2000", "edifc_ty": "generica", "edifc_uso": "commerciale", "edifc_stat": "costruito", "edifc_mon": "0", "edifc_nome": "", "edifc_idag": "", "edifc_ided": "", "source": "BDTRE edifc" }, "geometry": { "type": "Polygon", "coordinates": [ [ [ 7.68076, 45.08268 ], [ 7.68061, 45.08245 ], [ 7.68033, 45.08254 ], [ 7.68033, 45.08254 ], [ 7.68038, 45.08263 ], [ 7.68041, 45.08268 ], [ 7.68048, 45.08277 ], [ 7.68076, 45.08268 ] ], [ [ 7.68056, 45.08258 ], [ 7.68056, 45.08258 ], [ 7.68061, 45.08265 ], [ 7.6805, 45.08269 ], [ 7.68045, 45.08262 ], [ 7.68056, 45.08258 ] ] ] } },
{ "type": "Feature", "properties": { "uuid": "eb744d45-e33f-434e-9dce-59db3eb60326", "data_acq": "2019-11-30 00:00:00", "data_agg": "2019-11-30 00:00:00", "data_fin": "9999-12-31 00:00:00", "ente_for": "REGIONE PIEMONTE", "ente_prod": "REGIONE PIEMONTE", "modo_prod": "banche dati esterne - catasto", "sc_acq": "1:2000", "edifc_ty": "generica", "edifc_uso": "commerciale", "edifc_stat": "costruito", "edifc_mon": "0", "edifc_nome": "", "edifc_idag": "", "edifc_ided": "", "source": "BDTRE edifc" }, "geometry": { "type": "Polygon", "coordinates": [ [ [ 7.68427, 45.0719 ], [ 7.68422, 45.07181 ], [ 7.68417, 45.07183 ], [ 7.68418, 45.07184 ], [ 7.68406, 45.07188 ], [ 7.68407, 45.0719 ], [ 7.68405, 45.07191 ], [ 7.68405, 45.07191 ], [ 7.68398, 45.07194 ], [ 7.68402, 45.072 ], [ 7.68406, 45.07198 ], [ 7.68406, 45.07197 ], [ 7.68425, 45.07191 ], [ 7.68427, 45.0719 ] ] ] } },
{ "type": "Feature", "properties": { "uuid": "d2ce27ff-2814-47ad-a184-951d0a84de51", "data_acq": "2019-11-30 00:00:00", "data_agg": "2019-11-30 00:00:00", "data_fin": "9999-12-31 00:00:00", "ente_for": "REGIONE PIEMONTE", "ente_prod": "REGIONE PIEMONTE", "modo_prod": "banche dati esterne - catasto", "sc_acq": "1:2000", "edifc_ty": "generica", "edifc_uso": "commerciale", "edifc_stat": "costruito", "edifc_mon": "0", "edifc_nome": "", "edifc_idag": "", "edifc_ided": "", "source": "BDTRE edifc" }, "geometry": { "type": "Polygon", "coordinates": [ [ [ 7.66666, 45.06755 ], [ 7.66663, 45.06756 ], [ 7.66664, 45.06757 ], [ 7.66665, 45.06759 ], [ 7.66668, 45.06758 ], [ 7.66667, 45.06757 ], [ 7.66666, 45.06755 ] ] ] } },
{ "type": "Feature", "properties": { "uuid": "4f7be0b0-e549-42ce-8b93-506c1a3d948f", "data_acq": "2019-11-30 00:00:00", "data_agg": "2019-11-30 00:00:00", "data_fin": "9999-12-31 00:00:00", "ente_for": "REGIONE PIEMONTE", "ente_prod": "REGIONE PIEMONTE", "modo_prod": "banche dati esterne - catasto", "sc_acq": "1:2000", "edifc_ty": "generica", "edifc_uso": "commerciale", "edifc_stat": "costruito", "edifc_mon": "0", "edifc_nome": "", "edifc_idag": "", "edifc_ided": "", "source": "BDTRE edifc" }, "geometry": { "type": "Polygon", "coordinates": [ [ [ 7.67643, 45.07613 ], [ 7.67655, 45.07609 ], [ 7.67667, 45.07605 ], [ 7.67674, 45.07615 ], [ 7.67675, 45.07616 ], [ 7.67658, 45.07621 ], [ 7.67662, 45.07627 ], [ 7.67658, 45.07628 ], [ 7.67656, 45.07627 ], [ 7.6765, 45.07618 ], [ 7.67647, 45.07619 ], [ 7.67643, 45.07613 ] ] ] } },
{ "type": "Feature", "properties": { "uuid": "66e9123e-c9bb-44c8-be2f-d6cb607dd7da", "data_acq": "2019-11-30 00:00:00", "data_agg": "2019-11-30 00:00:00", "data_fin": "9999-12-31 00:00:00", "ente_for": "REGIONE PIEMONTE", "ente_prod": "REGIONE PIEMONTE", "modo_prod": "banche dati esterne - catasto", "sc_acq": "1:2000", "edifc_ty": "generica", "edifc_uso": "commerciale", "edifc_stat": "costruito", "edifc_mon": "0", "edifc_nome": "", "edifc_idag": "", "edifc_ided": "", "source": "BDTRE edifc" }, "geometry": { "type": "Polygon", "coordinates": [ [ [ 7.67503, 45.07146 ], [ 7.67505, 45.07148 ], [ 7.67506, 45.0715 ], [ 7.67505, 45.07151 ], [ 7.67503, 45.07152 ], [ 7.67501, 45.07149 ], [ 7.675, 45.07147 ], [ 7.67502, 45.07146 ], [ 7.67503, 45.07146 ] ] ] } },
{ "type": "Feature", "properties": { "uuid": "617af30e-e3bc-43cc-b9be-4747cd9c5074", "data_acq": "2019-11-30 00:00:00", "data_agg": "2019-11-30 00:00:00", "data_fin": "9999-12-31 00:00:00", "ente_for": "REGIONE PIEMONTE", "ente_prod": "REGIONE PIEMONTE", "modo_prod": "banche dati esterne - catasto", "sc_acq": "1:2000", "edifc_ty": "generica", "edifc_uso": "commerciale", "edifc_stat": "costruito", "edifc_mon": "0", "edifc_nome": "", "edifc_idag": "", "edifc_ided": "", "source": "BDTRE edifc" }, "geometry": { "type": "Polygon", "coordinates": [ [ [ 7.68406, 45.07438 ], [ 7.68406, 45.07438 ], [ 7.68392, 45.07443 ], [ 7.68392, 45.07444 ], [ 7.68392, 45.07444 ], [ 7.68393, 45.07445 ], [ 7.68395, 45.07449 ], [ 7.68397, 45.07451 ], [ 7.68395, 45.07452 ], [ 7.68391, 45.07455 ], [ 7.6839, 45.07455 ], [ 7.6839, 45.07455 ], [ 7.6839, 45.07455 ], [ 7.68399, 45.07465 ], [ 7.684, 45.07467 ], [ 7.68409, 45.07464 ], [ 7.68421, 45.0746 ], [ 7.68406, 45.07438 ] ] ] } },
{ "type": "Feature", "properties": { "uuid": "a6eaf649-933f-4697-b094-5aded9824808", "data_acq": "2019-11-30 00:00:00", "data_agg": "2019-11-30 00:00:00", "data_fin": "9999-12-31 00:00:00", "ente_for": "REGIONE PIEMONTE", "ente_prod": "REGIONE PIEMONTE", "modo_prod": "banche dati esterne - catasto", "sc_acq": "1:2000", "edifc_ty": "generica", "edifc_uso": "commerciale", "edifc_stat": "costruito", "edifc_mon": "0", "edifc_nome": "", "edifc_idag": "", "edifc_ided": "", "source": "BDTRE edifc" }, "geometry": { "type": "Polygon", "coordinates": [ [ [ 7.66526, 45.07868 ], [ 7.66511, 45.07874 ], [ 7.66511, 45.07874 ], [ 7.66505, 45.07876 ], [ 7.66489, 45.07881 ], [ 7.66491, 45.07885 ], [ 7.66493, 45.07888 ], [ 7.66496, 45.07893 ], [ 7.665, 45.07898 ], [ 7.66504, 45.07904 ], [ 7.66506, 45.07903 ], [ 7.66507, 45.07903 ], [ 7.66511, 45.07901 ], [ 7.66514, 45.079 ], [ 7.66502, 45.07882 ], [ 7.66529, 45.07873 ], [ 7.66528, 45.07871 ], [ 7.66526, 45.07868 ] ] ] } },
{ "type": "Feature", "properties": { "uuid": "aa9b1f16-bc89-445e-8fbf-cef586e684e5", "data_acq": "2019-11-30 00:00:00", "data_agg": "2019-11-30 00:00:00", "data_fin": "9999-12-31 00:00:00", "ente_for": "REGIONE PIEMONTE", "ente_prod": "REGIONE PIEMONTE", "modo_prod": "banche dati esterne - catasto", "sc_acq": "1:2000", "edifc_ty": "generica", "edifc_uso": "commerciale", "edifc_stat": "costruito", "edifc_mon": "0", "edifc_nome": "", "edifc_idag": "", "edifc_ided": "", "source": "BDTRE edifc" }, "geometry": { "type": "Polygon", "coordinates": [ [ [ 7.66645, 45.08063 ], [ 7.66646, 45.08064 ], [ 7.66642, 45.08066 ], [ 7.66642, 45.08066 ], [ 7.66641, 45.08065 ], [ 7.66645, 45.08063 ] ] ] } },
{ "type": "Feature", "properties": { "uuid": "2fc15130-6ed1-4bb3-a515-87b6ae937857", "data_acq": "2019-11-30 00:00:00", "data_agg": "2019-11-30 00:00:00", "data_fin": "9999-12-31 00:00:00", "ente_for": "REGIONE PIEMONTE", "ente_prod": "REGIONE PIEMONTE", "modo_prod": "banche dati esterne - catasto", "sc_acq": "1:2000", "edifc_ty": "generica", "edifc_uso": "commerciale", "edifc_stat": "costruito", "edifc_mon": "0", "edifc_nome": "", "edifc_idag": "", "edifc_ided": "", "source": "BDTRE edifc" }, "geometry": { "type": "Polygon", "coordinates": [ [ [ 7.67875, 45.0841 ], [ 7.6787, 45.08412 ], [ 7.67866, 45.08413 ], [ 7.67866, 45.08413 ], [ 7.67856, 45.08416 ], [ 7.67856, 45.08416 ], [ 7.67855, 45.08416 ], [ 7.67855, 45.08416 ], [ 7.67852, 45.08411 ], [ 7.67872, 45.08405 ], [ 7.67875, 45.0841 ] ] ] } },
{ "type": "Feature", "properties": { "uuid": "e23e062c-c6e8-4dd4-9ac9-c9c10359206e", "data_acq": "2019-11-30 00:00:00", "data_agg": "2019-11-30 00:00:00", "data_fin": "9999-12-31 00:00:00", "ente_for": "REGIONE PIEMONTE", "ente_prod": "REGIONE PIEMONTE", "modo_prod": "banche dati esterne - catasto", "sc_acq": "1:2000", "edifc_ty": "generica", "edifc_uso": "commerciale", "edifc_stat": "costruito", "edifc_mon": "0", "edifc_nome": "", "edifc_idag": "", "edifc_ided": "", "source": "BDTRE edifc" }, "geometry": { "type": "Polygon", "coordinates": [ [ [ 7.6921, 45.08458 ], [ 7.69208, 45.08457 ], [ 7.69211, 45.08453 ], [ 7.69212, 45.08454 ], [ 7.69211, 45.08455 ], [ 7.69212, 45.08456 ], [ 7.6921, 45.08458 ] ] ] } },
{ "type": "Feature", "properties": { "uuid": "631507c0-3799-4ac1-995a-264182241408", "data_acq": "2019-11-30 00:00:00", "data_agg": "2019-11-30 00:00:00", "data_fin": "9999-12-31 00:00:00", "ente_for": "REGIONE PIEMONTE", "ente_prod": "REGIONE PIEMONTE", "modo_prod": "banche dati esterne - catasto", "sc_acq": "1:2000", "edifc_ty": "generica", "edifc_uso": "commerciale", "edifc_stat": "costruito", "edifc_mon": "0", "edifc_nome": "", "edifc_idag": "", "edifc_ided": "", "source": "BDTRE edifc" }, "geometry": { "type": "Polygon", "coordinates": [ [ [ 7.69519, 45.07956 ], [ 7.69445, 45.07923 ], [ 7.69438, 45.0793 ], [ 7.69434, 45.07935 ], [ 7.69473, 45.07952 ], [ 7.69509, 45.07968 ], [ 7.69519, 45.07956 ] ] ] } },
{ "type": "Feature", "properties": { "uuid": "f1ca2480-7268-40ef-93c9-41b669d895df", "data_acq": "2019-11-30 00:00:00", "data_agg": "2019-11-30 00:00:00", "data_fin": "9999-12-31 00:00:00", "ente_for": "REGIONE PIEMONTE", "ente_prod": "REGIONE PIEMONTE", "modo_prod": "banche dati esterne - catasto", "sc_acq": "1:2000", "edifc_ty": "generica", "edifc_uso": "commerciale", "edifc_stat": "costruito", "edifc_mon": "0", "edifc_nome": "", "edifc_idag": "", "edifc_ided": "", "source": "BDTRE edifc" }, "geometry": { "type": "Polygon", "coordinates": [ [ [ 7.66951, 45.08359 ], [ 7.66949, 45.08363 ], [ 7.66949, 45.08365 ], [ 7.66938, 45.08361 ], [ 7.66942, 45.08357 ], [ 7.66945, 45.08358 ], [ 7.66946, 45.08357 ], [ 7.66951, 45.08359 ] ] ] } },
{ "type": "Feature", "properties": { "uuid": "91dfeb9b-f25d-4f80-b0f6-e320d3580211", "data_acq": "2019-11-30 00:00:00", "data_agg": "2019-11-30 00:00:00", "data_fin": "9999-12-31 00:00:00", "ente_for": "REGIONE PIEMONTE", "ente_prod": "REGIONE PIEMONTE", "modo_prod": "banche dati esterne - catasto", "sc_acq": "1:2000", "edifc_ty": "generica", "edifc_uso": "commerciale", "edifc_stat": "costruito", "edifc_mon": "0", "edifc_nome": "", "edifc_idag": "", "edifc_ided": "", "source": "BDTRE edifc" }, "geometry": { "type": "Polygon", "coordinates": [ [ [ 7.69212, 45.08421 ], [ 7.69223, 45.08436 ], [ 7.69215, 45.08439 ], [ 7.69205, 45.08423 ], [ 7.69212, 45.08421 ] ] ] } },
{ "type": "Feature", "properties": { "uuid": "b86b1144-c6b3-4335-b86d-4838e0263565", "data_acq": "2019-11-30 00:00:00", "data_agg": "2019-11-30 00:00:00", "data_fin": "9999-12-31 00:00:00", "ente_for": "REGIONE PIEMONTE", "ente_prod": "REGIONE PIEMONTE", "modo_prod": "banche dati esterne - catasto", "sc_acq": "1:2000", "edifc_ty": "generica", "edifc_uso": "commerciale", "edifc_stat": "costruito", "edifc_mon": "0", "edifc_nome": "", "edifc_idag": "", "edifc_ided": "", "source": "BDTRE edifc" }, "geometry": { "type": "Polygon", "coordinates": [ [ [ 7.67604, 45.07077 ], [ 7.67604, 45.07077 ], [ 7.67602, 45.07073 ], [ 7.67596, 45.07065 ], [ 7.6758, 45.07043 ], [ 7.67596, 45.07037 ], [ 7.67596, 45.07037 ], [ 7.67611, 45.07032 ], [ 7.67616, 45.0703 ], [ 7.6762, 45.07035 ], [ 7.67613, 45.07038 ], [ 7.6761, 45.07034 ], [ 7.67608, 45.07034 ], [ 7.67609, 45.07037 ], [ 7.6761, 45.07038 ], [ 7.67617, 45.07048 ], [ 7.67619, 45.07048 ], [ 7.67624, 45.07054 ], [ 7.67626, 45.07057 ], [ 7.6763, 45.07055 ], [ 7.67631, 45.07056 ], [ 7.67633, 45.07055 ], [ 7.67632, 45.07054 ], [ 7.67633, 45.07054 ], [ 7.67641, 45.07064 ], [ 7.67604, 45.07077 ] ] ] } },
{ "type": "Feature", "properties": { "uuid": "f9cae3ad-31df-46cd-864c-1974218ce65b", "data_acq": "2019-11-30 00:00:00", "data_agg": "2019-11-30 00:00:00", "data_fin": "9999-12-31 00:00:00", "ente_for": "REGIONE PIEMONTE", "ente_prod": "REGIONE PIEMONTE", "modo_prod": "banche dati esterne - catasto", "sc_acq": "1:2000", "edifc_ty": "generica", "edifc_uso": "commerciale", "edifc_stat": "costruito", "edifc_mon": "0", "edifc_nome": "", "edifc_idag": "", "edifc_ided": "", "source": "BDTRE edifc" }, "geometry": { "type": "Polygon", "coordinates": [ [ [ 7.69249, 45.08362 ], [ 7.69258, 45.08359 ], [ 7.69264, 45.08367 ], [ 7.69255, 45.0837 ], [ 7.69249, 45.08362 ] ] ] } },
{ "type": "Feature", "properties": { "uuid": "f013825f-df8e-40ba-871e-15a848c9fa59", "data_acq": "2019-11-30 00:00:00", "data_agg": "2019-11-30 00:00:00", "data_fin": "9999-12-31 00:00:00", "ente_for": "REGIONE PIEMONTE", "ente_prod": "REGIONE PIEMONTE", "modo_prod": "banche dati esterne - catasto", "sc_acq": "1:2000", "edifc_ty": "generica", "edifc_uso": "commerciale", "edifc_stat": "costruito", "edifc_mon": "0", "edifc_nome": "", "edifc_idag": "", "edifc_ided": "", "source": "BDTRE edifc" }, "geometry": { "type": "Polygon", "coordinates": [ [ [ 7.69272, 45.08385 ], [ 7.69268, 45.08386 ], [ 7.69268, 45.08387 ], [ 7.69265, 45.08387 ], [ 7.69243, 45.08394 ], [ 7.6924, 45.08389 ], [ 7.69256, 45.08384 ], [ 7.6926, 45.08383 ], [ 7.69272, 45.08382 ], [ 7.69272, 45.08385 ] ] ] } },
{ "type": "Feature", "properties": { "uuid": "9ef8b16a-fb65-4792-97cd-26ccf379548e", "data_acq": "2019-11-30 00:00:00", "data_agg": "2019-11-30 00:00:00", "data_fin": "9999-12-31 00:00:00", "ente_for": "REGIONE PIEMONTE", "ente_prod": "REGIONE PIEMONTE", "modo_prod": "banche dati esterne - catasto", "sc_acq": "1:2000", "edifc_ty": "generica", "edifc_uso": "commerciale", "edifc_stat": "costruito", "edifc_mon": "0", "edifc_nome": "", "edifc_idag": "", "edifc_ided": "", "source": "BDTRE edifc" }, "geometry": { "type": "Polygon", "coordinates": [ [ [ 7.69335, 45.08295 ], [ 7.69336, 45.08293 ], [ 7.69349, 45.08298 ], [ 7.69346, 45.08302 ], [ 7.69337, 45.08312 ], [ 7.69336, 45.08312 ], [ 7.69335, 45.08306 ], [ 7.69335, 45.08304 ], [ 7.69335, 45.08295 ] ] ] } },
{ "type": "Feature", "properties": { "uuid": "98d35e0f-f5ef-4985-b9fa-3c076f8e58f3", "data_acq": "2019-11-30 00:00:00", "data_agg": "2019-11-30 00:00:00", "data_fin": "9999-12-31 00:00:00", "ente_for": "REGIONE PIEMONTE", "ente_prod": "REGIONE PIEMONTE", "modo_prod": "banche dati esterne - catasto", "sc_acq": "1:2000", "edifc_ty": "generica", "edifc_uso": "commerciale", "edifc_stat": "costruito", "edifc_mon": "0", "edifc_nome": "", "edifc_idag": "", "edifc_ided": "", "source": "BDTRE edifc" }, "geometry": { "type": "Polygon", "coordinates": [ [ [ 7.69046, 45.0806 ], [ 7.69043, 45.08061 ], [ 7.69042, 45.08061 ], [ 7.6904, 45.08057 ], [ 7.69047, 45.08055 ], [ 7.69052, 45.08049 ], [ 7.69059, 45.08052 ], [ 7.69054, 45.08058 ], [ 7.69046, 45.0806 ] ] ] } },
{ "type": "Feature", "properties": { "uuid": "8616a253-868d-42c7-89d5-c411f6e9d1cc", "data_acq": "2019-11-30 00:00:00", "data_agg": "2019-11-30 00:00:00", "data_fin": "9999-12-31 00:00:00", "ente_for": "REGIONE PIEMONTE", "ente_prod": "REGIONE PIEMONTE", "modo_prod": "banche dati esterne - catasto", "sc_acq": "1:2000", "edifc_ty": "generica", "edifc_uso": "commerciale", "edifc_stat": "costruito", "edifc_mon": "0", "edifc_nome": "", "edifc_idag": "", "edifc_ided": "", "source": "BDTRE edifc" }, "geometry": { "type": "Polygon", "coordinates": [ [ [ 7.67652, 45.08307 ], [ 7.67649, 45.08302 ], [ 7.67652, 45.08302 ], [ 7.67653, 45.08303 ], [ 7.67668, 45.08298 ], [ 7.6767, 45.08298 ], [ 7.67672, 45.08301 ], [ 7.67671, 45.08301 ], [ 7.67652, 45.08307 ] ] ] } },
{ "type": "Feature", "properties": { "uuid": "cd175634-e5d5-4905-b75d-921149e8c224", "data_acq": "2019-11-30 00:00:00", "data_agg": "2019-11-30 00:00:00", "data_fin": "9999-12-31 00:00:00", "ente_for": "REGIONE PIEMONTE", "ente_prod": "REGIONE PIEMONTE", "modo_prod": "banche dati esterne - catasto", "sc_acq": "1:2000", "edifc_ty": "generica", "edifc_uso": "commerciale", "edifc_stat": "costruito", "edifc_mon": "0", "edifc_nome": "", "edifc_idag": "", "edifc_ided": "", "source": "BDTRE edifc" }, "geometry": { "type": "Polygon", "coordinates": [ [ [ 7.67414, 45.07417 ], [ 7.6738, 45.07429 ], [ 7.67357, 45.07398 ], [ 7.67373, 45.07392 ], [ 7.67377, 45.07391 ], [ 7.67378, 45.07392 ], [ 7.67374, 45.07393 ], [ 7.67387, 45.07412 ], [ 7.67388, 45.07411 ], [ 7.67389, 45.07412 ], [ 7.67401, 45.07408 ], [ 7.674, 45.07406 ], [ 7.67402, 45.07405 ], [ 7.67401, 45.07404 ], [ 7.67403, 45.07403 ], [ 7.67407, 45.07408 ], [ 7.67414, 45.07417 ] ] ] } },
{ "type": "Feature", "properties": { "uuid": "0a2a0150-5d9c-42b2-9d75-14858d288667", "data_acq": "2019-11-30 00:00:00", "data_agg": "2019-11-30 00:00:00", "data_fin": "9999-12-31 00:00:00", "ente_for": "REGIONE PIEMONTE", "ente_prod": "REGIONE PIEMONTE", "modo_prod": "banche dati esterne - catasto", "sc_acq": "1:2000", "edifc_ty": "generica", "edifc_uso": "commerciale", "edifc_stat": "costruito", "edifc_mon": "0", "edifc_nome": "", "edifc_idag": "", "edifc_ided": "", "source": "BDTRE edifc" }, "geometry": { "type": "Polygon", "coordinates": [ [ [ 7.67393, 45.0759 ], [ 7.67392, 45.0759 ], [ 7.6739, 45.07588 ], [ 7.6739, 45.07587 ], [ 7.67392, 45.07586 ], [ 7.67393, 45.07587 ], [ 7.67395, 45.07589 ], [ 7.67394, 45.0759 ], [ 7.67393, 45.0759 ] ] ] } },
{ "type": "Feature", "properties": { "uuid": "4cd33342-767e-4884-94d0-a69f3efa9e0d", "data_acq": "2019-11-30 00:00:00", "data_agg": "2019-11-30 00:00:00", "data_fin": "9999-12-31 00:00:00", "ente_for": "REGIONE PIEMONTE", "ente_prod": "REGIONE PIEMONTE", "modo_prod": "banche dati esterne - catasto", "sc_acq": "1:2000", "edifc_ty": "generica", "edifc_uso": "commerciale", "edifc_stat": "costruito", "edifc_mon": "0", "edifc_nome": "", "edifc_idag": "", "edifc_ided": "", "source": "BDTRE edifc" }, "geometry": { "type": "Polygon", "coordinates": [ [ [ 7.68329, 45.07866 ], [ 7.68327, 45.07867 ], [ 7.68327, 45.07863 ], [ 7.6835, 45.07861 ], [ 7.6835, 45.07862 ], [ 7.68329, 45.07866 ] ] ] } },
{ "type": "Feature", "properties": { "uuid": "1f762556-6d6d-46e4-95eb-53dab71d1565", "data_acq": "2019-11-30 00:00:00", "data_agg": "2019-11-30 00:00:00", "data_fin": "9999-12-31 00:00:00", "ente_for": "REGIONE PIEMONTE", "ente_prod": "REGIONE PIEMONTE", "modo_prod": "banche dati esterne - catasto", "sc_acq": "1:2000", "edifc_ty": "generica", "edifc_uso": "commerciale", "edifc_stat": "costruito", "edifc_mon": "0", "edifc_nome": "", "edifc_idag": "", "edifc_ided": "", "source": "BDTRE edifc" }, "geometry": { "type": "Polygon", "coordinates": [ [ [ 7.67522, 45.06681 ], [ 7.67526, 45.0668 ], [ 7.67526, 45.0668 ], [ 7.67546, 45.06708 ], [ 7.67539, 45.06711 ], [ 7.6754, 45.06712 ], [ 7.67514, 45.06721 ], [ 7.67514, 45.06721 ], [ 7.67488, 45.06731 ], [ 7.67489, 45.06732 ], [ 7.67481, 45.06734 ], [ 7.67473, 45.06723 ], [ 7.67466, 45.06713 ], [ 7.67462, 45.06708 ], [ 7.67459, 45.06704 ], [ 7.67522, 45.06681 ] ], [ [ 7.67495, 45.06705 ], [ 7.67483, 45.0671 ], [ 7.67493, 45.06723 ], [ 7.67504, 45.06719 ], [ 7.67503, 45.06717 ], [ 7.67516, 45.06712 ], [ 7.67517, 45.06714 ], [ 7.67528, 45.0671 ], [ 7.67518, 45.06697 ], [ 7.67507, 45.06701 ], [ 7.67508, 45.06702 ], [ 7.67495, 45.06706 ], [ 7.67495, 45.06705 ] ] ] } },
{ "type": "Feature", "properties": { "uuid": "a2474d73-9964-4525-b4b4-73fa0fb0fd75", "data_acq": "2019-11-30 00:00:00", "data_agg": "2019-11-30 00:00:00", "data_fin": "9999-12-31 00:00:00", "ente_for": "REGIONE PIEMONTE", "ente_prod": "REGIONE PIEMONTE", "modo_prod": "banche dati esterne - catasto", "sc_acq": "1:2000", "edifc_ty": "generica", "edifc_uso": "commerciale", "edifc_stat": "costruito", "edifc_mon": "0", "edifc_nome": "", "edifc_idag": "", "edifc_ided": "", "source": "BDTRE edifc" }, "geometry": { "type": "Polygon", "coordinates": [ [ [ 7.68243, 45.08444 ], [ 7.68244, 45.08445 ], [ 7.68247, 45.08447 ], [ 7.68251, 45.08451 ], [ 7.68254, 45.08456 ], [ 7.68232, 45.08463 ], [ 7.68192, 45.08477 ], [ 7.68187, 45.08471 ], [ 7.68205, 45.0846 ], [ 7.68237, 45.08439 ], [ 7.68243, 45.08444 ] ] ] } },
{ "type": "Feature", "properties": { "uuid": "d5918f93-f240-4c71-b904-b3d744aab252", "data_acq": "2019-11-30 00:00:00", "data_agg": "2019-11-30 00:00:00", "data_fin": "9999-12-31 00:00:00", "ente_for": "REGIONE PIEMONTE", "ente_prod": "REGIONE PIEMONTE", "modo_prod": "banche dati esterne - catasto", "sc_acq": "1:2000", "edifc_ty": "generica", "edifc_uso": "commerciale", "edifc_stat": "costruito", "edifc_mon": "0", "edifc_nome": "", "edifc_idag": "", "edifc_ided": "", "source": "BDTRE edifc" }, "geometry": { "type": "Polygon", "coordinates": [ [ [ 7.6883, 45.07759 ], [ 7.6886, 45.07771 ], [ 7.6886, 45.07771 ], [ 7.68847, 45.07787 ], [ 7.68844, 45.07791 ], [ 7.68852, 45.07806 ], [ 7.68846, 45.07808 ], [ 7.68834, 45.07787 ], [ 7.68814, 45.07779 ], [ 7.6883, 45.07759 ] ] ] } },
{ "type": "Feature", "properties": { "uuid": "236ea423-14ba-4150-8d89-a93132f851ea", "data_acq": "2019-11-30 00:00:00", "data_agg": "2019-11-30 00:00:00", "data_fin": "9999-12-31 00:00:00", "ente_for": "REGIONE PIEMONTE", "ente_prod": "REGIONE PIEMONTE", "modo_prod": "banche dati esterne - catasto", "sc_acq": "1:2000", "edifc_ty": "generica", "edifc_uso": "commerciale", "edifc_stat": "costruito", "edifc_mon": "0", "edifc_nome": "", "edifc_idag": "", "edifc_ided": "", "source": "BDTRE edifc" }, "geometry": { "type": "Polygon", "coordinates": [ [ [ 7.67149, 45.0767 ], [ 7.67133, 45.07675 ], [ 7.67121, 45.0768 ], [ 7.67114, 45.07682 ], [ 7.67108, 45.07685 ], [ 7.67113, 45.07692 ], [ 7.67114, 45.07693 ], [ 7.67121, 45.07691 ], [ 7.67121, 45.0769 ], [ 7.67139, 45.07684 ], [ 7.67144, 45.07691 ], [ 7.67136, 45.07694 ], [ 7.67137, 45.07695 ], [ 7.67129, 45.07697 ], [ 7.67129, 45.07697 ], [ 7.67127, 45.07697 ], [ 7.67119, 45.077 ], [ 7.6712, 45.07702 ], [ 7.67128, 45.07713 ], [ 7.67152, 45.07704 ], [ 7.67152, 45.07704 ], [ 7.67163, 45.077 ], [ 7.67169, 45.07698 ], [ 7.67158, 45.07684 ], [ 7.67149, 45.0767 ] ] ] } },
{ "type": "Feature", "properties": { "uuid": "ec7a588c-73e5-4ea8-a366-648cb5d7caa9", "data_acq": "2019-11-30 00:00:00", "data_agg": "2019-11-30 00:00:00", "data_fin": "9999-12-31 00:00:00", "ente_for": "REGIONE PIEMONTE", "ente_prod": "REGIONE PIEMONTE", "modo_prod": "banche dati esterne - catasto", "sc_acq": "1:2000", "edifc_ty": "generica", "edifc_uso": "commerciale", "edifc_stat": "costruito", "edifc_mon": "0", "edifc_nome": "", "edifc_idag": "", "edifc_ided": "", "source": "BDTRE edifc" }, "geometry": { "type": "Polygon", "coordinates": [ [ [ 7.68669, 45.06802 ], [ 7.68667, 45.06803 ], [ 7.68643, 45.06767 ], [ 7.68641, 45.06764 ], [ 7.68657, 45.06758 ], [ 7.6866, 45.06757 ], [ 7.68671, 45.06774 ], [ 7.68672, 45.06775 ], [ 7.68672, 45.06775 ], [ 7.68657, 45.06779 ], [ 7.68663, 45.06788 ], [ 7.68677, 45.06783 ], [ 7.68686, 45.06796 ], [ 7.68669, 45.06802 ] ], [ [ 7.68662, 45.06764 ], [ 7.68652, 45.06767 ], [ 7.68654, 45.0677 ], [ 7.68664, 45.06766 ], [ 7.68662, 45.06764 ] ] ] } },
{ "type": "Feature", "properties": { "uuid": "378c32c0-3fe4-49b3-be7e-dda4c7c8ea07", "data_acq": "2019-11-30 00:00:00", "data_agg": "2019-11-30 00:00:00", "data_fin": "9999-12-31 00:00:00", "ente_for": "REGIONE PIEMONTE", "ente_prod": "REGIONE PIEMONTE", "modo_prod": "banche dati esterne - catasto", "sc_acq": "1:2000", "edifc_ty": "generica", "edifc_uso": "commerciale", "edifc_stat": "costruito", "edifc_mon": "0", "edifc_nome": "", "edifc_idag": "", "edifc_ided": "", "source": "BDTRE edifc" }, "geometry": { "type": "Polygon", "coordinates": [ [ [ 7.674, 45.07625 ], [ 7.67378, 45.07633 ], [ 7.67379, 45.07635 ], [ 7.67413, 45.07683 ], [ 7.67423, 45.0768 ], [ 7.67425, 45.07679 ], [ 7.67432, 45.07676 ], [ 7.67436, 45.07675 ], [ 7.674, 45.07625 ] ] ] } },
{ "type": "Feature", "properties": { "uuid": "635588ab-5665-4d0c-87a8-fd96e26f0f1f", "data_acq": "2019-11-30 00:00:00", "data_agg": "2019-11-30 00:00:00", "data_fin": "9999-12-31 00:00:00", "ente_for": "REGIONE PIEMONTE", "ente_prod": "REGIONE PIEMONTE", "modo_prod": "banche dati esterne - catasto", "sc_acq": "1:2000", "edifc_ty": "generica", "edifc_uso": "commerciale", "edifc_stat": "costruito", "edifc_mon": "0", "edifc_nome": "", "edifc_idag": "", "edifc_ided": "", "source": "BDTRE edifc" }, "geometry": { "type": "Polygon", "coordinates": [ [ [ 7.67189, 45.0788 ], [ 7.67193, 45.07886 ], [ 7.67201, 45.07888 ], [ 7.67204, 45.07882 ], [ 7.67196, 45.0788 ], [ 7.67191, 45.07873 ], [ 7.67186, 45.07872 ], [ 7.67184, 45.07873 ], [ 7.67189, 45.0788 ] ] ] } },
{ "type": "Feature", "properties": { "uuid": "a7960eed-668d-4f03-976b-cef77b608e23", "data_acq": "2019-11-30 00:00:00", "data_agg": "2019-11-30 00:00:00", "data_fin": "9999-12-31 00:00:00", "ente_for": "REGIONE PIEMONTE", "ente_prod": "REGIONE PIEMONTE", "modo_prod": "banche dati esterne - catasto", "sc_acq": "1:2000", "edifc_ty": "generica", "edifc_uso": "commerciale", "edifc_stat": "costruito", "edifc_mon": "0", "edifc_nome": "", "edifc_idag": "", "edifc_ided": "", "source": "BDTRE edifc" }, "geometry": { "type": "Polygon", "coordinates": [ [ [ 7.69142, 45.08333 ], [ 7.69138, 45.08333 ], [ 7.69136, 45.08324 ], [ 7.69132, 45.0831 ], [ 7.69131, 45.08305 ], [ 7.69135, 45.08305 ], [ 7.69136, 45.08306 ], [ 7.69144, 45.08304 ], [ 7.69154, 45.08321 ], [ 7.69148, 45.08323 ], [ 7.69149, 45.08327 ], [ 7.69141, 45.08329 ], [ 7.69142, 45.08333 ] ] ] } },
{ "type": "Feature", "properties": { "uuid": "29841df7-3061-4833-8d64-c1c42e314ff2", "data_acq": "2019-11-30 00:00:00", "data_agg": "2019-11-30 00:00:00", "data_fin": "9999-12-31 00:00:00", "ente_for": "REGIONE PIEMONTE", "ente_prod": "REGIONE PIEMONTE", "modo_prod": "banche dati esterne - catasto", "sc_acq": "1:2000", "edifc_ty": "generica", "edifc_uso": "commerciale", "edifc_stat": "costruito", "edifc_mon": "0", "edifc_nome": "", "edifc_idag": "", "edifc_ided": "", "source": "BDTRE edifc" }, "geometry": { "type": "Polygon", "coordinates": [ [ [ 7.66594, 45.06566 ], [ 7.66611, 45.0659 ], [ 7.66604, 45.06593 ], [ 7.66611, 45.06602 ], [ 7.66617, 45.06599 ], [ 7.66617, 45.06599 ], [ 7.66619, 45.06598 ], [ 7.6662, 45.06596 ], [ 7.6662, 45.06595 ], [ 7.66619, 45.06594 ], [ 7.6662, 45.06594 ], [ 7.66613, 45.06583 ], [ 7.6661, 45.06578 ], [ 7.66607, 45.06575 ], [ 7.666, 45.06564 ], [ 7.66594, 45.06566 ] ] ] } },
{ "type": "Feature", "properties": { "uuid": "e7ffd167-779d-4114-a0a0-dd1114bdd2f9", "data_acq": "2019-11-30 00:00:00", "data_agg": "2019-11-30 00:00:00", "data_fin": "9999-12-31 00:00:00", "ente_for": "REGIONE PIEMONTE", "ente_prod": "REGIONE PIEMONTE", "modo_prod": "banche dati esterne - catasto", "sc_acq": "1:2000", "edifc_ty": "generica", "edifc_uso": "commerciale", "edifc_stat": "costruito", "edifc_mon": "0", "edifc_nome": "", "edifc_idag": "", "edifc_ided": "", "source": "BDTRE edifc" }, "geometry": { "type": "Polygon", "coordinates": [ [ [ 7.67232, 45.08084 ], [ 7.67232, 45.08085 ], [ 7.67241, 45.08093 ], [ 7.67246, 45.08098 ], [ 7.6724, 45.08102 ], [ 7.67236, 45.08099 ], [ 7.67232, 45.08095 ], [ 7.67224, 45.08088 ], [ 7.67223, 45.08087 ], [ 7.67223, 45.08087 ], [ 7.67232, 45.08084 ] ] ] } },
{ "type": "Feature", "properties": { "uuid": "7f7d194a-b312-4a15-8236-88d7f3637d95", "data_acq": "2019-11-30 00:00:00", "data_agg": "2019-11-30 00:00:00", "data_fin": "9999-12-31 00:00:00", "ente_for": "REGIONE PIEMONTE", "ente_prod": "REGIONE PIEMONTE", "modo_prod": "banche dati esterne - catasto", "sc_acq": "1:2000", "edifc_ty": "generica", "edifc_uso": "commerciale", "edifc_stat": "costruito", "edifc_mon": "0", "edifc_nome": "", "edifc_idag": "", "edifc_ided": "", "source": "BDTRE edifc" }, "geometry": { "type": "Polygon", "coordinates": [ [ [ 7.66942, 45.08106 ], [ 7.6694, 45.08103 ], [ 7.6694, 45.08102 ], [ 7.66941, 45.08102 ], [ 7.66941, 45.08102 ], [ 7.66941, 45.08102 ], [ 7.66941, 45.08101 ], [ 7.66942, 45.08101 ], [ 7.66943, 45.081 ], [ 7.6694, 45.08095 ], [ 7.66936, 45.08097 ], [ 7.66935, 45.08097 ], [ 7.66931, 45.08098 ], [ 7.66934, 45.08102 ], [ 7.66934, 45.08103 ], [ 7.66937, 45.08107 ], [ 7.66942, 45.08106 ] ] ] } },
{ "type": "Feature", "properties": { "uuid": "201bf38a-343d-4281-9e85-d0caaf4d61f3", "data_acq": "2019-11-30 00:00:00", "data_agg": "2019-11-30 00:00:00", "data_fin": "9999-12-31 00:00:00", "ente_for": "REGIONE PIEMONTE", "ente_prod": "REGIONE PIEMONTE", "modo_prod": "banche dati esterne - catasto", "sc_acq": "1:2000", "edifc_ty": "generica", "edifc_uso": "commerciale", "edifc_stat": "costruito", "edifc_mon": "0", "edifc_nome": "", "edifc_idag": "", "edifc_ided": "", "source": "BDTRE edifc" }, "geometry": { "type": "Polygon", "coordinates": [ [ [ 7.68729, 45.08412 ], [ 7.68708, 45.08379 ], [ 7.68775, 45.08357 ], [ 7.68772, 45.08352 ], [ 7.68783, 45.08348 ], [ 7.68783, 45.08348 ], [ 7.68783, 45.08349 ], [ 7.68786, 45.08353 ], [ 7.68805, 45.08382 ], [ 7.68807, 45.08386 ], [ 7.68808, 45.08386 ], [ 7.6876, 45.08402 ], [ 7.68729, 45.08412 ] ] ] } },
{ "type": "Feature", "properties": { "uuid": "2bc46e84-d3fa-4641-b2b7-e6c79ac55bc5", "data_acq": "2019-11-30 00:00:00", "data_agg": "2019-11-30 00:00:00", "data_fin": "9999-12-31 00:00:00", "ente_for": "REGIONE PIEMONTE", "ente_prod": "REGIONE PIEMONTE", "modo_prod": "banche dati esterne - catasto", "sc_acq": "1:2000", "edifc_ty": "generica", "edifc_uso": "commerciale", "edifc_stat": "costruito", "edifc_mon": "0", "edifc_nome": "", "edifc_idag": "", "edifc_ided": "", "source": "BDTRE edifc" }, "geometry": { "type": "Polygon", "coordinates": [ [ [ 7.69053, 45.08344 ], [ 7.69049, 45.08338 ], [ 7.69056, 45.08337 ], [ 7.69059, 45.08342 ], [ 7.69053, 45.08344 ] ] ] } },
{ "type": "Feature", "properties": { "uuid": "c2bd97c0-cc11-49b6-8edf-acfeabc05a76", "data_acq": "2019-11-30 00:00:00", "data_agg": "2019-11-30 00:00:00", "data_fin": "9999-12-31 00:00:00", "ente_for": "REGIONE PIEMONTE", "ente_prod": "REGIONE PIEMONTE", "modo_prod": "banche dati esterne - catasto", "sc_acq": "1:2000", "edifc_ty": "generica", "edifc_uso": "commerciale", "edifc_stat": "costruito", "edifc_mon": "0", "edifc_nome": "", "edifc_idag": "", "edifc_ided": "", "source": "BDTRE edifc" }, "geometry": { "type": "Polygon", "coordinates": [ [ [ 7.67054, 45.07562 ], [ 7.67056, 45.07566 ], [ 7.67042, 45.07571 ], [ 7.67037, 45.07573 ], [ 7.67035, 45.07569 ], [ 7.67054, 45.07562 ] ] ] } },
{ "type": "Feature", "properties": { "uuid": "22dacfa1-3371-4f79-901e-d0a70dbaf2b7", "data_acq": "2019-11-30 00:00:00", "data_agg": "2019-11-30 00:00:00", "data_fin": "9999-12-31 00:00:00", "ente_for": "REGIONE PIEMONTE", "ente_prod": "REGIONE PIEMONTE", "modo_prod": "banche dati esterne - catasto", "sc_acq": "1:2000", "edifc_ty": "generica", "edifc_uso": "commerciale", "edifc_stat": "costruito", "edifc_mon": "0", "edifc_nome": "", "edifc_idag": "", "edifc_ided": "", "source": "BDTRE edifc" }, "geometry": { "type": "Polygon", "coordinates": [ [ [ 7.6661, 45.06629 ], [ 7.66608, 45.06625 ], [ 7.6661, 45.06624 ], [ 7.66595, 45.06604 ], [ 7.66593, 45.06605 ], [ 7.66592, 45.06602 ], [ 7.66591, 45.06602 ], [ 7.6659, 45.066 ], [ 7.66589, 45.066 ], [ 7.66583, 45.06603 ], [ 7.66583, 45.06602 ], [ 7.66581, 45.06601 ], [ 7.66576, 45.06603 ], [ 7.66575, 45.06605 ], [ 7.66596, 45.06634 ], [ 7.66603, 45.06631 ], [ 7.6661, 45.06629 ] ] ] } },
{ "type": "Feature", "properties": { "uuid": "1e7b7840-2527-4d86-a637-4b47c09b2b96", "data_acq": "2019-11-30 00:00:00", "data_agg": "2019-11-30 00:00:00", "data_fin": "9999-12-31 00:00:00", "ente_for": "REGIONE PIEMONTE", "ente_prod": "REGIONE PIEMONTE", "modo_prod": "banche dati esterne - catasto", "sc_acq": "1:2000", "edifc_ty": "generica", "edifc_uso": "commerciale", "edifc_stat": "costruito", "edifc_mon": "0", "edifc_nome": "", "edifc_idag": "", "edifc_ided": "", "source": "BDTRE edifc" }, "geometry": { "type": "Polygon", "coordinates": [ [ [ 7.66693, 45.0782 ], [ 7.6668, 45.07811 ], [ 7.66679, 45.07812 ], [ 7.66672, 45.07819 ], [ 7.66675, 45.07821 ], [ 7.66685, 45.07826 ], [ 7.66693, 45.0782 ] ] ] } },
{ "type": "Feature", "properties": { "uuid": "c531da7e-c253-4246-9897-dab22f9d8989", "data_acq": "2019-11-30 00:00:00", "data_agg": "2019-11-30 00:00:00", "data_fin": "9999-12-31 00:00:00", "ente_for": "REGIONE PIEMONTE", "ente_prod": "REGIONE PIEMONTE", "modo_prod": "banche dati esterne - catasto", "sc_acq": "1:2000", "edifc_ty": "generica", "edifc_uso": "commerciale", "edifc_stat": "costruito", "edifc_mon": "0", "edifc_nome": "", "edifc_idag": "", "edifc_ided": "", "source": "BDTRE edifc" }, "geometry": { "type": "Polygon", "coordinates": [ [ [ 7.68651, 45.07798 ], [ 7.68636, 45.07772 ], [ 7.68628, 45.07759 ], [ 7.68644, 45.07755 ], [ 7.6866, 45.07783 ], [ 7.68693, 45.07774 ], [ 7.68699, 45.07785 ], [ 7.68651, 45.07798 ] ] ] } },
{ "type": "Feature", "properties": { "uuid": "4acbbb33-9b85-427a-9b54-53bf7f8c35ff", "data_acq": "2019-11-30 00:00:00", "data_agg": "2019-11-30 00:00:00", "data_fin": "9999-12-31 00:00:00", "ente_for": "REGIONE PIEMONTE", "ente_prod": "REGIONE PIEMONTE", "modo_prod": "banche dati esterne - catasto", "sc_acq": "1:2000", "edifc_ty": "generica", "edifc_uso": "commerciale", "edifc_stat": "costruito", "edifc_mon": "0", "edifc_nome": "", "edifc_idag": "", "edifc_ided": "", "source": "BDTRE edifc" }, "geometry": { "type": "Polygon", "coordinates": [ [ [ 7.67925, 45.08258 ], [ 7.67923, 45.08253 ], [ 7.67924, 45.08253 ], [ 7.67918, 45.08251 ], [ 7.67918, 45.08251 ], [ 7.67909, 45.08239 ], [ 7.67912, 45.08238 ], [ 7.6792, 45.08237 ], [ 7.67926, 45.08242 ], [ 7.6793, 45.08241 ], [ 7.67933, 45.08247 ], [ 7.67937, 45.08252 ], [ 7.67937, 45.08253 ], [ 7.67934, 45.08254 ], [ 7.67935, 45.08255 ], [ 7.67925, 45.08258 ] ] ] } },
{ "type": "Feature", "properties": { "uuid": "eeb8fd55-b30a-449b-aba5-1ca6d5ecb173", "data_acq": "2019-11-30 00:00:00", "data_agg": "2019-11-30 00:00:00", "data_fin": "9999-12-31 00:00:00", "ente_for": "REGIONE PIEMONTE", "ente_prod": "REGIONE PIEMONTE", "modo_prod": "banche dati esterne - catasto", "sc_acq": "1:2000", "edifc_ty": "generica", "edifc_uso": "commerciale", "edifc_stat": "costruito", "edifc_mon": "0", "edifc_nome": "", "edifc_idag": "", "edifc_ided": "", "source": "BDTRE edifc" }, "geometry": { "type": "Polygon", "coordinates": [ [ [ 7.69158, 45.07351 ], [ 7.69164, 45.0736 ], [ 7.69167, 45.07365 ], [ 7.69152, 45.07369 ], [ 7.69149, 45.07364 ], [ 7.69147, 45.07365 ], [ 7.69146, 45.07362 ], [ 7.69147, 45.07362 ], [ 7.69145, 45.07358 ], [ 7.69145, 45.07356 ], [ 7.69146, 45.07355 ], [ 7.69146, 45.07356 ], [ 7.69158, 45.07351 ] ] ] } },
{ "type": "Feature", "properties": { "uuid": "0e745097-95e2-4881-af26-85d99340e347", "data_acq": "2019-11-30 00:00:00", "data_agg": "2019-11-30 00:00:00", "data_fin": "9999-12-31 00:00:00", "ente_for": "REGIONE PIEMONTE", "ente_prod": "REGIONE PIEMONTE", "modo_prod": "banche dati esterne - catasto", "sc_acq": "1:2000", "edifc_ty": "generica", "edifc_uso": "commerciale", "edifc_stat": "costruito", "edifc_mon": "0", "edifc_nome": "", "edifc_idag": "", "edifc_ided": "", "source": "BDTRE edifc" }, "geometry": { "type": "Polygon", "coordinates": [ [ [ 7.69192, 45.08524 ], [ 7.69189, 45.08525 ], [ 7.69187, 45.08526 ], [ 7.69175, 45.0853 ], [ 7.69163, 45.08513 ], [ 7.69162, 45.08511 ], [ 7.69152, 45.08496 ], [ 7.6917, 45.0849 ], [ 7.69192, 45.08524 ] ] ] } },
{ "type": "Feature", "properties": { "uuid": "eeff990e-87ad-40f5-9348-c3b2c829f5df", "data_acq": "2019-11-30 00:00:00", "data_agg": "2019-11-30 00:00:00", "data_fin": "9999-12-31 00:00:00", "ente_for": "REGIONE PIEMONTE", "ente_prod": "REGIONE PIEMONTE", "modo_prod": "banche dati esterne - catasto", "sc_acq": "1:2000", "edifc_ty": "generica", "edifc_uso": "commerciale", "edifc_stat": "costruito", "edifc_mon": "0", "edifc_nome": "", "edifc_idag": "", "edifc_ided": "", "source": "BDTRE edifc" }, "geometry": { "type": "Polygon", "coordinates": [ [ [ 7.66797, 45.0807 ], [ 7.66799, 45.08075 ], [ 7.66798, 45.08076 ], [ 7.668, 45.08081 ], [ 7.66795, 45.08083 ], [ 7.66793, 45.0808 ], [ 7.6678, 45.08084 ], [ 7.6677, 45.08088 ], [ 7.66768, 45.08086 ], [ 7.66751, 45.08092 ], [ 7.66737, 45.08097 ], [ 7.66737, 45.08096 ], [ 7.66734, 45.08092 ], [ 7.66766, 45.08082 ], [ 7.66766, 45.08082 ], [ 7.66766, 45.08082 ], [ 7.6679, 45.08074 ], [ 7.66786, 45.08068 ], [ 7.66788, 45.08066 ], [ 7.66792, 45.08065 ], [ 7.66791, 45.08064 ], [ 7.66791, 45.08064 ], [ 7.66792, 45.08063 ], [ 7.66792, 45.08063 ], [ 7.66795, 45.08068 ], [ 7.66797, 45.0807 ] ] ] } },
{ "type": "Feature", "properties": { "uuid": "22f5c867-df77-4c16-b855-eefb523f32d1", "data_acq": "2019-11-30 00:00:00", "data_agg": "2019-11-30 00:00:00", "data_fin": "9999-12-31 00:00:00", "ente_for": "REGIONE PIEMONTE", "ente_prod": "REGIONE PIEMONTE", "modo_prod": "banche dati esterne - catasto", "sc_acq": "1:2000", "edifc_ty": "generica", "edifc_uso": "commerciale", "edifc_stat": "costruito", "edifc_mon": "0", "edifc_nome": "", "edifc_idag": "", "edifc_ided": "", "source": "BDTRE edifc" }, "geometry": { "type": "Polygon", "coordinates": [ [ [ 7.67765, 45.07421 ], [ 7.67762, 45.07417 ], [ 7.67767, 45.07415 ], [ 7.67764, 45.07409 ], [ 7.67767, 45.07408 ], [ 7.67775, 45.07418 ], [ 7.67765, 45.07421 ] ] ] } },
{ "type": "Feature", "properties": { "uuid": "23606518-a983-4a95-b2af-9571d0166444", "data_acq": "2019-11-30 00:00:00", "data_agg": "2019-11-30 00:00:00", "data_fin": "9999-12-31 00:00:00", "ente_for": "REGIONE PIEMONTE", "ente_prod": "REGIONE PIEMONTE", "modo_prod": "banche dati esterne - catasto", "sc_acq": "1:2000", "edifc_ty": "generica", "edifc_uso": "commerciale", "edifc_stat": "costruito", "edifc_mon": "0", "edifc_nome": "", "edifc_idag": "", "edifc_ided": "", "source": "BDTRE edifc" }, "geometry": { "type": "Polygon", "coordinates": [ [ [ 7.69363, 45.08037 ], [ 7.69381, 45.08046 ], [ 7.69389, 45.08049 ], [ 7.69409, 45.08058 ], [ 7.69409, 45.08058 ], [ 7.69406, 45.08061 ], [ 7.69408, 45.08062 ], [ 7.6941, 45.08063 ], [ 7.69412, 45.0806 ], [ 7.69418, 45.08062 ], [ 7.69421, 45.08063 ], [ 7.69426, 45.08066 ], [ 7.69426, 45.08066 ], [ 7.69358, 45.08088 ], [ 7.69328, 45.08075 ], [ 7.69344, 45.08058 ], [ 7.69363, 45.08037 ] ], [ [ 7.69339, 45.0808 ], [ 7.69351, 45.08085 ], [ 7.6937, 45.08064 ], [ 7.69371, 45.08064 ], [ 7.69375, 45.08059 ], [ 7.69379, 45.08061 ], [ 7.6938, 45.08062 ], [ 7.69397, 45.08069 ], [ 7.69397, 45.08069 ], [ 7.69402, 45.08064 ], [ 7.6939, 45.08058 ], [ 7.69389, 45.08059 ], [ 7.69387, 45.08059 ], [ 7.69388, 45.08057 ], [ 7.69384, 45.08055 ], [ 7.6938, 45.08053 ], [ 7.69385, 45.08048 ], [ 7.69385, 45.08048 ], [ 7.69373, 45.08042 ], [ 7.69373, 45.08042 ], [ 7.69339, 45.0808 ] ] ] } },
{ "type": "Feature", "properties": { "uuid": "1fef0f64-5d3b-464a-9910-d0d48b4611e1", "data_acq": "2019-11-30 00:00:00", "data_agg": "2019-11-30 00:00:00", "data_fin": "9999-12-31 00:00:00", "ente_for": "REGIONE PIEMONTE", "ente_prod": "REGIONE PIEMONTE", "modo_prod": "banche dati esterne - catasto", "sc_acq": "1:2000", "edifc_ty": "generica", "edifc_uso": "commerciale", "edifc_stat": "costruito", "edifc_mon": "0", "edifc_nome": "", "edifc_idag": "", "edifc_ided": "", "source": "BDTRE edifc" }, "geometry": { "type": "Polygon", "coordinates": [ [ [ 7.68336, 45.08218 ], [ 7.6835, 45.08164 ], [ 7.68388, 45.08169 ], [ 7.68374, 45.08223 ], [ 7.68336, 45.08218 ] ] ] } },
{ "type": "Feature", "properties": { "uuid": "bff8977a-5da5-47d0-b6bc-4d3bd9d85789", "data_acq": "2019-11-30 00:00:00", "data_agg": "2019-11-30 00:00:00", "data_fin": "9999-12-31 00:00:00", "ente_for": "REGIONE PIEMONTE", "ente_prod": "REGIONE PIEMONTE", "modo_prod": "banche dati esterne - catasto", "sc_acq": "1:2000", "edifc_ty": "generica", "edifc_uso": "commerciale", "edifc_stat": "costruito", "edifc_mon": "0", "edifc_nome": "", "edifc_idag": "", "edifc_ided": "", "source": "BDTRE edifc" }, "geometry": { "type": "Polygon", "coordinates": [ [ [ 7.66823, 45.08024 ], [ 7.66858, 45.08015 ], [ 7.66852, 45.08004 ], [ 7.66839, 45.08007 ], [ 7.6684, 45.08009 ], [ 7.66833, 45.08011 ], [ 7.66826, 45.08001 ], [ 7.66811, 45.08006 ], [ 7.66823, 45.08024 ] ] ] } },
{ "type": "Feature", "properties": { "uuid": "36aba352-952d-412e-a869-707b89a24120", "data_acq": "2019-11-30 00:00:00", "data_agg": "2019-11-30 00:00:00", "data_fin": "9999-12-31 00:00:00", "ente_for": "REGIONE PIEMONTE", "ente_prod": "REGIONE PIEMONTE", "modo_prod": "banche dati esterne - catasto", "sc_acq": "1:2000", "edifc_ty": "generica", "edifc_uso": "commerciale", "edifc_stat": "costruito", "edifc_mon": "0", "edifc_nome": "", "edifc_idag": "", "edifc_ided": "", "source": "BDTRE edifc" }, "geometry": { "type": "Polygon", "coordinates": [ [ [ 7.66899, 45.08207 ], [ 7.66896, 45.08208 ], [ 7.66894, 45.08206 ], [ 7.66882, 45.0821 ], [ 7.66885, 45.08214 ], [ 7.66887, 45.08213 ], [ 7.66899, 45.08209 ], [ 7.66899, 45.08209 ], [ 7.66899, 45.08207 ] ] ] } },
{ "type": "Feature", "properties": { "uuid": "a08e1f00-6c3e-4a98-b7cb-083b7fcc3135", "data_acq": "2019-11-30 00:00:00", "data_agg": "2019-11-30 00:00:00", "data_fin": "9999-12-31 00:00:00", "ente_for": "REGIONE PIEMONTE", "ente_prod": "REGIONE PIEMONTE", "modo_prod": "banche dati esterne - catasto", "sc_acq": "1:2000", "edifc_ty": "generica", "edifc_uso": "commerciale", "edifc_stat": "costruito", "edifc_mon": "0", "edifc_nome": "", "edifc_idag": "", "edifc_ided": "", "source": "BDTRE edifc" }, "geometry": { "type": "Polygon", "coordinates": [ [ [ 7.6767, 45.08335 ], [ 7.67633, 45.08347 ], [ 7.67617, 45.08323 ], [ 7.67629, 45.08319 ], [ 7.67646, 45.08314 ], [ 7.67654, 45.08311 ], [ 7.67655, 45.08312 ], [ 7.67658, 45.08317 ], [ 7.67659, 45.08319 ], [ 7.6766, 45.0832 ], [ 7.6766, 45.0832 ], [ 7.67652, 45.08322 ], [ 7.67659, 45.08332 ], [ 7.67666, 45.0833 ], [ 7.6767, 45.08335 ] ] ] } },
{ "type": "Feature", "properties": { "uuid": "f1567978-b368-4410-8f6a-a00007e4a4e3", "data_acq": "2019-11-30 00:00:00", "data_agg": "2019-11-30 00:00:00", "data_fin": "9999-12-31 00:00:00", "ente_for": "REGIONE PIEMONTE", "ente_prod": "REGIONE PIEMONTE", "modo_prod": "banche dati esterne - catasto", "sc_acq": "1:2000", "edifc_ty": "generica", "edifc_uso": "commerciale", "edifc_stat": "costruito", "edifc_mon": "0", "edifc_nome": "", "edifc_idag": "", "edifc_ided": "", "source": "BDTRE edifc" }, "geometry": { "type": "Polygon", "coordinates": [ [ [ 7.67781, 45.0741 ], [ 7.67784, 45.07414 ], [ 7.67775, 45.07418 ], [ 7.67767, 45.07408 ], [ 7.67771, 45.07406 ], [ 7.67776, 45.07412 ], [ 7.67781, 45.0741 ] ] ] } },
{ "type": "Feature", "properties": { "uuid": "c87f8f9f-8dea-48ee-91a2-67958e7fedbd", "data_acq": "2019-11-30 00:00:00", "data_agg": "2019-11-30 00:00:00", "data_fin": "9999-12-31 00:00:00", "ente_for": "REGIONE PIEMONTE", "ente_prod": "REGIONE PIEMONTE", "modo_prod": "banche dati esterne - catasto", "sc_acq": "1:2000", "edifc_ty": "generica", "edifc_uso": "commerciale", "edifc_stat": "costruito", "edifc_mon": "0", "edifc_nome": "", "edifc_idag": "", "edifc_ided": "", "source": "BDTRE edifc" }, "geometry": { "type": "Polygon", "coordinates": [ [ [ 7.69182, 45.0843 ], [ 7.69173, 45.08433 ], [ 7.69162, 45.08416 ], [ 7.69141, 45.08423 ], [ 7.69126, 45.08428 ], [ 7.69111, 45.08433 ], [ 7.69116, 45.08441 ], [ 7.69119, 45.08445 ], [ 7.69131, 45.08444 ], [ 7.69144, 45.08441 ], [ 7.69144, 45.08441 ], [ 7.69167, 45.08434 ], [ 7.69169, 45.08437 ], [ 7.69184, 45.08435 ], [ 7.69182, 45.0843 ] ] ] } },
{ "type": "Feature", "properties": { "uuid": "b5a92116-9bf6-4dbd-b103-03abdf28b17e", "data_acq": "2019-11-30 00:00:00", "data_agg": "2019-11-30 00:00:00", "data_fin": "9999-12-31 00:00:00", "ente_for": "REGIONE PIEMONTE", "ente_prod": "REGIONE PIEMONTE", "modo_prod": "banche dati esterne - catasto", "sc_acq": "1:2000", "edifc_ty": "generica", "edifc_uso": "commerciale", "edifc_stat": "costruito", "edifc_mon": "0", "edifc_nome": "", "edifc_idag": "", "edifc_ided": "", "source": "BDTRE edifc" }, "geometry": { "type": "Polygon", "coordinates": [ [ [ 7.67677, 45.0678 ], [ 7.67677, 45.0678 ], [ 7.67677, 45.0678 ], [ 7.67677, 45.0678 ], [ 7.67677, 45.06779 ], [ 7.67676, 45.06777 ], [ 7.67674, 45.06777 ], [ 7.67674, 45.06777 ], [ 7.67674, 45.06777 ], [ 7.67674, 45.06776 ], [ 7.67674, 45.06776 ], [ 7.67675, 45.06776 ], [ 7.67676, 45.06776 ], [ 7.67671, 45.06769 ], [ 7.67666, 45.06763 ], [ 7.6767, 45.06761 ], [ 7.67683, 45.06756 ], [ 7.677, 45.0675 ], [ 7.67707, 45.06759 ], [ 7.67691, 45.06765 ], [ 7.6769, 45.06768 ], [ 7.67695, 45.06776 ], [ 7.677, 45.06777 ], [ 7.67716, 45.06772 ], [ 7.6772, 45.06777 ], [ 7.6772, 45.06778 ], [ 7.6772, 45.06778 ], [ 7.67721, 45.06779 ], [ 7.67722, 45.06781 ], [ 7.67719, 45.06782 ], [ 7.67717, 45.06779 ], [ 7.67709, 45.06781 ], [ 7.67714, 45.06788 ], [ 7.67701, 45.06793 ], [ 7.67699, 45.06791 ], [ 7.67699, 45.06791 ], [ 7.67699, 45.0679 ], [ 7.67698, 45.0679 ], [ 7.67693, 45.06791 ], [ 7.67688, 45.06793 ], [ 7.67683, 45.06787 ], [ 7.6768, 45.06782 ], [ 7.67678, 45.0678 ], [ 7.67678, 45.0678 ], [ 7.67678, 45.0678 ], [ 7.67678, 45.06781 ], [ 7.67677, 45.0678 ], [ 7.67677, 45.0678 ] ] ] } },
{ "type": "Feature", "properties": { "uuid": "c8bc6a52-1d0b-4408-9a4c-d8a1385bcff6", "data_acq": "2019-11-30 00:00:00", "data_agg": "2019-11-30 00:00:00", "data_fin": "9999-12-31 00:00:00", "ente_for": "REGIONE PIEMONTE", "ente_prod": "REGIONE PIEMONTE", "modo_prod": "banche dati esterne - catasto", "sc_acq": "1:2000", "edifc_ty": "generica", "edifc_uso": "commerciale", "edifc_stat": "costruito", "edifc_mon": "0", "edifc_nome": "", "edifc_idag": "", "edifc_ided": "", "source": "BDTRE edifc" }, "geometry": { "type": "Polygon", "coordinates": [ [ [ 7.67706, 45.08299 ], [ 7.67686, 45.08306 ], [ 7.67677, 45.08309 ], [ 7.67671, 45.08301 ], [ 7.67672, 45.08301 ], [ 7.67679, 45.08298 ], [ 7.67701, 45.08291 ], [ 7.67706, 45.08299 ] ] ] } },
{ "type": "Feature", "properties": { "uuid": "05bfad34-ae4b-4006-bb22-101103403d8e", "data_acq": "2019-11-30 00:00:00", "data_agg": "2019-11-30 00:00:00", "data_fin": "9999-12-31 00:00:00", "ente_for": "REGIONE PIEMONTE", "ente_prod": "REGIONE PIEMONTE", "modo_prod": "banche dati esterne - catasto", "sc_acq": "1:2000", "edifc_ty": "generica", "edifc_uso": "commerciale", "edifc_stat": "costruito", "edifc_mon": "0", "edifc_nome": "", "edifc_idag": "", "edifc_ided": "", "source": "BDTRE edifc" }, "geometry": { "type": "Polygon", "coordinates": [ [ [ 7.68176, 45.06891 ], [ 7.68175, 45.06892 ], [ 7.68174, 45.06892 ], [ 7.68176, 45.06895 ], [ 7.68178, 45.06898 ], [ 7.68179, 45.06898 ], [ 7.6818, 45.06897 ], [ 7.68176, 45.06891 ] ] ] } },
{ "type": "Feature", "properties": { "uuid": "80931b8d-0ea5-4fd6-b7c1-7f2762836e49", "data_acq": "2019-11-30 00:00:00", "data_agg": "2019-11-30 00:00:00", "data_fin": "9999-12-31 00:00:00", "ente_for": "REGIONE PIEMONTE", "ente_prod": "REGIONE PIEMONTE", "modo_prod": "banche dati esterne - catasto", "sc_acq": "1:2000", "edifc_ty": "generica", "edifc_uso": "commerciale", "edifc_stat": "costruito", "edifc_mon": "0", "edifc_nome": "", "edifc_idag": "", "edifc_ided": "", "source": "BDTRE edifc" }, "geometry": { "type": "Polygon", "coordinates": [ [ [ 7.6784, 45.08508 ], [ 7.67838, 45.08506 ], [ 7.67841, 45.08504 ], [ 7.67829, 45.08494 ], [ 7.67825, 45.08487 ], [ 7.67819, 45.08477 ], [ 7.67794, 45.08485 ], [ 7.678, 45.08496 ], [ 7.67805, 45.08504 ], [ 7.67801, 45.08506 ], [ 7.678, 45.08506 ], [ 7.67788, 45.08511 ], [ 7.67784, 45.08513 ], [ 7.67756, 45.08524 ], [ 7.67762, 45.08533 ], [ 7.67775, 45.08528 ], [ 7.67785, 45.08542 ], [ 7.6784, 45.08508 ] ] ] } },
{ "type": "Feature", "properties": { "uuid": "5e18c623-a7fb-4de3-8e5d-eeb2c5512bf4", "data_acq": "2019-11-30 00:00:00", "data_agg": "2019-11-30 00:00:00", "data_fin": "9999-12-31 00:00:00", "ente_for": "REGIONE PIEMONTE", "ente_prod": "REGIONE PIEMONTE", "modo_prod": "banche dati esterne - catasto", "sc_acq": "1:2000", "edifc_ty": "generica", "edifc_uso": "commerciale", "edifc_stat": "costruito", "edifc_mon": "0", "edifc_nome": "", "edifc_idag": "", "edifc_ided": "", "source": "BDTRE edifc" }, "geometry": { "type": "Polygon", "coordinates": [ [ [ 7.69407, 45.08331 ], [ 7.69415, 45.08335 ], [ 7.69414, 45.08336 ], [ 7.69411, 45.08334 ], [ 7.69403, 45.08343 ], [ 7.694, 45.08341 ], [ 7.69397, 45.08344 ], [ 7.69385, 45.08338 ], [ 7.69381, 45.08342 ], [ 7.69393, 45.08348 ], [ 7.69391, 45.08351 ], [ 7.6939, 45.08351 ], [ 7.69381, 45.08347 ], [ 7.6938, 45.08346 ], [ 7.69378, 45.08345 ], [ 7.69377, 45.08341 ], [ 7.69383, 45.08334 ], [ 7.69391, 45.08337 ], [ 7.69398, 45.08341 ], [ 7.69407, 45.08331 ] ] ] } },
{ "type": "Feature", "properties": { "uuid": "27f1a730-59f4-477a-b29c-dc2d0690acdc", "data_acq": "2019-11-30 00:00:00", "data_agg": "2019-11-30 00:00:00", "data_fin": "9999-12-31 00:00:00", "ente_for": "REGIONE PIEMONTE", "ente_prod": "REGIONE PIEMONTE", "modo_prod": "banche dati esterne - catasto", "sc_acq": "1:2000", "edifc_ty": "generica", "edifc_uso": "commerciale", "edifc_stat": "costruito", "edifc_mon": "0", "edifc_nome": "", "edifc_idag": "", "edifc_ided": "", "source": "BDTRE edifc" }, "geometry": { "type": "Polygon", "coordinates": [ [ [ 7.68213, 45.07049 ], [ 7.68212, 45.07048 ], [ 7.68206, 45.0705 ], [ 7.68207, 45.07051 ], [ 7.6821, 45.0705 ], [ 7.68213, 45.07049 ] ] ] } },
{ "type": "Feature", "properties": { "uuid": "04db4ed2-9188-4c52-b98d-d18fbef20e06", "data_acq": "2019-11-30 00:00:00", "data_agg": "2019-11-30 00:00:00", "data_fin": "9999-12-31 00:00:00", "ente_for": "REGIONE PIEMONTE", "ente_prod": "REGIONE PIEMONTE", "modo_prod": "banche dati esterne - catasto", "sc_acq": "1:2000", "edifc_ty": "generica", "edifc_uso": "commerciale", "edifc_stat": "costruito", "edifc_mon": "0", "edifc_nome": "", "edifc_idag": "", "edifc_ided": "", "source": "BDTRE edifc" }, "geometry": { "type": "Polygon", "coordinates": [ [ [ 7.67288, 45.08187 ], [ 7.67285, 45.08188 ], [ 7.6728, 45.08181 ], [ 7.67283, 45.0818 ], [ 7.67283, 45.0818 ], [ 7.67288, 45.08187 ] ] ] } },
{ "type": "Feature", "properties": { "uuid": "f793890d-5c38-46e0-bcc5-9925916a7187", "data_acq": "2019-11-30 00:00:00", "data_agg": "2019-11-30 00:00:00", "data_fin": "9999-12-31 00:00:00", "ente_for": "REGIONE PIEMONTE", "ente_prod": "REGIONE PIEMONTE", "modo_prod": "banche dati esterne - catasto", "sc_acq": "1:2000", "edifc_ty": "generica", "edifc_uso": "commerciale", "edifc_stat": "costruito", "edifc_mon": "0", "edifc_nome": "", "edifc_idag": "", "edifc_ided": "", "source": "BDTRE edifc" }, "geometry": { "type": "Polygon", "coordinates": [ [ [ 7.67225, 45.07521 ], [ 7.67244, 45.07514 ], [ 7.67258, 45.0751 ], [ 7.67253, 45.07503 ], [ 7.67247, 45.07494 ], [ 7.67244, 45.07495 ], [ 7.67237, 45.07497 ], [ 7.67234, 45.07498 ], [ 7.67233, 45.07501 ], [ 7.67222, 45.07505 ], [ 7.6722, 45.07502 ], [ 7.67213, 45.07504 ], [ 7.67225, 45.07521 ] ] ] } },
{ "type": "Feature", "properties": { "uuid": "2f19da26-3862-4c7e-9ae1-1cb24c950f52", "data_acq": "2019-11-30 00:00:00", "data_agg": "2019-11-30 00:00:00", "data_fin": "9999-12-31 00:00:00", "ente_for": "REGIONE PIEMONTE", "ente_prod": "REGIONE PIEMONTE", "modo_prod": "banche dati esterne - catasto", "sc_acq": "1:2000", "edifc_ty": "generica", "edifc_uso": "commerciale", "edifc_stat": "costruito", "edifc_mon": "0", "edifc_nome": "", "edifc_idag": "", "edifc_ided": "", "source": "BDTRE edifc" }, "geometry": { "type": "Polygon", "coordinates": [ [ [ 7.66953, 45.08209 ], [ 7.66962, 45.08216 ], [ 7.66964, 45.08216 ], [ 7.66973, 45.08213 ], [ 7.66975, 45.08212 ], [ 7.66977, 45.08211 ], [ 7.66976, 45.08208 ], [ 7.66975, 45.08206 ], [ 7.66973, 45.08204 ], [ 7.6696, 45.08185 ], [ 7.66953, 45.08187 ], [ 7.66957, 45.08193 ], [ 7.66957, 45.08193 ], [ 7.66956, 45.08194 ], [ 7.66957, 45.08195 ], [ 7.66958, 45.08195 ], [ 7.66959, 45.08196 ], [ 7.66962, 45.082 ], [ 7.66948, 45.08204 ], [ 7.66953, 45.08209 ] ] ] } },
{ "type": "Feature", "properties": { "uuid": "d204312f-41dd-4ce2-ad58-a188606a364c", "data_acq": "2019-11-30 00:00:00", "data_agg": "2019-11-30 00:00:00", "data_fin": "9999-12-31 00:00:00", "ente_for": "REGIONE PIEMONTE", "ente_prod": "REGIONE PIEMONTE", "modo_prod": "banche dati esterne - catasto", "sc_acq": "1:2000", "edifc_ty": "generica", "edifc_uso": "commerciale", "edifc_stat": "costruito", "edifc_mon": "0", "edifc_nome": "", "edifc_idag": "", "edifc_ided": "", "source": "BDTRE edifc" }, "geometry": { "type": "Polygon", "coordinates": [ [ [ 7.66746, 45.06746 ], [ 7.66754, 45.06744 ], [ 7.66756, 45.06747 ], [ 7.66748, 45.0675 ], [ 7.66747, 45.06748 ], [ 7.66746, 45.06746 ] ] ] } },
{ "type": "Feature", "properties": { "uuid": "8c4f6cb1-e7c1-4cf1-8aa2-12e0354e1574", "data_acq": "2010-01-01 00:00:00", "data_agg": "2022-12-31 00:00:00", "data_fin": "9999-12-31 00:00:00", "ente_for": "REGIONE PIEMONTE", "ente_prod": "CSI PIEMONTE", "modo_prod": "rilievo speditivo - ortofoto", "sc_acq": "1:10000", "edifc_ty": "capannone", "edifc_uso": "commerciale", "edifc_stat": "costruito", "edifc_mon": "0", "edifc_nome": "", "edifc_idag": "", "edifc_ided": "", "source": "BDTRE edifc" }, "geometry": { "type": "Polygon", "coordinates": [ [ [ 7.67144, 45.07759 ], [ 7.67146, 45.07759 ], [ 7.67145, 45.0776 ], [ 7.67144, 45.0776 ], [ 7.67144, 45.07759 ] ] ] } },
{ "type": "Feature", "properties": { "uuid": "bfce2c10-7a23-4127-ac63-4f22a2e68313", "data_acq": "2019-11-30 00:00:00", "data_agg": "2019-11-30 00:00:00", "data_fin": "9999-12-31 00:00:00", "ente_for": "REGIONE PIEMONTE", "ente_prod": "REGIONE PIEMONTE", "modo_prod": "banche dati esterne - catasto", "sc_acq": "1:2000", "edifc_ty": "generica", "edifc_uso": "commerciale", "edifc_stat": "costruito", "edifc_mon": "0", "edifc_nome": "", "edifc_idag": "", "edifc_ided": "", "source": "BDTRE edifc" }, "geometry": { "type": "Polygon", "coordinates": [ [ [ 7.69069, 45.08041 ], [ 7.69096, 45.08053 ], [ 7.69087, 45.08062 ], [ 7.69068, 45.08054 ], [ 7.69061, 45.08061 ], [ 7.69054, 45.08058 ], [ 7.69059, 45.08052 ], [ 7.6906, 45.08051 ], [ 7.69069, 45.08041 ] ] ] } },
{ "type": "Feature", "properties": { "uuid": "8268f16b-c320-49c1-bb57-4030ca6508bf", "data_acq": "2019-11-30 00:00:00", "data_agg": "2019-11-30 00:00:00", "data_fin": "9999-12-31 00:00:00", "ente_for": "REGIONE PIEMONTE", "ente_prod": "REGIONE PIEMONTE", "modo_prod": "banche dati esterne - catasto", "sc_acq": "1:2000", "edifc_ty": "generica", "edifc_uso": "commerciale", "edifc_stat": "costruito", "edifc_mon": "0", "edifc_nome": "", "edifc_idag": "", "edifc_ided": "", "source": "BDTRE edifc" }, "geometry": { "type": "Polygon", "coordinates": [ [ [ 7.68681, 45.07734 ], [ 7.68682, 45.07736 ], [ 7.68679, 45.07736 ], [ 7.6868, 45.07737 ], [ 7.68678, 45.07737 ], [ 7.68679, 45.0774 ], [ 7.68678, 45.0774 ], [ 7.68678, 45.07739 ], [ 7.68676, 45.07735 ], [ 7.68681, 45.07734 ] ] ] } },
{ "type": "Feature", "properties": { "uuid": "9362a0f5-ba37-4e8d-9833-309e44927166", "data_acq": "2019-11-30 00:00:00", "data_agg": "2019-11-30 00:00:00", "data_fin": "9999-12-31 00:00:00", "ente_for": "REGIONE PIEMONTE", "ente_prod": "REGIONE PIEMONTE", "modo_prod": "banche dati esterne - catasto", "sc_acq": "1:2000", "edifc_ty": "generica", "edifc_uso": "commerciale", "edifc_stat": "costruito", "edifc_mon": "0", "edifc_nome": "", "edifc_idag": "", "edifc_ided": "", "source": "BDTRE edifc" }, "geometry": { "type": "Polygon", "coordinates": [ [ [ 7.67226, 45.08103 ], [ 7.67215, 45.08106 ], [ 7.67214, 45.08106 ], [ 7.67195, 45.08113 ], [ 7.67208, 45.08132 ], [ 7.67214, 45.0814 ], [ 7.67216, 45.08144 ], [ 7.67219, 45.08148 ], [ 7.67223, 45.08148 ], [ 7.67227, 45.08148 ], [ 7.67231, 45.08144 ], [ 7.67234, 45.0814 ], [ 7.67234, 45.0814 ], [ 7.67244, 45.08129 ], [ 7.67254, 45.08118 ], [ 7.67238, 45.08111 ], [ 7.67232, 45.08113 ], [ 7.67226, 45.08103 ] ] ] } },
{ "type": "Feature", "properties": { "uuid": "62e5a144-8367-4a01-a27a-3f9d5c718815", "data_acq": "2019-11-30 00:00:00", "data_agg": "2019-11-30 00:00:00", "data_fin": "9999-12-31 00:00:00", "ente_for": "REGIONE PIEMONTE", "ente_prod": "REGIONE PIEMONTE", "modo_prod": "banche dati esterne - catasto", "sc_acq": "1:2000", "edifc_ty": "generica", "edifc_uso": "commerciale", "edifc_stat": "costruito", "edifc_mon": "0", "edifc_nome": "", "edifc_idag": "", "edifc_ided": "", "source": "BDTRE edifc" }, "geometry": { "type": "Polygon", "coordinates": [ [ [ 7.683, 45.06566 ], [ 7.68286, 45.06571 ], [ 7.68285, 45.06571 ], [ 7.68276, 45.06559 ], [ 7.68278, 45.06558 ], [ 7.68278, 45.06559 ], [ 7.68291, 45.06554 ], [ 7.68294, 45.06558 ], [ 7.683, 45.06566 ] ] ] } },
{ "type": "Feature", "properties": { "uuid": "3ca6aba5-2c9c-4592-9ad7-dea318dcbe11", "data_acq": "2019-11-30 00:00:00", "data_agg": "2019-11-30 00:00:00", "data_fin": "9999-12-31 00:00:00", "ente_for": "REGIONE PIEMONTE", "ente_prod": "REGIONE PIEMONTE", "modo_prod": "banche dati esterne - catasto", "sc_acq": "1:2000", "edifc_ty": "generica", "edifc_uso": "commerciale", "edifc_stat": "costruito", "edifc_mon": "0", "edifc_nome": "", "edifc_idag": "", "edifc_ided": "", "source": "BDTRE edifc" }, "geometry": { "type": "Polygon", "coordinates": [ [ [ 7.68131, 45.06827 ], [ 7.68115, 45.06833 ], [ 7.68116, 45.06835 ], [ 7.68106, 45.06838 ], [ 7.68107, 45.0684 ], [ 7.68108, 45.0684 ], [ 7.68109, 45.06842 ], [ 7.68118, 45.06838 ], [ 7.68127, 45.0685 ], [ 7.68128, 45.0685 ], [ 7.68133, 45.06857 ], [ 7.68131, 45.06857 ], [ 7.68117, 45.06862 ], [ 7.68116, 45.06862 ], [ 7.68103, 45.06844 ], [ 7.68098, 45.06846 ], [ 7.68095, 45.06842 ], [ 7.6809, 45.06844 ], [ 7.68098, 45.06855 ], [ 7.68101, 45.06854 ], [ 7.68107, 45.06861 ], [ 7.68105, 45.06862 ], [ 7.68111, 45.0687 ], [ 7.68128, 45.06864 ], [ 7.68134, 45.06862 ], [ 7.68149, 45.06857 ], [ 7.68151, 45.06856 ], [ 7.68145, 45.06847 ], [ 7.68143, 45.06845 ], [ 7.68136, 45.06835 ], [ 7.68131, 45.06827 ] ] ] } },
{ "type": "Feature", "properties": { "uuid": "3222f2fa-4280-4bfc-99cd-8bbebb40a48f", "data_acq": "2019-11-30 00:00:00", "data_agg": "2019-11-30 00:00:00", "data_fin": "9999-12-31 00:00:00", "ente_for": "REGIONE PIEMONTE", "ente_prod": "REGIONE PIEMONTE", "modo_prod": "banche dati esterne - catasto", "sc_acq": "1:2000", "edifc_ty": "generica", "edifc_uso": "commerciale", "edifc_stat": "costruito", "edifc_mon": "0", "edifc_nome": "", "edifc_idag": "", "edifc_ided": "", "source": "BDTRE edifc" }, "geometry": { "type": "Polygon", "coordinates": [ [ [ 7.69312, 45.07922 ], [ 7.69312, 45.07922 ], [ 7.6931, 45.07925 ], [ 7.69301, 45.07921 ], [ 7.69304, 45.07918 ], [ 7.69312, 45.07922 ] ] ] } },
{ "type": "Feature", "properties": { "uuid": "e0f7afc6-cd72-44b2-aa6d-d0edbb7ae45a", "data_acq": "2019-11-30 00:00:00", "data_agg": "2019-11-30 00:00:00", "data_fin": "9999-12-31 00:00:00", "ente_for": "REGIONE PIEMONTE", "ente_prod": "REGIONE PIEMONTE", "modo_prod": "banche dati esterne - catasto", "sc_acq": "1:2000", "edifc_ty": "generica", "edifc_uso": "commerciale", "edifc_stat": "costruito", "edifc_mon": "0", "edifc_nome": "", "edifc_idag": "", "edifc_ided": "", "source": "BDTRE edifc" }, "geometry": { "type": "Polygon", "coordinates": [ [ [ 7.66627, 45.06602 ], [ 7.66625, 45.06603 ], [ 7.66628, 45.06607 ], [ 7.66629, 45.06606 ], [ 7.66628, 45.06605 ], [ 7.66627, 45.06602 ] ] ] } },
{ "type": "Feature", "properties": { "uuid": "271530e8-88df-4a19-9287-2c1acc81720c", "data_acq": "2019-11-30 00:00:00", "data_agg": "2019-11-30 00:00:00", "data_fin": "9999-12-31 00:00:00", "ente_for": "REGIONE PIEMONTE", "ente_prod": "REGIONE PIEMONTE", "modo_prod": "banche dati esterne - catasto", "sc_acq": "1:2000", "edifc_ty": "generica", "edifc_uso": "commerciale", "edifc_stat": "costruito", "edifc_mon": "0", "edifc_nome": "", "edifc_idag": "", "edifc_ided": "", "source": "BDTRE edifc" }, "geometry": { "type": "Polygon", "coordinates": [ [ [ 7.66548, 45.08368 ], [ 7.66542, 45.08359 ], [ 7.66537, 45.0835 ], [ 7.66536, 45.08349 ], [ 7.66525, 45.08353 ], [ 7.6652, 45.08355 ], [ 7.66504, 45.08359 ], [ 7.6651, 45.08368 ], [ 7.66517, 45.08377 ], [ 7.66531, 45.08373 ], [ 7.66542, 45.0837 ], [ 7.66548, 45.08368 ] ], [ [ 7.66525, 45.08361 ], [ 7.66534, 45.08358 ], [ 7.66538, 45.08364 ], [ 7.66538, 45.08364 ], [ 7.66521, 45.08369 ], [ 7.66517, 45.08363 ], [ 7.66525, 45.08361 ] ] ] } },
{ "type": "Feature", "properties": { "uuid": "1a7f1450-d9ff-48ff-8b73-4a3e31d1acd9", "data_acq": "2019-11-30 00:00:00", "data_agg": "2019-11-30 00:00:00", "data_fin": "9999-12-31 00:00:00", "ente_for": "REGIONE PIEMONTE", "ente_prod": "REGIONE PIEMONTE", "modo_prod": "banche dati esterne - catasto", "sc_acq": "1:2000", "edifc_ty": "generica", "edifc_uso": "commerciale", "edifc_stat": "costruito", "edifc_mon": "0", "edifc_nome": "", "edifc_idag": "", "edifc_ided": "", "source": "BDTRE edifc" }, "geometry": { "type": "Polygon", "coordinates": [ [ [ 7.66669, 45.08362 ], [ 7.66672, 45.08367 ], [ 7.66674, 45.0837 ], [ 7.66676, 45.08373 ], [ 7.66673, 45.08374 ], [ 7.66663, 45.08377 ], [ 7.66656, 45.08365 ], [ 7.66669, 45.08362 ] ] ] } },
{ "type": "Feature", "properties": { "uuid": "fa1d612f-fd43-4376-9e0d-8f6c91e27b43", "data_acq": "2019-11-30 00:00:00", "data_agg": "2019-11-30 00:00:00", "data_fin": "9999-12-31 00:00:00", "ente_for": "REGIONE PIEMONTE", "ente_prod": "REGIONE PIEMONTE", "modo_prod": "banche dati esterne - catasto", "sc_acq": "1:2000", "edifc_ty": "generica", "edifc_uso": "commerciale", "edifc_stat": "costruito", "edifc_mon": "0", "edifc_nome": "", "edifc_idag": "", "edifc_ided": "", "source": "BDTRE edifc" }, "geometry": { "type": "Polygon", "coordinates": [ [ [ 7.66837, 45.08136 ], [ 7.66834, 45.08132 ], [ 7.66822, 45.08136 ], [ 7.66821, 45.08135 ], [ 7.66816, 45.08137 ], [ 7.66818, 45.0814 ], [ 7.66819, 45.08142 ], [ 7.66821, 45.08142 ], [ 7.66837, 45.08136 ] ] ] } },
{ "type": "Feature", "properties": { "uuid": "56c02dc1-aa02-4f31-9950-a5fbbfe0403d", "data_acq": "2019-11-30 00:00:00", "data_agg": "2019-11-30 00:00:00", "data_fin": "9999-12-31 00:00:00", "ente_for": "REGIONE PIEMONTE", "ente_prod": "REGIONE PIEMONTE", "modo_prod": "banche dati esterne - catasto", "sc_acq": "1:2000", "edifc_ty": "generica", "edifc_uso": "commerciale", "edifc_stat": "costruito", "edifc_mon": "0", "edifc_nome": "", "edifc_idag": "", "edifc_ided": "", "source": "BDTRE edifc" }, "geometry": { "type": "Polygon", "coordinates": [ [ [ 7.67519, 45.0667 ], [ 7.67519, 45.0667 ], [ 7.67506, 45.06651 ], [ 7.67502, 45.06646 ], [ 7.675, 45.06643 ], [ 7.675, 45.06642 ], [ 7.675, 45.06642 ], [ 7.67499, 45.06642 ], [ 7.67495, 45.06644 ], [ 7.67463, 45.06655 ], [ 7.6747, 45.06665 ], [ 7.67471, 45.06667 ], [ 7.67472, 45.06668 ], [ 7.67472, 45.06668 ], [ 7.67474, 45.0667 ], [ 7.67475, 45.06673 ], [ 7.67476, 45.06674 ], [ 7.67478, 45.06677 ], [ 7.67478, 45.06677 ], [ 7.67483, 45.06683 ], [ 7.67499, 45.06678 ], [ 7.67515, 45.06672 ], [ 7.67519, 45.0667 ], [ 7.67519, 45.0667 ] ], [ [ 7.67481, 45.06673 ], [ 7.67479, 45.0667 ], [ 7.67476, 45.06667 ], [ 7.67474, 45.06664 ], [ 7.67476, 45.06663 ], [ 7.6748, 45.06662 ], [ 7.67488, 45.06659 ], [ 7.6749, 45.06661 ], [ 7.67493, 45.0666 ], [ 7.67498, 45.06667 ], [ 7.67495, 45.06668 ], [ 7.67496, 45.0667 ], [ 7.67482, 45.06675 ], [ 7.67481, 45.06673 ] ] ] } },
{ "type": "Feature", "properties": { "uuid": "44cf6da3-9f05-4055-ba22-d3b75ec984b9", "data_acq": "2019-11-30 00:00:00", "data_agg": "2019-11-30 00:00:00", "data_fin": "9999-12-31 00:00:00", "ente_for": "REGIONE PIEMONTE", "ente_prod": "REGIONE PIEMONTE", "modo_prod": "banche dati esterne - catasto", "sc_acq": "1:2000", "edifc_ty": "generica", "edifc_uso": "commerciale", "edifc_stat": "costruito", "edifc_mon": "0", "edifc_nome": "", "edifc_idag": "", "edifc_ided": "", "source": "BDTRE edifc" }, "geometry": { "type": "Polygon", "coordinates": [ [ [ 7.68693, 45.07018 ], [ 7.6869, 45.07019 ], [ 7.68689, 45.07019 ], [ 7.68688, 45.07018 ], [ 7.68691, 45.07016 ], [ 7.68692, 45.07016 ], [ 7.68693, 45.07018 ] ] ] } },
{ "type": "Feature", "properties": { "uuid": "d24138d8-e12a-4846-b43f-ee478322641b", "data_acq": "2019-11-30 00:00:00", "data_agg": "2019-11-30 00:00:00", "data_fin": "9999-12-31 00:00:00", "ente_for": "REGIONE PIEMONTE", "ente_prod": "REGIONE PIEMONTE", "modo_prod": "banche dati esterne - catasto", "sc_acq": "1:2000", "edifc_ty": "generica", "edifc_uso": "commerciale", "edifc_stat": "costruito", "edifc_mon": "0", "edifc_nome": "", "edifc_idag": "", "edifc_ided": "", "source": "BDTRE edifc" }, "geometry": { "type": "Polygon", "coordinates": [ [ [ 7.68652, 45.085 ], [ 7.6865, 45.08496 ], [ 7.68667, 45.08492 ], [ 7.68673, 45.08502 ], [ 7.68671, 45.08503 ], [ 7.68679, 45.0852 ], [ 7.6868, 45.0852 ], [ 7.6868, 45.08521 ], [ 7.68682, 45.08521 ], [ 7.6869, 45.08518 ], [ 7.68696, 45.08526 ], [ 7.68669, 45.08535 ], [ 7.68654, 45.08503 ], [ 7.68652, 45.085 ] ] ] } },
{ "type": "Feature", "properties": { "uuid": "5e6348f0-0859-4f17-838c-be6b25cb0710", "data_acq": "2019-11-30 00:00:00", "data_agg": "2019-11-30 00:00:00", "data_fin": "9999-12-31 00:00:00", "ente_for": "REGIONE PIEMONTE", "ente_prod": "REGIONE PIEMONTE", "modo_prod": "banche dati esterne - catasto", "sc_acq": "1:2000", "edifc_ty": "generica", "edifc_uso": "commerciale", "edifc_stat": "costruito", "edifc_mon": "0", "edifc_nome": "", "edifc_idag": "", "edifc_ided": "", "source": "BDTRE edifc" }, "geometry": { "type": "Polygon", "coordinates": [ [ [ 7.68807, 45.07781 ], [ 7.68818, 45.07801 ], [ 7.68818, 45.07801 ], [ 7.6882, 45.07804 ], [ 7.68824, 45.07803 ], [ 7.68824, 45.07803 ], [ 7.68835, 45.078 ], [ 7.6884, 45.0781 ], [ 7.68816, 45.07816 ], [ 7.68815, 45.07814 ], [ 7.6881, 45.07815 ], [ 7.68793, 45.07785 ], [ 7.68807, 45.07781 ] ] ] } },
{ "type": "Feature", "properties": { "uuid": "1b676774-60f4-46f7-85ee-d443ccedfd4c", "data_acq": "2019-11-30 00:00:00", "data_agg": "2019-11-30 00:00:00", "data_fin": "9999-12-31 00:00:00", "ente_for": "REGIONE PIEMONTE", "ente_prod": "REGIONE PIEMONTE", "modo_prod": "banche dati esterne - catasto", "sc_acq": "1:2000", "edifc_ty": "generica", "edifc_uso": "commerciale", "edifc_stat": "costruito", "edifc_mon": "0", "edifc_nome": "", "edifc_idag": "", "edifc_ided": "", "source": "BDTRE edifc" }, "geometry": { "type": "Polygon", "coordinates": [ [ [ 7.68786, 45.06879 ], [ 7.68775, 45.06863 ], [ 7.68774, 45.06863 ], [ 7.68771, 45.06859 ], [ 7.68772, 45.06858 ], [ 7.6875, 45.06827 ], [ 7.68764, 45.06822 ], [ 7.68772, 45.06834 ], [ 7.68774, 45.06837 ], [ 7.68775, 45.06836 ], [ 7.68786, 45.06833 ], [ 7.68776, 45.06818 ], [ 7.68792, 45.06813 ], [ 7.68798, 45.06822 ], [ 7.68801, 45.06827 ], [ 7.68803, 45.06827 ], [ 7.68806, 45.06826 ], [ 7.68813, 45.06837 ], [ 7.68793, 45.06843 ], [ 7.68805, 45.0686 ], [ 7.68845, 45.06846 ], [ 7.68845, 45.06846 ], [ 7.68845, 45.06846 ], [ 7.68845, 45.06846 ], [ 7.68846, 45.06847 ], [ 7.68849, 45.06852 ], [ 7.68849, 45.06852 ], [ 7.68852, 45.06856 ], [ 7.6885, 45.06856 ], [ 7.68853, 45.06861 ], [ 7.68846, 45.06864 ], [ 7.68846, 45.06865 ], [ 7.6884, 45.06867 ], [ 7.6884, 45.06867 ], [ 7.68836, 45.06868 ], [ 7.68831, 45.0687 ], [ 7.68829, 45.06868 ], [ 7.68827, 45.06865 ], [ 7.68827, 45.06865 ], [ 7.68793, 45.06877 ], [ 7.68786, 45.06879 ] ] ] } },
{ "type": "Feature", "properties": { "uuid": "60d86f72-2935-4ea3-9a90-62106c8679a6", "data_acq": "2019-11-30 00:00:00", "data_agg": "2019-11-30 00:00:00", "data_fin": "9999-12-31 00:00:00", "ente_for": "REGIONE PIEMONTE", "ente_prod": "REGIONE PIEMONTE", "modo_prod": "banche dati esterne - catasto", "sc_acq": "1:2000", "edifc_ty": "generica", "edifc_uso": "commerciale", "edifc_stat": "costruito", "edifc_mon": "0", "edifc_nome": "", "edifc_idag": "", "edifc_ided": "", "source": "BDTRE edifc" }, "geometry": { "type": "Polygon", "coordinates": [ [ [ 7.68246, 45.08074 ], [ 7.68256, 45.08076 ], [ 7.68254, 45.08083 ], [ 7.68244, 45.08081 ], [ 7.68246, 45.08074 ] ] ] } },
{ "type": "Feature", "properties": { "uuid": "1a4a79ef-8c34-4cfe-b22d-d78bb2b72471", "data_acq": "2019-11-30 00:00:00", "data_agg": "2019-11-30 00:00:00", "data_fin": "9999-12-31 00:00:00", "ente_for": "REGIONE PIEMONTE", "ente_prod": "REGIONE PIEMONTE", "modo_prod": "banche dati esterne - catasto", "sc_acq": "1:2000", "edifc_ty": "generica", "edifc_uso": "commerciale", "edifc_stat": "costruito", "edifc_mon": "0", "edifc_nome": "", "edifc_idag": "", "edifc_ided": "", "source": "BDTRE edifc" }, "geometry": { "type": "Polygon", "coordinates": [ [ [ 7.69202, 45.08333 ], [ 7.6923, 45.08324 ], [ 7.69238, 45.08321 ], [ 7.69238, 45.08308 ], [ 7.69237, 45.08294 ], [ 7.69211, 45.08295 ], [ 7.69225, 45.08317 ], [ 7.69216, 45.08323 ], [ 7.69215, 45.08323 ], [ 7.69214, 45.08322 ], [ 7.69215, 45.08322 ], [ 7.6921, 45.08313 ], [ 7.69208, 45.08314 ], [ 7.69207, 45.08312 ], [ 7.69209, 45.08312 ], [ 7.69203, 45.08303 ], [ 7.69201, 45.08304 ], [ 7.692, 45.08302 ], [ 7.69201, 45.08302 ], [ 7.69198, 45.08297 ], [ 7.69197, 45.08298 ], [ 7.69182, 45.08303 ], [ 7.69202, 45.08333 ] ] ] } },
{ "type": "Feature", "properties": { "uuid": "c1691d62-40f5-40ed-ab59-d5a901edea24", "data_acq": "2019-11-30 00:00:00", "data_agg": "2019-11-30 00:00:00", "data_fin": "9999-12-31 00:00:00", "ente_for": "REGIONE PIEMONTE", "ente_prod": "REGIONE PIEMONTE", "modo_prod": "banche dati esterne - catasto", "sc_acq": "1:2000", "edifc_ty": "generica", "edifc_uso": "commerciale", "edifc_stat": "costruito", "edifc_mon": "0", "edifc_nome": "", "edifc_idag": "", "edifc_ided": "", "source": "BDTRE edifc" }, "geometry": { "type": "Polygon", "coordinates": [ [ [ 7.66537, 45.0835 ], [ 7.66536, 45.08349 ], [ 7.6653, 45.0834 ], [ 7.66546, 45.08334 ], [ 7.66557, 45.08351 ], [ 7.66555, 45.08352 ], [ 7.66554, 45.08352 ], [ 7.66553, 45.0835 ], [ 7.66553, 45.0835 ], [ 7.66551, 45.08351 ], [ 7.66551, 45.0835 ], [ 7.66551, 45.0835 ], [ 7.66549, 45.08348 ], [ 7.66546, 45.08348 ], [ 7.66543, 45.08346 ], [ 7.66537, 45.08348 ], [ 7.66537, 45.08348 ], [ 7.66538, 45.0835 ], [ 7.66537, 45.0835 ], [ 7.66537, 45.0835 ] ] ] } },
{ "type": "Feature", "properties": { "uuid": "23c2913e-abbf-4864-9363-ac7719f750c3", "data_acq": "2019-11-30 00:00:00", "data_agg": "2019-11-30 00:00:00", "data_fin": "9999-12-31 00:00:00", "ente_for": "REGIONE PIEMONTE", "ente_prod": "REGIONE PIEMONTE", "modo_prod": "banche dati esterne - catasto", "sc_acq": "1:2000", "edifc_ty": "generica", "edifc_uso": "commerciale", "edifc_stat": "costruito", "edifc_mon": "0", "edifc_nome": "", "edifc_idag": "", "edifc_ided": "", "source": "BDTRE edifc" }, "geometry": { "type": "Polygon", "coordinates": [ [ [ 7.69336, 45.0844 ], [ 7.69341, 45.08434 ], [ 7.69336, 45.08432 ], [ 7.69335, 45.0843 ], [ 7.69338, 45.08427 ], [ 7.69352, 45.08433 ], [ 7.69343, 45.08443 ], [ 7.69336, 45.0844 ] ] ] } },
{ "type": "Feature", "properties": { "uuid": "0b6f8fa7-f402-4aaf-a238-937079e65dd2", "data_acq": "2019-11-30 00:00:00", "data_agg": "2019-11-30 00:00:00", "data_fin": "9999-12-31 00:00:00", "ente_for": "REGIONE PIEMONTE", "ente_prod": "REGIONE PIEMONTE", "modo_prod": "banche dati esterne - catasto", "sc_acq": "1:2000", "edifc_ty": "generica", "edifc_uso": "commerciale", "edifc_stat": "costruito", "edifc_mon": "0", "edifc_nome": "", "edifc_idag": "", "edifc_ided": "", "source": "BDTRE edifc" }, "geometry": { "type": "Polygon", "coordinates": [ [ [ 7.67597, 45.07003 ], [ 7.67642, 45.06986 ], [ 7.67654, 45.07003 ], [ 7.67654, 45.07003 ], [ 7.67658, 45.07008 ], [ 7.67643, 45.07013 ], [ 7.67642, 45.07012 ], [ 7.67637, 45.07004 ], [ 7.67636, 45.07004 ], [ 7.67634, 45.07001 ], [ 7.67623, 45.07005 ], [ 7.67625, 45.07008 ], [ 7.67613, 45.07012 ], [ 7.67611, 45.0701 ], [ 7.67609, 45.07011 ], [ 7.67609, 45.07011 ], [ 7.67605, 45.07013 ], [ 7.67604, 45.07013 ], [ 7.67597, 45.07003 ] ] ] } },
{ "type": "Feature", "properties": { "uuid": "665335a0-7c71-48e6-805d-04885405ef2e", "data_acq": "2019-11-30 00:00:00", "data_agg": "2019-11-30 00:00:00", "data_fin": "9999-12-31 00:00:00", "ente_for": "REGIONE PIEMONTE", "ente_prod": "REGIONE PIEMONTE", "modo_prod": "banche dati esterne - catasto", "sc_acq": "1:2000", "edifc_ty": "generica", "edifc_uso": "commerciale", "edifc_stat": "costruito", "edifc_mon": "0", "edifc_nome": "", "edifc_idag": "", "edifc_ided": "", "source": "BDTRE edifc" }, "geometry": { "type": "Polygon", "coordinates": [ [ [ 7.66716, 45.08182 ], [ 7.66717, 45.08183 ], [ 7.66726, 45.0818 ], [ 7.66724, 45.08178 ], [ 7.66721, 45.08173 ], [ 7.66718, 45.0817 ], [ 7.66714, 45.08171 ], [ 7.66706, 45.08173 ], [ 7.66695, 45.08177 ], [ 7.66685, 45.0818 ], [ 7.66685, 45.0818 ], [ 7.66673, 45.08184 ], [ 7.66677, 45.08191 ], [ 7.66714, 45.08179 ], [ 7.66716, 45.08182 ] ] ] } },
{ "type": "Feature", "properties": { "uuid": "bc251df1-02d5-4b57-872f-1057b0120862", "data_acq": "2019-11-30 00:00:00", "data_agg": "2019-11-30 00:00:00", "data_fin": "9999-12-31 00:00:00", "ente_for": "REGIONE PIEMONTE", "ente_prod": "REGIONE PIEMONTE", "modo_prod": "banche dati esterne - catasto", "sc_acq": "1:2000", "edifc_ty": "generica", "edifc_uso": "commerciale", "edifc_stat": "costruito", "edifc_mon": "0", "edifc_nome": "", "edifc_idag": "", "edifc_ided": "", "source": "BDTRE edifc" }, "geometry": { "type": "Polygon", "coordinates": [ [ [ 7.68581, 45.08289 ], [ 7.68586, 45.08298 ], [ 7.68584, 45.08299 ], [ 7.68583, 45.083 ], [ 7.68582, 45.08301 ], [ 7.68572, 45.08301 ], [ 7.68568, 45.08294 ], [ 7.68569, 45.08292 ], [ 7.68581, 45.08289 ] ] ] } },
{ "type": "Feature", "properties": { "uuid": "8c6589d3-08e0-4c53-bc12-0de60e924ff3", "data_acq": "2019-11-30 00:00:00", "data_agg": "2019-11-30 00:00:00", "data_fin": "9999-12-31 00:00:00", "ente_for": "REGIONE PIEMONTE", "ente_prod": "REGIONE PIEMONTE", "modo_prod": "banche dati esterne - catasto", "sc_acq": "1:2000", "edifc_ty": "generica", "edifc_uso": "commerciale", "edifc_stat": "costruito", "edifc_mon": "0", "edifc_nome": "", "edifc_idag": "", "edifc_ided": "", "source": "BDTRE edifc" }, "geometry": { "type": "Polygon", "coordinates": [ [ [ 7.69341, 45.07217 ], [ 7.6934, 45.07216 ], [ 7.69335, 45.07214 ], [ 7.69334, 45.07214 ], [ 7.69326, 45.0721 ], [ 7.69326, 45.0721 ], [ 7.69328, 45.07207 ], [ 7.69344, 45.07191 ], [ 7.6935, 45.07185 ], [ 7.69369, 45.07194 ], [ 7.69369, 45.07194 ], [ 7.69372, 45.07198 ], [ 7.69372, 45.07198 ], [ 7.69356, 45.07206 ], [ 7.69354, 45.07208 ], [ 7.69351, 45.07206 ], [ 7.69351, 45.07206 ], [ 7.69349, 45.07209 ], [ 7.69351, 45.0721 ], [ 7.69348, 45.07212 ], [ 7.69341, 45.07217 ] ], [ [ 7.69345, 45.07204 ], [ 7.69343, 45.07206 ], [ 7.69343, 45.07206 ], [ 7.69347, 45.07207 ], [ 7.69349, 45.07205 ], [ 7.69345, 45.07204 ], [ 7.69345, 45.07204 ] ] ] } },
{ "type": "Feature", "properties": { "uuid": "a03db0bf-cfba-44fe-af3e-b4e9d5da2a56", "data_acq": "2019-11-30 00:00:00", "data_agg": "2019-11-30 00:00:00", "data_fin": "9999-12-31 00:00:00", "ente_for": "REGIONE PIEMONTE", "ente_prod": "REGIONE PIEMONTE", "modo_prod": "banche dati esterne - catasto", "sc_acq": "1:2000", "edifc_ty": "generica", "edifc_uso": "commerciale", "edifc_stat": "costruito", "edifc_mon": "0", "edifc_nome": "", "edifc_idag": "", "edifc_ided": "", "source": "BDTRE edifc" }, "geometry": { "type": "Polygon", "coordinates": [ [ [ 7.68247, 45.07806 ], [ 7.68251, 45.07803 ], [ 7.68268, 45.07807 ], [ 7.68269, 45.07813 ], [ 7.68272, 45.07839 ], [ 7.68273, 45.07842 ], [ 7.68273, 45.07845 ], [ 7.68267, 45.07846 ], [ 7.68263, 45.07815 ], [ 7.68261, 45.07815 ], [ 7.68247, 45.07806 ] ] ] } },
{ "type": "Feature", "properties": { "uuid": "f5170988-f897-453a-a502-86651b1299fb", "data_acq": "2019-11-30 00:00:00", "data_agg": "2019-11-30 00:00:00", "data_fin": "9999-12-31 00:00:00", "ente_for": "REGIONE PIEMONTE", "ente_prod": "REGIONE PIEMONTE", "modo_prod": "banche dati esterne - catasto", "sc_acq": "1:2000", "edifc_ty": "generica", "edifc_uso": "commerciale", "edifc_stat": "costruito", "edifc_mon": "0", "edifc_nome": "", "edifc_idag": "", "edifc_ided": "", "source": "BDTRE edifc" }, "geometry": { "type": "Polygon", "coordinates": [ [ [ 7.69311, 45.076 ], [ 7.69307, 45.07604 ], [ 7.69297, 45.076 ], [ 7.69297, 45.07604 ], [ 7.69324, 45.07616 ], [ 7.69332, 45.07607 ], [ 7.69334, 45.07605 ], [ 7.69349, 45.07588 ], [ 7.69329, 45.0758 ], [ 7.69325, 45.07584 ], [ 7.69311, 45.076 ] ] ] } },
{ "type": "Feature", "properties": { "uuid": "1b11dc3b-fd83-4fe5-a88b-21c8a2c6f7ad", "data_acq": "2010-01-01 00:00:00", "data_agg": "2022-12-31 00:00:00", "data_fin": "9999-12-31 00:00:00", "ente_for": "REGIONE PIEMONTE", "ente_prod": "CSI PIEMONTE", "modo_prod": "rilievo speditivo - ortofoto", "sc_acq": "1:10000", "edifc_ty": "generica", "edifc_uso": "commerciale", "edifc_stat": "costruito", "edifc_mon": "0", "edifc_nome": "", "edifc_idag": "", "edifc_ided": "", "source": "BDTRE edifc" }, "geometry": { "type": "Polygon", "coordinates": [ [ [ 7.69248, 45.06773 ], [ 7.69233, 45.06779 ], [ 7.69228, 45.06772 ], [ 7.69253, 45.06763 ], [ 7.69253, 45.06762 ], [ 7.69254, 45.06761 ], [ 7.69255, 45.06762 ], [ 7.6926, 45.06768 ], [ 7.69248, 45.06773 ] ] ] } },
{ "type": "Feature", "properties": { "uuid": "3a90ee5b-43d0-4c8f-9b28-ddea3c0a55c6", "data_acq": "2019-11-30 00:00:00", "data_agg": "2019-11-30 00:00:00", "data_fin": "9999-12-31 00:00:00", "ente_for": "REGIONE PIEMONTE", "ente_prod": "REGIONE PIEMONTE", "modo_prod": "banche dati esterne - catasto", "sc_acq": "1:2000", "edifc_ty": "generica", "edifc_uso": "commerciale", "edifc_stat": "costruito", "edifc_mon": "0", "edifc_nome": "", "edifc_idag": "", "edifc_ided": "", "source": "BDTRE edifc" }, "geometry": { "type": "Polygon", "coordinates": [ [ [ 7.67718, 45.07924 ], [ 7.67712, 45.07925 ], [ 7.67713, 45.07927 ], [ 7.67712, 45.07927 ], [ 7.67718, 45.07937 ], [ 7.67718, 45.07937 ], [ 7.67706, 45.07942 ], [ 7.67705, 45.07944 ], [ 7.67705, 45.07944 ], [ 7.67708, 45.07948 ], [ 7.67713, 45.07955 ], [ 7.67713, 45.07956 ], [ 7.67714, 45.07957 ], [ 7.67714, 45.07957 ], [ 7.67718, 45.07956 ], [ 7.67732, 45.07951 ], [ 7.67726, 45.07939 ], [ 7.67721, 45.0793 ], [ 7.67718, 45.07924 ] ] ] } },
{ "type": "Feature", "properties": { "uuid": "a9951c37-4371-434f-ba4a-6bb17932f5c6", "data_acq": "2019-11-30 00:00:00", "data_agg": "2019-11-30 00:00:00", "data_fin": "9999-12-31 00:00:00", "ente_for": "REGIONE PIEMONTE", "ente_prod": "REGIONE PIEMONTE", "modo_prod": "banche dati esterne - catasto", "sc_acq": "1:2000", "edifc_ty": "generica", "edifc_uso": "commerciale", "edifc_stat": "costruito", "edifc_mon": "0", "edifc_nome": "", "edifc_idag": "", "edifc_ided": "", "source": "BDTRE edifc" }, "geometry": { "type": "Polygon", "coordinates": [ [ [ 7.69095, 45.07406 ], [ 7.69082, 45.0741 ], [ 7.69065, 45.07416 ], [ 7.69062, 45.07412 ], [ 7.69077, 45.07398 ], [ 7.6908, 45.07399 ], [ 7.69088, 45.07396 ], [ 7.69095, 45.07406 ] ] ] } },
{ "type": "Feature", "properties": { "uuid": "7133cd12-3076-4f61-b31c-fbe94068128a", "data_acq": "2019-11-30 00:00:00", "data_agg": "2019-11-30 00:00:00", "data_fin": "9999-12-31 00:00:00", "ente_for": "REGIONE PIEMONTE", "ente_prod": "REGIONE PIEMONTE", "modo_prod": "banche dati esterne - catasto", "sc_acq": "1:2000", "edifc_ty": "generica", "edifc_uso": "commerciale", "edifc_stat": "costruito", "edifc_mon": "0", "edifc_nome": "", "edifc_idag": "", "edifc_ided": "", "source": "BDTRE edifc" }, "geometry": { "type": "Polygon", "coordinates": [ [ [ 7.66773, 45.07868 ], [ 7.66777, 45.07871 ], [ 7.66781, 45.07871 ], [ 7.66781, 45.07871 ], [ 7.66783, 45.0787 ], [ 7.66776, 45.07865 ], [ 7.66773, 45.07868 ] ] ] } },
{ "type": "Feature", "properties": { "uuid": "2284295b-172f-4ab0-b432-ff9979f1ed29", "data_acq": "2019-11-30 00:00:00", "data_agg": "2019-11-30 00:00:00", "data_fin": "9999-12-31 00:00:00", "ente_for": "REGIONE PIEMONTE", "ente_prod": "REGIONE PIEMONTE", "modo_prod": "banche dati esterne - catasto", "sc_acq": "1:2000", "edifc_ty": "generica", "edifc_uso": "commerciale", "edifc_stat": "costruito", "edifc_mon": "0", "edifc_nome": "", "edifc_idag": "", "edifc_ided": "", "source": "BDTRE edifc" }, "geometry": { "type": "Polygon", "coordinates": [ [ [ 7.66562, 45.08353 ], [ 7.6656, 45.0835 ], [ 7.66561, 45.0835 ], [ 7.66558, 45.08345 ], [ 7.66558, 45.08344 ], [ 7.6657, 45.08341 ], [ 7.66563, 45.08329 ], [ 7.66546, 45.08334 ], [ 7.66557, 45.08351 ], [ 7.66559, 45.08354 ], [ 7.66562, 45.08353 ] ] ] } },
{ "type": "Feature", "properties": { "uuid": "bc56c631-0e7f-47e9-a476-cba9e9107d67", "data_acq": "2019-11-30 00:00:00", "data_agg": "2019-11-30 00:00:00", "data_fin": "9999-12-31 00:00:00", "ente_for": "REGIONE PIEMONTE", "ente_prod": "REGIONE PIEMONTE", "modo_prod": "banche dati esterne - catasto", "sc_acq": "1:2000", "edifc_ty": "generica", "edifc_uso": "commerciale", "edifc_stat": "costruito", "edifc_mon": "0", "edifc_nome": "", "edifc_idag": "", "edifc_ided": "", "source": "BDTRE edifc" }, "geometry": { "type": "Polygon", "coordinates": [ [ [ 7.68309, 45.07812 ], [ 7.68315, 45.07813 ], [ 7.68328, 45.07815 ], [ 7.68327, 45.07809 ], [ 7.68311, 45.07807 ], [ 7.68309, 45.07812 ] ] ] } },
{ "type": "Feature", "properties": { "uuid": "792b9b9f-735d-49aa-a49b-5cf4dacb4d23", "data_acq": "2019-11-30 00:00:00", "data_agg": "2019-11-30 00:00:00", "data_fin": "9999-12-31 00:00:00", "ente_for": "REGIONE PIEMONTE", "ente_prod": "REGIONE PIEMONTE", "modo_prod": "banche dati esterne - catasto", "sc_acq": "1:2000", "edifc_ty": "generica", "edifc_uso": "commerciale", "edifc_stat": "costruito", "edifc_mon": "0", "edifc_nome": "", "edifc_idag": "", "edifc_ided": "", "source": "BDTRE edifc" }, "geometry": { "type": "Polygon", "coordinates": [ [ [ 7.66874, 45.07974 ], [ 7.66874, 45.07974 ], [ 7.66864, 45.07977 ], [ 7.66864, 45.07978 ], [ 7.66851, 45.07982 ], [ 7.66844, 45.07971 ], [ 7.66879, 45.07959 ], [ 7.66887, 45.0797 ], [ 7.66874, 45.07974 ] ] ] } },
{ "type": "Feature", "properties": { "uuid": "70de1b74-582b-4e0e-95c4-99ffa16f9af0", "data_acq": "2019-11-30 00:00:00", "data_agg": "2019-11-30 00:00:00", "data_fin": "9999-12-31 00:00:00", "ente_for": "REGIONE PIEMONTE", "ente_prod": "REGIONE PIEMONTE", "modo_prod": "banche dati esterne - catasto", "sc_acq": "1:2000", "edifc_ty": "generica", "edifc_uso": "commerciale", "edifc_stat": "costruito", "edifc_mon": "0", "edifc_nome": "", "edifc_idag": "", "edifc_ided": "", "source": "BDTRE edifc" }, "geometry": { "type": "Polygon", "coordinates": [ [ [ 7.68063, 45.07238 ], [ 7.68051, 45.07242 ], [ 7.68034, 45.07249 ], [ 7.68037, 45.07254 ], [ 7.68039, 45.07253 ], [ 7.68042, 45.07257 ], [ 7.68042, 45.07258 ], [ 7.68042, 45.07258 ], [ 7.68045, 45.07261 ], [ 7.68045, 45.07261 ], [ 7.68048, 45.0726 ], [ 7.68045, 45.07257 ], [ 7.68054, 45.07253 ], [ 7.68057, 45.07257 ], [ 7.68056, 45.07257 ], [ 7.68059, 45.07261 ], [ 7.68068, 45.07271 ], [ 7.68077, 45.07268 ], [ 7.68078, 45.07268 ], [ 7.68082, 45.07266 ], [ 7.68084, 45.07266 ], [ 7.68081, 45.07263 ], [ 7.68073, 45.07252 ], [ 7.68072, 45.0725 ], [ 7.68063, 45.07238 ] ] ] } },
{ "type": "Feature", "properties": { "uuid": "903dca46-64df-4128-8aff-f511608cfdc6", "data_acq": "2019-11-30 00:00:00", "data_agg": "2019-11-30 00:00:00", "data_fin": "9999-12-31 00:00:00", "ente_for": "REGIONE PIEMONTE", "ente_prod": "REGIONE PIEMONTE", "modo_prod": "banche dati esterne - catasto", "sc_acq": "1:2000", "edifc_ty": "generica", "edifc_uso": "commerciale", "edifc_stat": "costruito", "edifc_mon": "0", "edifc_nome": "", "edifc_idag": "", "edifc_ided": "", "source": "BDTRE edifc" }, "geometry": { "type": "Polygon", "coordinates": [ [ [ 7.67856, 45.08499 ], [ 7.67844, 45.08506 ], [ 7.67841, 45.08504 ], [ 7.67829, 45.08494 ], [ 7.67842, 45.08488 ], [ 7.67846, 45.08491 ], [ 7.67856, 45.08499 ] ] ] } },
{ "type": "Feature", "properties": { "uuid": "0a687be6-5c7e-47c5-aa5a-a472f6a0152d", "data_acq": "2010-01-01 00:00:00", "data_agg": "2022-12-31 00:00:00", "data_fin": "9999-12-31 00:00:00", "ente_for": "REGIONE PIEMONTE", "ente_prod": "CSI PIEMONTE", "modo_prod": "rilievo speditivo - ortofoto", "sc_acq": "1:10000", "edifc_ty": "generica", "edifc_uso": "commerciale", "edifc_stat": "costruito", "edifc_mon": "0", "edifc_nome": "", "edifc_idag": "", "edifc_ided": "", "source": "BDTRE edifc" }, "geometry": { "type": "Polygon", "coordinates": [ [ [ 7.69246, 45.06753 ], [ 7.69247, 45.06753 ], [ 7.6925, 45.06757 ], [ 7.69224, 45.06766 ], [ 7.69221, 45.06762 ], [ 7.69246, 45.06753 ] ] ] } },
{ "type": "Feature", "properties": { "uuid": "14cf0439-ac8a-4efa-8e87-14da23c86415", "data_acq": "2019-11-30 00:00:00", "data_agg": "2019-11-30 00:00:00", "data_fin": "9999-12-31 00:00:00", "ente_for": "REGIONE PIEMONTE", "ente_prod": "REGIONE PIEMONTE", "modo_prod": "banche dati esterne - catasto", "sc_acq": "1:2000", "edifc_ty": "generica", "edifc_uso": "commerciale", "edifc_stat": "costruito", "edifc_mon": "0", "edifc_nome": "", "edifc_idag": "", "edifc_ided": "", "source": "BDTRE edifc" }, "geometry": { "type": "Polygon", "coordinates": [ [ [ 7.68055, 45.08316 ], [ 7.68068, 45.08312 ], [ 7.68072, 45.08319 ], [ 7.6806, 45.08323 ], [ 7.68055, 45.08316 ] ] ] } },
{ "type": "Feature", "properties": { "uuid": "647c873c-4ede-490e-9eed-1dc6707d50a7", "data_acq": "2019-11-30 00:00:00", "data_agg": "2019-11-30 00:00:00", "data_fin": "9999-12-31 00:00:00", "ente_for": "REGIONE PIEMONTE", "ente_prod": "REGIONE PIEMONTE", "modo_prod": "banche dati esterne - catasto", "sc_acq": "1:2000", "edifc_ty": "generica", "edifc_uso": "commerciale", "edifc_stat": "costruito", "edifc_mon": "0", "edifc_nome": "", "edifc_idag": "", "edifc_ided": "", "source": "BDTRE edifc" }, "geometry": { "type": "Polygon", "coordinates": [ [ [ 7.68817, 45.07583 ], [ 7.68819, 45.07585 ], [ 7.68824, 45.07592 ], [ 7.68816, 45.07595 ], [ 7.68809, 45.07585 ], [ 7.68817, 45.07583 ] ] ] } },
{ "type": "Feature", "properties": { "uuid": "f8d355af-a59d-4bd1-849e-c63b8c74dba8", "data_acq": "2019-11-30 00:00:00", "data_agg": "2019-11-30 00:00:00", "data_fin": "9999-12-31 00:00:00", "ente_for": "REGIONE PIEMONTE", "ente_prod": "REGIONE PIEMONTE", "modo_prod": "banche dati esterne - catasto", "sc_acq": "1:2000", "edifc_ty": "generica", "edifc_uso": "commerciale", "edifc_stat": "costruito", "edifc_mon": "0", "edifc_nome": "", "edifc_idag": "", "edifc_ided": "", "source": "BDTRE edifc" }, "geometry": { "type": "Polygon", "coordinates": [ [ [ 7.67929, 45.08392 ], [ 7.67926, 45.08393 ], [ 7.67925, 45.08391 ], [ 7.67928, 45.0839 ], [ 7.67929, 45.08392 ] ] ] } },
{ "type": "Feature", "properties": { "uuid": "6a1f597f-be0a-4bf8-b83f-17aa564c6f77", "data_acq": "2019-11-30 00:00:00", "data_agg": "2019-11-30 00:00:00", "data_fin": "9999-12-31 00:00:00", "ente_for": "REGIONE PIEMONTE", "ente_prod": "REGIONE PIEMONTE", "modo_prod": "banche dati esterne - catasto", "sc_acq": "1:2000", "edifc_ty": "generica", "edifc_uso": "commerciale", "edifc_stat": "costruito", "edifc_mon": "0", "edifc_nome": "", "edifc_idag": "", "edifc_ided": "", "source": "BDTRE edifc" }, "geometry": { "type": "Polygon", "coordinates": [ [ [ 7.6883, 45.07759 ], [ 7.68814, 45.07779 ], [ 7.68807, 45.07781 ], [ 7.68793, 45.07785 ], [ 7.68792, 45.07784 ], [ 7.68788, 45.07777 ], [ 7.68781, 45.07765 ], [ 7.68774, 45.07752 ], [ 7.68776, 45.0775 ], [ 7.68773, 45.0775 ], [ 7.68772, 45.07749 ], [ 7.68785, 45.07732 ], [ 7.68801, 45.07738 ], [ 7.68813, 45.07742 ], [ 7.68824, 45.07747 ], [ 7.68818, 45.07754 ], [ 7.68796, 45.07745 ], [ 7.68792, 45.0775 ], [ 7.68794, 45.07755 ], [ 7.68793, 45.07755 ], [ 7.68797, 45.07763 ], [ 7.68798, 45.07763 ], [ 7.688, 45.07766 ], [ 7.68799, 45.07766 ], [ 7.68802, 45.07773 ], [ 7.68811, 45.0777 ], [ 7.68813, 45.07767 ], [ 7.68815, 45.07768 ], [ 7.6883, 45.07749 ], [ 7.68831, 45.0775 ], [ 7.68836, 45.07751 ], [ 7.6883, 45.07759 ] ] ] } },
{ "type": "Feature", "properties": { "uuid": "45c2f2b3-8b22-405f-b3af-af667b26a867", "data_acq": "2019-11-30 00:00:00", "data_agg": "2019-11-30 00:00:00", "data_fin": "9999-12-31 00:00:00", "ente_for": "REGIONE PIEMONTE", "ente_prod": "REGIONE PIEMONTE", "modo_prod": "banche dati esterne - catasto", "sc_acq": "1:2000", "edifc_ty": "generica", "edifc_uso": "commerciale", "edifc_stat": "costruito", "edifc_mon": "0", "edifc_nome": "", "edifc_idag": "", "edifc_ided": "", "source": "BDTRE edifc" }, "geometry": { "type": "Polygon", "coordinates": [ [ [ 7.68344, 45.07009 ], [ 7.68343, 45.07009 ], [ 7.68343, 45.07008 ], [ 7.68342, 45.07007 ], [ 7.6834, 45.07004 ], [ 7.68334, 45.06994 ], [ 7.68322, 45.06978 ], [ 7.68304, 45.06951 ], [ 7.68301, 45.06953 ], [ 7.68298, 45.06954 ], [ 7.68297, 45.06954 ], [ 7.68297, 45.06954 ], [ 7.68291, 45.06956 ], [ 7.68285, 45.06958 ], [ 7.68285, 45.06959 ], [ 7.68285, 45.06959 ], [ 7.68282, 45.0696 ], [ 7.68279, 45.06961 ], [ 7.68278, 45.06961 ], [ 7.68278, 45.06961 ], [ 7.68277, 45.06962 ], [ 7.68287, 45.06975 ], [ 7.68285, 45.06976 ], [ 7.68279, 45.06978 ], [ 7.68282, 45.06982 ], [ 7.68289, 45.06979 ], [ 7.6829, 45.06979 ], [ 7.68291, 45.06979 ], [ 7.68298, 45.06988 ], [ 7.6829, 45.06991 ], [ 7.68297, 45.07 ], [ 7.68302, 45.06998 ], [ 7.68305, 45.06996 ], [ 7.68305, 45.06996 ], [ 7.68318, 45.07012 ], [ 7.68327, 45.07009 ], [ 7.68333, 45.07007 ], [ 7.68336, 45.07011 ], [ 7.6834, 45.0701 ], [ 7.68344, 45.07009 ], [ 7.68344, 45.07009 ] ] ] } },
{ "type": "Feature", "properties": { "uuid": "89c955c2-2f10-4fd3-8bd1-575282af54f3", "data_acq": "2019-11-30 00:00:00", "data_agg": "2019-11-30 00:00:00", "data_fin": "9999-12-31 00:00:00", "ente_for": "REGIONE PIEMONTE", "ente_prod": "REGIONE PIEMONTE", "modo_prod": "banche dati esterne - catasto", "sc_acq": "1:2000", "edifc_ty": "generica", "edifc_uso": "commerciale", "edifc_stat": "costruito", "edifc_mon": "0", "edifc_nome": "", "edifc_idag": "", "edifc_ided": "", "source": "BDTRE edifc" }, "geometry": { "type": "Polygon", "coordinates": [ [ [ 7.68972, 45.08402 ], [ 7.68973, 45.08402 ], [ 7.68972, 45.08405 ], [ 7.68971, 45.08405 ], [ 7.68972, 45.08402 ] ] ] } },
{ "type": "Feature", "properties": { "uuid": "399ed39c-d861-4208-8e34-f1a917feb4d3", "data_acq": "2019-11-30 00:00:00", "data_agg": "2019-11-30 00:00:00", "data_fin": "9999-12-31 00:00:00", "ente_for": "REGIONE PIEMONTE", "ente_prod": "REGIONE PIEMONTE", "modo_prod": "banche dati esterne - catasto", "sc_acq": "1:2000", "edifc_ty": "generica", "edifc_uso": "commerciale", "edifc_stat": "costruito", "edifc_mon": "0", "edifc_nome": "", "edifc_idag": "", "edifc_ided": "", "source": "BDTRE edifc" }, "geometry": { "type": "Polygon", "coordinates": [ [ [ 7.66842, 45.07827 ], [ 7.66843, 45.07826 ], [ 7.66853, 45.07833 ], [ 7.66853, 45.07833 ], [ 7.66848, 45.07836 ], [ 7.6684, 45.0783 ], [ 7.66838, 45.07829 ], [ 7.66842, 45.07827 ] ] ] } },
{ "type": "Feature", "properties": { "uuid": "38c4e9c2-bc09-479a-b5d5-e07605e19175", "data_acq": "2019-11-30 00:00:00", "data_agg": "2019-11-30 00:00:00", "data_fin": "9999-12-31 00:00:00", "ente_for": "REGIONE PIEMONTE", "ente_prod": "REGIONE PIEMONTE", "modo_prod": "banche dati esterne - catasto", "sc_acq": "1:2000", "edifc_ty": "generica", "edifc_uso": "commerciale", "edifc_stat": "costruito", "edifc_mon": "0", "edifc_nome": "", "edifc_idag": "", "edifc_ided": "", "source": "BDTRE edifc" }, "geometry": { "type": "Polygon", "coordinates": [ [ [ 7.68255, 45.08443 ], [ 7.68253, 45.08441 ], [ 7.68253, 45.0844 ], [ 7.68255, 45.08439 ], [ 7.6826, 45.08436 ], [ 7.68263, 45.08439 ], [ 7.68258, 45.08441 ], [ 7.68255, 45.08443 ] ] ] } },
{ "type": "Feature", "properties": { "uuid": "6f7bd424-293e-4f5d-b881-2c5946518fcb", "data_acq": "2019-11-30 00:00:00", "data_agg": "2019-11-30 00:00:00", "data_fin": "9999-12-31 00:00:00", "ente_for": "REGIONE PIEMONTE", "ente_prod": "REGIONE PIEMONTE", "modo_prod": "banche dati esterne - catasto", "sc_acq": "1:2000", "edifc_ty": "generica", "edifc_uso": "commerciale", "edifc_stat": "costruito", "edifc_mon": "0", "edifc_nome": "", "edifc_idag": "", "edifc_ided": "", "source": "BDTRE edifc" }, "geometry": { "type": "Polygon", "coordinates": [ [ [ 7.69179, 45.08399 ], [ 7.6918, 45.08399 ], [ 7.6918, 45.08399 ], [ 7.6918, 45.08399 ], [ 7.6918, 45.08399 ], [ 7.69181, 45.08399 ], [ 7.69181, 45.08399 ], [ 7.69181, 45.084 ], [ 7.69181, 45.084 ], [ 7.69181, 45.084 ], [ 7.69181, 45.084 ], [ 7.69181, 45.084 ], [ 7.69181, 45.084 ], [ 7.69181, 45.08401 ], [ 7.69181, 45.08401 ], [ 7.69181, 45.08401 ], [ 7.6918, 45.08401 ], [ 7.6918, 45.08401 ], [ 7.6918, 45.08401 ], [ 7.69179, 45.08401 ], [ 7.69179, 45.08401 ], [ 7.69179, 45.08401 ], [ 7.69179, 45.08401 ], [ 7.69178, 45.08401 ], [ 7.69178, 45.08401 ], [ 7.69178, 45.08401 ], [ 7.69178, 45.08401 ], [ 7.69177, 45.08401 ], [ 7.69177, 45.08401 ], [ 7.69177, 45.08401 ], [ 7.69177, 45.08401 ], [ 7.69177, 45.084 ], [ 7.69177, 45.084 ], [ 7.69177, 45.084 ], [ 7.69177, 45.084 ], [ 7.69177, 45.084 ], [ 7.69177, 45.08399 ], [ 7.69177, 45.08399 ], [ 7.69178, 45.08399 ], [ 7.69178, 45.08399 ], [ 7.69178, 45.08399 ], [ 7.69179, 45.08399 ], [ 7.69179, 45.08399 ] ] ] } },
{ "type": "Feature", "properties": { "uuid": "699ccf6c-b793-4e6e-bae0-4d63794f8f59", "data_acq": "2019-11-30 00:00:00", "data_agg": "2019-11-30 00:00:00", "data_fin": "9999-12-31 00:00:00", "ente_for": "REGIONE PIEMONTE", "ente_prod": "REGIONE PIEMONTE", "modo_prod": "banche dati esterne - catasto", "sc_acq": "1:2000", "edifc_ty": "generica", "edifc_uso": "commerciale", "edifc_stat": "costruito", "edifc_mon": "0", "edifc_nome": "", "edifc_idag": "", "edifc_ided": "", "source": "BDTRE edifc" }, "geometry": { "type": "Polygon", "coordinates": [ [ [ 7.69238, 45.08412 ], [ 7.69251, 45.08432 ], [ 7.69242, 45.08436 ], [ 7.69228, 45.08415 ], [ 7.69238, 45.08412 ] ] ] } },
{ "type": "Feature", "properties": { "uuid": "992359df-5493-4327-92f7-06bafb03e5ba", "data_acq": "2019-11-30 00:00:00", "data_agg": "2019-11-30 00:00:00", "data_fin": "9999-12-31 00:00:00", "ente_for": "REGIONE PIEMONTE", "ente_prod": "REGIONE PIEMONTE", "modo_prod": "banche dati esterne - catasto", "sc_acq": "1:2000", "edifc_ty": "generica", "edifc_uso": "commerciale", "edifc_stat": "costruito", "edifc_mon": "0", "edifc_nome": "", "edifc_idag": "", "edifc_ided": "", "source": "BDTRE edifc" }, "geometry": { "type": "Polygon", "coordinates": [ [ [ 7.67096, 45.07922 ], [ 7.67095, 45.07922 ], [ 7.67082, 45.07926 ], [ 7.67084, 45.07929 ], [ 7.67087, 45.07928 ], [ 7.67088, 45.07929 ], [ 7.67091, 45.07928 ], [ 7.67114, 45.07959 ], [ 7.67121, 45.07957 ], [ 7.67112, 45.07944 ], [ 7.67101, 45.07929 ], [ 7.67096, 45.07922 ] ] ] } },
{ "type": "Feature", "properties": { "uuid": "56f1dc39-ece1-440d-8b31-cace2f00d968", "data_acq": "2019-11-30 00:00:00", "data_agg": "2019-11-30 00:00:00", "data_fin": "9999-12-31 00:00:00", "ente_for": "REGIONE PIEMONTE", "ente_prod": "REGIONE PIEMONTE", "modo_prod": "banche dati esterne - catasto", "sc_acq": "1:2000", "edifc_ty": "generica", "edifc_uso": "commerciale", "edifc_stat": "costruito", "edifc_mon": "0", "edifc_nome": "", "edifc_idag": "", "edifc_ided": "", "source": "BDTRE edifc" }, "geometry": { "type": "Polygon", "coordinates": [ [ [ 7.69141, 45.08423 ], [ 7.69126, 45.08428 ], [ 7.69121, 45.08421 ], [ 7.69122, 45.0842 ], [ 7.69129, 45.08418 ], [ 7.69129, 45.08418 ], [ 7.69127, 45.08415 ], [ 7.69135, 45.08413 ], [ 7.69141, 45.08423 ] ] ] } },
{ "type": "Feature", "properties": { "uuid": "cf697c47-3334-4305-9c8a-1a06cc22c246", "data_acq": "2019-11-30 00:00:00", "data_agg": "2019-11-30 00:00:00", "data_fin": "9999-12-31 00:00:00", "ente_for": "REGIONE PIEMONTE", "ente_prod": "REGIONE PIEMONTE", "modo_prod": "banche dati esterne - catasto", "sc_acq": "1:2000", "edifc_ty": "generica", "edifc_uso": "commerciale", "edifc_stat": "costruito", "edifc_mon": "0", "edifc_nome": "", "edifc_idag": "", "edifc_ided": "", "source": "BDTRE edifc" }, "geometry": { "type": "Polygon", "coordinates": [ [ [ 7.66541, 45.07776 ], [ 7.6652, 45.07784 ], [ 7.66515, 45.07785 ], [ 7.66521, 45.07793 ], [ 7.66526, 45.07792 ], [ 7.66522, 45.07787 ], [ 7.66537, 45.07782 ], [ 7.6654, 45.07787 ], [ 7.66547, 45.07784 ], [ 7.66541, 45.07776 ], [ 7.66541, 45.07776 ] ] ] } },
{ "type": "Feature", "properties": { "uuid": "cd753c1c-fc48-40af-a443-75abe2a222f8", "data_acq": "2019-11-30 00:00:00", "data_agg": "2019-11-30 00:00:00", "data_fin": "9999-12-31 00:00:00", "ente_for": "REGIONE PIEMONTE", "ente_prod": "REGIONE PIEMONTE", "modo_prod": "banche dati esterne - catasto", "sc_acq": "1:2000", "edifc_ty": "generica", "edifc_uso": "commerciale", "edifc_stat": "costruito", "edifc_mon": "0", "edifc_nome": "", "edifc_idag": "", "edifc_ided": "", "source": "BDTRE edifc" }, "geometry": { "type": "Polygon", "coordinates": [ [ [ 7.69384, 45.06967 ], [ 7.6939, 45.06975 ], [ 7.69391, 45.06974 ], [ 7.69394, 45.06975 ], [ 7.69385, 45.06984 ], [ 7.69382, 45.06983 ], [ 7.69375, 45.06985 ], [ 7.69366, 45.06973 ], [ 7.69376, 45.06969 ], [ 7.69378, 45.06969 ], [ 7.69384, 45.06967 ] ] ] } },
{ "type": "Feature", "properties": { "uuid": "81fd96b6-5756-4c19-b291-bdfe94a1823b", "data_acq": "2019-11-30 00:00:00", "data_agg": "2019-11-30 00:00:00", "data_fin": "9999-12-31 00:00:00", "ente_for": "REGIONE PIEMONTE", "ente_prod": "REGIONE PIEMONTE", "modo_prod": "banche dati esterne - catasto", "sc_acq": "1:2000", "edifc_ty": "generica", "edifc_uso": "commerciale", "edifc_stat": "costruito", "edifc_mon": "0", "edifc_nome": "", "edifc_idag": "", "edifc_ided": "", "source": "BDTRE edifc" }, "geometry": { "type": "Polygon", "coordinates": [ [ [ 7.68266, 45.06499 ], [ 7.68257, 45.06502 ], [ 7.68257, 45.06502 ], [ 7.6825, 45.06505 ], [ 7.6824, 45.06509 ], [ 7.68236, 45.06504 ], [ 7.68243, 45.06501 ], [ 7.68255, 45.06497 ], [ 7.68257, 45.06497 ], [ 7.68255, 45.06493 ], [ 7.68254, 45.06492 ], [ 7.68258, 45.0649 ], [ 7.6826, 45.0649 ], [ 7.68262, 45.06493 ], [ 7.68266, 45.06498 ], [ 7.68266, 45.06499 ] ] ] } },
{ "type": "Feature", "properties": { "uuid": "b55dcce9-bc6b-4b1c-892c-5dc602dde8c0", "data_acq": "2019-11-30 00:00:00", "data_agg": "2019-11-30 00:00:00", "data_fin": "9999-12-31 00:00:00", "ente_for": "REGIONE PIEMONTE", "ente_prod": "REGIONE PIEMONTE", "modo_prod": "banche dati esterne - catasto", "sc_acq": "1:2000", "edifc_ty": "generica", "edifc_uso": "commerciale", "edifc_stat": "costruito", "edifc_mon": "0", "edifc_nome": "", "edifc_idag": "", "edifc_ided": "", "source": "BDTRE edifc" }, "geometry": { "type": "Polygon", "coordinates": [ [ [ 7.66652, 45.08186 ], [ 7.6665, 45.08183 ], [ 7.6665, 45.08183 ], [ 7.66658, 45.0818 ], [ 7.66659, 45.08182 ], [ 7.6666, 45.08184 ], [ 7.66652, 45.08186 ] ] ] } },
{ "type": "Feature", "properties": { "uuid": "6b68dbb8-9d21-44dc-9719-a22f42e0eae9", "data_acq": "2019-11-30 00:00:00", "data_agg": "2019-11-30 00:00:00", "data_fin": "9999-12-31 00:00:00", "ente_for": "REGIONE PIEMONTE", "ente_prod": "REGIONE PIEMONTE", "modo_prod": "banche dati esterne - catasto", "sc_acq": "1:2000", "edifc_ty": "generica", "edifc_uso": "commerciale", "edifc_stat": "costruito", "edifc_mon": "0", "edifc_nome": "", "edifc_idag": "", "edifc_ided": "", "source": "BDTRE edifc" }, "geometry": { "type": "Polygon", "coordinates": [ [ [ 7.69179, 45.08114 ], [ 7.69181, 45.08112 ], [ 7.69184, 45.08113 ], [ 7.69181, 45.08116 ], [ 7.69192, 45.08121 ], [ 7.69177, 45.08127 ], [ 7.6917, 45.08124 ], [ 7.69179, 45.08114 ] ] ] } },
{ "type": "Feature", "properties": { "uuid": "d333adc3-c4c6-47bc-a569-f514be6664e8", "data_acq": "2019-11-30 00:00:00", "data_agg": "2019-11-30 00:00:00", "data_fin": "9999-12-31 00:00:00", "ente_for": "REGIONE PIEMONTE", "ente_prod": "REGIONE PIEMONTE", "modo_prod": "banche dati esterne - catasto", "sc_acq": "1:2000", "edifc_ty": "generica", "edifc_uso": "commerciale", "edifc_stat": "costruito", "edifc_mon": "0", "edifc_nome": "", "edifc_idag": "", "edifc_ided": "", "source": "BDTRE edifc" }, "geometry": { "type": "Polygon", "coordinates": [ [ [ 7.68346, 45.08406 ], [ 7.68337, 45.08409 ], [ 7.68336, 45.08409 ], [ 7.68325, 45.08393 ], [ 7.68315, 45.084 ], [ 7.68296, 45.08411 ], [ 7.68295, 45.08411 ], [ 7.68286, 45.08417 ], [ 7.68267, 45.08429 ], [ 7.68267, 45.08429 ], [ 7.68243, 45.08444 ], [ 7.68237, 45.08439 ], [ 7.68255, 45.08427 ], [ 7.68293, 45.08402 ], [ 7.68329, 45.0838 ], [ 7.68336, 45.0839 ], [ 7.68346, 45.08406 ] ] ] } },
{ "type": "Feature", "properties": { "uuid": "908aa132-76b8-4a46-85dd-7ebb993dea4a", "data_acq": "2019-11-30 00:00:00", "data_agg": "2019-11-30 00:00:00", "data_fin": "9999-12-31 00:00:00", "ente_for": "REGIONE PIEMONTE", "ente_prod": "REGIONE PIEMONTE", "modo_prod": "banche dati esterne - catasto", "sc_acq": "1:2000", "edifc_ty": "generica", "edifc_uso": "commerciale", "edifc_stat": "costruito", "edifc_mon": "0", "edifc_nome": "", "edifc_idag": "", "edifc_ided": "", "source": "BDTRE edifc" }, "geometry": { "type": "Polygon", "coordinates": [ [ [ 7.6695, 45.06774 ], [ 7.66947, 45.06769 ], [ 7.66946, 45.06768 ], [ 7.6694, 45.06771 ], [ 7.66944, 45.06776 ], [ 7.6695, 45.06774 ], [ 7.6695, 45.06774 ] ] ] } },
{ "type": "Feature", "properties": { "uuid": "c3a5ffee-1618-458a-8212-da8a08ec8324", "data_acq": "2019-11-30 00:00:00", "data_agg": "2019-11-30 00:00:00", "data_fin": "9999-12-31 00:00:00", "ente_for": "REGIONE PIEMONTE", "ente_prod": "REGIONE PIEMONTE", "modo_prod": "banche dati esterne - catasto", "sc_acq": "1:2000", "edifc_ty": "generica", "edifc_uso": "commerciale", "edifc_stat": "costruito", "edifc_mon": "0", "edifc_nome": "", "edifc_idag": "", "edifc_ided": "", "source": "BDTRE edifc" }, "geometry": { "type": "Polygon", "coordinates": [ [ [ 7.66769, 45.07927 ], [ 7.66782, 45.07941 ], [ 7.66777, 45.07943 ], [ 7.66766, 45.0793 ], [ 7.66768, 45.07929 ], [ 7.66768, 45.07929 ], [ 7.66767, 45.07928 ], [ 7.66768, 45.07928 ], [ 7.66767, 45.07927 ], [ 7.66767, 45.07927 ], [ 7.66768, 45.07926 ], [ 7.66769, 45.07927 ] ] ] } },
{ "type": "Feature", "properties": { "uuid": "997d409f-e400-4225-bcb0-2d663c595e27", "data_acq": "2019-11-30 00:00:00", "data_agg": "2019-11-30 00:00:00", "data_fin": "9999-12-31 00:00:00", "ente_for": "REGIONE PIEMONTE", "ente_prod": "REGIONE PIEMONTE", "modo_prod": "banche dati esterne - catasto", "sc_acq": "1:2000", "edifc_ty": "generica", "edifc_uso": "commerciale", "edifc_stat": "costruito", "edifc_mon": "0", "edifc_nome": "", "edifc_idag": "", "edifc_ided": "", "source": "BDTRE edifc" }, "geometry": { "type": "Polygon", "coordinates": [ [ [ 7.66553, 45.07351 ], [ 7.66549, 45.07344 ], [ 7.66543, 45.07347 ], [ 7.6655, 45.07357 ], [ 7.66544, 45.0736 ], [ 7.66548, 45.07366 ], [ 7.66555, 45.07363 ], [ 7.66555, 45.07363 ], [ 7.66558, 45.07362 ], [ 7.66561, 45.07361 ], [ 7.66553, 45.07351 ] ] ] } },
{ "type": "Feature", "properties": { "uuid": "288da4fb-116a-497a-86a5-3749975b7a97", "data_acq": "2019-11-30 00:00:00", "data_agg": "2019-11-30 00:00:00", "data_fin": "9999-12-31 00:00:00", "ente_for": "REGIONE PIEMONTE", "ente_prod": "REGIONE PIEMONTE", "modo_prod": "banche dati esterne - catasto", "sc_acq": "1:2000", "edifc_ty": "generica", "edifc_uso": "commerciale", "edifc_stat": "costruito", "edifc_mon": "0", "edifc_nome": "", "edifc_idag": "", "edifc_ided": "", "source": "BDTRE edifc" }, "geometry": { "type": "Polygon", "coordinates": [ [ [ 7.69002, 45.0835 ], [ 7.68992, 45.08349 ], [ 7.68988, 45.08348 ], [ 7.68978, 45.08347 ], [ 7.68976, 45.08346 ], [ 7.68977, 45.08344 ], [ 7.68974, 45.08344 ], [ 7.68976, 45.08338 ], [ 7.68987, 45.0834 ], [ 7.68986, 45.08344 ], [ 7.69001, 45.08346 ], [ 7.69002, 45.08346 ], [ 7.69003, 45.08347 ], [ 7.69002, 45.0835 ] ] ] } },
{ "type": "Feature", "properties": { "uuid": "a2992e5a-a9dd-4cfa-b6b9-eb32d1bc9981", "data_acq": "2019-11-30 00:00:00", "data_agg": "2019-11-30 00:00:00", "data_fin": "9999-12-31 00:00:00", "ente_for": "REGIONE PIEMONTE", "ente_prod": "REGIONE PIEMONTE", "modo_prod": "banche dati esterne - catasto", "sc_acq": "1:2000", "edifc_ty": "generica", "edifc_uso": "commerciale", "edifc_stat": "costruito", "edifc_mon": "0", "edifc_nome": "", "edifc_idag": "", "edifc_ided": "", "source": "BDTRE edifc" }, "geometry": { "type": "Polygon", "coordinates": [ [ [ 7.67004, 45.08038 ], [ 7.67004, 45.08037 ], [ 7.67019, 45.08032 ], [ 7.67019, 45.08033 ], [ 7.67019, 45.08033 ], [ 7.67059, 45.08019 ], [ 7.67037, 45.07988 ], [ 7.67018, 45.07993 ], [ 7.67, 45.07997 ], [ 7.67, 45.07997 ], [ 7.6699, 45.08 ], [ 7.66981, 45.08002 ], [ 7.66981, 45.08002 ], [ 7.66981, 45.08002 ], [ 7.6698, 45.08002 ], [ 7.66973, 45.08004 ], [ 7.66965, 45.08006 ], [ 7.66965, 45.08006 ], [ 7.66959, 45.08007 ], [ 7.66952, 45.08009 ], [ 7.66952, 45.08009 ], [ 7.66952, 45.08009 ], [ 7.66952, 45.08009 ], [ 7.66944, 45.08011 ], [ 7.66937, 45.08013 ], [ 7.66963, 45.08051 ], [ 7.66987, 45.08043 ], [ 7.67004, 45.08038 ], [ 7.67004, 45.08038 ] ], [ [ 7.67016, 45.08026 ], [ 7.67016, 45.08026 ], [ 7.67017, 45.08027 ], [ 7.67001, 45.08033 ], [ 7.66997, 45.08026 ], [ 7.67006, 45.08023 ], [ 7.67006, 45.08023 ], [ 7.67007, 45.08022 ], [ 7.67008, 45.08021 ], [ 7.67008, 45.08021 ], [ 7.67008, 45.0802 ], [ 7.67007, 45.08019 ], [ 7.67007, 45.08018 ], [ 7.67006, 45.08018 ], [ 7.67004, 45.08017 ], [ 7.67003, 45.08017 ], [ 7.67002, 45.08017 ], [ 7.66998, 45.08018 ], [ 7.66991, 45.08007 ], [ 7.67014, 45.08001 ], [ 7.67014, 45.08 ], [ 7.67024, 45.07998 ], [ 7.67038, 45.08017 ], [ 7.67019, 45.08023 ], [ 7.6702, 45.08024 ], [ 7.6702, 45.08024 ], [ 7.67016, 45.08026 ] ] ] } },
{ "type": "Feature", "properties": { "uuid": "9720681f-4903-4d5d-94a2-0291d2146f83", "data_acq": "2019-11-30 00:00:00", "data_agg": "2019-11-30 00:00:00", "data_fin": "9999-12-31 00:00:00", "ente_for": "REGIONE PIEMONTE", "ente_prod": "REGIONE PIEMONTE", "modo_prod": "banche dati esterne - catasto", "sc_acq": "1:2000", "edifc_ty": "generica", "edifc_uso": "commerciale", "edifc_stat": "costruito", "edifc_mon": "0", "edifc_nome": "", "edifc_idag": "", "edifc_ided": "", "source": "BDTRE edifc" }, "geometry": { "type": "Polygon", "coordinates": [ [ [ 7.67329, 45.08245 ], [ 7.67329, 45.08245 ], [ 7.67325, 45.08247 ], [ 7.67322, 45.08248 ], [ 7.67319, 45.08244 ], [ 7.67333, 45.08239 ], [ 7.6733, 45.08234 ], [ 7.67335, 45.08232 ], [ 7.67342, 45.08241 ], [ 7.67336, 45.08243 ], [ 7.67329, 45.08245 ] ] ] } },
{ "type": "Feature", "properties": { "uuid": "e6cc40dc-bb0f-48ae-a772-b128c6ae08a3", "data_acq": "2019-11-30 00:00:00", "data_agg": "2019-11-30 00:00:00", "data_fin": "9999-12-31 00:00:00", "ente_for": "REGIONE PIEMONTE", "ente_prod": "REGIONE PIEMONTE", "modo_prod": "banche dati esterne - catasto", "sc_acq": "1:2000", "edifc_ty": "generica", "edifc_uso": "commerciale", "edifc_stat": "costruito", "edifc_mon": "0", "edifc_nome": "", "edifc_idag": "", "edifc_ided": "", "source": "BDTRE edifc" }, "geometry": { "type": "Polygon", "coordinates": [ [ [ 7.66619, 45.08395 ], [ 7.66628, 45.08392 ], [ 7.66632, 45.084 ], [ 7.6663, 45.08401 ], [ 7.66625, 45.08403 ], [ 7.66623, 45.08403 ], [ 7.66623, 45.08403 ], [ 7.66621, 45.08399 ], [ 7.66619, 45.08395 ] ] ] } },
{ "type": "Feature", "properties": { "uuid": "2357a895-1c35-4082-ae61-8c16d2676fa4", "data_acq": "2019-11-30 00:00:00", "data_agg": "2019-11-30 00:00:00", "data_fin": "9999-12-31 00:00:00", "ente_for": "REGIONE PIEMONTE", "ente_prod": "REGIONE PIEMONTE", "modo_prod": "banche dati esterne - catasto", "sc_acq": "1:2000", "edifc_ty": "generica", "edifc_uso": "commerciale", "edifc_stat": "costruito", "edifc_mon": "0", "edifc_nome": "", "edifc_idag": "", "edifc_ided": "", "source": "BDTRE edifc" }, "geometry": { "type": "Polygon", "coordinates": [ [ [ 7.6697, 45.07039 ], [ 7.66966, 45.07034 ], [ 7.66961, 45.07026 ], [ 7.66956, 45.0702 ], [ 7.66983, 45.0701 ], [ 7.66991, 45.07021 ], [ 7.66981, 45.07025 ], [ 7.66981, 45.07025 ], [ 7.6698, 45.07026 ], [ 7.66985, 45.07034 ], [ 7.6697, 45.07039 ] ] ] } },
{ "type": "Feature", "properties": { "uuid": "3da28ad4-0d0d-4e4e-89bb-7751b9055cd2", "data_acq": "2019-11-30 00:00:00", "data_agg": "2019-11-30 00:00:00", "data_fin": "9999-12-31 00:00:00", "ente_for": "REGIONE PIEMONTE", "ente_prod": "REGIONE PIEMONTE", "modo_prod": "banche dati esterne - catasto", "sc_acq": "1:2000", "edifc_ty": "generica", "edifc_uso": "commerciale", "edifc_stat": "costruito", "edifc_mon": "0", "edifc_nome": "", "edifc_idag": "", "edifc_ided": "", "source": "BDTRE edifc" }, "geometry": { "type": "Polygon", "coordinates": [ [ [ 7.69343, 45.07836 ], [ 7.69344, 45.07836 ], [ 7.69344, 45.07836 ], [ 7.69343, 45.07837 ], [ 7.69343, 45.07837 ], [ 7.69335, 45.07834 ], [ 7.69336, 45.07833 ], [ 7.69343, 45.07836 ] ] ] } },
{ "type": "Feature", "properties": { "uuid": "ca853f02-9188-4484-8d97-b03603b2782c", "data_acq": "2019-11-30 00:00:00", "data_agg": "2019-11-30 00:00:00", "data_fin": "9999-12-31 00:00:00", "ente_for": "REGIONE PIEMONTE", "ente_prod": "REGIONE PIEMONTE", "modo_prod": "banche dati esterne - catasto", "sc_acq": "1:2000", "edifc_ty": "generica", "edifc_uso": "commerciale", "edifc_stat": "costruito", "edifc_mon": "0", "edifc_nome": "", "edifc_idag": "", "edifc_ided": "", "source": "BDTRE edifc" }, "geometry": { "type": "Polygon", "coordinates": [ [ [ 7.67445, 45.08213 ], [ 7.67439, 45.08204 ], [ 7.67436, 45.082 ], [ 7.67434, 45.082 ], [ 7.67431, 45.08201 ], [ 7.67435, 45.08206 ], [ 7.67422, 45.0821 ], [ 7.67424, 45.08213 ], [ 7.67428, 45.08219 ], [ 7.6744, 45.08215 ], [ 7.67445, 45.08213 ] ] ] } },
{ "type": "Feature", "properties": { "uuid": "395bf4f6-dd40-423e-9829-8604f22d3f3d", "data_acq": "2019-11-30 00:00:00", "data_agg": "2019-11-30 00:00:00", "data_fin": "9999-12-31 00:00:00", "ente_for": "REGIONE PIEMONTE", "ente_prod": "REGIONE PIEMONTE", "modo_prod": "banche dati esterne - catasto", "sc_acq": "1:2000", "edifc_ty": "generica", "edifc_uso": "commerciale", "edifc_stat": "costruito", "edifc_mon": "0", "edifc_nome": "", "edifc_idag": "", "edifc_ided": "", "source": "BDTRE edifc" }, "geometry": { "type": "Polygon", "coordinates": [ [ [ 7.68473, 45.07138 ], [ 7.68476, 45.07137 ], [ 7.68478, 45.07138 ], [ 7.68479, 45.0714 ], [ 7.68479, 45.07141 ], [ 7.68476, 45.07142 ], [ 7.68474, 45.07142 ], [ 7.68473, 45.07139 ], [ 7.68473, 45.07138 ] ] ] } },
{ "type": "Feature", "properties": { "uuid": "506cf25a-50c6-4a8c-9eee-1ae7eb23a6d8", "data_acq": "2019-11-30 00:00:00", "data_agg": "2019-11-30 00:00:00", "data_fin": "9999-12-31 00:00:00", "ente_for": "REGIONE PIEMONTE", "ente_prod": "REGIONE PIEMONTE", "modo_prod": "banche dati esterne - catasto", "sc_acq": "1:2000", "edifc_ty": "generica", "edifc_uso": "commerciale", "edifc_stat": "costruito", "edifc_mon": "0", "edifc_nome": "", "edifc_idag": "", "edifc_ided": "", "source": "BDTRE edifc" }, "geometry": { "type": "Polygon", "coordinates": [ [ [ 7.68438, 45.06721 ], [ 7.68447, 45.06718 ], [ 7.68459, 45.06713 ], [ 7.68463, 45.06718 ], [ 7.68467, 45.06724 ], [ 7.6847, 45.06728 ], [ 7.68471, 45.0673 ], [ 7.68463, 45.06733 ], [ 7.68464, 45.06734 ], [ 7.68464, 45.06734 ], [ 7.68448, 45.0674 ], [ 7.68447, 45.06739 ], [ 7.68439, 45.06742 ], [ 7.68433, 45.06733 ], [ 7.6843, 45.06729 ], [ 7.68439, 45.06726 ], [ 7.68436, 45.06722 ], [ 7.68438, 45.06721 ] ] ] } },
{ "type": "Feature", "properties": { "uuid": "a6342729-27fe-469d-9c04-7ef0ea7a5684", "data_acq": "2019-11-30 00:00:00", "data_agg": "2019-11-30 00:00:00", "data_fin": "9999-12-31 00:00:00", "ente_for": "REGIONE PIEMONTE", "ente_prod": "REGIONE PIEMONTE", "modo_prod": "banche dati esterne - catasto", "sc_acq": "1:2000", "edifc_ty": "generica", "edifc_uso": "commerciale", "edifc_stat": "costruito", "edifc_mon": "0", "edifc_nome": "", "edifc_idag": "", "edifc_ided": "", "source": "BDTRE edifc" }, "geometry": { "type": "Polygon", "coordinates": [ [ [ 7.67852, 45.08111 ], [ 7.67877, 45.08146 ], [ 7.67865, 45.0815 ], [ 7.6784, 45.08115 ], [ 7.67852, 45.08111 ] ] ] } },
{ "type": "Feature", "properties": { "uuid": "6e331c64-9c16-46bc-8dd0-e7dd9c83962b", "data_acq": "2019-11-30 00:00:00", "data_agg": "2019-11-30 00:00:00", "data_fin": "9999-12-31 00:00:00", "ente_for": "REGIONE PIEMONTE", "ente_prod": "REGIONE PIEMONTE", "modo_prod": "banche dati esterne - catasto", "sc_acq": "1:2000", "edifc_ty": "generica", "edifc_uso": "commerciale", "edifc_stat": "costruito", "edifc_mon": "0", "edifc_nome": "", "edifc_idag": "", "edifc_ided": "", "source": "BDTRE edifc" }, "geometry": { "type": "Polygon", "coordinates": [ [ [ 7.67147, 45.06813 ], [ 7.67123, 45.06776 ], [ 7.67123, 45.06776 ], [ 7.67122, 45.06776 ], [ 7.67122, 45.06776 ], [ 7.67101, 45.06784 ], [ 7.671, 45.06783 ], [ 7.67087, 45.06788 ], [ 7.67087, 45.06789 ], [ 7.67065, 45.06797 ], [ 7.6709, 45.06832 ], [ 7.67091, 45.06833 ], [ 7.67105, 45.06828 ], [ 7.6709, 45.06806 ], [ 7.67094, 45.06804 ], [ 7.67097, 45.06803 ], [ 7.67098, 45.06803 ], [ 7.67097, 45.06801 ], [ 7.67105, 45.06798 ], [ 7.67105, 45.06798 ], [ 7.67105, 45.06798 ], [ 7.67105, 45.06798 ], [ 7.67108, 45.06797 ], [ 7.67108, 45.06797 ], [ 7.67116, 45.06794 ], [ 7.67133, 45.06818 ], [ 7.67147, 45.06813 ] ] ] } },
{ "type": "Feature", "properties": { "uuid": "273d6452-94e8-4949-b10f-f7b814a1191e", "data_acq": "2019-11-30 00:00:00", "data_agg": "2019-11-30 00:00:00", "data_fin": "9999-12-31 00:00:00", "ente_for": "REGIONE PIEMONTE", "ente_prod": "REGIONE PIEMONTE", "modo_prod": "banche dati esterne - catasto", "sc_acq": "1:2000", "edifc_ty": "generica", "edifc_uso": "commerciale", "edifc_stat": "costruito", "edifc_mon": "0", "edifc_nome": "", "edifc_idag": "", "edifc_ided": "", "source": "BDTRE edifc" }, "geometry": { "type": "Polygon", "coordinates": [ [ [ 7.69221, 45.08455 ], [ 7.69215, 45.08453 ], [ 7.69222, 45.08443 ], [ 7.69228, 45.08445 ], [ 7.69221, 45.08455 ] ] ] } },
{ "type": "Feature", "properties": { "uuid": "12ee7547-8d63-491c-b540-bb445dc7f3bc", "data_acq": "2019-11-30 00:00:00", "data_agg": "2019-11-30 00:00:00", "data_fin": "9999-12-31 00:00:00", "ente_for": "REGIONE PIEMONTE", "ente_prod": "REGIONE PIEMONTE", "modo_prod": "banche dati esterne - catasto", "sc_acq": "1:2000", "edifc_ty": "generica", "edifc_uso": "commerciale", "edifc_stat": "costruito", "edifc_mon": "0", "edifc_nome": "", "edifc_idag": "", "edifc_ided": "", "source": "BDTRE edifc" }, "geometry": { "type": "Polygon", "coordinates": [ [ [ 7.67022, 45.08192 ], [ 7.67006, 45.08211 ], [ 7.66993, 45.08206 ], [ 7.66992, 45.08206 ], [ 7.6699, 45.08204 ], [ 7.66986, 45.08203 ], [ 7.66981, 45.08201 ], [ 7.66985, 45.08199 ], [ 7.66988, 45.08199 ], [ 7.66996, 45.08202 ], [ 7.67009, 45.08186 ], [ 7.67022, 45.08192 ] ] ] } },
{ "type": "Feature", "properties": { "uuid": "7ff199f0-afb9-44c9-a31d-b28083b67ffd", "data_acq": "2019-11-30 00:00:00", "data_agg": "2019-11-30 00:00:00", "data_fin": "9999-12-31 00:00:00", "ente_for": "REGIONE PIEMONTE", "ente_prod": "REGIONE PIEMONTE", "modo_prod": "banche dati esterne - catasto", "sc_acq": "1:2000", "edifc_ty": "generica", "edifc_uso": "commerciale", "edifc_stat": "costruito", "edifc_mon": "0", "edifc_nome": "", "edifc_idag": "", "edifc_ided": "", "source": "BDTRE edifc" }, "geometry": { "type": "Polygon", "coordinates": [ [ [ 7.69241, 45.08461 ], [ 7.69243, 45.08462 ], [ 7.69242, 45.08464 ], [ 7.69241, 45.08464 ], [ 7.69234, 45.08474 ], [ 7.69233, 45.08475 ], [ 7.69226, 45.08473 ], [ 7.69228, 45.08469 ], [ 7.69225, 45.08468 ], [ 7.69239, 45.08448 ], [ 7.69249, 45.08451 ], [ 7.69241, 45.08461 ] ] ] } },
{ "type": "Feature", "properties": { "uuid": "919739c6-a81a-40db-a95d-7c42cbdc52ca", "data_acq": "2019-11-30 00:00:00", "data_agg": "2019-11-30 00:00:00", "data_fin": "9999-12-31 00:00:00", "ente_for": "REGIONE PIEMONTE", "ente_prod": "REGIONE PIEMONTE", "modo_prod": "banche dati esterne - catasto", "sc_acq": "1:2000", "edifc_ty": "generica", "edifc_uso": "commerciale", "edifc_stat": "costruito", "edifc_mon": "0", "edifc_nome": "", "edifc_idag": "", "edifc_ided": "", "source": "BDTRE edifc" }, "geometry": { "type": "Polygon", "coordinates": [ [ [ 7.67631, 45.06664 ], [ 7.67637, 45.06663 ], [ 7.6765, 45.06681 ], [ 7.6765, 45.06682 ], [ 7.6765, 45.06682 ], [ 7.67652, 45.06685 ], [ 7.67647, 45.06687 ], [ 7.67643, 45.06681 ], [ 7.67632, 45.06665 ], [ 7.67631, 45.06664 ] ] ] } },
{ "type": "Feature", "properties": { "uuid": "5946f1f6-536a-4359-b740-c41c2bde77ea", "data_acq": "2019-11-30 00:00:00", "data_agg": "2019-11-30 00:00:00", "data_fin": "9999-12-31 00:00:00", "ente_for": "REGIONE PIEMONTE", "ente_prod": "REGIONE PIEMONTE", "modo_prod": "banche dati esterne - catasto", "sc_acq": "1:2000", "edifc_ty": "generica", "edifc_uso": "commerciale", "edifc_stat": "costruito", "edifc_mon": "0", "edifc_nome": "", "edifc_idag": "", "edifc_ided": "", "source": "BDTRE edifc" }, "geometry": { "type": "Polygon", "coordinates": [ [ [ 7.68733, 45.07876 ], [ 7.68732, 45.07876 ], [ 7.68725, 45.07879 ], [ 7.68725, 45.07879 ], [ 7.68716, 45.07869 ], [ 7.68725, 45.07866 ], [ 7.68724, 45.07864 ], [ 7.68731, 45.07862 ], [ 7.68737, 45.07872 ], [ 7.68738, 45.07872 ], [ 7.68739, 45.07874 ], [ 7.68733, 45.07876 ] ] ] } },
{ "type": "Feature", "properties": { "uuid": "7f56e4ba-c481-4621-b4ea-aa1dd05d491a", "data_acq": "2019-11-30 00:00:00", "data_agg": "2019-11-30 00:00:00", "data_fin": "9999-12-31 00:00:00", "ente_for": "REGIONE PIEMONTE", "ente_prod": "REGIONE PIEMONTE", "modo_prod": "banche dati esterne - catasto", "sc_acq": "1:2000", "edifc_ty": "generica", "edifc_uso": "commerciale", "edifc_stat": "costruito", "edifc_mon": "0", "edifc_nome": "", "edifc_idag": "", "edifc_ided": "", "source": "BDTRE edifc" }, "geometry": { "type": "Polygon", "coordinates": [ [ [ 7.67077, 45.07897 ], [ 7.67066, 45.079 ], [ 7.67064, 45.07901 ], [ 7.67065, 45.07902 ], [ 7.67058, 45.07904 ], [ 7.67058, 45.07903 ], [ 7.6705, 45.07906 ], [ 7.67047, 45.07901 ], [ 7.67043, 45.07896 ], [ 7.67048, 45.07894 ], [ 7.6707, 45.07887 ], [ 7.67077, 45.07897 ] ] ] } },
{ "type": "Feature", "properties": { "uuid": "8d20af43-2f72-45ea-88ed-c5c1d5dc0d21", "data_acq": "2019-11-30 00:00:00", "data_agg": "2019-11-30 00:00:00", "data_fin": "9999-12-31 00:00:00", "ente_for": "REGIONE PIEMONTE", "ente_prod": "REGIONE PIEMONTE", "modo_prod": "banche dati esterne - catasto", "sc_acq": "1:2000", "edifc_ty": "generica", "edifc_uso": "commerciale", "edifc_stat": "costruito", "edifc_mon": "0", "edifc_nome": "", "edifc_idag": "", "edifc_ided": "", "source": "BDTRE edifc" }, "geometry": { "type": "Polygon", "coordinates": [ [ [ 7.66786, 45.08008 ], [ 7.6678, 45.0801 ], [ 7.6678, 45.08009 ], [ 7.66778, 45.08011 ], [ 7.66773, 45.0801 ], [ 7.6677, 45.08011 ], [ 7.66768, 45.0801 ], [ 7.66769, 45.08009 ], [ 7.66767, 45.08007 ], [ 7.6677, 45.08006 ], [ 7.66767, 45.08002 ], [ 7.66766, 45.08 ], [ 7.66758, 45.08003 ], [ 7.66759, 45.08005 ], [ 7.66756, 45.08006 ], [ 7.66758, 45.08008 ], [ 7.66752, 45.08011 ], [ 7.66745, 45.08 ], [ 7.6675, 45.07998 ], [ 7.66751, 45.07997 ], [ 7.66752, 45.08 ], [ 7.66755, 45.07998 ], [ 7.66756, 45.08001 ], [ 7.66765, 45.07998 ], [ 7.66762, 45.07994 ], [ 7.66773, 45.0799 ], [ 7.66773, 45.07989 ], [ 7.66778, 45.07996 ], [ 7.66769, 45.07999 ], [ 7.66771, 45.08001 ], [ 7.66773, 45.08004 ], [ 7.66774, 45.08004 ], [ 7.66777, 45.08005 ], [ 7.66779, 45.08004 ], [ 7.66781, 45.08005 ], [ 7.66783, 45.08004 ], [ 7.66786, 45.08008 ] ] ] } },
{ "type": "Feature", "properties": { "uuid": "fa4cd376-4ae6-476e-bafa-101d4bc3c549", "data_acq": "2019-11-30 00:00:00", "data_agg": "2019-11-30 00:00:00", "data_fin": "9999-12-31 00:00:00", "ente_for": "REGIONE PIEMONTE", "ente_prod": "REGIONE PIEMONTE", "modo_prod": "banche dati esterne - catasto", "sc_acq": "1:2000", "edifc_ty": "generica", "edifc_uso": "commerciale", "edifc_stat": "costruito", "edifc_mon": "0", "edifc_nome": "", "edifc_idag": "", "edifc_ided": "", "source": "BDTRE edifc" }, "geometry": { "type": "Polygon", "coordinates": [ [ [ 7.66735, 45.0661 ], [ 7.66732, 45.0661 ], [ 7.66732, 45.06608 ], [ 7.66716, 45.06605 ], [ 7.66715, 45.06606 ], [ 7.66712, 45.06605 ], [ 7.66707, 45.06614 ], [ 7.66717, 45.06617 ], [ 7.66717, 45.06617 ], [ 7.66718, 45.06618 ], [ 7.66719, 45.06617 ], [ 7.66721, 45.06618 ], [ 7.66722, 45.06617 ], [ 7.66731, 45.06619 ], [ 7.66735, 45.0661 ] ] ] } },
{ "type": "Feature", "properties": { "uuid": "909c76f6-48e1-4cf6-ba55-219e85c6693e", "data_acq": "2019-11-30 00:00:00", "data_agg": "2019-11-30 00:00:00", "data_fin": "9999-12-31 00:00:00", "ente_for": "REGIONE PIEMONTE", "ente_prod": "REGIONE PIEMONTE", "modo_prod": "banche dati esterne - catasto", "sc_acq": "1:2000", "edifc_ty": "generica", "edifc_uso": "commerciale", "edifc_stat": "costruito", "edifc_mon": "0", "edifc_nome": "", "edifc_idag": "", "edifc_ided": "", "source": "BDTRE edifc" }, "geometry": { "type": "Polygon", "coordinates": [ [ [ 7.67178, 45.07865 ], [ 7.67169, 45.07852 ], [ 7.67175, 45.0785 ], [ 7.67182, 45.07848 ], [ 7.67185, 45.07853 ], [ 7.67178, 45.07855 ], [ 7.67183, 45.07863 ], [ 7.67178, 45.07865 ] ] ] } },
{ "type": "Feature", "properties": { "uuid": "63e95d0a-5d6c-4772-8550-414e60c5e636", "data_acq": "2019-11-30 00:00:00", "data_agg": "2019-11-30 00:00:00", "data_fin": "9999-12-31 00:00:00", "ente_for": "REGIONE PIEMONTE", "ente_prod": "REGIONE PIEMONTE", "modo_prod": "banche dati esterne - catasto", "sc_acq": "1:2000", "edifc_ty": "generica", "edifc_uso": "commerciale", "edifc_stat": "costruito", "edifc_mon": "0", "edifc_nome": "", "edifc_idag": "", "edifc_ided": "", "source": "BDTRE edifc" }, "geometry": { "type": "Polygon", "coordinates": [ [ [ 7.66755, 45.08098 ], [ 7.66751, 45.08092 ], [ 7.66737, 45.08097 ], [ 7.66742, 45.08103 ], [ 7.66751, 45.081 ], [ 7.66752, 45.08102 ], [ 7.66757, 45.08101 ], [ 7.66755, 45.08098 ] ] ] } },
{ "type": "Feature", "properties": { "uuid": "95102693-571b-4841-8e1d-c450482bc84b", "data_acq": "2019-11-30 00:00:00", "data_agg": "2019-11-30 00:00:00", "data_fin": "9999-12-31 00:00:00", "ente_for": "REGIONE PIEMONTE", "ente_prod": "REGIONE PIEMONTE", "modo_prod": "banche dati esterne - catasto", "sc_acq": "1:2000", "edifc_ty": "generica", "edifc_uso": "commerciale", "edifc_stat": "costruito", "edifc_mon": "0", "edifc_nome": "", "edifc_idag": "", "edifc_ided": "", "source": "BDTRE edifc" }, "geometry": { "type": "Polygon", "coordinates": [ [ [ 7.67756, 45.08524 ], [ 7.67756, 45.08524 ], [ 7.67741, 45.08503 ], [ 7.67756, 45.08498 ], [ 7.67761, 45.08506 ], [ 7.67776, 45.08501 ], [ 7.67784, 45.08513 ], [ 7.67756, 45.08524 ] ] ] } },
{ "type": "Feature", "properties": { "uuid": "c1b55ad4-f714-44d7-b8ba-8869af543861", "data_acq": "2019-11-30 00:00:00", "data_agg": "2019-11-30 00:00:00", "data_fin": "9999-12-31 00:00:00", "ente_for": "REGIONE PIEMONTE", "ente_prod": "REGIONE PIEMONTE", "modo_prod": "banche dati esterne - catasto", "sc_acq": "1:2000", "edifc_ty": "generica", "edifc_uso": "commerciale", "edifc_stat": "costruito", "edifc_mon": "0", "edifc_nome": "", "edifc_idag": "", "edifc_ided": "", "source": "BDTRE edifc" }, "geometry": { "type": "Polygon", "coordinates": [ [ [ 7.69502, 45.07889 ], [ 7.69507, 45.07892 ], [ 7.69509, 45.07892 ], [ 7.69532, 45.07903 ], [ 7.69558, 45.07914 ], [ 7.69541, 45.07933 ], [ 7.69542, 45.07933 ], [ 7.69528, 45.07949 ], [ 7.69527, 45.07949 ], [ 7.6952, 45.07957 ], [ 7.69519, 45.07956 ], [ 7.69445, 45.07923 ], [ 7.69442, 45.07921 ], [ 7.69467, 45.07894 ], [ 7.69473, 45.07888 ], [ 7.6949, 45.07895 ], [ 7.69497, 45.07887 ], [ 7.69498, 45.07888 ], [ 7.69502, 45.07889 ] ] ] } },
{ "type": "Feature", "properties": { "uuid": "17c397f2-4db1-437e-8283-2e553f162cd3", "data_acq": "2019-11-30 00:00:00", "data_agg": "2019-11-30 00:00:00", "data_fin": "9999-12-31 00:00:00", "ente_for": "REGIONE PIEMONTE", "ente_prod": "REGIONE PIEMONTE", "modo_prod": "banche dati esterne - catasto", "sc_acq": "1:2000", "edifc_ty": "generica", "edifc_uso": "commerciale", "edifc_stat": "costruito", "edifc_mon": "0", "edifc_nome": "", "edifc_idag": "", "edifc_ided": "", "source": "BDTRE edifc" }, "geometry": { "type": "Polygon", "coordinates": [ [ [ 7.69025, 45.07895 ], [ 7.69028, 45.07892 ], [ 7.69029, 45.07892 ], [ 7.69031, 45.07897 ], [ 7.6903, 45.07897 ], [ 7.69025, 45.07895 ] ] ] } },
{ "type": "Feature", "properties": { "uuid": "93338fdd-3bbb-4832-89eb-638222ed87e1", "data_acq": "2019-11-30 00:00:00", "data_agg": "2019-11-30 00:00:00", "data_fin": "9999-12-31 00:00:00", "ente_for": "REGIONE PIEMONTE", "ente_prod": "REGIONE PIEMONTE", "modo_prod": "banche dati esterne - catasto", "sc_acq": "1:2000", "edifc_ty": "generica", "edifc_uso": "commerciale", "edifc_stat": "costruito", "edifc_mon": "0", "edifc_nome": "", "edifc_idag": "", "edifc_ided": "", "source": "BDTRE edifc" }, "geometry": { "type": "Polygon", "coordinates": [ [ [ 7.69438, 45.0793 ], [ 7.69438, 45.0793 ], [ 7.69437, 45.07931 ], [ 7.69435, 45.0793 ], [ 7.69436, 45.07929 ], [ 7.69407, 45.07916 ], [ 7.69403, 45.07915 ], [ 7.69412, 45.07905 ], [ 7.694, 45.079 ], [ 7.69403, 45.07896 ], [ 7.69391, 45.0789 ], [ 7.69391, 45.0789 ], [ 7.69388, 45.07894 ], [ 7.6938, 45.07891 ], [ 7.69382, 45.07888 ], [ 7.69404, 45.07865 ], [ 7.6944, 45.07881 ], [ 7.69465, 45.07893 ], [ 7.69467, 45.07894 ], [ 7.69442, 45.07921 ], [ 7.69445, 45.07923 ], [ 7.69438, 45.0793 ] ] ] } },
{ "type": "Feature", "properties": { "uuid": "9078b7c5-d457-47af-98e8-c55ef04044a9", "data_acq": "2019-11-30 00:00:00", "data_agg": "2019-11-30 00:00:00", "data_fin": "9999-12-31 00:00:00", "ente_for": "REGIONE PIEMONTE", "ente_prod": "REGIONE PIEMONTE", "modo_prod": "banche dati esterne - catasto", "sc_acq": "1:2000", "edifc_ty": "generica", "edifc_uso": "commerciale", "edifc_stat": "costruito", "edifc_mon": "0", "edifc_nome": "", "edifc_idag": "", "edifc_ided": "", "source": "BDTRE edifc" }, "geometry": { "type": "Polygon", "coordinates": [ [ [ 7.6758, 45.07043 ], [ 7.67596, 45.07037 ], [ 7.6759, 45.07029 ], [ 7.67591, 45.07029 ], [ 7.67585, 45.07022 ], [ 7.67599, 45.07017 ], [ 7.67605, 45.07024 ], [ 7.67603, 45.07025 ], [ 7.67605, 45.07028 ], [ 7.67608, 45.07027 ], [ 7.67611, 45.07032 ], [ 7.67611, 45.07032 ], [ 7.67616, 45.0703 ], [ 7.67615, 45.07027 ], [ 7.67612, 45.07024 ], [ 7.67607, 45.07017 ], [ 7.67604, 45.07013 ], [ 7.67597, 45.07003 ], [ 7.67561, 45.07016 ], [ 7.67572, 45.07031 ], [ 7.6758, 45.07043 ] ] ] } },
{ "type": "Feature", "properties": { "uuid": "4669a276-2e89-4c77-89bb-f8fe4cde0b31", "data_acq": "2019-11-30 00:00:00", "data_agg": "2019-11-30 00:00:00", "data_fin": "9999-12-31 00:00:00", "ente_for": "REGIONE PIEMONTE", "ente_prod": "REGIONE PIEMONTE", "modo_prod": "banche dati esterne - catasto", "sc_acq": "1:2000", "edifc_ty": "generica", "edifc_uso": "commerciale", "edifc_stat": "costruito", "edifc_mon": "0", "edifc_nome": "", "edifc_idag": "", "edifc_ided": "", "source": "BDTRE edifc" }, "geometry": { "type": "Polygon", "coordinates": [ [ [ 7.68403, 45.08227 ], [ 7.68403, 45.08227 ], [ 7.68397, 45.08222 ], [ 7.6838, 45.08209 ], [ 7.68417, 45.08183 ], [ 7.68428, 45.08176 ], [ 7.68445, 45.08164 ], [ 7.68469, 45.08182 ], [ 7.68461, 45.08187 ], [ 7.68441, 45.08201 ], [ 7.68403, 45.08227 ] ] ] } },
{ "type": "Feature", "properties": { "uuid": "573aa790-db3f-4ab8-b71e-82ae4a4cd4e7", "data_acq": "2019-11-30 00:00:00", "data_agg": "2019-11-30 00:00:00", "data_fin": "9999-12-31 00:00:00", "ente_for": "REGIONE PIEMONTE", "ente_prod": "REGIONE PIEMONTE", "modo_prod": "banche dati esterne - catasto", "sc_acq": "1:2000", "edifc_ty": "generica", "edifc_uso": "commerciale", "edifc_stat": "costruito", "edifc_mon": "0", "edifc_nome": "", "edifc_idag": "", "edifc_ided": "", "source": "BDTRE edifc" }, "geometry": { "type": "Polygon", "coordinates": [ [ [ 7.6926, 45.08379 ], [ 7.69257, 45.08375 ], [ 7.69261, 45.08374 ], [ 7.69262, 45.08377 ], [ 7.69263, 45.08378 ], [ 7.6926, 45.08379 ] ] ] } },
{ "type": "Feature", "properties": { "uuid": "e7db760c-a786-4c2d-ad90-139e5ef36cb7", "data_acq": "2019-11-30 00:00:00", "data_agg": "2019-11-30 00:00:00", "data_fin": "9999-12-31 00:00:00", "ente_for": "REGIONE PIEMONTE", "ente_prod": "REGIONE PIEMONTE", "modo_prod": "banche dati esterne - catasto", "sc_acq": "1:2000", "edifc_ty": "generica", "edifc_uso": "commerciale", "edifc_stat": "costruito", "edifc_mon": "0", "edifc_nome": "", "edifc_idag": "", "edifc_ided": "", "source": "BDTRE edifc" }, "geometry": { "type": "Polygon", "coordinates": [ [ [ 7.68678, 45.0774 ], [ 7.68678, 45.0774 ], [ 7.68677, 45.0774 ], [ 7.6868, 45.07747 ], [ 7.68645, 45.07754 ], [ 7.68644, 45.07754 ], [ 7.68637, 45.07754 ], [ 7.68629, 45.07755 ], [ 7.68627, 45.07753 ], [ 7.6864, 45.07749 ], [ 7.68639, 45.07748 ], [ 7.68656, 45.07744 ], [ 7.68671, 45.07741 ], [ 7.68678, 45.07739 ], [ 7.68678, 45.0774 ] ] ] } },
{ "type": "Feature", "properties": { "uuid": "1bb0f52d-905d-496d-be76-53ebefd412d9", "data_acq": "2019-11-30 00:00:00", "data_agg": "2019-11-30 00:00:00", "data_fin": "9999-12-31 00:00:00", "ente_for": "REGIONE PIEMONTE", "ente_prod": "REGIONE PIEMONTE", "modo_prod": "banche dati esterne - catasto", "sc_acq": "1:2000", "edifc_ty": "generica", "edifc_uso": "commerciale", "edifc_stat": "costruito", "edifc_mon": "0", "edifc_nome": "", "edifc_idag": "", "edifc_ided": "", "source": "BDTRE edifc" }, "geometry": { "type": "Polygon", "coordinates": [ [ [ 7.69493, 45.07683 ], [ 7.69502, 45.07687 ], [ 7.69501, 45.07689 ], [ 7.69505, 45.0769 ], [ 7.69501, 45.07695 ], [ 7.69487, 45.07689 ], [ 7.69493, 45.07683 ] ] ] } },
{ "type": "Feature", "properties": { "uuid": "faf8a162-811b-4f87-90f5-3f67b8fda3e0", "data_acq": "2019-11-30 00:00:00", "data_agg": "2019-11-30 00:00:00", "data_fin": "9999-12-31 00:00:00", "ente_for": "REGIONE PIEMONTE", "ente_prod": "REGIONE PIEMONTE", "modo_prod": "banche dati esterne - catasto", "sc_acq": "1:2000", "edifc_ty": "generica", "edifc_uso": "commerciale", "edifc_stat": "costruito", "edifc_mon": "0", "edifc_nome": "", "edifc_idag": "", "edifc_ided": "", "source": "BDTRE edifc" }, "geometry": { "type": "Polygon", "coordinates": [ [ [ 7.67215, 45.08003 ], [ 7.67207, 45.08006 ], [ 7.67194, 45.0801 ], [ 7.6719, 45.08004 ], [ 7.67189, 45.08002 ], [ 7.67201, 45.07998 ], [ 7.67214, 45.08001 ], [ 7.67215, 45.08003 ] ] ] } },
{ "type": "Feature", "properties": { "uuid": "dfa69458-6684-4d6b-9034-cdc24ee90ffa", "data_acq": "2019-11-30 00:00:00", "data_agg": "2019-11-30 00:00:00", "data_fin": "9999-12-31 00:00:00", "ente_for": "REGIONE PIEMONTE", "ente_prod": "REGIONE PIEMONTE", "modo_prod": "banche dati esterne - catasto", "sc_acq": "1:2000", "edifc_ty": "generica", "edifc_uso": "commerciale", "edifc_stat": "costruito", "edifc_mon": "0", "edifc_nome": "", "edifc_idag": "", "edifc_ided": "", "source": "BDTRE edifc" }, "geometry": { "type": "Polygon", "coordinates": [ [ [ 7.666, 45.07082 ], [ 7.66596, 45.07076 ], [ 7.66595, 45.07075 ], [ 7.66595, 45.07075 ], [ 7.66592, 45.07076 ], [ 7.66584, 45.07064 ], [ 7.66581, 45.07059 ], [ 7.66578, 45.0706 ], [ 7.66577, 45.0706 ], [ 7.66576, 45.07061 ], [ 7.66579, 45.07065 ], [ 7.66579, 45.07065 ], [ 7.66582, 45.07069 ], [ 7.66582, 45.07069 ], [ 7.66582, 45.07069 ], [ 7.66584, 45.07072 ], [ 7.66586, 45.07075 ], [ 7.66587, 45.07075 ], [ 7.66594, 45.07084 ], [ 7.66598, 45.07082 ], [ 7.666, 45.07082 ], [ 7.666, 45.07082 ] ] ] } },
{ "type": "Feature", "properties": { "uuid": "877ec17b-9deb-4d39-a1c3-721c504567b6", "data_acq": "2019-11-30 00:00:00", "data_agg": "2019-11-30 00:00:00", "data_fin": "9999-12-31 00:00:00", "ente_for": "REGIONE PIEMONTE", "ente_prod": "REGIONE PIEMONTE", "modo_prod": "banche dati esterne - catasto", "sc_acq": "1:2000", "edifc_ty": "generica", "edifc_uso": "commerciale", "edifc_stat": "costruito", "edifc_mon": "0", "edifc_nome": "", "edifc_idag": "", "edifc_ided": "", "source": "BDTRE edifc" }, "geometry": { "type": "Polygon", "coordinates": [ [ [ 7.69192, 45.08121 ], [ 7.69197, 45.08119 ], [ 7.69199, 45.08123 ], [ 7.69199, 45.08123 ], [ 7.69179, 45.0813 ], [ 7.69177, 45.08127 ], [ 7.69192, 45.08121 ] ] ] } },
{ "type": "Feature", "properties": { "uuid": "24927639-510b-433a-b638-b01c8cc96abe", "data_acq": "2019-11-30 00:00:00", "data_agg": "2019-11-30 00:00:00", "data_fin": "9999-12-31 00:00:00", "ente_for": "REGIONE PIEMONTE", "ente_prod": "REGIONE PIEMONTE", "modo_prod": "banche dati esterne - catasto", "sc_acq": "1:2000", "edifc_ty": "generica", "edifc_uso": "commerciale", "edifc_stat": "costruito", "edifc_mon": "0", "edifc_nome": "", "edifc_idag": "", "edifc_ided": "", "source": "BDTRE edifc" }, "geometry": { "type": "Polygon", "coordinates": [ [ [ 7.69491, 45.07881 ], [ 7.69497, 45.07884 ], [ 7.69497, 45.07883 ], [ 7.695, 45.07885 ], [ 7.69498, 45.07888 ], [ 7.69497, 45.07887 ], [ 7.6949, 45.07895 ], [ 7.69473, 45.07888 ], [ 7.69467, 45.07894 ], [ 7.69465, 45.07893 ], [ 7.69468, 45.0789 ], [ 7.69469, 45.0789 ], [ 7.6947, 45.07889 ], [ 7.69468, 45.07888 ], [ 7.6947, 45.07887 ], [ 7.69469, 45.07886 ], [ 7.69474, 45.07881 ], [ 7.69475, 45.0788 ], [ 7.69475, 45.0788 ], [ 7.69472, 45.07879 ], [ 7.69471, 45.07881 ], [ 7.69423, 45.07859 ], [ 7.6942, 45.07864 ], [ 7.69419, 45.07864 ], [ 7.69409, 45.07859 ], [ 7.69418, 45.07849 ], [ 7.69458, 45.07867 ], [ 7.69458, 45.07867 ], [ 7.69462, 45.07869 ], [ 7.69462, 45.07869 ], [ 7.69469, 45.07871 ], [ 7.6948, 45.07876 ], [ 7.69483, 45.07878 ], [ 7.69491, 45.07881 ] ] ] } },
{ "type": "Feature", "properties": { "uuid": "812fd89d-3da3-4cdd-aba5-9d2e208fc096", "data_acq": "2019-11-30 00:00:00", "data_agg": "2019-11-30 00:00:00", "data_fin": "9999-12-31 00:00:00", "ente_for": "REGIONE PIEMONTE", "ente_prod": "REGIONE PIEMONTE", "modo_prod": "banche dati esterne - catasto", "sc_acq": "1:2000", "edifc_ty": "generica", "edifc_uso": "commerciale", "edifc_stat": "costruito", "edifc_mon": "0", "edifc_nome": "", "edifc_idag": "", "edifc_ided": "", "source": "BDTRE edifc" }, "geometry": { "type": "Polygon", "coordinates": [ [ [ 7.67978, 45.06756 ], [ 7.6798, 45.06758 ], [ 7.67971, 45.06761 ], [ 7.67971, 45.06761 ], [ 7.67967, 45.06755 ], [ 7.67972, 45.06753 ], [ 7.67972, 45.06754 ], [ 7.67975, 45.06754 ], [ 7.67977, 45.06757 ], [ 7.67978, 45.06756 ] ] ] } },
{ "type": "Feature", "properties": { "uuid": "a5734512-2ae2-448f-8ef8-5cd9e29ba84f", "data_acq": "2019-11-30 00:00:00", "data_agg": "2019-11-30 00:00:00", "data_fin": "9999-12-31 00:00:00", "ente_for": "REGIONE PIEMONTE", "ente_prod": "REGIONE PIEMONTE", "modo_prod": "banche dati esterne - catasto", "sc_acq": "1:2000", "edifc_ty": "generica", "edifc_uso": "commerciale", "edifc_stat": "costruito", "edifc_mon": "0", "edifc_nome": "", "edifc_idag": "", "edifc_ided": "", "source": "BDTRE edifc" }, "geometry": { "type": "Polygon", "coordinates": [ [ [ 7.67672, 45.07641 ], [ 7.67666, 45.07632 ], [ 7.67682, 45.07627 ], [ 7.67686, 45.07625 ], [ 7.67686, 45.07626 ], [ 7.67691, 45.07632 ], [ 7.67683, 45.07635 ], [ 7.67684, 45.07637 ], [ 7.67672, 45.07641 ] ] ] } },
{ "type": "Feature", "properties": { "uuid": "c971835a-adf8-4564-9b45-8bac098aece9", "data_acq": "2019-11-30 00:00:00", "data_agg": "2019-11-30 00:00:00", "data_fin": "9999-12-31 00:00:00", "ente_for": "REGIONE PIEMONTE", "ente_prod": "REGIONE PIEMONTE", "modo_prod": "banche dati esterne - catasto", "sc_acq": "1:2000", "edifc_ty": "generica", "edifc_uso": "commerciale", "edifc_stat": "costruito", "edifc_mon": "0", "edifc_nome": "", "edifc_idag": "", "edifc_ided": "", "source": "BDTRE edifc" }, "geometry": { "type": "Polygon", "coordinates": [ [ [ 7.67272, 45.07033 ], [ 7.67266, 45.07024 ], [ 7.67248, 45.0703 ], [ 7.67232, 45.07036 ], [ 7.67245, 45.07054 ], [ 7.67258, 45.07073 ], [ 7.67273, 45.07068 ], [ 7.67272, 45.07067 ], [ 7.67277, 45.07066 ], [ 7.67277, 45.07066 ], [ 7.6729, 45.07061 ], [ 7.67284, 45.07051 ], [ 7.67281, 45.07047 ], [ 7.67263, 45.07054 ], [ 7.67255, 45.07042 ], [ 7.6726, 45.0704 ], [ 7.67259, 45.07038 ], [ 7.67272, 45.07033 ] ] ] } },
{ "type": "Feature", "properties": { "uuid": "a28ab66f-c16e-4ce7-982a-fb44c6e9ef9b", "data_acq": "2019-11-30 00:00:00", "data_agg": "2019-11-30 00:00:00", "data_fin": "9999-12-31 00:00:00", "ente_for": "REGIONE PIEMONTE", "ente_prod": "REGIONE PIEMONTE", "modo_prod": "banche dati esterne - catasto", "sc_acq": "1:2000", "edifc_ty": "generica", "edifc_uso": "commerciale", "edifc_stat": "costruito", "edifc_mon": "0", "edifc_nome": "", "edifc_idag": "", "edifc_ided": "", "source": "BDTRE edifc" }, "geometry": { "type": "Polygon", "coordinates": [ [ [ 7.69236, 45.08254 ], [ 7.69196, 45.08261 ], [ 7.69171, 45.08222 ], [ 7.69178, 45.0822 ], [ 7.69179, 45.0822 ], [ 7.692, 45.08213 ], [ 7.692, 45.08212 ], [ 7.69206, 45.0821 ], [ 7.6921, 45.08216 ], [ 7.69226, 45.08239 ], [ 7.69229, 45.08243 ], [ 7.69236, 45.08254 ] ] ] } },
{ "type": "Feature", "properties": { "uuid": "d83028da-e9d8-462c-8616-274f494809ee", "data_acq": "2019-11-30 00:00:00", "data_agg": "2019-11-30 00:00:00", "data_fin": "9999-12-31 00:00:00", "ente_for": "REGIONE PIEMONTE", "ente_prod": "REGIONE PIEMONTE", "modo_prod": "banche dati esterne - catasto", "sc_acq": "1:2000", "edifc_ty": "generica", "edifc_uso": "commerciale", "edifc_stat": "costruito", "edifc_mon": "0", "edifc_nome": "", "edifc_idag": "", "edifc_ided": "", "source": "BDTRE edifc" }, "geometry": { "type": "Polygon", "coordinates": [ [ [ 7.66756, 45.06639 ], [ 7.66746, 45.06642 ], [ 7.66745, 45.0664 ], [ 7.66733, 45.06644 ], [ 7.66734, 45.06646 ], [ 7.66724, 45.0665 ], [ 7.66727, 45.06655 ], [ 7.66723, 45.06657 ], [ 7.66726, 45.06661 ], [ 7.66722, 45.06663 ], [ 7.66724, 45.06665 ], [ 7.66725, 45.06667 ], [ 7.66726, 45.06668 ], [ 7.66743, 45.06662 ], [ 7.66766, 45.06653 ], [ 7.66756, 45.06639 ] ] ] } },
{ "type": "Feature", "properties": { "uuid": "cbd8fb32-3fcd-4540-ae70-235e14d64def", "data_acq": "2019-11-30 00:00:00", "data_agg": "2019-11-30 00:00:00", "data_fin": "9999-12-31 00:00:00", "ente_for": "REGIONE PIEMONTE", "ente_prod": "REGIONE PIEMONTE", "modo_prod": "banche dati esterne - catasto", "sc_acq": "1:2000", "edifc_ty": "generica", "edifc_uso": "commerciale", "edifc_stat": "costruito", "edifc_mon": "0", "edifc_nome": "", "edifc_idag": "", "edifc_ided": "", "source": "BDTRE edifc" }, "geometry": { "type": "Polygon", "coordinates": [ [ [ 7.66627, 45.06622 ], [ 7.66623, 45.06617 ], [ 7.66617, 45.06619 ], [ 7.66619, 45.06622 ], [ 7.66617, 45.06622 ], [ 7.66619, 45.06625 ], [ 7.66623, 45.06624 ], [ 7.66627, 45.06622 ] ] ] } },
{ "type": "Feature", "properties": { "uuid": "94696071-3f27-4c96-b645-142a8c2be405", "data_acq": "2019-11-30 00:00:00", "data_agg": "2019-11-30 00:00:00", "data_fin": "9999-12-31 00:00:00", "ente_for": "REGIONE PIEMONTE", "ente_prod": "REGIONE PIEMONTE", "modo_prod": "banche dati esterne - catasto", "sc_acq": "1:2000", "edifc_ty": "generica", "edifc_uso": "commerciale", "edifc_stat": "costruito", "edifc_mon": "0", "edifc_nome": "", "edifc_idag": "", "edifc_ided": "", "source": "BDTRE edifc" }, "geometry": { "type": "Polygon", "coordinates": [ [ [ 7.67246, 45.06835 ], [ 7.67246, 45.06835 ], [ 7.67284, 45.06889 ], [ 7.67283, 45.0689 ], [ 7.67278, 45.06891 ], [ 7.67262, 45.06897 ], [ 7.67255, 45.06886 ], [ 7.67254, 45.06885 ], [ 7.6726, 45.06883 ], [ 7.67253, 45.06873 ], [ 7.67252, 45.06874 ], [ 7.67252, 45.06873 ], [ 7.67253, 45.06872 ], [ 7.6725, 45.06867 ], [ 7.67248, 45.06868 ], [ 7.67248, 45.06867 ], [ 7.67249, 45.06867 ], [ 7.67239, 45.06852 ], [ 7.67233, 45.06854 ], [ 7.67225, 45.06843 ], [ 7.67225, 45.06843 ], [ 7.67241, 45.06837 ], [ 7.67246, 45.06835 ] ] ] } },
{ "type": "Feature", "properties": { "uuid": "14565cea-3bd7-4fcb-9016-50645994ef0c", "data_acq": "2019-11-30 00:00:00", "data_agg": "2019-11-30 00:00:00", "data_fin": "9999-12-31 00:00:00", "ente_for": "REGIONE PIEMONTE", "ente_prod": "REGIONE PIEMONTE", "modo_prod": "banche dati esterne - catasto", "sc_acq": "1:2000", "edifc_ty": "generica", "edifc_uso": "commerciale", "edifc_stat": "costruito", "edifc_mon": "0", "edifc_nome": "", "edifc_idag": "", "edifc_ided": "", "source": "BDTRE edifc" }, "geometry": { "type": "Polygon", "coordinates": [ [ [ 7.66982, 45.07934 ], [ 7.66983, 45.07935 ], [ 7.66986, 45.07933 ], [ 7.66985, 45.07932 ], [ 7.66982, 45.07934 ] ] ] } },
{ "type": "Feature", "properties": { "uuid": "82e1ae3c-da6d-45d5-9e37-05e9948fa564", "data_acq": "2019-11-30 00:00:00", "data_agg": "2019-11-30 00:00:00", "data_fin": "9999-12-31 00:00:00", "ente_for": "REGIONE PIEMONTE", "ente_prod": "REGIONE PIEMONTE", "modo_prod": "banche dati esterne - catasto", "sc_acq": "1:2000", "edifc_ty": "generica", "edifc_uso": "commerciale", "edifc_stat": "costruito", "edifc_mon": "0", "edifc_nome": "", "edifc_idag": "", "edifc_ided": "", "source": "BDTRE edifc" }, "geometry": { "type": "Polygon", "coordinates": [ [ [ 7.69207, 45.08464 ], [ 7.69205, 45.08463 ], [ 7.69208, 45.08458 ], [ 7.6921, 45.08459 ], [ 7.69207, 45.08464 ] ] ] } },
{ "type": "Feature", "properties": { "uuid": "a89c7c15-968c-4cd9-842c-0d566d48a717", "data_acq": "2019-11-30 00:00:00", "data_agg": "2019-11-30 00:00:00", "data_fin": "9999-12-31 00:00:00", "ente_for": "REGIONE PIEMONTE", "ente_prod": "REGIONE PIEMONTE", "modo_prod": "banche dati esterne - catasto", "sc_acq": "1:2000", "edifc_ty": "generica", "edifc_uso": "commerciale", "edifc_stat": "costruito", "edifc_mon": "0", "edifc_nome": "", "edifc_idag": "", "edifc_ided": "", "source": "BDTRE edifc" }, "geometry": { "type": "Polygon", "coordinates": [ [ [ 7.67274, 45.06627 ], [ 7.6731, 45.06614 ], [ 7.67319, 45.06627 ], [ 7.67321, 45.06629 ], [ 7.67304, 45.06635 ], [ 7.67304, 45.06635 ], [ 7.67293, 45.06639 ], [ 7.67285, 45.06642 ], [ 7.6728, 45.06636 ], [ 7.67274, 45.06627 ] ] ] } },
{ "type": "Feature", "properties": { "uuid": "a9075cd0-264b-4a3c-a858-fb71c3d3191c", "data_acq": "2010-01-01 00:00:00", "data_agg": "2022-12-31 00:00:00", "data_fin": "9999-12-31 00:00:00", "ente_for": "REGIONE PIEMONTE", "ente_prod": "CSI PIEMONTE", "modo_prod": "rilievo speditivo - ortofoto", "sc_acq": "1:10000", "edifc_ty": "capannone", "edifc_uso": "commerciale", "edifc_stat": "costruito", "edifc_mon": "0", "edifc_nome": "", "edifc_idag": "", "edifc_ided": "", "source": "BDTRE edifc" }, "geometry": { "type": "Polygon", "coordinates": [ [ [ 7.69204, 45.06636 ], [ 7.69205, 45.06638 ], [ 7.69209, 45.06637 ], [ 7.69209, 45.06636 ], [ 7.69212, 45.06635 ], [ 7.69211, 45.06634 ], [ 7.6921, 45.06634 ], [ 7.69204, 45.06636 ] ] ] } },
{ "type": "Feature", "properties": { "uuid": "168b96d1-6dde-4901-875c-6bd98570514e", "data_acq": "2019-11-30 00:00:00", "data_agg": "2019-11-30 00:00:00", "data_fin": "9999-12-31 00:00:00", "ente_for": "REGIONE PIEMONTE", "ente_prod": "REGIONE PIEMONTE", "modo_prod": "banche dati esterne - catasto", "sc_acq": "1:2000", "edifc_ty": "generica", "edifc_uso": "commerciale", "edifc_stat": "costruito", "edifc_mon": "0", "edifc_nome": "", "edifc_idag": "", "edifc_ided": "", "source": "BDTRE edifc" }, "geometry": { "type": "Polygon", "coordinates": [ [ [ 7.67142, 45.07925 ], [ 7.67137, 45.07919 ], [ 7.67154, 45.07913 ], [ 7.67158, 45.07918 ], [ 7.67142, 45.07925 ] ] ] } },
{ "type": "Feature", "properties": { "uuid": "330f9cd0-85c5-4fdc-b6fd-e05597c57218", "data_acq": "2019-11-30 00:00:00", "data_agg": "2019-11-30 00:00:00", "data_fin": "9999-12-31 00:00:00", "ente_for": "REGIONE PIEMONTE", "ente_prod": "REGIONE PIEMONTE", "modo_prod": "banche dati esterne - catasto", "sc_acq": "1:2000", "edifc_ty": "generica", "edifc_uso": "commerciale", "edifc_stat": "costruito", "edifc_mon": "0", "edifc_nome": "", "edifc_idag": "", "edifc_ided": "", "source": "BDTRE edifc" }, "geometry": { "type": "Polygon", "coordinates": [ [ [ 7.69292, 45.0731 ], [ 7.69294, 45.07314 ], [ 7.69281, 45.07318 ], [ 7.69286, 45.07326 ], [ 7.69279, 45.07329 ], [ 7.69276, 45.07325 ], [ 7.69271, 45.07317 ], [ 7.69287, 45.07312 ], [ 7.6929, 45.07311 ], [ 7.69292, 45.0731 ] ] ] } },
{ "type": "Feature", "properties": { "uuid": "10465af7-b594-43c4-8875-70164d960a01", "data_acq": "2019-11-30 00:00:00", "data_agg": "2019-11-30 00:00:00", "data_fin": "9999-12-31 00:00:00", "ente_for": "REGIONE PIEMONTE", "ente_prod": "REGIONE PIEMONTE", "modo_prod": "banche dati esterne - catasto", "sc_acq": "1:2000", "edifc_ty": "generica", "edifc_uso": "commerciale", "edifc_stat": "costruito", "edifc_mon": "0", "edifc_nome": "", "edifc_idag": "", "edifc_ided": "", "source": "BDTRE edifc" }, "geometry": { "type": "Polygon", "coordinates": [ [ [ 7.68121, 45.0768 ], [ 7.68119, 45.07676 ], [ 7.68134, 45.07671 ], [ 7.68136, 45.07675 ], [ 7.68136, 45.07676 ], [ 7.68133, 45.07677 ], [ 7.68121, 45.0768 ] ] ] } },
{ "type": "Feature", "properties": { "uuid": "3ae82ca9-d4e5-428b-8c00-15f8ad7bd550", "data_acq": "2019-11-30 00:00:00", "data_agg": "2019-11-30 00:00:00", "data_fin": "9999-12-31 00:00:00", "ente_for": "REGIONE PIEMONTE", "ente_prod": "REGIONE PIEMONTE", "modo_prod": "banche dati esterne - catasto", "sc_acq": "1:2000", "edifc_ty": "generica", "edifc_uso": "commerciale", "edifc_stat": "costruito", "edifc_mon": "0", "edifc_nome": "", "edifc_idag": "", "edifc_ided": "", "source": "BDTRE edifc" }, "geometry": { "type": "Polygon", "coordinates": [ [ [ 7.69496, 45.0711 ], [ 7.6951, 45.07102 ], [ 7.69518, 45.07097 ], [ 7.69519, 45.07098 ], [ 7.6952, 45.07097 ], [ 7.69523, 45.071 ], [ 7.69523, 45.071 ], [ 7.69515, 45.07105 ], [ 7.69515, 45.07105 ], [ 7.6951, 45.07108 ], [ 7.6951, 45.07108 ], [ 7.69509, 45.07108 ], [ 7.69509, 45.07108 ], [ 7.69501, 45.07113 ], [ 7.69501, 45.07113 ], [ 7.69498, 45.0711 ], [ 7.69498, 45.0711 ], [ 7.69497, 45.07111 ], [ 7.69497, 45.07111 ], [ 7.69496, 45.0711 ] ] ] } },
{ "type": "Feature", "properties": { "uuid": "d7da911a-818a-403d-b103-a645532d981b", "data_acq": "2019-11-30 00:00:00", "data_agg": "2019-11-30 00:00:00", "data_fin": "9999-12-31 00:00:00", "ente_for": "REGIONE PIEMONTE", "ente_prod": "REGIONE PIEMONTE", "modo_prod": "banche dati esterne - catasto", "sc_acq": "1:2000", "edifc_ty": "generica", "edifc_uso": "commerciale", "edifc_stat": "costruito", "edifc_mon": "0", "edifc_nome": "", "edifc_idag": "", "edifc_ided": "", "source": "BDTRE edifc" }, "geometry": { "type": "Polygon", "coordinates": [ [ [ 7.67679, 45.08298 ], [ 7.67701, 45.08291 ], [ 7.67694, 45.08281 ], [ 7.67673, 45.08288 ], [ 7.67656, 45.08271 ], [ 7.67653, 45.08268 ], [ 7.67645, 45.08261 ], [ 7.67633, 45.08265 ], [ 7.67643, 45.08281 ], [ 7.67649, 45.08279 ], [ 7.67654, 45.08287 ], [ 7.67663, 45.08287 ], [ 7.67667, 45.08291 ], [ 7.67674, 45.08291 ], [ 7.67675, 45.08291 ], [ 7.67679, 45.08298 ] ] ] } },
{ "type": "Feature", "properties": { "uuid": "cb7b802e-b96d-4ab3-9aec-d2a826bb1192", "data_acq": "2019-11-30 00:00:00", "data_agg": "2019-11-30 00:00:00", "data_fin": "9999-12-31 00:00:00", "ente_for": "REGIONE PIEMONTE", "ente_prod": "REGIONE PIEMONTE", "modo_prod": "banche dati esterne - catasto", "sc_acq": "1:2000", "edifc_ty": "generica", "edifc_uso": "commerciale", "edifc_stat": "costruito", "edifc_mon": "0", "edifc_nome": "", "edifc_idag": "", "edifc_ided": "", "source": "BDTRE edifc" }, "geometry": { "type": "Polygon", "coordinates": [ [ [ 7.67027, 45.07587 ], [ 7.67019, 45.07575 ], [ 7.67026, 45.07573 ], [ 7.67023, 45.07569 ], [ 7.6701, 45.07573 ], [ 7.67008, 45.07574 ], [ 7.67022, 45.07594 ], [ 7.67029, 45.07591 ], [ 7.67026, 45.07587 ], [ 7.67027, 45.07587 ] ] ] } },
{ "type": "Feature", "properties": { "uuid": "7e31d313-b520-4ef8-84d2-78c2645c78cc", "data_acq": "2019-11-30 00:00:00", "data_agg": "2019-11-30 00:00:00", "data_fin": "9999-12-31 00:00:00", "ente_for": "REGIONE PIEMONTE", "ente_prod": "REGIONE PIEMONTE", "modo_prod": "banche dati esterne - catasto", "sc_acq": "1:2000", "edifc_ty": "generica", "edifc_uso": "commerciale", "edifc_stat": "costruito", "edifc_mon": "0", "edifc_nome": "", "edifc_idag": "", "edifc_ided": "", "source": "BDTRE edifc" }, "geometry": { "type": "Polygon", "coordinates": [ [ [ 7.68185, 45.07769 ], [ 7.68185, 45.07769 ], [ 7.68188, 45.07768 ], [ 7.68188, 45.07768 ], [ 7.68194, 45.07766 ], [ 7.68214, 45.07794 ], [ 7.682, 45.07804 ], [ 7.68197, 45.07804 ], [ 7.68178, 45.07784 ], [ 7.68171, 45.07777 ], [ 7.68171, 45.07776 ], [ 7.68171, 45.07776 ], [ 7.68171, 45.07774 ], [ 7.68172, 45.07774 ], [ 7.68172, 45.07773 ], [ 7.68185, 45.07769 ] ] ] } },
{ "type": "Feature", "properties": { "uuid": "ef2db8df-d79c-43c9-8626-415897866066", "data_acq": "2019-11-30 00:00:00", "data_agg": "2019-11-30 00:00:00", "data_fin": "9999-12-31 00:00:00", "ente_for": "REGIONE PIEMONTE", "ente_prod": "REGIONE PIEMONTE", "modo_prod": "banche dati esterne - catasto", "sc_acq": "1:2000", "edifc_ty": "generica", "edifc_uso": "commerciale", "edifc_stat": "costruito", "edifc_mon": "0", "edifc_nome": "", "edifc_idag": "", "edifc_ided": "", "source": "BDTRE edifc" }, "geometry": { "type": "Polygon", "coordinates": [ [ [ 7.67319, 45.06991 ], [ 7.67293, 45.07 ], [ 7.67282, 45.06983 ], [ 7.67295, 45.06978 ], [ 7.67303, 45.06989 ], [ 7.6731, 45.06987 ], [ 7.67307, 45.06981 ], [ 7.67311, 45.0698 ], [ 7.67319, 45.06991 ] ] ] } },
{ "type": "Feature", "properties": { "uuid": "c4609d2c-0167-4b92-8c59-8c372e90173e", "data_acq": "2019-11-30 00:00:00", "data_agg": "2019-11-30 00:00:00", "data_fin": "9999-12-31 00:00:00", "ente_for": "REGIONE PIEMONTE", "ente_prod": "REGIONE PIEMONTE", "modo_prod": "banche dati esterne - catasto", "sc_acq": "1:2000", "edifc_ty": "generica", "edifc_uso": "commerciale", "edifc_stat": "costruito", "edifc_mon": "0", "edifc_nome": "", "edifc_idag": "", "edifc_ided": "", "source": "BDTRE edifc" }, "geometry": { "type": "Polygon", "coordinates": [ [ [ 7.66539, 45.06735 ], [ 7.66514, 45.06744 ], [ 7.66507, 45.06746 ], [ 7.66505, 45.06747 ], [ 7.665, 45.06749 ], [ 7.66496, 45.06743 ], [ 7.66492, 45.06738 ], [ 7.66489, 45.06734 ], [ 7.66487, 45.06732 ], [ 7.66499, 45.06728 ], [ 7.66503, 45.06726 ], [ 7.66504, 45.06728 ], [ 7.66505, 45.06728 ], [ 7.66508, 45.06732 ], [ 7.66518, 45.06728 ], [ 7.66518, 45.06729 ], [ 7.66521, 45.06728 ], [ 7.6652, 45.06727 ], [ 7.6653, 45.06724 ], [ 7.66539, 45.06735 ] ] ] } },
{ "type": "Feature", "properties": { "uuid": "af4ffc97-7a54-496f-9417-12a5ccb5ad52", "data_acq": "2019-11-30 00:00:00", "data_agg": "2019-11-30 00:00:00", "data_fin": "9999-12-31 00:00:00", "ente_for": "REGIONE PIEMONTE", "ente_prod": "REGIONE PIEMONTE", "modo_prod": "banche dati esterne - catasto", "sc_acq": "1:2000", "edifc_ty": "generica", "edifc_uso": "commerciale", "edifc_stat": "costruito", "edifc_mon": "0", "edifc_nome": "", "edifc_idag": "", "edifc_ided": "", "source": "BDTRE edifc" }, "geometry": { "type": "Polygon", "coordinates": [ [ [ 7.67797, 45.08196 ], [ 7.67792, 45.08189 ], [ 7.67783, 45.08192 ], [ 7.67775, 45.08195 ], [ 7.6778, 45.08202 ], [ 7.67797, 45.08196 ] ] ] } },
{ "type": "Feature", "properties": { "uuid": "52f0fc69-2a68-49f1-b479-b9ba5ada6e8e", "data_acq": "2019-11-30 00:00:00", "data_agg": "2019-11-30 00:00:00", "data_fin": "9999-12-31 00:00:00", "ente_for": "REGIONE PIEMONTE", "ente_prod": "REGIONE PIEMONTE", "modo_prod": "banche dati esterne - catasto", "sc_acq": "1:2000", "edifc_ty": "generica", "edifc_uso": "commerciale", "edifc_stat": "costruito", "edifc_mon": "0", "edifc_nome": "", "edifc_idag": "", "edifc_ided": "", "source": "BDTRE edifc" }, "geometry": { "type": "Polygon", "coordinates": [ [ [ 7.68476, 45.08332 ], [ 7.68479, 45.08332 ], [ 7.68478, 45.08333 ], [ 7.68475, 45.08333 ], [ 7.68476, 45.08332 ] ] ] } },
{ "type": "Feature", "properties": { "uuid": "f9857786-5015-4583-a634-4e8a9c2c58e8", "data_acq": "2019-11-30 00:00:00", "data_agg": "2019-11-30 00:00:00", "data_fin": "9999-12-31 00:00:00", "ente_for": "REGIONE PIEMONTE", "ente_prod": "REGIONE PIEMONTE", "modo_prod": "banche dati esterne - catasto", "sc_acq": "1:2000", "edifc_ty": "generica", "edifc_uso": "commerciale", "edifc_stat": "costruito", "edifc_mon": "0", "edifc_nome": "", "edifc_idag": "", "edifc_ided": "", "source": "BDTRE edifc" }, "geometry": { "type": "Polygon", "coordinates": [ [ [ 7.68134, 45.0842 ], [ 7.68135, 45.08421 ], [ 7.68127, 45.08426 ], [ 7.68127, 45.08425 ], [ 7.68098, 45.08443 ], [ 7.68099, 45.08444 ], [ 7.68093, 45.08448 ], [ 7.68078, 45.08436 ], [ 7.68084, 45.08432 ], [ 7.68085, 45.08433 ], [ 7.68113, 45.08415 ], [ 7.68112, 45.08414 ], [ 7.6812, 45.08409 ], [ 7.68125, 45.08413 ], [ 7.68134, 45.0842 ] ] ] } },
{ "type": "Feature", "properties": { "uuid": "8f047177-3dc2-47ee-8095-2bc651512995", "data_acq": "2019-11-30 00:00:00", "data_agg": "2019-11-30 00:00:00", "data_fin": "9999-12-31 00:00:00", "ente_for": "REGIONE PIEMONTE", "ente_prod": "REGIONE PIEMONTE", "modo_prod": "banche dati esterne - catasto", "sc_acq": "1:2000", "edifc_ty": "generica", "edifc_uso": "commerciale", "edifc_stat": "costruito", "edifc_mon": "0", "edifc_nome": "", "edifc_idag": "", "edifc_ided": "", "source": "BDTRE edifc" }, "geometry": { "type": "Polygon", "coordinates": [ [ [ 7.68685, 45.07642 ], [ 7.68684, 45.07642 ], [ 7.68683, 45.07642 ], [ 7.68683, 45.07642 ], [ 7.68682, 45.07643 ], [ 7.6868, 45.0764 ], [ 7.68678, 45.07637 ], [ 7.6868, 45.07637 ], [ 7.68681, 45.07636 ], [ 7.68683, 45.07639 ], [ 7.68685, 45.07642 ] ] ] } },
{ "type": "Feature", "properties": { "uuid": "7c81e6ec-293a-4875-9e60-adf41345b70c", "data_acq": "2019-11-30 00:00:00", "data_agg": "2019-11-30 00:00:00", "data_fin": "9999-12-31 00:00:00", "ente_for": "REGIONE PIEMONTE", "ente_prod": "REGIONE PIEMONTE", "modo_prod": "banche dati esterne - catasto", "sc_acq": "1:2000", "edifc_ty": "generica", "edifc_uso": "commerciale", "edifc_stat": "costruito", "edifc_mon": "0", "edifc_nome": "", "edifc_idag": "", "edifc_ided": "", "source": "BDTRE edifc" }, "geometry": { "type": "Polygon", "coordinates": [ [ [ 7.67813, 45.0697 ], [ 7.67813, 45.0697 ], [ 7.67818, 45.06968 ], [ 7.67825, 45.06967 ], [ 7.67833, 45.06964 ], [ 7.67835, 45.06964 ], [ 7.67838, 45.06969 ], [ 7.67833, 45.06971 ], [ 7.67842, 45.06983 ], [ 7.67847, 45.06982 ], [ 7.67854, 45.06992 ], [ 7.67838, 45.06998 ], [ 7.67836, 45.06999 ], [ 7.67835, 45.06999 ], [ 7.6783, 45.06993 ], [ 7.67824, 45.06984 ], [ 7.67824, 45.06984 ], [ 7.6782, 45.06979 ], [ 7.67813, 45.0697 ] ] ] } },
{ "type": "Feature", "properties": { "uuid": "c5bc0bf7-5827-4706-8600-e83f600fd49e", "data_acq": "2019-11-30 00:00:00", "data_agg": "2019-11-30 00:00:00", "data_fin": "9999-12-31 00:00:00", "ente_for": "REGIONE PIEMONTE", "ente_prod": "REGIONE PIEMONTE", "modo_prod": "banche dati esterne - catasto", "sc_acq": "1:2000", "edifc_ty": "generica", "edifc_uso": "commerciale", "edifc_stat": "costruito", "edifc_mon": "0", "edifc_nome": "", "edifc_idag": "", "edifc_ided": "", "source": "BDTRE edifc" }, "geometry": { "type": "Polygon", "coordinates": [ [ [ 7.67677, 45.08309 ], [ 7.6769, 45.08329 ], [ 7.6767, 45.08335 ], [ 7.67666, 45.0833 ], [ 7.67669, 45.08329 ], [ 7.67668, 45.08327 ], [ 7.67668, 45.08327 ], [ 7.67665, 45.08328 ], [ 7.67665, 45.08328 ], [ 7.67664, 45.08326 ], [ 7.67667, 45.08325 ], [ 7.67665, 45.08322 ], [ 7.67665, 45.08322 ], [ 7.67662, 45.08323 ], [ 7.67662, 45.08323 ], [ 7.6766, 45.0832 ], [ 7.67659, 45.08319 ], [ 7.67662, 45.08318 ], [ 7.67661, 45.08316 ], [ 7.67661, 45.08316 ], [ 7.67658, 45.08317 ], [ 7.67658, 45.08317 ], [ 7.67655, 45.08312 ], [ 7.67658, 45.08311 ], [ 7.67657, 45.0831 ], [ 7.67657, 45.0831 ], [ 7.67654, 45.08311 ], [ 7.67654, 45.08311 ], [ 7.67652, 45.08307 ], [ 7.67671, 45.08301 ], [ 7.67677, 45.08309 ] ] ] } },
{ "type": "Feature", "properties": { "uuid": "bb968eca-b041-4d7c-9eb7-897fca25aad4", "data_acq": "2010-01-01 00:00:00", "data_agg": "2022-12-31 00:00:00", "data_fin": "9999-12-31 00:00:00", "ente_for": "REGIONE PIEMONTE", "ente_prod": "CSI PIEMONTE", "modo_prod": "rilievo speditivo - ortofoto", "sc_acq": "1:10000", "edifc_ty": "generica", "edifc_uso": "commerciale", "edifc_stat": "costruito", "edifc_mon": "0", "edifc_nome": "", "edifc_idag": "", "edifc_ided": "", "source": "BDTRE edifc" }, "geometry": { "type": "Polygon", "coordinates": [ [ [ 7.68604, 45.06999 ], [ 7.68593, 45.07004 ], [ 7.68583, 45.07007 ], [ 7.68584, 45.07008 ], [ 7.68584, 45.07008 ], [ 7.68585, 45.07009 ], [ 7.68606, 45.07002 ], [ 7.68605, 45.07001 ], [ 7.68605, 45.07 ], [ 7.68604, 45.06999 ] ] ] } },
{ "type": "Feature", "properties": { "uuid": "544049ef-ccb8-4d37-ac60-b013e12d96b2", "data_acq": "2019-11-30 00:00:00", "data_agg": "2019-11-30 00:00:00", "data_fin": "9999-12-31 00:00:00", "ente_for": "REGIONE PIEMONTE", "ente_prod": "REGIONE PIEMONTE", "modo_prod": "banche dati esterne - catasto", "sc_acq": "1:2000", "edifc_ty": "generica", "edifc_uso": "commerciale", "edifc_stat": "costruito", "edifc_mon": "0", "edifc_nome": "", "edifc_idag": "", "edifc_ided": "", "source": "BDTRE edifc" }, "geometry": { "type": "Polygon", "coordinates": [ [ [ 7.68112, 45.06801 ], [ 7.68118, 45.06809 ], [ 7.68118, 45.06809 ], [ 7.68126, 45.06819 ], [ 7.68125, 45.0682 ], [ 7.68131, 45.06827 ], [ 7.68115, 45.06833 ], [ 7.68116, 45.06835 ], [ 7.68106, 45.06838 ], [ 7.68095, 45.06842 ], [ 7.6809, 45.06844 ], [ 7.68089, 45.06843 ], [ 7.68089, 45.06843 ], [ 7.68087, 45.0684 ], [ 7.68086, 45.06839 ], [ 7.68072, 45.06819 ], [ 7.68075, 45.06818 ], [ 7.68073, 45.06815 ], [ 7.68073, 45.06815 ], [ 7.68112, 45.06801 ] ] ] } },
{ "type": "Feature", "properties": { "uuid": "b5401846-f1d5-48c3-9514-7c8d387350ed", "data_acq": "2019-11-30 00:00:00", "data_agg": "2019-11-30 00:00:00", "data_fin": "9999-12-31 00:00:00", "ente_for": "REGIONE PIEMONTE", "ente_prod": "REGIONE PIEMONTE", "modo_prod": "banche dati esterne - catasto", "sc_acq": "1:2000", "edifc_ty": "generica", "edifc_uso": "commerciale", "edifc_stat": "costruito", "edifc_mon": "0", "edifc_nome": "", "edifc_idag": "", "edifc_ided": "", "source": "BDTRE edifc" }, "geometry": { "type": "Polygon", "coordinates": [ [ [ 7.67001, 45.0737 ], [ 7.66996, 45.07371 ], [ 7.66995, 45.07372 ], [ 7.66999, 45.07377 ], [ 7.66999, 45.07377 ], [ 7.67005, 45.07375 ], [ 7.67001, 45.0737 ] ] ] } },
{ "type": "Feature", "properties": { "uuid": "21c84bb3-e230-4144-a53d-3f88f1e28566", "data_acq": "2019-11-30 00:00:00", "data_agg": "2019-11-30 00:00:00", "data_fin": "9999-12-31 00:00:00", "ente_for": "REGIONE PIEMONTE", "ente_prod": "REGIONE PIEMONTE", "modo_prod": "banche dati esterne - catasto", "sc_acq": "1:2000", "edifc_ty": "generica", "edifc_uso": "commerciale", "edifc_stat": "costruito", "edifc_mon": "0", "edifc_nome": "", "edifc_idag": "", "edifc_ided": "", "source": "BDTRE edifc" }, "geometry": { "type": "Polygon", "coordinates": [ [ [ 7.66719, 45.07614 ], [ 7.6672, 45.07612 ], [ 7.6672, 45.07612 ], [ 7.6672, 45.0761 ], [ 7.66726, 45.0761 ], [ 7.66726, 45.07612 ], [ 7.66726, 45.07613 ], [ 7.66726, 45.07616 ], [ 7.66721, 45.07616 ], [ 7.66722, 45.07614 ], [ 7.66719, 45.07614 ] ] ] } },
{ "type": "Feature", "properties": { "uuid": "82e2f63a-54a4-40f1-8418-2bfb01565f4c", "data_acq": "2019-11-30 00:00:00", "data_agg": "2019-11-30 00:00:00", "data_fin": "9999-12-31 00:00:00", "ente_for": "REGIONE PIEMONTE", "ente_prod": "REGIONE PIEMONTE", "modo_prod": "banche dati esterne - catasto", "sc_acq": "1:2000", "edifc_ty": "generica", "edifc_uso": "commerciale", "edifc_stat": "costruito", "edifc_mon": "0", "edifc_nome": "", "edifc_idag": "", "edifc_ided": "", "source": "BDTRE edifc" }, "geometry": { "type": "Polygon", "coordinates": [ [ [ 7.66657, 45.06624 ], [ 7.66665, 45.06635 ], [ 7.66666, 45.06635 ], [ 7.66666, 45.06636 ], [ 7.6667, 45.06635 ], [ 7.66671, 45.06634 ], [ 7.66671, 45.06634 ], [ 7.66672, 45.06633 ], [ 7.66668, 45.06628 ], [ 7.66674, 45.06625 ], [ 7.66676, 45.06625 ], [ 7.66675, 45.06623 ], [ 7.66679, 45.06622 ], [ 7.6668, 45.06624 ], [ 7.66682, 45.06623 ], [ 7.66681, 45.06621 ], [ 7.66684, 45.0662 ], [ 7.66691, 45.0663 ], [ 7.66697, 45.06628 ], [ 7.66693, 45.06622 ], [ 7.6669, 45.06618 ], [ 7.66687, 45.06613 ], [ 7.66669, 45.06619 ], [ 7.66657, 45.06624 ] ] ] } },
{ "type": "Feature", "properties": { "uuid": "cb805d4a-d089-4331-bb19-2e7b953bbfff", "data_acq": "2019-11-30 00:00:00", "data_agg": "2019-11-30 00:00:00", "data_fin": "9999-12-31 00:00:00", "ente_for": "REGIONE PIEMONTE", "ente_prod": "REGIONE PIEMONTE", "modo_prod": "banche dati esterne - catasto", "sc_acq": "1:2000", "edifc_ty": "generica", "edifc_uso": "commerciale", "edifc_stat": "costruito", "edifc_mon": "0", "edifc_nome": "", "edifc_idag": "", "edifc_ided": "", "source": "BDTRE edifc" }, "geometry": { "type": "Polygon", "coordinates": [ [ [ 7.67403, 45.08165 ], [ 7.67401, 45.08161 ], [ 7.67395, 45.08152 ], [ 7.67369, 45.0816 ], [ 7.67377, 45.08171 ], [ 7.67389, 45.08169 ], [ 7.67403, 45.08165 ] ] ] } },
{ "type": "Feature", "properties": { "uuid": "5925bcc1-d972-4740-8598-798d694aa481", "data_acq": "2019-11-30 00:00:00", "data_agg": "2019-11-30 00:00:00", "data_fin": "9999-12-31 00:00:00", "ente_for": "REGIONE PIEMONTE", "ente_prod": "REGIONE PIEMONTE", "modo_prod": "banche dati esterne - catasto", "sc_acq": "1:2000", "edifc_ty": "generica", "edifc_uso": "commerciale", "edifc_stat": "costruito", "edifc_mon": "0", "edifc_nome": "", "edifc_idag": "", "edifc_ided": "", "source": "BDTRE edifc" }, "geometry": { "type": "Polygon", "coordinates": [ [ [ 7.67652, 45.06694 ], [ 7.6765, 45.06691 ], [ 7.67647, 45.06687 ], [ 7.67652, 45.06685 ], [ 7.67658, 45.06684 ], [ 7.67655, 45.0668 ], [ 7.67655, 45.0668 ], [ 7.67662, 45.06678 ], [ 7.67662, 45.06676 ], [ 7.67653, 45.06663 ], [ 7.67653, 45.06662 ], [ 7.67653, 45.06662 ], [ 7.67653, 45.06662 ], [ 7.67653, 45.06662 ], [ 7.67653, 45.06661 ], [ 7.6765, 45.06657 ], [ 7.6765, 45.06657 ], [ 7.67644, 45.06659 ], [ 7.67645, 45.0666 ], [ 7.67644, 45.0666 ], [ 7.67637, 45.06663 ], [ 7.67631, 45.06664 ], [ 7.67629, 45.06662 ], [ 7.67624, 45.06654 ], [ 7.67638, 45.06649 ], [ 7.67652, 45.06644 ], [ 7.67661, 45.06646 ], [ 7.67674, 45.06664 ], [ 7.67687, 45.06682 ], [ 7.6768, 45.06685 ], [ 7.67652, 45.06694 ] ] ] } },
{ "type": "Feature", "properties": { "uuid": "35f451d1-1678-43bb-896e-0a1ef26c271c", "data_acq": "2019-11-30 00:00:00", "data_agg": "2019-11-30 00:00:00", "data_fin": "9999-12-31 00:00:00", "ente_for": "REGIONE PIEMONTE", "ente_prod": "REGIONE PIEMONTE", "modo_prod": "banche dati esterne - catasto", "sc_acq": "1:2000", "edifc_ty": "generica", "edifc_uso": "commerciale", "edifc_stat": "costruito", "edifc_mon": "0", "edifc_nome": "", "edifc_idag": "", "edifc_ided": "", "source": "BDTRE edifc" }, "geometry": { "type": "Polygon", "coordinates": [ [ [ 7.66848, 45.08138 ], [ 7.66848, 45.08139 ], [ 7.66841, 45.08142 ], [ 7.6684, 45.08141 ], [ 7.6684, 45.08141 ], [ 7.66837, 45.08136 ], [ 7.66834, 45.08132 ], [ 7.66842, 45.0813 ], [ 7.66848, 45.08138 ] ] ] } },
{ "type": "Feature", "properties": { "uuid": "420b3b86-9d6e-4f71-aeaf-1258f4feebe4", "data_acq": "2019-11-30 00:00:00", "data_agg": "2019-11-30 00:00:00", "data_fin": "9999-12-31 00:00:00", "ente_for": "REGIONE PIEMONTE", "ente_prod": "REGIONE PIEMONTE", "modo_prod": "banche dati esterne - catasto", "sc_acq": "1:2000", "edifc_ty": "generica", "edifc_uso": "commerciale", "edifc_stat": "costruito", "edifc_mon": "0", "edifc_nome": "", "edifc_idag": "", "edifc_ided": "", "source": "BDTRE edifc" }, "geometry": { "type": "Polygon", "coordinates": [ [ [ 7.69004, 45.08091 ], [ 7.69001, 45.08092 ], [ 7.68997, 45.08087 ], [ 7.69001, 45.08085 ], [ 7.69004, 45.08091 ] ] ] } },
{ "type": "Feature", "properties": { "uuid": "2c762e26-8a9e-4ba4-902d-7e0bb3228b92", "data_acq": "2019-11-30 00:00:00", "data_agg": "2019-11-30 00:00:00", "data_fin": "9999-12-31 00:00:00", "ente_for": "REGIONE PIEMONTE", "ente_prod": "REGIONE PIEMONTE", "modo_prod": "banche dati esterne - catasto", "sc_acq": "1:2000", "edifc_ty": "generica", "edifc_uso": "commerciale", "edifc_stat": "costruito", "edifc_mon": "0", "edifc_nome": "", "edifc_idag": "", "edifc_ided": "", "source": "BDTRE edifc" }, "geometry": { "type": "Polygon", "coordinates": [ [ [ 7.69469, 45.08195 ], [ 7.69469, 45.08195 ], [ 7.69429, 45.08177 ], [ 7.6943, 45.08177 ], [ 7.69436, 45.0817 ], [ 7.69437, 45.08169 ], [ 7.69465, 45.08182 ], [ 7.69465, 45.08182 ], [ 7.69471, 45.08184 ], [ 7.69477, 45.08187 ], [ 7.69474, 45.08189 ], [ 7.69469, 45.08195 ] ] ] } },
{ "type": "Feature", "properties": { "uuid": "95bd562f-00de-45be-92e7-38ead00df7df", "data_acq": "2010-01-01 00:00:00", "data_agg": "2022-12-31 00:00:00", "data_fin": "9999-12-31 00:00:00", "ente_for": "REGIONE PIEMONTE", "ente_prod": "CSI PIEMONTE", "modo_prod": "rilievo speditivo - ortofoto", "sc_acq": "1:10000", "edifc_ty": "generica", "edifc_uso": "commerciale", "edifc_stat": "costruito", "edifc_mon": "0", "edifc_nome": "", "edifc_idag": "", "edifc_ided": "", "source": "BDTRE edifc" }, "geometry": { "type": "Polygon", "coordinates": [ [ [ 7.68647, 45.06984 ], [ 7.68648, 45.06985 ], [ 7.68649, 45.06987 ], [ 7.68648, 45.06987 ], [ 7.68629, 45.06994 ], [ 7.68609, 45.07001 ], [ 7.68608, 45.06999 ], [ 7.68608, 45.06999 ], [ 7.68607, 45.06998 ], [ 7.68628, 45.06991 ], [ 7.68647, 45.06984 ] ] ] } },
{ "type": "Feature", "properties": { "uuid": "86813eb2-51c5-49ea-bc22-06499995e0d3", "data_acq": "2019-11-30 00:00:00", "data_agg": "2019-11-30 00:00:00", "data_fin": "9999-12-31 00:00:00", "ente_for": "REGIONE PIEMONTE", "ente_prod": "REGIONE PIEMONTE", "modo_prod": "banche dati esterne - catasto", "sc_acq": "1:2000", "edifc_ty": "generica", "edifc_uso": "commerciale", "edifc_stat": "costruito", "edifc_mon": "0", "edifc_nome": "", "edifc_idag": "", "edifc_ided": "", "source": "BDTRE edifc" }, "geometry": { "type": "Polygon", "coordinates": [ [ [ 7.68206, 45.07735 ], [ 7.68205, 45.07734 ], [ 7.68205, 45.07734 ], [ 7.68207, 45.07733 ], [ 7.68207, 45.07735 ], [ 7.68206, 45.07735 ], [ 7.68206, 45.07735 ] ] ] } },
{ "type": "Feature", "properties": { "uuid": "9f408b5a-f9eb-4822-a580-ddff2977ca8a", "data_acq": "2019-11-30 00:00:00", "data_agg": "2019-11-30 00:00:00", "data_fin": "9999-12-31 00:00:00", "ente_for": "REGIONE PIEMONTE", "ente_prod": "REGIONE PIEMONTE", "modo_prod": "banche dati esterne - catasto", "sc_acq": "1:2000", "edifc_ty": "generica", "edifc_uso": "commerciale", "edifc_stat": "costruito", "edifc_mon": "0", "edifc_nome": "", "edifc_idag": "", "edifc_ided": "", "source": "BDTRE edifc" }, "geometry": { "type": "Polygon", "coordinates": [ [ [ 7.69164, 45.08376 ], [ 7.69164, 45.08376 ], [ 7.69158, 45.08378 ], [ 7.69155, 45.08379 ], [ 7.69152, 45.0838 ], [ 7.69149, 45.08381 ], [ 7.69149, 45.08381 ], [ 7.69149, 45.08381 ], [ 7.69147, 45.08382 ], [ 7.69134, 45.08386 ], [ 7.69125, 45.08389 ], [ 7.69119, 45.08391 ], [ 7.69111, 45.08393 ], [ 7.69107, 45.08394 ], [ 7.69089, 45.084 ], [ 7.69078, 45.08383 ], [ 7.69076, 45.0838 ], [ 7.69075, 45.08378 ], [ 7.69075, 45.08378 ], [ 7.69076, 45.08378 ], [ 7.69076, 45.08378 ], [ 7.69081, 45.08377 ], [ 7.69082, 45.08378 ], [ 7.69082, 45.08379 ], [ 7.69089, 45.08376 ], [ 7.69089, 45.08376 ], [ 7.69089, 45.08376 ], [ 7.69089, 45.08376 ], [ 7.6909, 45.08376 ], [ 7.6909, 45.08376 ], [ 7.6909, 45.08376 ], [ 7.69097, 45.08374 ], [ 7.69102, 45.08372 ], [ 7.69101, 45.08372 ], [ 7.69102, 45.08372 ], [ 7.69102, 45.08372 ], [ 7.69114, 45.08369 ], [ 7.69113, 45.08368 ], [ 7.69114, 45.08368 ], [ 7.69114, 45.08368 ], [ 7.69126, 45.08365 ], [ 7.69126, 45.08364 ], [ 7.69126, 45.08364 ], [ 7.69127, 45.08364 ], [ 7.69138, 45.08361 ], [ 7.69138, 45.0836 ], [ 7.69139, 45.0836 ], [ 7.69139, 45.08361 ], [ 7.69149, 45.08376 ], [ 7.69162, 45.08372 ], [ 7.69164, 45.08376 ] ] ] } },
{ "type": "Feature", "properties": { "uuid": "9a82341a-00bb-4559-8f34-c658817ff654", "data_acq": "2019-11-30 00:00:00", "data_agg": "2019-11-30 00:00:00", "data_fin": "9999-12-31 00:00:00", "ente_for": "REGIONE PIEMONTE", "ente_prod": "REGIONE PIEMONTE", "modo_prod": "banche dati esterne - catasto", "sc_acq": "1:2000", "edifc_ty": "generica", "edifc_uso": "commerciale", "edifc_stat": "costruito", "edifc_mon": "0", "edifc_nome": "", "edifc_idag": "", "edifc_ided": "", "source": "BDTRE edifc" }, "geometry": { "type": "Polygon", "coordinates": [ [ [ 7.6754, 45.06505 ], [ 7.67541, 45.06506 ], [ 7.67539, 45.06507 ], [ 7.67539, 45.06506 ], [ 7.6754, 45.06505 ] ] ] } },
{ "type": "Feature", "properties": { "uuid": "fad81fcc-7dba-47d1-9d48-bae3ee7ebde8", "data_acq": "2019-11-30 00:00:00", "data_agg": "2019-11-30 00:00:00", "data_fin": "9999-12-31 00:00:00", "ente_for": "REGIONE PIEMONTE", "ente_prod": "REGIONE PIEMONTE", "modo_prod": "banche dati esterne - catasto", "sc_acq": "1:2000", "edifc_ty": "generica", "edifc_uso": "commerciale", "edifc_stat": "costruito", "edifc_mon": "0", "edifc_nome": "", "edifc_idag": "", "edifc_ided": "", "source": "BDTRE edifc" }, "geometry": { "type": "Polygon", "coordinates": [ [ [ 7.6814, 45.07711 ], [ 7.68133, 45.07713 ], [ 7.68129, 45.07707 ], [ 7.68134, 45.07706 ], [ 7.68136, 45.07709 ], [ 7.68138, 45.07708 ], [ 7.6814, 45.07711 ] ] ] } },
{ "type": "Feature", "properties": { "uuid": "e2674f96-57e1-4140-8986-4763db118e55", "data_acq": "2019-11-30 00:00:00", "data_agg": "2019-11-30 00:00:00", "data_fin": "9999-12-31 00:00:00", "ente_for": "REGIONE PIEMONTE", "ente_prod": "REGIONE PIEMONTE", "modo_prod": "banche dati esterne - catasto", "sc_acq": "1:2000", "edifc_ty": "generica", "edifc_uso": "commerciale", "edifc_stat": "costruito", "edifc_mon": "0", "edifc_nome": "", "edifc_idag": "", "edifc_ided": "", "source": "BDTRE edifc" }, "geometry": { "type": "Polygon", "coordinates": [ [ [ 7.67924, 45.06671 ], [ 7.67938, 45.0669 ], [ 7.67951, 45.06686 ], [ 7.6795, 45.06684 ], [ 7.67948, 45.06685 ], [ 7.67943, 45.06678 ], [ 7.67956, 45.06673 ], [ 7.67962, 45.06681 ], [ 7.6797, 45.06679 ], [ 7.67963, 45.06669 ], [ 7.67956, 45.06659 ], [ 7.67945, 45.06663 ], [ 7.67945, 45.06663 ], [ 7.67945, 45.06663 ], [ 7.67945, 45.06663 ], [ 7.67936, 45.06667 ], [ 7.67935, 45.06666 ], [ 7.67924, 45.06671 ] ] ] } },
{ "type": "Feature", "properties": { "uuid": "fad14995-b517-49ec-8359-1bb331741b02", "data_acq": "2019-11-30 00:00:00", "data_agg": "2019-11-30 00:00:00", "data_fin": "9999-12-31 00:00:00", "ente_for": "REGIONE PIEMONTE", "ente_prod": "REGIONE PIEMONTE", "modo_prod": "banche dati esterne - catasto", "sc_acq": "1:2000", "edifc_ty": "generica", "edifc_uso": "commerciale", "edifc_stat": "costruito", "edifc_mon": "0", "edifc_nome": "", "edifc_idag": "", "edifc_ided": "", "source": "BDTRE edifc" }, "geometry": { "type": "Polygon", "coordinates": [ [ [ 7.68975, 45.0808 ], [ 7.68972, 45.08076 ], [ 7.68985, 45.08072 ], [ 7.68988, 45.0807 ], [ 7.6899, 45.0807 ], [ 7.68992, 45.08074 ], [ 7.68975, 45.0808 ] ] ] } },
{ "type": "Feature", "properties": { "uuid": "6326de72-17db-4253-9dc3-6debe8a5cfec", "data_acq": "2019-11-30 00:00:00", "data_agg": "2019-11-30 00:00:00", "data_fin": "9999-12-31 00:00:00", "ente_for": "REGIONE PIEMONTE", "ente_prod": "REGIONE PIEMONTE", "modo_prod": "banche dati esterne - catasto", "sc_acq": "1:2000", "edifc_ty": "generica", "edifc_uso": "commerciale", "edifc_stat": "costruito", "edifc_mon": "0", "edifc_nome": "", "edifc_idag": "", "edifc_ided": "", "source": "BDTRE edifc" }, "geometry": { "type": "Polygon", "coordinates": [ [ [ 7.66796, 45.08139 ], [ 7.66801, 45.08137 ], [ 7.668, 45.08136 ], [ 7.66804, 45.08135 ], [ 7.66805, 45.08136 ], [ 7.66807, 45.08139 ], [ 7.66798, 45.08142 ], [ 7.66796, 45.08139 ] ] ] } },
{ "type": "Feature", "properties": { "uuid": "41bfb3fe-d229-4df4-a0ae-027ede051a03", "data_acq": "2019-11-30 00:00:00", "data_agg": "2019-11-30 00:00:00", "data_fin": "9999-12-31 00:00:00", "ente_for": "REGIONE PIEMONTE", "ente_prod": "REGIONE PIEMONTE", "modo_prod": "banche dati esterne - catasto", "sc_acq": "1:2000", "edifc_ty": "generica", "edifc_uso": "commerciale", "edifc_stat": "costruito", "edifc_mon": "0", "edifc_nome": "", "edifc_idag": "", "edifc_ided": "", "source": "BDTRE edifc" }, "geometry": { "type": "Polygon", "coordinates": [ [ [ 7.6787, 45.07131 ], [ 7.67864, 45.07121 ], [ 7.67854, 45.07107 ], [ 7.67824, 45.07117 ], [ 7.67829, 45.07124 ], [ 7.67832, 45.07128 ], [ 7.67835, 45.07127 ], [ 7.67834, 45.07126 ], [ 7.67838, 45.07124 ], [ 7.67837, 45.07123 ], [ 7.67847, 45.07119 ], [ 7.67856, 45.07131 ], [ 7.67855, 45.07132 ], [ 7.67857, 45.07135 ], [ 7.6787, 45.07131 ] ] ] } },
{ "type": "Feature", "properties": { "uuid": "d74b4947-3e0b-4333-aae7-2da22c85b504", "data_acq": "2019-11-30 00:00:00", "data_agg": "2019-11-30 00:00:00", "data_fin": "9999-12-31 00:00:00", "ente_for": "REGIONE PIEMONTE", "ente_prod": "REGIONE PIEMONTE", "modo_prod": "banche dati esterne - catasto", "sc_acq": "1:2000", "edifc_ty": "generica", "edifc_uso": "commerciale", "edifc_stat": "costruito", "edifc_mon": "0", "edifc_nome": "", "edifc_idag": "", "edifc_ided": "", "source": "BDTRE edifc" }, "geometry": { "type": "Polygon", "coordinates": [ [ [ 7.67806, 45.06864 ], [ 7.67806, 45.06863 ], [ 7.6781, 45.06862 ], [ 7.6785, 45.06847 ], [ 7.67857, 45.06857 ], [ 7.67859, 45.0686 ], [ 7.6786, 45.06862 ], [ 7.6787, 45.06876 ], [ 7.67874, 45.0688 ], [ 7.67878, 45.06887 ], [ 7.67878, 45.06887 ], [ 7.67844, 45.069 ], [ 7.67834, 45.06904 ], [ 7.67824, 45.0689 ], [ 7.67815, 45.06877 ], [ 7.67814, 45.06876 ], [ 7.67814, 45.06876 ], [ 7.67806, 45.06864 ] ], [ [ 7.67847, 45.06864 ], [ 7.67829, 45.0687 ], [ 7.6784, 45.06886 ], [ 7.6784, 45.06886 ], [ 7.67842, 45.06888 ], [ 7.67862, 45.06879 ], [ 7.6785, 45.06863 ], [ 7.67847, 45.06864 ], [ 7.67847, 45.06864 ] ] ] } },
{ "type": "Feature", "properties": { "uuid": "cc7618c7-778e-4efa-817e-6eeb7155f967", "data_acq": "2019-11-30 00:00:00", "data_agg": "2019-11-30 00:00:00", "data_fin": "9999-12-31 00:00:00", "ente_for": "REGIONE PIEMONTE", "ente_prod": "REGIONE PIEMONTE", "modo_prod": "banche dati esterne - catasto", "sc_acq": "1:2000", "edifc_ty": "generica", "edifc_uso": "commerciale", "edifc_stat": "costruito", "edifc_mon": "0", "edifc_nome": "", "edifc_idag": "", "edifc_ided": "", "source": "BDTRE edifc" }, "geometry": { "type": "Polygon", "coordinates": [ [ [ 7.67789, 45.08368 ], [ 7.67765, 45.08375 ], [ 7.67766, 45.08378 ], [ 7.6777, 45.08384 ], [ 7.67776, 45.08393 ], [ 7.67792, 45.08387 ], [ 7.67789, 45.08383 ], [ 7.67789, 45.08383 ], [ 7.67786, 45.08378 ], [ 7.67795, 45.08376 ], [ 7.67789, 45.08368 ] ] ] } },
{ "type": "Feature", "properties": { "uuid": "e512cda9-94b6-477d-8a67-81fd0c1be17b", "data_acq": "2019-11-30 00:00:00", "data_agg": "2019-11-30 00:00:00", "data_fin": "9999-12-31 00:00:00", "ente_for": "REGIONE PIEMONTE", "ente_prod": "REGIONE PIEMONTE", "modo_prod": "banche dati esterne - catasto", "sc_acq": "1:2000", "edifc_ty": "generica", "edifc_uso": "commerciale", "edifc_stat": "costruito", "edifc_mon": "0", "edifc_nome": "", "edifc_idag": "", "edifc_ided": "", "source": "BDTRE edifc" }, "geometry": { "type": "Polygon", "coordinates": [ [ [ 7.68419, 45.07793 ], [ 7.68418, 45.07793 ], [ 7.68422, 45.07792 ], [ 7.68425, 45.07796 ], [ 7.68423, 45.07797 ], [ 7.68421, 45.07797 ], [ 7.68419, 45.07794 ], [ 7.68419, 45.07793 ] ] ] } },
{ "type": "Feature", "properties": { "uuid": "f534f24a-9ae5-4703-86d8-40235f9ca483", "data_acq": "2019-11-30 00:00:00", "data_agg": "2019-11-30 00:00:00", "data_fin": "9999-12-31 00:00:00", "ente_for": "REGIONE PIEMONTE", "ente_prod": "REGIONE PIEMONTE", "modo_prod": "banche dati esterne - catasto", "sc_acq": "1:2000", "edifc_ty": "generica", "edifc_uso": "commerciale", "edifc_stat": "costruito", "edifc_mon": "0", "edifc_nome": "", "edifc_idag": "", "edifc_ided": "", "source": "BDTRE edifc" }, "geometry": { "type": "Polygon", "coordinates": [ [ [ 7.67282, 45.07483 ], [ 7.67277, 45.07476 ], [ 7.67292, 45.07471 ], [ 7.67297, 45.07478 ], [ 7.67282, 45.07483 ] ] ] } },
{ "type": "Feature", "properties": { "uuid": "d0c525e8-f519-4fb5-9f4e-5717ba564e31", "data_acq": "2019-11-30 00:00:00", "data_agg": "2019-11-30 00:00:00", "data_fin": "9999-12-31 00:00:00", "ente_for": "REGIONE PIEMONTE", "ente_prod": "REGIONE PIEMONTE", "modo_prod": "banche dati esterne - catasto", "sc_acq": "1:2000", "edifc_ty": "generica", "edifc_uso": "commerciale", "edifc_stat": "costruito", "edifc_mon": "0", "edifc_nome": "", "edifc_idag": "", "edifc_ided": "", "source": "BDTRE edifc" }, "geometry": { "type": "Polygon", "coordinates": [ [ [ 7.6898, 45.07764 ], [ 7.68976, 45.07762 ], [ 7.68981, 45.07756 ], [ 7.68983, 45.07757 ], [ 7.68983, 45.07757 ], [ 7.68985, 45.07758 ], [ 7.68983, 45.07761 ], [ 7.6898, 45.07764 ] ] ] } },
{ "type": "Feature", "properties": { "uuid": "bfaa8bea-0dc2-4be5-8d99-f4a0336b651f", "data_acq": "2019-11-30 00:00:00", "data_agg": "2019-11-30 00:00:00", "data_fin": "9999-12-31 00:00:00", "ente_for": "REGIONE PIEMONTE", "ente_prod": "REGIONE PIEMONTE", "modo_prod": "banche dati esterne - catasto", "sc_acq": "1:2000", "edifc_ty": "generica", "edifc_uso": "commerciale", "edifc_stat": "costruito", "edifc_mon": "0", "edifc_nome": "", "edifc_idag": "", "edifc_ided": "", "source": "BDTRE edifc" }, "geometry": { "type": "Polygon", "coordinates": [ [ [ 7.68972, 45.07575 ], [ 7.68952, 45.07563 ], [ 7.68954, 45.07562 ], [ 7.68955, 45.07562 ], [ 7.68959, 45.07564 ], [ 7.68981, 45.07538 ], [ 7.68998, 45.07546 ], [ 7.68999, 45.07546 ], [ 7.68998, 45.07547 ], [ 7.68972, 45.07575 ] ] ] } },
{ "type": "Feature", "properties": { "uuid": "034de267-f2e0-4db4-a96e-cec992dd6c22", "data_acq": "2019-11-30 00:00:00", "data_agg": "2019-11-30 00:00:00", "data_fin": "9999-12-31 00:00:00", "ente_for": "REGIONE PIEMONTE", "ente_prod": "REGIONE PIEMONTE", "modo_prod": "banche dati esterne - catasto", "sc_acq": "1:2000", "edifc_ty": "generica", "edifc_uso": "commerciale", "edifc_stat": "costruito", "edifc_mon": "0", "edifc_nome": "", "edifc_idag": "", "edifc_ided": "", "source": "BDTRE edifc" }, "geometry": { "type": "Polygon", "coordinates": [ [ [ 7.69318, 45.0732 ], [ 7.6931, 45.07323 ], [ 7.693, 45.07308 ], [ 7.69325, 45.07299 ], [ 7.69329, 45.07298 ], [ 7.69332, 45.07297 ], [ 7.69335, 45.07301 ], [ 7.69327, 45.07304 ], [ 7.69329, 45.07307 ], [ 7.69316, 45.07312 ], [ 7.69314, 45.07311 ], [ 7.69313, 45.07309 ], [ 7.6931, 45.0731 ], [ 7.69318, 45.0732 ] ] ] } },
{ "type": "Feature", "properties": { "uuid": "cb86cb15-41a0-423c-8463-8e91cb5be60b", "data_acq": "2019-11-30 00:00:00", "data_agg": "2019-11-30 00:00:00", "data_fin": "9999-12-31 00:00:00", "ente_for": "REGIONE PIEMONTE", "ente_prod": "REGIONE PIEMONTE", "modo_prod": "banche dati esterne - catasto", "sc_acq": "1:2000", "edifc_ty": "generica", "edifc_uso": "commerciale", "edifc_stat": "costruito", "edifc_mon": "0", "edifc_nome": "", "edifc_idag": "", "edifc_ided": "", "source": "BDTRE edifc" }, "geometry": { "type": "Polygon", "coordinates": [ [ [ 7.67416, 45.08136 ], [ 7.67418, 45.0814 ], [ 7.67421, 45.08145 ], [ 7.67426, 45.08153 ], [ 7.67424, 45.08154 ], [ 7.67414, 45.08157 ], [ 7.67409, 45.08159 ], [ 7.67401, 45.08161 ], [ 7.67395, 45.08152 ], [ 7.67394, 45.0815 ], [ 7.67406, 45.08146 ], [ 7.67403, 45.0814 ], [ 7.67412, 45.08137 ], [ 7.67416, 45.08136 ] ] ] } },
{ "type": "Feature", "properties": { "uuid": "5d2e90dc-fade-4cb7-950b-0ff406cd6f66", "data_acq": "2019-11-30 00:00:00", "data_agg": "2019-11-30 00:00:00", "data_fin": "9999-12-31 00:00:00", "ente_for": "REGIONE PIEMONTE", "ente_prod": "REGIONE PIEMONTE", "modo_prod": "banche dati esterne - catasto", "sc_acq": "1:2000", "edifc_ty": "generica", "edifc_uso": "commerciale", "edifc_stat": "costruito", "edifc_mon": "0", "edifc_nome": "", "edifc_idag": "", "edifc_ided": "", "source": "BDTRE edifc" }, "geometry": { "type": "Polygon", "coordinates": [ [ [ 7.67135, 45.08246 ], [ 7.67129, 45.08236 ], [ 7.67134, 45.08235 ], [ 7.67144, 45.08232 ], [ 7.67149, 45.0823 ], [ 7.67152, 45.08229 ], [ 7.67154, 45.08233 ], [ 7.67158, 45.0824 ], [ 7.67158, 45.0824 ], [ 7.6715, 45.08242 ], [ 7.67135, 45.08246 ] ] ] } },
{ "type": "Feature", "properties": { "uuid": "86084cd5-ff3a-4e91-80ce-012447248c66", "data_acq": "2019-11-30 00:00:00", "data_agg": "2019-11-30 00:00:00", "data_fin": "9999-12-31 00:00:00", "ente_for": "REGIONE PIEMONTE", "ente_prod": "REGIONE PIEMONTE", "modo_prod": "banche dati esterne - catasto", "sc_acq": "1:2000", "edifc_ty": "generica", "edifc_uso": "commerciale", "edifc_stat": "costruito", "edifc_mon": "0", "edifc_nome": "", "edifc_idag": "", "edifc_ided": "", "source": "BDTRE edifc" }, "geometry": { "type": "Polygon", "coordinates": [ [ [ 7.67031, 45.08089 ], [ 7.67027, 45.0809 ], [ 7.67026, 45.0809 ], [ 7.67024, 45.08091 ], [ 7.67018, 45.08093 ], [ 7.67011, 45.08095 ], [ 7.67012, 45.08096 ], [ 7.67009, 45.08097 ], [ 7.67006, 45.08098 ], [ 7.67006, 45.08097 ], [ 7.67005, 45.08097 ], [ 7.66997, 45.081 ], [ 7.66987, 45.08086 ], [ 7.66978, 45.08072 ], [ 7.66978, 45.08072 ], [ 7.66981, 45.0807 ], [ 7.66978, 45.0807 ], [ 7.66978, 45.08069 ], [ 7.66977, 45.08067 ], [ 7.66976, 45.08065 ], [ 7.66976, 45.08064 ], [ 7.66976, 45.08062 ], [ 7.66977, 45.0806 ], [ 7.66978, 45.08059 ], [ 7.66982, 45.08057 ], [ 7.66982, 45.08057 ], [ 7.66993, 45.08053 ], [ 7.67002, 45.08051 ], [ 7.67014, 45.08047 ], [ 7.67014, 45.08047 ], [ 7.67021, 45.08056 ], [ 7.67021, 45.08057 ], [ 7.67022, 45.08059 ], [ 7.67024, 45.08061 ], [ 7.67027, 45.08066 ], [ 7.67022, 45.08068 ], [ 7.67021, 45.08068 ], [ 7.67021, 45.08068 ], [ 7.6702, 45.08067 ], [ 7.67019, 45.08067 ], [ 7.67017, 45.08067 ], [ 7.67016, 45.08067 ], [ 7.67015, 45.08067 ], [ 7.67014, 45.08066 ], [ 7.67014, 45.08065 ], [ 7.67014, 45.08064 ], [ 7.67015, 45.08063 ], [ 7.67016, 45.08063 ], [ 7.67017, 45.08063 ], [ 7.67019, 45.08063 ], [ 7.67023, 45.0806 ], [ 7.67022, 45.08059 ], [ 7.67019, 45.0806 ], [ 7.67014, 45.0806 ], [ 7.6701, 45.08061 ], [ 7.67005, 45.08062 ], [ 7.67002, 45.08063 ], [ 7.67001, 45.08063 ], [ 7.66999, 45.08064 ], [ 7.66998, 45.08064 ], [ 7.66995, 45.08065 ], [ 7.66994, 45.08066 ], [ 7.66993, 45.08066 ], [ 7.66992, 45.08067 ], [ 7.66991, 45.08068 ], [ 7.6699, 45.08069 ], [ 7.66989, 45.08069 ], [ 7.66989, 45.0807 ], [ 7.66989, 45.08071 ], [ 7.66991, 45.0807 ], [ 7.6699, 45.08071 ], [ 7.66991, 45.08072 ], [ 7.66991, 45.08072 ], [ 7.66991, 45.08073 ], [ 7.66991, 45.08074 ], [ 7.66992, 45.08075 ], [ 7.66989, 45.08076 ], [ 7.66991, 45.08079 ], [ 7.66992, 45.08078 ], [ 7.66993, 45.08078 ], [ 7.66994, 45.08078 ], [ 7.66996, 45.08078 ], [ 7.66996, 45.08079 ], [ 7.66997, 45.0808 ], [ 7.66997, 45.08081 ], [ 7.66997, 45.08081 ], [ 7.66997, 45.08082 ], [ 7.66996, 45.08083 ], [ 7.66995, 45.08083 ], [ 7.66994, 45.08084 ], [ 7.66995, 45.08084 ], [ 7.67007, 45.08081 ], [ 7.67008, 45.08082 ], [ 7.67009, 45.08082 ], [ 7.67011, 45.08086 ], [ 7.67013, 45.08086 ], [ 7.67013, 45.08087 ], [ 7.67021, 45.08084 ], [ 7.67022, 45.08084 ], [ 7.67026, 45.08082 ], [ 7.67031, 45.08089 ] ] ] } },
{ "type": "Feature", "properties": { "uuid": "ed8cee9a-33e3-4364-80b5-58a0104ab9ac", "data_acq": "2019-11-30 00:00:00", "data_agg": "2019-11-30 00:00:00", "data_fin": "9999-12-31 00:00:00", "ente_for": "REGIONE PIEMONTE", "ente_prod": "REGIONE PIEMONTE", "modo_prod": "banche dati esterne - catasto", "sc_acq": "1:2000", "edifc_ty": "generica", "edifc_uso": "commerciale", "edifc_stat": "costruito", "edifc_mon": "0", "edifc_nome": "", "edifc_idag": "", "edifc_ided": "", "source": "BDTRE edifc" }, "geometry": { "type": "Polygon", "coordinates": [ [ [ 7.66658, 45.06973 ], [ 7.66656, 45.0697 ], [ 7.66654, 45.06966 ], [ 7.66698, 45.06951 ], [ 7.66701, 45.06955 ], [ 7.66707, 45.06963 ], [ 7.66707, 45.06963 ], [ 7.66707, 45.06964 ], [ 7.66707, 45.06965 ], [ 7.66707, 45.06965 ], [ 7.66706, 45.06966 ], [ 7.66678, 45.06976 ], [ 7.66679, 45.06978 ], [ 7.66666, 45.06983 ], [ 7.66662, 45.06978 ], [ 7.66658, 45.06973 ] ] ] } },
{ "type": "Feature", "properties": { "uuid": "e82e8f99-8cde-4037-8220-f314ed7838fb", "data_acq": "2019-11-30 00:00:00", "data_agg": "2019-11-30 00:00:00", "data_fin": "9999-12-31 00:00:00", "ente_for": "REGIONE PIEMONTE", "ente_prod": "REGIONE PIEMONTE", "modo_prod": "banche dati esterne - catasto", "sc_acq": "1:2000", "edifc_ty": "generica", "edifc_uso": "commerciale", "edifc_stat": "costruito", "edifc_mon": "0", "edifc_nome": "", "edifc_idag": "", "edifc_ided": "", "source": "BDTRE edifc" }, "geometry": { "type": "Polygon", "coordinates": [ [ [ 7.66723, 45.06766 ], [ 7.66712, 45.06749 ], [ 7.66722, 45.06745 ], [ 7.66735, 45.06741 ], [ 7.6674, 45.06739 ], [ 7.66742, 45.06741 ], [ 7.66746, 45.06746 ], [ 7.66747, 45.06748 ], [ 7.66748, 45.0675 ], [ 7.66752, 45.06755 ], [ 7.66736, 45.06761 ], [ 7.66729, 45.06763 ], [ 7.66723, 45.06766 ] ] ] } },
{ "type": "Feature", "properties": { "uuid": "dea1f963-20e9-4ef9-8f2a-2500cd3ef875", "data_acq": "2019-11-30 00:00:00", "data_agg": "2019-11-30 00:00:00", "data_fin": "9999-12-31 00:00:00", "ente_for": "REGIONE PIEMONTE", "ente_prod": "REGIONE PIEMONTE", "modo_prod": "banche dati esterne - catasto", "sc_acq": "1:2000", "edifc_ty": "generica", "edifc_uso": "commerciale", "edifc_stat": "costruito", "edifc_mon": "0", "edifc_nome": "", "edifc_idag": "", "edifc_ided": "", "source": "BDTRE edifc" }, "geometry": { "type": "Polygon", "coordinates": [ [ [ 7.68, 45.0836 ], [ 7.67999, 45.08357 ], [ 7.68001, 45.08356 ], [ 7.68004, 45.08361 ], [ 7.68018, 45.08356 ], [ 7.68013, 45.08349 ], [ 7.68017, 45.08347 ], [ 7.68018, 45.0835 ], [ 7.6803, 45.08368 ], [ 7.68011, 45.08374 ], [ 7.6801, 45.08375 ], [ 7.68, 45.0836 ] ] ] } },
{ "type": "Feature", "properties": { "uuid": "d65a934e-506a-42c0-bad0-3756dc93aaa8", "data_acq": "2019-11-30 00:00:00", "data_agg": "2019-11-30 00:00:00", "data_fin": "9999-12-31 00:00:00", "ente_for": "REGIONE PIEMONTE", "ente_prod": "REGIONE PIEMONTE", "modo_prod": "banche dati esterne - catasto", "sc_acq": "1:2000", "edifc_ty": "generica", "edifc_uso": "commerciale", "edifc_stat": "costruito", "edifc_mon": "0", "edifc_nome": "", "edifc_idag": "", "edifc_ided": "", "source": "BDTRE edifc" }, "geometry": { "type": "Polygon", "coordinates": [ [ [ 7.69068, 45.06496 ], [ 7.69075, 45.06506 ], [ 7.69086, 45.0652 ], [ 7.69094, 45.06531 ], [ 7.69083, 45.06535 ], [ 7.69077, 45.06537 ], [ 7.69079, 45.0654 ], [ 7.69072, 45.06543 ], [ 7.69072, 45.06543 ], [ 7.69059, 45.06548 ], [ 7.69057, 45.06545 ], [ 7.69059, 45.06544 ], [ 7.69052, 45.06534 ], [ 7.69053, 45.06533 ], [ 7.69054, 45.06532 ], [ 7.69054, 45.06532 ], [ 7.69055, 45.06531 ], [ 7.69055, 45.0653 ], [ 7.69055, 45.06529 ], [ 7.69055, 45.06528 ], [ 7.69054, 45.06527 ], [ 7.69058, 45.06525 ], [ 7.69059, 45.06524 ], [ 7.69054, 45.06517 ], [ 7.69046, 45.06507 ], [ 7.69052, 45.06505 ], [ 7.6906, 45.06502 ], [ 7.69057, 45.06498 ], [ 7.69067, 45.06495 ], [ 7.69068, 45.06496 ], [ 7.69068, 45.06496 ] ] ] } },
{ "type": "Feature", "properties": { "uuid": "a67ba349-6126-47eb-abb2-26953dcf453f", "data_acq": "2019-11-30 00:00:00", "data_agg": "2019-11-30 00:00:00", "data_fin": "9999-12-31 00:00:00", "ente_for": "REGIONE PIEMONTE", "ente_prod": "REGIONE PIEMONTE", "modo_prod": "banche dati esterne - catasto", "sc_acq": "1:2000", "edifc_ty": "generica", "edifc_uso": "commerciale", "edifc_stat": "costruito", "edifc_mon": "0", "edifc_nome": "", "edifc_idag": "", "edifc_ided": "", "source": "BDTRE edifc" }, "geometry": { "type": "Polygon", "coordinates": [ [ [ 7.6865, 45.08263 ], [ 7.68646, 45.08264 ], [ 7.68641, 45.08266 ], [ 7.68637, 45.08268 ], [ 7.6864, 45.08271 ], [ 7.68645, 45.08279 ], [ 7.68661, 45.08273 ], [ 7.68651, 45.08263 ], [ 7.6865, 45.08263 ] ] ] } },
{ "type": "Feature", "properties": { "uuid": "0b1e7f28-ef1d-41d3-9688-c8f65eb9be81", "data_acq": "2019-11-30 00:00:00", "data_agg": "2019-11-30 00:00:00", "data_fin": "9999-12-31 00:00:00", "ente_for": "REGIONE PIEMONTE", "ente_prod": "REGIONE PIEMONTE", "modo_prod": "banche dati esterne - catasto", "sc_acq": "1:2000", "edifc_ty": "generica", "edifc_uso": "commerciale", "edifc_stat": "costruito", "edifc_mon": "0", "edifc_nome": "", "edifc_idag": "", "edifc_ided": "", "source": "BDTRE edifc" }, "geometry": { "type": "Polygon", "coordinates": [ [ [ 7.69487, 45.08101 ], [ 7.69562, 45.08135 ], [ 7.69553, 45.08145 ], [ 7.69553, 45.08145 ], [ 7.69516, 45.08129 ], [ 7.69508, 45.08139 ], [ 7.69517, 45.08142 ], [ 7.69516, 45.08144 ], [ 7.69544, 45.08156 ], [ 7.69542, 45.08158 ], [ 7.69538, 45.08162 ], [ 7.69497, 45.08143 ], [ 7.69492, 45.08149 ], [ 7.69466, 45.08137 ], [ 7.69458, 45.08133 ], [ 7.69466, 45.08124 ], [ 7.69468, 45.08122 ], [ 7.69494, 45.08134 ], [ 7.69495, 45.08133 ], [ 7.69505, 45.08137 ], [ 7.69513, 45.08128 ], [ 7.69477, 45.08112 ], [ 7.69487, 45.08101 ] ] ] } },
{ "type": "Feature", "properties": { "uuid": "20cb0c0f-5116-4b31-a766-b8cb51493d03", "data_acq": "2019-11-30 00:00:00", "data_agg": "2019-11-30 00:00:00", "data_fin": "9999-12-31 00:00:00", "ente_for": "REGIONE PIEMONTE", "ente_prod": "REGIONE PIEMONTE", "modo_prod": "banche dati esterne - catasto", "sc_acq": "1:2000", "edifc_ty": "generica", "edifc_uso": "commerciale", "edifc_stat": "costruito", "edifc_mon": "0", "edifc_nome": "", "edifc_idag": "", "edifc_ided": "", "source": "BDTRE edifc" }, "geometry": { "type": "Polygon", "coordinates": [ [ [ 7.67178, 45.07987 ], [ 7.67192, 45.07991 ], [ 7.6719, 45.07996 ], [ 7.67177, 45.08 ], [ 7.67174, 45.07999 ], [ 7.67176, 45.07993 ], [ 7.67178, 45.07987 ] ] ] } },
{ "type": "Feature", "properties": { "uuid": "33175312-ceb5-4c2d-8230-13f97fe02b64", "data_acq": "2019-11-30 00:00:00", "data_agg": "2019-11-30 00:00:00", "data_fin": "9999-12-31 00:00:00", "ente_for": "REGIONE PIEMONTE", "ente_prod": "REGIONE PIEMONTE", "modo_prod": "banche dati esterne - catasto", "sc_acq": "1:2000", "edifc_ty": "generica", "edifc_uso": "commerciale", "edifc_stat": "costruito", "edifc_mon": "0", "edifc_nome": "", "edifc_idag": "", "edifc_ided": "", "source": "BDTRE edifc" }, "geometry": { "type": "Polygon", "coordinates": [ [ [ 7.69052, 45.06728 ], [ 7.69052, 45.06728 ], [ 7.69062, 45.06741 ], [ 7.69065, 45.06745 ], [ 7.69042, 45.0676 ], [ 7.69036, 45.0676 ], [ 7.69022, 45.06739 ], [ 7.6903, 45.06736 ], [ 7.69041, 45.06732 ], [ 7.69052, 45.06728 ] ] ] } },
{ "type": "Feature", "properties": { "uuid": "dbd92ea2-7616-4dc1-8ac4-b48950c678d6", "data_acq": "2019-11-30 00:00:00", "data_agg": "2019-11-30 00:00:00", "data_fin": "9999-12-31 00:00:00", "ente_for": "REGIONE PIEMONTE", "ente_prod": "REGIONE PIEMONTE", "modo_prod": "banche dati esterne - catasto", "sc_acq": "1:2000", "edifc_ty": "generica", "edifc_uso": "commerciale", "edifc_stat": "costruito", "edifc_mon": "0", "edifc_nome": "", "edifc_idag": "", "edifc_ided": "", "source": "BDTRE edifc" }, "geometry": { "type": "Polygon", "coordinates": [ [ [ 7.69221, 45.08442 ], [ 7.6922, 45.08442 ], [ 7.69222, 45.08439 ], [ 7.69224, 45.08439 ], [ 7.69221, 45.08442 ] ] ] } },
{ "type": "Feature", "properties": { "uuid": "df3be6b6-46de-40ba-ac9f-6e5009cda26a", "data_acq": "2019-11-30 00:00:00", "data_agg": "2019-11-30 00:00:00", "data_fin": "9999-12-31 00:00:00", "ente_for": "REGIONE PIEMONTE", "ente_prod": "REGIONE PIEMONTE", "modo_prod": "banche dati esterne - catasto", "sc_acq": "1:2000", "edifc_ty": "generica", "edifc_uso": "commerciale", "edifc_stat": "costruito", "edifc_mon": "0", "edifc_nome": "", "edifc_idag": "", "edifc_ided": "", "source": "BDTRE edifc" }, "geometry": { "type": "Polygon", "coordinates": [ [ [ 7.66677, 45.07681 ], [ 7.66677, 45.07681 ], [ 7.66677, 45.07668 ], [ 7.66677, 45.07668 ], [ 7.66677, 45.07668 ], [ 7.66674, 45.07667 ], [ 7.66627, 45.07665 ], [ 7.66626, 45.07669 ], [ 7.66636, 45.07676 ], [ 7.66635, 45.07687 ], [ 7.66638, 45.07687 ], [ 7.66638, 45.07688 ], [ 7.66642, 45.07688 ], [ 7.66642, 45.07688 ], [ 7.66656, 45.07688 ], [ 7.66657, 45.07685 ], [ 7.66653, 45.07683 ], [ 7.6665, 45.07682 ], [ 7.6665, 45.0768 ], [ 7.66669, 45.07681 ], [ 7.66676, 45.07681 ], [ 7.66677, 45.07681 ] ] ] } },
{ "type": "Feature", "properties": { "uuid": "4f4d99a6-a46b-4b04-aa72-839851d1d70a", "data_acq": "2019-11-30 00:00:00", "data_agg": "2019-11-30 00:00:00", "data_fin": "9999-12-31 00:00:00", "ente_for": "REGIONE PIEMONTE", "ente_prod": "REGIONE PIEMONTE", "modo_prod": "banche dati esterne - catasto", "sc_acq": "1:2000", "edifc_ty": "generica", "edifc_uso": "commerciale", "edifc_stat": "costruito", "edifc_mon": "0", "edifc_nome": "", "edifc_idag": "", "edifc_ided": "", "source": "BDTRE edifc" }, "geometry": { "type": "Polygon", "coordinates": [ [ [ 7.6696, 45.06788 ], [ 7.66953, 45.06777 ], [ 7.66948, 45.06779 ], [ 7.66947, 45.06778 ], [ 7.66933, 45.06783 ], [ 7.66928, 45.06785 ], [ 7.66929, 45.06786 ], [ 7.66924, 45.06788 ], [ 7.66923, 45.06786 ], [ 7.66916, 45.06789 ], [ 7.66917, 45.0679 ], [ 7.66911, 45.06793 ], [ 7.6691, 45.06791 ], [ 7.66905, 45.06793 ], [ 7.66905, 45.06793 ], [ 7.6689, 45.06798 ], [ 7.66894, 45.06804 ], [ 7.66898, 45.0681 ], [ 7.66912, 45.06805 ], [ 7.66934, 45.06797 ], [ 7.66944, 45.06794 ], [ 7.6696, 45.06788 ] ] ] } },
{ "type": "Feature", "properties": { "uuid": "7af18039-d994-405a-b7d9-952486c822e5", "data_acq": "2019-11-30 00:00:00", "data_agg": "2019-11-30 00:00:00", "data_fin": "9999-12-31 00:00:00", "ente_for": "REGIONE PIEMONTE", "ente_prod": "REGIONE PIEMONTE", "modo_prod": "banche dati esterne - catasto", "sc_acq": "1:2000", "edifc_ty": "generica", "edifc_uso": "commerciale", "edifc_stat": "costruito", "edifc_mon": "0", "edifc_nome": "", "edifc_idag": "", "edifc_ided": "", "source": "BDTRE edifc" }, "geometry": { "type": "Polygon", "coordinates": [ [ [ 7.67354, 45.08309 ], [ 7.67353, 45.08307 ], [ 7.67349, 45.08308 ], [ 7.67347, 45.08306 ], [ 7.67358, 45.08302 ], [ 7.67361, 45.08307 ], [ 7.67354, 45.08309 ] ] ] } },
{ "type": "Feature", "properties": { "uuid": "2d26e5e8-274a-44e6-8f4f-9835adbe06e5", "data_acq": "2019-11-30 00:00:00", "data_agg": "2019-11-30 00:00:00", "data_fin": "9999-12-31 00:00:00", "ente_for": "REGIONE PIEMONTE", "ente_prod": "REGIONE PIEMONTE", "modo_prod": "banche dati esterne - catasto", "sc_acq": "1:2000", "edifc_ty": "generica", "edifc_uso": "commerciale", "edifc_stat": "costruito", "edifc_mon": "0", "edifc_nome": "", "edifc_idag": "", "edifc_ided": "", "source": "BDTRE edifc" }, "geometry": { "type": "Polygon", "coordinates": [ [ [ 7.67758, 45.07694 ], [ 7.67755, 45.07695 ], [ 7.67748, 45.07698 ], [ 7.67749, 45.07698 ], [ 7.67751, 45.07702 ], [ 7.6775, 45.07702 ], [ 7.67751, 45.07703 ], [ 7.67744, 45.07705 ], [ 7.67755, 45.07721 ], [ 7.67755, 45.07721 ], [ 7.67767, 45.07738 ], [ 7.67765, 45.07738 ], [ 7.67769, 45.07743 ], [ 7.67773, 45.07742 ], [ 7.67778, 45.0774 ], [ 7.67787, 45.07737 ], [ 7.67787, 45.07737 ], [ 7.67787, 45.07737 ], [ 7.67788, 45.07737 ], [ 7.67788, 45.07736 ], [ 7.67788, 45.07736 ], [ 7.67788, 45.07736 ], [ 7.67788, 45.07735 ], [ 7.67788, 45.07736 ], [ 7.67787, 45.07736 ], [ 7.67782, 45.07728 ], [ 7.67778, 45.07722 ], [ 7.67777, 45.0772 ], [ 7.67768, 45.07707 ], [ 7.67758, 45.07694 ] ] ] } },
{ "type": "Feature", "properties": { "uuid": "d56b2215-65d5-4749-881d-31b01e206129", "data_acq": "2019-11-30 00:00:00", "data_agg": "2019-11-30 00:00:00", "data_fin": "9999-12-31 00:00:00", "ente_for": "REGIONE PIEMONTE", "ente_prod": "REGIONE PIEMONTE", "modo_prod": "banche dati esterne - catasto", "sc_acq": "1:2000", "edifc_ty": "generica", "edifc_uso": "commerciale", "edifc_stat": "costruito", "edifc_mon": "0", "edifc_nome": "", "edifc_idag": "", "edifc_ided": "", "source": "BDTRE edifc" }, "geometry": { "type": "Polygon", "coordinates": [ [ [ 7.67901, 45.08168 ], [ 7.67891, 45.08171 ], [ 7.67887, 45.08165 ], [ 7.67902, 45.0816 ], [ 7.67906, 45.08167 ], [ 7.67901, 45.08168 ] ] ] } },
{ "type": "Feature", "properties": { "uuid": "2da7a15d-f4e3-472a-a991-e0294d337501", "data_acq": "2019-11-30 00:00:00", "data_agg": "2019-11-30 00:00:00", "data_fin": "9999-12-31 00:00:00", "ente_for": "REGIONE PIEMONTE", "ente_prod": "REGIONE PIEMONTE", "modo_prod": "banche dati esterne - catasto", "sc_acq": "1:2000", "edifc_ty": "generica", "edifc_uso": "commerciale", "edifc_stat": "costruito", "edifc_mon": "0", "edifc_nome": "", "edifc_idag": "", "edifc_ided": "", "source": "BDTRE edifc" }, "geometry": { "type": "Polygon", "coordinates": [ [ [ 7.69273, 45.07717 ], [ 7.69267, 45.07714 ], [ 7.69262, 45.07643 ], [ 7.69262, 45.07634 ], [ 7.69267, 45.07632 ], [ 7.69274, 45.0763 ], [ 7.6933, 45.07655 ], [ 7.69311, 45.07675 ], [ 7.69273, 45.07717 ] ], [ [ 7.69279, 45.07664 ], [ 7.69279, 45.07664 ], [ 7.69289, 45.07664 ], [ 7.6929, 45.07679 ], [ 7.6929, 45.07679 ], [ 7.69282, 45.0768 ], [ 7.69282, 45.07676 ], [ 7.6928, 45.07676 ], [ 7.6928, 45.07676 ], [ 7.6928, 45.07689 ], [ 7.69285, 45.0769 ], [ 7.69301, 45.07672 ], [ 7.69311, 45.07661 ], [ 7.69309, 45.0766 ], [ 7.6931, 45.07659 ], [ 7.69309, 45.07658 ], [ 7.69309, 45.07658 ], [ 7.69305, 45.07662 ], [ 7.69305, 45.07662 ], [ 7.69281, 45.07651 ], [ 7.69281, 45.07651 ], [ 7.69279, 45.0765 ], [ 7.6928, 45.07649 ], [ 7.69278, 45.07648 ], [ 7.69278, 45.07648 ], [ 7.69279, 45.07664 ] ] ] } },
{ "type": "Feature", "properties": { "uuid": "ad036c32-2ffd-40c9-abb6-e9c1111090da", "data_acq": "2019-11-30 00:00:00", "data_agg": "2019-11-30 00:00:00", "data_fin": "9999-12-31 00:00:00", "ente_for": "REGIONE PIEMONTE", "ente_prod": "REGIONE PIEMONTE", "modo_prod": "banche dati esterne - catasto", "sc_acq": "1:2000", "edifc_ty": "generica", "edifc_uso": "commerciale", "edifc_stat": "costruito", "edifc_mon": "0", "edifc_nome": "", "edifc_idag": "", "edifc_ided": "", "source": "BDTRE edifc" }, "geometry": { "type": "Polygon", "coordinates": [ [ [ 7.66678, 45.07127 ], [ 7.66675, 45.07128 ], [ 7.66672, 45.07129 ], [ 7.66674, 45.07132 ], [ 7.66677, 45.07131 ], [ 7.66681, 45.0713 ], [ 7.66678, 45.07127 ] ] ] } },
{ "type": "Feature", "properties": { "uuid": "b50a7bae-560d-42e5-b5a7-d05504c12286", "data_acq": "2019-11-30 00:00:00", "data_agg": "2019-11-30 00:00:00", "data_fin": "9999-12-31 00:00:00", "ente_for": "REGIONE PIEMONTE", "ente_prod": "REGIONE PIEMONTE", "modo_prod": "banche dati esterne - catasto", "sc_acq": "1:2000", "edifc_ty": "generica", "edifc_uso": "commerciale", "edifc_stat": "costruito", "edifc_mon": "0", "edifc_nome": "", "edifc_idag": "", "edifc_ided": "", "source": "BDTRE edifc" }, "geometry": { "type": "Polygon", "coordinates": [ [ [ 7.68239, 45.07858 ], [ 7.68238, 45.07858 ], [ 7.68225, 45.0785 ], [ 7.68225, 45.0785 ], [ 7.68225, 45.0785 ], [ 7.68219, 45.07846 ], [ 7.68219, 45.07846 ], [ 7.68219, 45.07846 ], [ 7.68206, 45.07838 ], [ 7.6821, 45.07834 ], [ 7.68225, 45.07843 ], [ 7.68231, 45.07847 ], [ 7.68239, 45.07852 ], [ 7.68239, 45.07858 ] ] ] } },
{ "type": "Feature", "properties": { "uuid": "eeae83ef-b07f-45cf-9af8-52fa8d464b85", "data_acq": "2019-11-30 00:00:00", "data_agg": "2019-11-30 00:00:00", "data_fin": "9999-12-31 00:00:00", "ente_for": "REGIONE PIEMONTE", "ente_prod": "REGIONE PIEMONTE", "modo_prod": "banche dati esterne - catasto", "sc_acq": "1:2000", "edifc_ty": "generica", "edifc_uso": "commerciale", "edifc_stat": "costruito", "edifc_mon": "0", "edifc_nome": "", "edifc_idag": "", "edifc_ided": "", "source": "BDTRE edifc" }, "geometry": { "type": "Polygon", "coordinates": [ [ [ 7.6659, 45.07835 ], [ 7.66585, 45.07829 ], [ 7.6658, 45.07831 ], [ 7.66572, 45.07834 ], [ 7.66566, 45.07836 ], [ 7.66567, 45.07837 ], [ 7.66573, 45.07846 ], [ 7.66575, 45.07849 ], [ 7.66579, 45.07855 ], [ 7.66581, 45.07858 ], [ 7.66584, 45.07857 ], [ 7.66586, 45.07856 ], [ 7.6659, 45.07855 ], [ 7.66598, 45.07849 ], [ 7.66596, 45.07845 ], [ 7.6659, 45.07835 ] ] ] } },
{ "type": "Feature", "properties": { "uuid": "ecac29cb-f550-4c84-bccb-61ac0de04b8d", "data_acq": "2019-11-30 00:00:00", "data_agg": "2019-11-30 00:00:00", "data_fin": "9999-12-31 00:00:00", "ente_for": "REGIONE PIEMONTE", "ente_prod": "REGIONE PIEMONTE", "modo_prod": "banche dati esterne - catasto", "sc_acq": "1:2000", "edifc_ty": "generica", "edifc_uso": "commerciale", "edifc_stat": "costruito", "edifc_mon": "0", "edifc_nome": "", "edifc_idag": "", "edifc_ided": "", "source": "BDTRE edifc" }, "geometry": { "type": "Polygon", "coordinates": [ [ [ 7.67951, 45.07371 ], [ 7.67951, 45.07371 ], [ 7.67952, 45.0737 ], [ 7.67954, 45.0737 ], [ 7.67956, 45.07369 ], [ 7.67963, 45.07381 ], [ 7.67959, 45.07383 ], [ 7.67959, 45.07383 ], [ 7.67954, 45.07375 ], [ 7.67951, 45.07371 ], [ 7.67951, 45.07371 ], [ 7.67951, 45.07371 ] ] ] } },
{ "type": "Feature", "properties": { "uuid": "e963c3e2-287f-4b2c-beab-29e9030f4e2b", "data_acq": "2010-01-01 00:00:00", "data_agg": "2022-12-31 00:00:00", "data_fin": "9999-12-31 00:00:00", "ente_for": "REGIONE PIEMONTE", "ente_prod": "CSI PIEMONTE", "modo_prod": "rilievo speditivo - ortofoto", "sc_acq": "1:10000", "edifc_ty": "generica", "edifc_uso": "commerciale", "edifc_stat": "costruito", "edifc_mon": "0", "edifc_nome": "", "edifc_idag": "", "edifc_ided": "", "source": "BDTRE edifc" }, "geometry": { "type": "Polygon", "coordinates": [ [ [ 7.6866, 45.06981 ], [ 7.68661, 45.06982 ], [ 7.68662, 45.06982 ], [ 7.68662, 45.06982 ], [ 7.68663, 45.06982 ], [ 7.68664, 45.06982 ], [ 7.68675, 45.06998 ], [ 7.68676, 45.06998 ], [ 7.68676, 45.06998 ], [ 7.68677, 45.06998 ], [ 7.68679, 45.06997 ], [ 7.68679, 45.06997 ], [ 7.68665, 45.06978 ], [ 7.68659, 45.0698 ], [ 7.6866, 45.06981 ], [ 7.6866, 45.06981 ] ] ] } },
{ "type": "Feature", "properties": { "uuid": "78f3da86-2ebd-4262-aad5-5e5b3b432e92", "data_acq": "2019-11-30 00:00:00", "data_agg": "2019-11-30 00:00:00", "data_fin": "9999-12-31 00:00:00", "ente_for": "REGIONE PIEMONTE", "ente_prod": "REGIONE PIEMONTE", "modo_prod": "banche dati esterne - catasto", "sc_acq": "1:2000", "edifc_ty": "generica", "edifc_uso": "commerciale", "edifc_stat": "costruito", "edifc_mon": "0", "edifc_nome": "", "edifc_idag": "", "edifc_ided": "", "source": "BDTRE edifc" }, "geometry": { "type": "Polygon", "coordinates": [ [ [ 7.69225, 45.07463 ], [ 7.69209, 45.07478 ], [ 7.69204, 45.07475 ], [ 7.69206, 45.07473 ], [ 7.69201, 45.0747 ], [ 7.69212, 45.07458 ], [ 7.69211, 45.07458 ], [ 7.69212, 45.07457 ], [ 7.69225, 45.07463 ] ] ] } },
{ "type": "Feature", "properties": { "uuid": "0a41cde2-4019-4dc7-a2c6-fefed2c93307", "data_acq": "2019-11-30 00:00:00", "data_agg": "2019-11-30 00:00:00", "data_fin": "9999-12-31 00:00:00", "ente_for": "REGIONE PIEMONTE", "ente_prod": "REGIONE PIEMONTE", "modo_prod": "banche dati esterne - catasto", "sc_acq": "1:2000", "edifc_ty": "generica", "edifc_uso": "commerciale", "edifc_stat": "costruito", "edifc_mon": "0", "edifc_nome": "", "edifc_idag": "", "edifc_ided": "", "source": "BDTRE edifc" }, "geometry": { "type": "Polygon", "coordinates": [ [ [ 7.68995, 45.08045 ], [ 7.69008, 45.08064 ], [ 7.68992, 45.08069 ], [ 7.68991, 45.08068 ], [ 7.6899, 45.08067 ], [ 7.68992, 45.08067 ], [ 7.68989, 45.08061 ], [ 7.68989, 45.08061 ], [ 7.68987, 45.08061 ], [ 7.68987, 45.08061 ], [ 7.68984, 45.08058 ], [ 7.68986, 45.08057 ], [ 7.68982, 45.08051 ], [ 7.68982, 45.08051 ], [ 7.6898, 45.08052 ], [ 7.6898, 45.08052 ], [ 7.68979, 45.0805 ], [ 7.68981, 45.08049 ], [ 7.68995, 45.08045 ] ] ] } },
{ "type": "Feature", "properties": { "uuid": "ad90c77a-c66e-4371-8e2a-342ae6dda61b", "data_acq": "2019-11-30 00:00:00", "data_agg": "2019-11-30 00:00:00", "data_fin": "9999-12-31 00:00:00", "ente_for": "REGIONE PIEMONTE", "ente_prod": "REGIONE PIEMONTE", "modo_prod": "banche dati esterne - catasto", "sc_acq": "1:2000", "edifc_ty": "generica", "edifc_uso": "commerciale", "edifc_stat": "costruito", "edifc_mon": "0", "edifc_nome": "", "edifc_idag": "", "edifc_ided": "", "source": "BDTRE edifc" }, "geometry": { "type": "Polygon", "coordinates": [ [ [ 7.67873, 45.06918 ], [ 7.67871, 45.06915 ], [ 7.67875, 45.06913 ], [ 7.67878, 45.06917 ], [ 7.67874, 45.06919 ], [ 7.67873, 45.06918 ] ] ] } },
{ "type": "Feature", "properties": { "uuid": "99064fd5-102a-4669-8606-7b49832051aa", "data_acq": "2019-11-30 00:00:00", "data_agg": "2019-11-30 00:00:00", "data_fin": "9999-12-31 00:00:00", "ente_for": "REGIONE PIEMONTE", "ente_prod": "REGIONE PIEMONTE", "modo_prod": "banche dati esterne - catasto", "sc_acq": "1:2000", "edifc_ty": "generica", "edifc_uso": "commerciale", "edifc_stat": "costruito", "edifc_mon": "0", "edifc_nome": "", "edifc_idag": "", "edifc_ided": "", "source": "BDTRE edifc" }, "geometry": { "type": "Polygon", "coordinates": [ [ [ 7.69148, 45.08357 ], [ 7.69151, 45.08356 ], [ 7.69153, 45.08359 ], [ 7.69151, 45.0836 ], [ 7.69148, 45.08357 ] ] ] } },
{ "type": "Feature", "properties": { "uuid": "48627281-2141-4e96-95b4-135e826884da", "data_acq": "2019-11-30 00:00:00", "data_agg": "2019-11-30 00:00:00", "data_fin": "9999-12-31 00:00:00", "ente_for": "REGIONE PIEMONTE", "ente_prod": "REGIONE PIEMONTE", "modo_prod": "banche dati esterne - catasto", "sc_acq": "1:2000", "edifc_ty": "generica", "edifc_uso": "commerciale", "edifc_stat": "costruito", "edifc_mon": "0", "edifc_nome": "", "edifc_idag": "", "edifc_ided": "", "source": "BDTRE edifc" }, "geometry": { "type": "Polygon", "coordinates": [ [ [ 7.69197, 45.08119 ], [ 7.69201, 45.08118 ], [ 7.69204, 45.08121 ], [ 7.69203, 45.08121 ], [ 7.69203, 45.08122 ], [ 7.692, 45.08123 ], [ 7.692, 45.08123 ], [ 7.69199, 45.08123 ], [ 7.69197, 45.08119 ] ] ] } },
{ "type": "Feature", "properties": { "uuid": "750805d8-61ca-456b-9735-e35664aea1a3", "data_acq": "2019-11-30 00:00:00", "data_agg": "2019-11-30 00:00:00", "data_fin": "9999-12-31 00:00:00", "ente_for": "REGIONE PIEMONTE", "ente_prod": "REGIONE PIEMONTE", "modo_prod": "banche dati esterne - catasto", "sc_acq": "1:2000", "edifc_ty": "generica", "edifc_uso": "commerciale", "edifc_stat": "costruito", "edifc_mon": "0", "edifc_nome": "", "edifc_idag": "", "edifc_ided": "", "source": "BDTRE edifc" }, "geometry": { "type": "Polygon", "coordinates": [ [ [ 7.66825, 45.08424 ], [ 7.66823, 45.08423 ], [ 7.66822, 45.08422 ], [ 7.66826, 45.08419 ], [ 7.66829, 45.0842 ], [ 7.66827, 45.08421 ], [ 7.66826, 45.08423 ], [ 7.66825, 45.08424 ] ] ] } },
{ "type": "Feature", "properties": { "uuid": "5965630f-0314-41ed-a49e-91cb7e353f47", "data_acq": "2019-11-30 00:00:00", "data_agg": "2019-11-30 00:00:00", "data_fin": "9999-12-31 00:00:00", "ente_for": "REGIONE PIEMONTE", "ente_prod": "REGIONE PIEMONTE", "modo_prod": "banche dati esterne - catasto", "sc_acq": "1:2000", "edifc_ty": "generica", "edifc_uso": "commerciale", "edifc_stat": "costruito", "edifc_mon": "0", "edifc_nome": "", "edifc_idag": "", "edifc_ided": "", "source": "BDTRE edifc" }, "geometry": { "type": "Polygon", "coordinates": [ [ [ 7.66967, 45.07382 ], [ 7.66981, 45.07377 ], [ 7.66982, 45.07376 ], [ 7.66978, 45.07371 ], [ 7.66978, 45.07371 ], [ 7.66975, 45.07368 ], [ 7.6699, 45.07363 ], [ 7.66996, 45.07371 ], [ 7.67001, 45.0737 ], [ 7.66992, 45.07356 ], [ 7.66986, 45.07358 ], [ 7.66976, 45.07361 ], [ 7.66957, 45.07368 ], [ 7.66962, 45.07375 ], [ 7.66967, 45.07382 ] ] ] } },
{ "type": "Feature", "properties": { "uuid": "cd800ce4-8cef-44d5-aa4d-5676d781f1e0", "data_acq": "2019-11-30 00:00:00", "data_agg": "2019-11-30 00:00:00", "data_fin": "9999-12-31 00:00:00", "ente_for": "REGIONE PIEMONTE", "ente_prod": "REGIONE PIEMONTE", "modo_prod": "banche dati esterne - catasto", "sc_acq": "1:2000", "edifc_ty": "generica", "edifc_uso": "commerciale", "edifc_stat": "costruito", "edifc_mon": "0", "edifc_nome": "", "edifc_idag": "", "edifc_ided": "", "source": "BDTRE edifc" }, "geometry": { "type": "Polygon", "coordinates": [ [ [ 7.66949, 45.08365 ], [ 7.66945, 45.08378 ], [ 7.66941, 45.08383 ], [ 7.66941, 45.08383 ], [ 7.66936, 45.0838 ], [ 7.6694, 45.08375 ], [ 7.66939, 45.08374 ], [ 7.66943, 45.08369 ], [ 7.66936, 45.08366 ], [ 7.66934, 45.08363 ], [ 7.66936, 45.0836 ], [ 7.66937, 45.0836 ], [ 7.66938, 45.08361 ], [ 7.66949, 45.08365 ] ] ] } },
{ "type": "Feature", "properties": { "uuid": "6e99e049-0959-45c7-a501-6dd124d20132", "data_acq": "2019-11-30 00:00:00", "data_agg": "2019-11-30 00:00:00", "data_fin": "9999-12-31 00:00:00", "ente_for": "REGIONE PIEMONTE", "ente_prod": "REGIONE PIEMONTE", "modo_prod": "banche dati esterne - catasto", "sc_acq": "1:2000", "edifc_ty": "generica", "edifc_uso": "commerciale", "edifc_stat": "costruito", "edifc_mon": "0", "edifc_nome": "", "edifc_idag": "", "edifc_ided": "", "source": "BDTRE edifc" }, "geometry": { "type": "Polygon", "coordinates": [ [ [ 7.68772, 45.08352 ], [ 7.68765, 45.08354 ], [ 7.68763, 45.08352 ], [ 7.68756, 45.08354 ], [ 7.68756, 45.08354 ], [ 7.68748, 45.08341 ], [ 7.6874, 45.08344 ], [ 7.68738, 45.08341 ], [ 7.68693, 45.08356 ], [ 7.68687, 45.08348 ], [ 7.68681, 45.08339 ], [ 7.68681, 45.08339 ], [ 7.68751, 45.08316 ], [ 7.68763, 45.08319 ], [ 7.68776, 45.08338 ], [ 7.68783, 45.08348 ], [ 7.68772, 45.08352 ] ] ] } },
{ "type": "Feature", "properties": { "uuid": "bd76f572-7f4d-4c6b-a4e3-37c1e63ac676", "data_acq": "2019-11-30 00:00:00", "data_agg": "2019-11-30 00:00:00", "data_fin": "9999-12-31 00:00:00", "ente_for": "REGIONE PIEMONTE", "ente_prod": "REGIONE PIEMONTE", "modo_prod": "banche dati esterne - catasto", "sc_acq": "1:2000", "edifc_ty": "generica", "edifc_uso": "commerciale", "edifc_stat": "costruito", "edifc_mon": "0", "edifc_nome": "", "edifc_idag": "", "edifc_ided": "", "source": "BDTRE edifc" }, "geometry": { "type": "Polygon", "coordinates": [ [ [ 7.68477, 45.08345 ], [ 7.68477, 45.08345 ], [ 7.68478, 45.08345 ], [ 7.68481, 45.08346 ], [ 7.68481, 45.08347 ], [ 7.68482, 45.08347 ], [ 7.6848, 45.08352 ], [ 7.68474, 45.08351 ], [ 7.68474, 45.0835 ], [ 7.68472, 45.0835 ], [ 7.68472, 45.0835 ], [ 7.6847, 45.08355 ], [ 7.68476, 45.08357 ], [ 7.68476, 45.08358 ], [ 7.68476, 45.08358 ], [ 7.68479, 45.08359 ], [ 7.68478, 45.08363 ], [ 7.68477, 45.08363 ], [ 7.68474, 45.08362 ], [ 7.68449, 45.08358 ], [ 7.68445, 45.08357 ], [ 7.68439, 45.08351 ], [ 7.68441, 45.08349 ], [ 7.68447, 45.08344 ], [ 7.68451, 45.08341 ], [ 7.68452, 45.0834 ], [ 7.68476, 45.08344 ], [ 7.68477, 45.08345 ] ] ] } },
{ "type": "Feature", "properties": { "uuid": "25e9ff5e-34e2-445a-9ce1-9275ae3630cc", "data_acq": "2019-11-30 00:00:00", "data_agg": "2019-11-30 00:00:00", "data_fin": "9999-12-31 00:00:00", "ente_for": "REGIONE PIEMONTE", "ente_prod": "REGIONE PIEMONTE", "modo_prod": "banche dati esterne - catasto", "sc_acq": "1:2000", "edifc_ty": "generica", "edifc_uso": "commerciale", "edifc_stat": "costruito", "edifc_mon": "0", "edifc_nome": "", "edifc_idag": "", "edifc_ided": "", "source": "BDTRE edifc" }, "geometry": { "type": "Polygon", "coordinates": [ [ [ 7.67029, 45.07151 ], [ 7.67046, 45.07174 ], [ 7.67054, 45.07185 ], [ 7.67049, 45.07187 ], [ 7.67043, 45.07189 ], [ 7.67043, 45.07189 ], [ 7.67027, 45.07195 ], [ 7.67019, 45.07184 ], [ 7.6703, 45.07179 ], [ 7.67017, 45.07161 ], [ 7.67009, 45.07164 ], [ 7.67006, 45.07159 ], [ 7.6702, 45.07154 ], [ 7.67029, 45.07151 ] ] ] } },
{ "type": "Feature", "properties": { "uuid": "57d7ce1d-55b4-4a70-8b1f-47e74997541d", "data_acq": "2019-11-30 00:00:00", "data_agg": "2019-11-30 00:00:00", "data_fin": "9999-12-31 00:00:00", "ente_for": "REGIONE PIEMONTE", "ente_prod": "REGIONE PIEMONTE", "modo_prod": "banche dati esterne - catasto", "sc_acq": "1:2000", "edifc_ty": "generica", "edifc_uso": "commerciale", "edifc_stat": "costruito", "edifc_mon": "0", "edifc_nome": "", "edifc_idag": "", "edifc_ided": "", "source": "BDTRE edifc" }, "geometry": { "type": "Polygon", "coordinates": [ [ [ 7.67068, 45.07931 ], [ 7.67063, 45.07924 ], [ 7.67053, 45.07911 ], [ 7.67053, 45.07911 ], [ 7.67053, 45.07911 ], [ 7.67053, 45.07911 ], [ 7.67068, 45.07906 ], [ 7.67069, 45.07909 ], [ 7.67076, 45.07918 ], [ 7.67078, 45.07918 ], [ 7.67079, 45.07919 ], [ 7.67077, 45.0792 ], [ 7.67078, 45.07921 ], [ 7.67087, 45.07918 ], [ 7.67091, 45.07917 ], [ 7.67094, 45.07921 ], [ 7.67095, 45.07922 ], [ 7.67082, 45.07926 ], [ 7.67082, 45.07926 ], [ 7.67068, 45.07931 ] ] ] } },
{ "type": "Feature", "properties": { "uuid": "4e459a16-b72e-4415-8c4c-127dcc58ba5c", "data_acq": "2019-11-30 00:00:00", "data_agg": "2019-11-30 00:00:00", "data_fin": "9999-12-31 00:00:00", "ente_for": "REGIONE PIEMONTE", "ente_prod": "REGIONE PIEMONTE", "modo_prod": "banche dati esterne - catasto", "sc_acq": "1:2000", "edifc_ty": "generica", "edifc_uso": "commerciale", "edifc_stat": "costruito", "edifc_mon": "0", "edifc_nome": "", "edifc_idag": "", "edifc_ided": "", "source": "BDTRE edifc" }, "geometry": { "type": "Polygon", "coordinates": [ [ [ 7.66977, 45.08346 ], [ 7.66955, 45.08348 ], [ 7.66954, 45.08348 ], [ 7.66951, 45.08359 ], [ 7.66949, 45.08363 ], [ 7.66956, 45.08362 ], [ 7.66979, 45.0836 ], [ 7.66978, 45.08353 ], [ 7.66977, 45.08346 ], [ 7.66977, 45.08346 ] ] ] } },
{ "type": "Feature", "properties": { "uuid": "158c9a7f-de99-4017-8298-dce8c5f63844", "data_acq": "2019-11-30 00:00:00", "data_agg": "2019-11-30 00:00:00", "data_fin": "9999-12-31 00:00:00", "ente_for": "REGIONE PIEMONTE", "ente_prod": "REGIONE PIEMONTE", "modo_prod": "banche dati esterne - catasto", "sc_acq": "1:2000", "edifc_ty": "generica", "edifc_uso": "commerciale", "edifc_stat": "costruito", "edifc_mon": "0", "edifc_nome": "", "edifc_idag": "", "edifc_ided": "", "source": "BDTRE edifc" }, "geometry": { "type": "Polygon", "coordinates": [ [ [ 7.67855, 45.07171 ], [ 7.67849, 45.07164 ], [ 7.67845, 45.07165 ], [ 7.67838, 45.07155 ], [ 7.67841, 45.07154 ], [ 7.67837, 45.07149 ], [ 7.67832, 45.07143 ], [ 7.67829, 45.07139 ], [ 7.67824, 45.07132 ], [ 7.67832, 45.07129 ], [ 7.67832, 45.07129 ], [ 7.67832, 45.07128 ], [ 7.67829, 45.07124 ], [ 7.67824, 45.07117 ], [ 7.67768, 45.07136 ], [ 7.67768, 45.07136 ], [ 7.6778, 45.07153 ], [ 7.67807, 45.07193 ], [ 7.6783, 45.07186 ], [ 7.67826, 45.0718 ], [ 7.67854, 45.07171 ], [ 7.67855, 45.07171 ] ], [ [ 7.67829, 45.07165 ], [ 7.67811, 45.07171 ], [ 7.67792, 45.07142 ], [ 7.67808, 45.07137 ], [ 7.67826, 45.07163 ], [ 7.67827, 45.07163 ], [ 7.67828, 45.07165 ], [ 7.67829, 45.07165 ] ], [ [ 7.67815, 45.07181 ], [ 7.67813, 45.07177 ], [ 7.67818, 45.07175 ], [ 7.6782, 45.07179 ], [ 7.67815, 45.07181 ] ] ] } },
{ "type": "Feature", "properties": { "uuid": "6a2a394f-e678-4aea-a1f4-92ceeddbf08c", "data_acq": "2019-11-30 00:00:00", "data_agg": "2019-11-30 00:00:00", "data_fin": "9999-12-31 00:00:00", "ente_for": "REGIONE PIEMONTE", "ente_prod": "REGIONE PIEMONTE", "modo_prod": "banche dati esterne - catasto", "sc_acq": "1:2000", "edifc_ty": "generica", "edifc_uso": "commerciale", "edifc_stat": "costruito", "edifc_mon": "0", "edifc_nome": "", "edifc_idag": "", "edifc_ided": "", "source": "BDTRE edifc" }, "geometry": { "type": "Polygon", "coordinates": [ [ [ 7.67857, 45.08163 ], [ 7.67842, 45.08142 ], [ 7.67847, 45.0814 ], [ 7.67851, 45.08139 ], [ 7.67865, 45.08158 ], [ 7.67867, 45.08158 ], [ 7.67871, 45.08163 ], [ 7.67865, 45.08165 ], [ 7.67862, 45.08162 ], [ 7.67857, 45.08164 ], [ 7.67857, 45.08163 ] ] ] } },
{ "type": "Feature", "properties": { "uuid": "6b21a1a5-c294-4d79-8d26-05866727b9ee", "data_acq": "2019-11-30 00:00:00", "data_agg": "2019-11-30 00:00:00", "data_fin": "9999-12-31 00:00:00", "ente_for": "REGIONE PIEMONTE", "ente_prod": "REGIONE PIEMONTE", "modo_prod": "banche dati esterne - catasto", "sc_acq": "1:2000", "edifc_ty": "generica", "edifc_uso": "commerciale", "edifc_stat": "costruito", "edifc_mon": "0", "edifc_nome": "", "edifc_idag": "", "edifc_ided": "", "source": "BDTRE edifc" }, "geometry": { "type": "Polygon", "coordinates": [ [ [ 7.67583, 45.07954 ], [ 7.67548, 45.07966 ], [ 7.67537, 45.0797 ], [ 7.67537, 45.0797 ], [ 7.67537, 45.07969 ], [ 7.67537, 45.07969 ], [ 7.67529, 45.07972 ], [ 7.67521, 45.07975 ], [ 7.6753, 45.07988 ], [ 7.67532, 45.0799 ], [ 7.67536, 45.07998 ], [ 7.67539, 45.08002 ], [ 7.6755, 45.08019 ], [ 7.67554, 45.08017 ], [ 7.67558, 45.08016 ], [ 7.67559, 45.08017 ], [ 7.6756, 45.08017 ], [ 7.6756, 45.08018 ], [ 7.67562, 45.08019 ], [ 7.67565, 45.08019 ], [ 7.67567, 45.08019 ], [ 7.67568, 45.0802 ], [ 7.67568, 45.08019 ], [ 7.67569, 45.08019 ], [ 7.67571, 45.08019 ], [ 7.67571, 45.08019 ], [ 7.67577, 45.08017 ], [ 7.67583, 45.08027 ], [ 7.67599, 45.08022 ], [ 7.67603, 45.08026 ], [ 7.67626, 45.08019 ], [ 7.67627, 45.08019 ], [ 7.67629, 45.08018 ], [ 7.67629, 45.08018 ], [ 7.67634, 45.08016 ], [ 7.67629, 45.08009 ], [ 7.67631, 45.08009 ], [ 7.67613, 45.07986 ], [ 7.67601, 45.07971 ], [ 7.67589, 45.07956 ], [ 7.67583, 45.07954 ], [ 7.67583, 45.07954 ] ], [ [ 7.67593, 45.07982 ], [ 7.67588, 45.07984 ], [ 7.67587, 45.07982 ], [ 7.67592, 45.0798 ], [ 7.67593, 45.0798 ], [ 7.67593, 45.07982 ] ] ] } },
{ "type": "Feature", "properties": { "uuid": "a0f02c35-2988-4bf6-9ad0-b2f389b104a0", "data_acq": "2019-11-30 00:00:00", "data_agg": "2019-11-30 00:00:00", "data_fin": "9999-12-31 00:00:00", "ente_for": "REGIONE PIEMONTE", "ente_prod": "REGIONE PIEMONTE", "modo_prod": "banche dati esterne - catasto", "sc_acq": "1:2000", "edifc_ty": "generica", "edifc_uso": "commerciale", "edifc_stat": "costruito", "edifc_mon": "0", "edifc_nome": "", "edifc_idag": "", "edifc_ided": "", "source": "BDTRE edifc" }, "geometry": { "type": "Polygon", "coordinates": [ [ [ 7.69374, 45.06945 ], [ 7.69406, 45.06934 ], [ 7.69424, 45.06943 ], [ 7.69417, 45.0695 ], [ 7.69417, 45.06951 ], [ 7.69412, 45.06957 ], [ 7.69398, 45.06961 ], [ 7.69389, 45.06965 ], [ 7.69387, 45.06963 ], [ 7.69379, 45.06952 ], [ 7.69374, 45.06945 ] ] ] } },
{ "type": "Feature", "properties": { "uuid": "697dd257-d4ab-41cc-8983-fcbb14417a72", "data_acq": "2019-11-30 00:00:00", "data_agg": "2019-11-30 00:00:00", "data_fin": "9999-12-31 00:00:00", "ente_for": "REGIONE PIEMONTE", "ente_prod": "REGIONE PIEMONTE", "modo_prod": "banche dati esterne - catasto", "sc_acq": "1:2000", "edifc_ty": "generica", "edifc_uso": "commerciale", "edifc_stat": "costruito", "edifc_mon": "0", "edifc_nome": "", "edifc_idag": "", "edifc_ided": "", "source": "BDTRE edifc" }, "geometry": { "type": "Polygon", "coordinates": [ [ [ 7.67138, 45.08251 ], [ 7.67135, 45.08246 ], [ 7.6715, 45.08242 ], [ 7.67153, 45.08247 ], [ 7.67153, 45.08247 ], [ 7.67143, 45.0825 ], [ 7.67138, 45.08251 ] ] ] } },
{ "type": "Feature", "properties": { "uuid": "b375a21a-9c65-4295-bc80-22c9e6a50866", "data_acq": "2019-11-30 00:00:00", "data_agg": "2019-11-30 00:00:00", "data_fin": "9999-12-31 00:00:00", "ente_for": "REGIONE PIEMONTE", "ente_prod": "REGIONE PIEMONTE", "modo_prod": "banche dati esterne - catasto", "sc_acq": "1:2000", "edifc_ty": "generica", "edifc_uso": "commerciale", "edifc_stat": "costruito", "edifc_mon": "0", "edifc_nome": "", "edifc_idag": "", "edifc_ided": "", "source": "BDTRE edifc" }, "geometry": { "type": "Polygon", "coordinates": [ [ [ 7.68803, 45.07576 ], [ 7.68811, 45.07573 ], [ 7.68811, 45.07573 ], [ 7.68815, 45.07579 ], [ 7.68817, 45.07583 ], [ 7.68809, 45.07585 ], [ 7.68803, 45.07576 ] ] ] } },
{ "type": "Feature", "properties": { "uuid": "3e907af8-5e91-4fdc-9bbf-9480cfdb3b80", "data_acq": "2019-11-30 00:00:00", "data_agg": "2019-11-30 00:00:00", "data_fin": "9999-12-31 00:00:00", "ente_for": "REGIONE PIEMONTE", "ente_prod": "REGIONE PIEMONTE", "modo_prod": "banche dati esterne - catasto", "sc_acq": "1:2000", "edifc_ty": "generica", "edifc_uso": "commerciale", "edifc_stat": "costruito", "edifc_mon": "0", "edifc_nome": "", "edifc_idag": "", "edifc_ided": "", "source": "BDTRE edifc" }, "geometry": { "type": "Polygon", "coordinates": [ [ [ 7.69405, 45.08357 ], [ 7.694, 45.08355 ], [ 7.69401, 45.08354 ], [ 7.69405, 45.08355 ], [ 7.69411, 45.08348 ], [ 7.69424, 45.08354 ], [ 7.69416, 45.08362 ], [ 7.69405, 45.08357 ] ] ] } },
{ "type": "Feature", "properties": { "uuid": "dcc563e2-91df-49cc-8b72-6611dcffab8a", "data_acq": "2019-11-30 00:00:00", "data_agg": "2019-11-30 00:00:00", "data_fin": "9999-12-31 00:00:00", "ente_for": "REGIONE PIEMONTE", "ente_prod": "REGIONE PIEMONTE", "modo_prod": "banche dati esterne - catasto", "sc_acq": "1:2000", "edifc_ty": "generica", "edifc_uso": "commerciale", "edifc_stat": "costruito", "edifc_mon": "0", "edifc_nome": "", "edifc_idag": "", "edifc_ided": "", "source": "BDTRE edifc" }, "geometry": { "type": "Polygon", "coordinates": [ [ [ 7.66581, 45.08421 ], [ 7.66577, 45.08422 ], [ 7.66574, 45.08423 ], [ 7.66573, 45.08421 ], [ 7.66576, 45.0842 ], [ 7.66571, 45.08414 ], [ 7.66576, 45.08413 ], [ 7.66582, 45.08411 ], [ 7.66588, 45.08419 ], [ 7.66583, 45.0842 ], [ 7.66581, 45.08421 ] ] ] } },
{ "type": "Feature", "properties": { "uuid": "3d18ac51-6f52-4a5d-bd59-b9c31cae11f3", "data_acq": "2019-11-30 00:00:00", "data_agg": "2019-11-30 00:00:00", "data_fin": "9999-12-31 00:00:00", "ente_for": "REGIONE PIEMONTE", "ente_prod": "REGIONE PIEMONTE", "modo_prod": "banche dati esterne - catasto", "sc_acq": "1:2000", "edifc_ty": "generica", "edifc_uso": "commerciale", "edifc_stat": "costruito", "edifc_mon": "0", "edifc_nome": "", "edifc_idag": "", "edifc_ided": "", "source": "BDTRE edifc" }, "geometry": { "type": "Polygon", "coordinates": [ [ [ 7.68549, 45.07661 ], [ 7.68644, 45.07634 ], [ 7.68645, 45.07634 ], [ 7.68647, 45.07634 ], [ 7.68648, 45.07634 ], [ 7.68649, 45.07635 ], [ 7.6866, 45.07656 ], [ 7.68661, 45.07656 ], [ 7.68662, 45.07659 ], [ 7.68663, 45.07659 ], [ 7.68662, 45.0766 ], [ 7.68662, 45.07661 ], [ 7.68661, 45.07662 ], [ 7.68565, 45.07689 ], [ 7.68564, 45.07689 ], [ 7.68562, 45.07689 ], [ 7.68561, 45.07689 ], [ 7.68561, 45.07688 ], [ 7.68555, 45.07678 ], [ 7.68547, 45.07665 ], [ 7.68547, 45.07664 ], [ 7.68547, 45.07663 ], [ 7.68548, 45.07662 ], [ 7.68549, 45.07661 ] ] ] } },
{ "type": "Feature", "properties": { "uuid": "3516540b-1ffe-440b-bd6b-ce32856207eb", "data_acq": "2019-11-30 00:00:00", "data_agg": "2019-11-30 00:00:00", "data_fin": "9999-12-31 00:00:00", "ente_for": "REGIONE PIEMONTE", "ente_prod": "REGIONE PIEMONTE", "modo_prod": "banche dati esterne - catasto", "sc_acq": "1:2000", "edifc_ty": "generica", "edifc_uso": "commerciale", "edifc_stat": "costruito", "edifc_mon": "0", "edifc_nome": "", "edifc_idag": "", "edifc_ided": "", "source": "BDTRE edifc" }, "geometry": { "type": "Polygon", "coordinates": [ [ [ 7.69192, 45.08524 ], [ 7.69197, 45.08523 ], [ 7.69198, 45.08523 ], [ 7.69213, 45.08518 ], [ 7.69223, 45.08514 ], [ 7.69227, 45.08513 ], [ 7.69216, 45.08496 ], [ 7.69211, 45.08488 ], [ 7.69208, 45.08483 ], [ 7.692, 45.0848 ], [ 7.69175, 45.08488 ], [ 7.6917, 45.0849 ], [ 7.69192, 45.08524 ] ] ] } },
{ "type": "Feature", "properties": { "uuid": "a871fa98-8f23-4e4d-9159-9f81f127b240", "data_acq": "2019-11-30 00:00:00", "data_agg": "2019-11-30 00:00:00", "data_fin": "9999-12-31 00:00:00", "ente_for": "REGIONE PIEMONTE", "ente_prod": "REGIONE PIEMONTE", "modo_prod": "banche dati esterne - catasto", "sc_acq": "1:2000", "edifc_ty": "generica", "edifc_uso": "commerciale", "edifc_stat": "costruito", "edifc_mon": "0", "edifc_nome": "", "edifc_idag": "", "edifc_ided": "", "source": "BDTRE edifc" }, "geometry": { "type": "Polygon", "coordinates": [ [ [ 7.66624, 45.08071 ], [ 7.66618, 45.08062 ], [ 7.66618, 45.08062 ], [ 7.66616, 45.0806 ], [ 7.66631, 45.08055 ], [ 7.66639, 45.08065 ], [ 7.66624, 45.08071 ] ] ] } },
{ "type": "Feature", "properties": { "uuid": "ade14ddd-5c2c-4c1d-b294-0e81b545a0d3", "data_acq": "2019-11-30 00:00:00", "data_agg": "2019-11-30 00:00:00", "data_fin": "9999-12-31 00:00:00", "ente_for": "REGIONE PIEMONTE", "ente_prod": "REGIONE PIEMONTE", "modo_prod": "banche dati esterne - catasto", "sc_acq": "1:2000", "edifc_ty": "generica", "edifc_uso": "commerciale", "edifc_stat": "costruito", "edifc_mon": "0", "edifc_nome": "", "edifc_idag": "", "edifc_ided": "", "source": "BDTRE edifc" }, "geometry": { "type": "Polygon", "coordinates": [ [ [ 7.66614, 45.07433 ], [ 7.6661, 45.07435 ], [ 7.66603, 45.07425 ], [ 7.66607, 45.07423 ], [ 7.66609, 45.07426 ], [ 7.66614, 45.07433 ] ] ] } },
{ "type": "Feature", "properties": { "uuid": "ea76626a-639e-457f-a627-fd6868fd9d95", "data_acq": "2019-11-30 00:00:00", "data_agg": "2019-11-30 00:00:00", "data_fin": "9999-12-31 00:00:00", "ente_for": "REGIONE PIEMONTE", "ente_prod": "REGIONE PIEMONTE", "modo_prod": "banche dati esterne - catasto", "sc_acq": "1:2000", "edifc_ty": "generica", "edifc_uso": "commerciale", "edifc_stat": "costruito", "edifc_mon": "0", "edifc_nome": "", "edifc_idag": "", "edifc_ided": "", "source": "BDTRE edifc" }, "geometry": { "type": "Polygon", "coordinates": [ [ [ 7.68939, 45.08048 ], [ 7.68941, 45.0805 ], [ 7.68943, 45.08054 ], [ 7.68947, 45.08059 ], [ 7.68948, 45.08061 ], [ 7.6894, 45.08064 ], [ 7.6894, 45.08064 ], [ 7.68937, 45.08065 ], [ 7.68937, 45.08065 ], [ 7.68935, 45.08062 ], [ 7.68935, 45.08062 ], [ 7.68915, 45.08069 ], [ 7.68916, 45.08071 ], [ 7.68912, 45.08073 ], [ 7.68912, 45.08073 ], [ 7.68911, 45.08072 ], [ 7.68911, 45.08072 ], [ 7.68902, 45.08074 ], [ 7.68902, 45.08074 ], [ 7.68896, 45.08065 ], [ 7.68906, 45.08062 ], [ 7.68902, 45.08057 ], [ 7.68923, 45.0805 ], [ 7.6892, 45.08045 ], [ 7.68935, 45.08041 ], [ 7.68939, 45.08048 ] ] ] } },
{ "type": "Feature", "properties": { "uuid": "63c0374a-e72b-4928-ab59-5987bde43c83", "data_acq": "2019-11-30 00:00:00", "data_agg": "2019-11-30 00:00:00", "data_fin": "9999-12-31 00:00:00", "ente_for": "REGIONE PIEMONTE", "ente_prod": "REGIONE PIEMONTE", "modo_prod": "banche dati esterne - catasto", "sc_acq": "1:2000", "edifc_ty": "generica", "edifc_uso": "commerciale", "edifc_stat": "costruito", "edifc_mon": "0", "edifc_nome": "", "edifc_idag": "", "edifc_ided": "", "source": "BDTRE edifc" }, "geometry": { "type": "Polygon", "coordinates": [ [ [ 7.67401, 45.08185 ], [ 7.67389, 45.08189 ], [ 7.67383, 45.08179 ], [ 7.67395, 45.08175 ], [ 7.67401, 45.08185 ] ] ] } },
{ "type": "Feature", "properties": { "uuid": "4f40cf80-6d16-4fc3-a66e-36bf2dc9c1e8", "data_acq": "2019-11-30 00:00:00", "data_agg": "2019-11-30 00:00:00", "data_fin": "9999-12-31 00:00:00", "ente_for": "REGIONE PIEMONTE", "ente_prod": "REGIONE PIEMONTE", "modo_prod": "banche dati esterne - catasto", "sc_acq": "1:2000", "edifc_ty": "generica", "edifc_uso": "commerciale", "edifc_stat": "costruito", "edifc_mon": "0", "edifc_nome": "", "edifc_idag": "", "edifc_ided": "", "source": "BDTRE edifc" }, "geometry": { "type": "Polygon", "coordinates": [ [ [ 7.66612, 45.07701 ], [ 7.66634, 45.07702 ], [ 7.66635, 45.07696 ], [ 7.66613, 45.07696 ], [ 7.66612, 45.07701 ] ] ] } },
{ "type": "Feature", "properties": { "uuid": "d49fe010-d91f-4e1e-9c9d-d26f89646242", "data_acq": "2019-11-30 00:00:00", "data_agg": "2019-11-30 00:00:00", "data_fin": "9999-12-31 00:00:00", "ente_for": "REGIONE PIEMONTE", "ente_prod": "REGIONE PIEMONTE", "modo_prod": "banche dati esterne - catasto", "sc_acq": "1:2000", "edifc_ty": "generica", "edifc_uso": "commerciale", "edifc_stat": "costruito", "edifc_mon": "0", "edifc_nome": "", "edifc_idag": "", "edifc_ided": "", "source": "BDTRE edifc" }, "geometry": { "type": "Polygon", "coordinates": [ [ [ 7.66946, 45.08235 ], [ 7.66946, 45.08235 ], [ 7.66946, 45.08235 ], [ 7.66944, 45.08231 ], [ 7.66943, 45.08228 ], [ 7.66942, 45.08226 ], [ 7.66953, 45.08223 ], [ 7.66965, 45.08219 ], [ 7.66965, 45.08219 ], [ 7.66966, 45.0822 ], [ 7.66968, 45.08223 ], [ 7.66963, 45.08225 ], [ 7.66957, 45.08227 ], [ 7.66959, 45.08232 ], [ 7.66953, 45.08233 ], [ 7.66946, 45.08235 ] ] ] } },
{ "type": "Feature", "properties": { "uuid": "34bf4abd-a235-4bf6-89f4-d88a23bb704a", "data_acq": "2019-11-30 00:00:00", "data_agg": "2019-11-30 00:00:00", "data_fin": "9999-12-31 00:00:00", "ente_for": "REGIONE PIEMONTE", "ente_prod": "REGIONE PIEMONTE", "modo_prod": "banche dati esterne - catasto", "sc_acq": "1:2000", "edifc_ty": "generica", "edifc_uso": "commerciale", "edifc_stat": "costruito", "edifc_mon": "0", "edifc_nome": "", "edifc_idag": "", "edifc_ided": "", "source": "BDTRE edifc" }, "geometry": { "type": "Polygon", "coordinates": [ [ [ 7.68931, 45.08401 ], [ 7.68941, 45.08398 ], [ 7.68954, 45.084 ], [ 7.68956, 45.08399 ], [ 7.68971, 45.08402 ], [ 7.68969, 45.08408 ], [ 7.6895, 45.08413 ], [ 7.6893, 45.0842 ], [ 7.68917, 45.08424 ], [ 7.68916, 45.08424 ], [ 7.68899, 45.0843 ], [ 7.68899, 45.0843 ], [ 7.68896, 45.08425 ], [ 7.68896, 45.08425 ], [ 7.68893, 45.08426 ], [ 7.68893, 45.08426 ], [ 7.6889, 45.08422 ], [ 7.68925, 45.0841 ], [ 7.68922, 45.08404 ], [ 7.68931, 45.08401 ] ] ] } },
{ "type": "Feature", "properties": { "uuid": "bf8c012c-136d-4fe4-97f0-11becdc62bcd", "data_acq": "2019-11-30 00:00:00", "data_agg": "2019-11-30 00:00:00", "data_fin": "9999-12-31 00:00:00", "ente_for": "REGIONE PIEMONTE", "ente_prod": "REGIONE PIEMONTE", "modo_prod": "banche dati esterne - catasto", "sc_acq": "1:2000", "edifc_ty": "generica", "edifc_uso": "commerciale", "edifc_stat": "costruito", "edifc_mon": "0", "edifc_nome": "", "edifc_idag": "", "edifc_ided": "", "source": "BDTRE edifc" }, "geometry": { "type": "Polygon", "coordinates": [ [ [ 7.69219, 45.07899 ], [ 7.69218, 45.079 ], [ 7.69217, 45.07899 ], [ 7.69213, 45.07904 ], [ 7.69196, 45.07896 ], [ 7.69198, 45.07894 ], [ 7.69196, 45.07894 ], [ 7.69197, 45.07892 ], [ 7.69198, 45.07891 ], [ 7.692, 45.07892 ], [ 7.69201, 45.07891 ], [ 7.69204, 45.07893 ], [ 7.69213, 45.07897 ], [ 7.69219, 45.07899 ] ] ] } },
{ "type": "Feature", "properties": { "uuid": "18f82afc-1dd0-4fe7-846e-df1dd476b9f7", "data_acq": "2019-11-30 00:00:00", "data_agg": "2019-11-30 00:00:00", "data_fin": "9999-12-31 00:00:00", "ente_for": "REGIONE PIEMONTE", "ente_prod": "REGIONE PIEMONTE", "modo_prod": "banche dati esterne - catasto", "sc_acq": "1:2000", "edifc_ty": "generica", "edifc_uso": "commerciale", "edifc_stat": "costruito", "edifc_mon": "0", "edifc_nome": "", "edifc_idag": "", "edifc_ided": "", "source": "BDTRE edifc" }, "geometry": { "type": "Polygon", "coordinates": [ [ [ 7.689, 45.06586 ], [ 7.68901, 45.06584 ], [ 7.68901, 45.06584 ], [ 7.68901, 45.06583 ], [ 7.68899, 45.06583 ], [ 7.68897, 45.06582 ], [ 7.68896, 45.06583 ], [ 7.68896, 45.06584 ], [ 7.689, 45.06586 ] ] ] } },
{ "type": "Feature", "properties": { "uuid": "1c2fe40f-eeaa-4502-8d61-867073d6aa37", "data_acq": "2019-11-30 00:00:00", "data_agg": "2019-11-30 00:00:00", "data_fin": "9999-12-31 00:00:00", "ente_for": "REGIONE PIEMONTE", "ente_prod": "REGIONE PIEMONTE", "modo_prod": "banche dati esterne - catasto", "sc_acq": "1:2000", "edifc_ty": "generica", "edifc_uso": "commerciale", "edifc_stat": "costruito", "edifc_mon": "0", "edifc_nome": "", "edifc_idag": "", "edifc_ided": "", "source": "BDTRE edifc" }, "geometry": { "type": "Polygon", "coordinates": [ [ [ 7.695, 45.07885 ], [ 7.69504, 45.07887 ], [ 7.69502, 45.07889 ], [ 7.69498, 45.07888 ], [ 7.695, 45.07885 ] ] ] } },
{ "type": "Feature", "properties": { "uuid": "962aa6de-b12c-43c9-bba9-ec9e6f8e4d83", "data_acq": "2019-11-30 00:00:00", "data_agg": "2019-11-30 00:00:00", "data_fin": "9999-12-31 00:00:00", "ente_for": "REGIONE PIEMONTE", "ente_prod": "REGIONE PIEMONTE", "modo_prod": "banche dati esterne - catasto", "sc_acq": "1:2000", "edifc_ty": "generica", "edifc_uso": "commerciale", "edifc_stat": "costruito", "edifc_mon": "0", "edifc_nome": "", "edifc_idag": "", "edifc_ided": "", "source": "BDTRE edifc" }, "geometry": { "type": "Polygon", "coordinates": [ [ [ 7.6792, 45.06728 ], [ 7.67919, 45.06727 ], [ 7.67919, 45.06727 ], [ 7.67919, 45.06727 ], [ 7.67919, 45.06727 ], [ 7.67919, 45.06727 ], [ 7.67919, 45.06727 ], [ 7.67918, 45.06725 ], [ 7.67917, 45.06724 ], [ 7.67917, 45.06724 ], [ 7.67917, 45.06724 ], [ 7.67915, 45.06723 ], [ 7.67915, 45.06723 ], [ 7.67916, 45.06722 ], [ 7.67916, 45.06722 ], [ 7.67915, 45.0672 ], [ 7.67913, 45.06718 ], [ 7.67913, 45.06718 ], [ 7.67911, 45.06716 ], [ 7.6791, 45.06714 ], [ 7.6791, 45.06714 ], [ 7.6791, 45.06714 ], [ 7.67911, 45.06714 ], [ 7.67908, 45.0671 ], [ 7.67907, 45.0671 ], [ 7.67905, 45.06709 ], [ 7.67905, 45.06709 ], [ 7.67906, 45.06708 ], [ 7.67906, 45.06708 ], [ 7.67904, 45.06705 ], [ 7.67903, 45.06705 ], [ 7.67903, 45.06705 ], [ 7.67902, 45.06704 ], [ 7.67902, 45.06704 ], [ 7.67902, 45.06704 ], [ 7.67938, 45.0669 ], [ 7.67951, 45.06686 ], [ 7.67954, 45.06685 ], [ 7.67957, 45.06689 ], [ 7.6795, 45.06692 ], [ 7.67955, 45.06699 ], [ 7.6796, 45.06706 ], [ 7.67962, 45.06709 ], [ 7.67978, 45.06703 ], [ 7.67962, 45.06681 ], [ 7.6797, 45.06679 ], [ 7.67978, 45.06689 ], [ 7.67989, 45.06705 ], [ 7.67963, 45.06714 ], [ 7.67963, 45.06714 ], [ 7.67957, 45.06716 ], [ 7.67957, 45.06716 ], [ 7.67942, 45.06721 ], [ 7.67935, 45.06723 ], [ 7.6792, 45.06728 ] ] ] } },
{ "type": "Feature", "properties": { "uuid": "77962e08-b18d-4054-940f-049cca41aed3", "data_acq": "2019-11-30 00:00:00", "data_agg": "2019-11-30 00:00:00", "data_fin": "9999-12-31 00:00:00", "ente_for": "REGIONE PIEMONTE", "ente_prod": "REGIONE PIEMONTE", "modo_prod": "banche dati esterne - catasto", "sc_acq": "1:2000", "edifc_ty": "generica", "edifc_uso": "commerciale", "edifc_stat": "costruito", "edifc_mon": "0", "edifc_nome": "", "edifc_idag": "", "edifc_ided": "", "source": "BDTRE edifc" }, "geometry": { "type": "Polygon", "coordinates": [ [ [ 7.66789, 45.06879 ], [ 7.66791, 45.06879 ], [ 7.66793, 45.06878 ], [ 7.66793, 45.06878 ], [ 7.66791, 45.06876 ], [ 7.66787, 45.06877 ], [ 7.66787, 45.06877 ], [ 7.66788, 45.06878 ], [ 7.66789, 45.06879 ] ] ] } },
{ "type": "Feature", "properties": { "uuid": "5c489bf9-4404-4c69-b731-2bcbcce4da84", "data_acq": "2019-11-30 00:00:00", "data_agg": "2019-11-30 00:00:00", "data_fin": "9999-12-31 00:00:00", "ente_for": "REGIONE PIEMONTE", "ente_prod": "REGIONE PIEMONTE", "modo_prod": "banche dati esterne - catasto", "sc_acq": "1:2000", "edifc_ty": "generica", "edifc_uso": "commerciale", "edifc_stat": "costruito", "edifc_mon": "0", "edifc_nome": "", "edifc_idag": "", "edifc_ided": "", "source": "BDTRE edifc" }, "geometry": { "type": "Polygon", "coordinates": [ [ [ 7.66643, 45.08446 ], [ 7.66612, 45.08455 ], [ 7.6661, 45.08452 ], [ 7.66605, 45.08444 ], [ 7.66601, 45.08437 ], [ 7.66597, 45.08431 ], [ 7.66595, 45.08429 ], [ 7.66588, 45.08419 ], [ 7.66582, 45.08411 ], [ 7.66579, 45.08405 ], [ 7.66575, 45.084 ], [ 7.66572, 45.08396 ], [ 7.66568, 45.0839 ], [ 7.66566, 45.08387 ], [ 7.66566, 45.08387 ], [ 7.66566, 45.08386 ], [ 7.66559, 45.08376 ], [ 7.66567, 45.08374 ], [ 7.66575, 45.08372 ], [ 7.66581, 45.08381 ], [ 7.66582, 45.08382 ], [ 7.66578, 45.08384 ], [ 7.66577, 45.08384 ], [ 7.66577, 45.08384 ], [ 7.66574, 45.08385 ], [ 7.66574, 45.08389 ], [ 7.6658, 45.08399 ], [ 7.66586, 45.08403 ], [ 7.66594, 45.084 ], [ 7.66598, 45.08406 ], [ 7.66621, 45.08399 ], [ 7.66623, 45.08403 ], [ 7.66625, 45.08408 ], [ 7.66616, 45.08411 ], [ 7.66598, 45.08417 ], [ 7.666, 45.0842 ], [ 7.66615, 45.08441 ], [ 7.66637, 45.08435 ], [ 7.66638, 45.08436 ], [ 7.66643, 45.08446 ] ] ] } },
{ "type": "Feature", "properties": { "uuid": "96f49618-cc74-4164-b714-a185dc8998c1", "data_acq": "2019-11-30 00:00:00", "data_agg": "2019-11-30 00:00:00", "data_fin": "9999-12-31 00:00:00", "ente_for": "REGIONE PIEMONTE", "ente_prod": "REGIONE PIEMONTE", "modo_prod": "banche dati esterne - catasto", "sc_acq": "1:2000", "edifc_ty": "generica", "edifc_uso": "commerciale", "edifc_stat": "costruito", "edifc_mon": "0", "edifc_nome": "", "edifc_idag": "", "edifc_ided": "", "source": "BDTRE edifc" }, "geometry": { "type": "Polygon", "coordinates": [ [ [ 7.68127, 45.07705 ], [ 7.68147, 45.07698 ], [ 7.68133, 45.07677 ], [ 7.68121, 45.0768 ], [ 7.68112, 45.07683 ], [ 7.68117, 45.0769 ], [ 7.68127, 45.07705 ] ] ] } },
{ "type": "Feature", "properties": { "uuid": "2c3e1a08-aadd-425c-a46a-ad834342b8fb", "data_acq": "2019-11-30 00:00:00", "data_agg": "2019-11-30 00:00:00", "data_fin": "9999-12-31 00:00:00", "ente_for": "REGIONE PIEMONTE", "ente_prod": "REGIONE PIEMONTE", "modo_prod": "banche dati esterne - catasto", "sc_acq": "1:2000", "edifc_ty": "generica", "edifc_uso": "commerciale", "edifc_stat": "costruito", "edifc_mon": "0", "edifc_nome": "", "edifc_idag": "", "edifc_ided": "", "source": "BDTRE edifc" }, "geometry": { "type": "Polygon", "coordinates": [ [ [ 7.69238, 45.08412 ], [ 7.69228, 45.08415 ], [ 7.69223, 45.08417 ], [ 7.69222, 45.08415 ], [ 7.69221, 45.08415 ], [ 7.69217, 45.08409 ], [ 7.69218, 45.08409 ], [ 7.69214, 45.08403 ], [ 7.69213, 45.08403 ], [ 7.69208, 45.08395 ], [ 7.6921, 45.08394 ], [ 7.69206, 45.08389 ], [ 7.69164, 45.08402 ], [ 7.69175, 45.08421 ], [ 7.69212, 45.08409 ], [ 7.69219, 45.08419 ], [ 7.69212, 45.08421 ], [ 7.69205, 45.08423 ], [ 7.69182, 45.0843 ], [ 7.69173, 45.08433 ], [ 7.69162, 45.08416 ], [ 7.69155, 45.08405 ], [ 7.69148, 45.08394 ], [ 7.69209, 45.08374 ], [ 7.69213, 45.08375 ], [ 7.69221, 45.08386 ], [ 7.69222, 45.08388 ], [ 7.69223, 45.08389 ], [ 7.69238, 45.08412 ], [ 7.69238, 45.08412 ] ] ] } },
{ "type": "Feature", "properties": { "uuid": "7c3d1472-b87e-4c2b-9f4f-6df6fad580ef", "data_acq": "2019-11-30 00:00:00", "data_agg": "2019-11-30 00:00:00", "data_fin": "9999-12-31 00:00:00", "ente_for": "REGIONE PIEMONTE", "ente_prod": "REGIONE PIEMONTE", "modo_prod": "banche dati esterne - catasto", "sc_acq": "1:2000", "edifc_ty": "generica", "edifc_uso": "commerciale", "edifc_stat": "costruito", "edifc_mon": "0", "edifc_nome": "", "edifc_idag": "", "edifc_ided": "", "source": "BDTRE edifc" }, "geometry": { "type": "Polygon", "coordinates": [ [ [ 7.68049, 45.06904 ], [ 7.68063, 45.06899 ], [ 7.68079, 45.06893 ], [ 7.68086, 45.0689 ], [ 7.68082, 45.06885 ], [ 7.68062, 45.06892 ], [ 7.68059, 45.06892 ], [ 7.68053, 45.06882 ], [ 7.68054, 45.06882 ], [ 7.68054, 45.06881 ], [ 7.68052, 45.06878 ], [ 7.6805, 45.06877 ], [ 7.68049, 45.06878 ], [ 7.68041, 45.06867 ], [ 7.68037, 45.06862 ], [ 7.68036, 45.06863 ], [ 7.68022, 45.06868 ], [ 7.68024, 45.06871 ], [ 7.68024, 45.06871 ], [ 7.68027, 45.06874 ], [ 7.68026, 45.06875 ], [ 7.68026, 45.06875 ], [ 7.68031, 45.06881 ], [ 7.68031, 45.06881 ], [ 7.6803, 45.06881 ], [ 7.68031, 45.06882 ], [ 7.68034, 45.06886 ], [ 7.68038, 45.06892 ], [ 7.68039, 45.06892 ], [ 7.68039, 45.06891 ], [ 7.6804, 45.06893 ], [ 7.68041, 45.06894 ], [ 7.68041, 45.06895 ], [ 7.68044, 45.06898 ], [ 7.68044, 45.06898 ], [ 7.68044, 45.06898 ], [ 7.68047, 45.06901 ], [ 7.68049, 45.06904 ], [ 7.68049, 45.06904 ], [ 7.68049, 45.06904 ] ] ] } },
{ "type": "Feature", "properties": { "uuid": "c27084da-8e7c-41cf-8915-31c37b3dcdd2", "data_acq": "2019-11-30 00:00:00", "data_agg": "2019-11-30 00:00:00", "data_fin": "9999-12-31 00:00:00", "ente_for": "REGIONE PIEMONTE", "ente_prod": "REGIONE PIEMONTE", "modo_prod": "banche dati esterne - catasto", "sc_acq": "1:2000", "edifc_ty": "generica", "edifc_uso": "commerciale", "edifc_stat": "costruito", "edifc_mon": "0", "edifc_nome": "", "edifc_idag": "", "edifc_ided": "", "source": "BDTRE edifc" }, "geometry": { "type": "Polygon", "coordinates": [ [ [ 7.68972, 45.08076 ], [ 7.68985, 45.08072 ], [ 7.68983, 45.0807 ], [ 7.68981, 45.0807 ], [ 7.68969, 45.08053 ], [ 7.68947, 45.08059 ], [ 7.68948, 45.08061 ], [ 7.6896, 45.08079 ], [ 7.68972, 45.08076 ] ] ] } },
{ "type": "Feature", "properties": { "uuid": "476abc61-e934-4dfb-bb0d-538dd7ef4475", "data_acq": "2019-11-30 00:00:00", "data_agg": "2019-11-30 00:00:00", "data_fin": "9999-12-31 00:00:00", "ente_for": "REGIONE PIEMONTE", "ente_prod": "REGIONE PIEMONTE", "modo_prod": "banche dati esterne - catasto", "sc_acq": "1:2000", "edifc_ty": "generica", "edifc_uso": "commerciale", "edifc_stat": "costruito", "edifc_mon": "0", "edifc_nome": "", "edifc_idag": "", "edifc_ided": "", "source": "BDTRE edifc" }, "geometry": { "type": "Polygon", "coordinates": [ [ [ 7.67641, 45.07246 ], [ 7.67644, 45.07245 ], [ 7.67647, 45.07244 ], [ 7.67651, 45.07242 ], [ 7.67656, 45.07241 ], [ 7.67661, 45.07239 ], [ 7.67665, 45.07238 ], [ 7.67669, 45.07236 ], [ 7.67671, 45.07236 ], [ 7.67673, 45.07235 ], [ 7.67676, 45.07234 ], [ 7.67678, 45.07233 ], [ 7.67678, 45.07233 ], [ 7.67679, 45.07233 ], [ 7.67679, 45.07232 ], [ 7.6769, 45.07224 ], [ 7.67691, 45.07223 ], [ 7.67691, 45.07222 ], [ 7.6769, 45.07221 ], [ 7.67687, 45.07217 ], [ 7.67686, 45.07216 ], [ 7.67685, 45.07214 ], [ 7.67682, 45.07209 ], [ 7.67678, 45.07205 ], [ 7.67667, 45.0719 ], [ 7.67656, 45.07174 ], [ 7.67624, 45.07186 ], [ 7.67592, 45.07197 ], [ 7.67592, 45.07197 ], [ 7.67593, 45.07198 ], [ 7.67585, 45.07201 ], [ 7.67584, 45.07199 ], [ 7.67577, 45.07202 ], [ 7.67569, 45.07205 ], [ 7.67569, 45.07206 ], [ 7.67569, 45.07206 ], [ 7.67572, 45.0721 ], [ 7.67574, 45.07212 ], [ 7.67574, 45.07213 ], [ 7.67574, 45.07213 ], [ 7.67574, 45.07213 ], [ 7.6758, 45.07222 ], [ 7.67587, 45.07231 ], [ 7.67587, 45.07231 ], [ 7.67591, 45.07237 ], [ 7.67606, 45.07231 ], [ 7.67607, 45.07231 ], [ 7.67592, 45.07211 ], [ 7.67607, 45.07206 ], [ 7.67608, 45.07207 ], [ 7.67624, 45.07201 ], [ 7.67635, 45.07197 ], [ 7.67637, 45.07197 ], [ 7.67637, 45.07196 ], [ 7.67636, 45.07196 ], [ 7.67636, 45.07195 ], [ 7.67649, 45.07191 ], [ 7.67649, 45.07191 ], [ 7.67662, 45.0721 ], [ 7.6767, 45.07221 ], [ 7.6767, 45.07221 ], [ 7.6767, 45.07221 ], [ 7.67665, 45.07223 ], [ 7.67641, 45.07232 ], [ 7.67642, 45.07234 ], [ 7.67636, 45.07236 ], [ 7.67635, 45.07235 ], [ 7.67634, 45.07236 ], [ 7.67634, 45.07236 ], [ 7.67641, 45.07246 ] ] ] } },
{ "type": "Feature", "properties": { "uuid": "c2079207-856e-4f14-ad7a-e71b500b8a31", "data_acq": "2019-11-30 00:00:00", "data_agg": "2019-11-30 00:00:00", "data_fin": "9999-12-31 00:00:00", "ente_for": "REGIONE PIEMONTE", "ente_prod": "REGIONE PIEMONTE", "modo_prod": "banche dati esterne - catasto", "sc_acq": "1:2000", "edifc_ty": "generica", "edifc_uso": "commerciale", "edifc_stat": "costruito", "edifc_mon": "0", "edifc_nome": "", "edifc_idag": "", "edifc_ided": "", "source": "BDTRE edifc" }, "geometry": { "type": "Polygon", "coordinates": [ [ [ 7.68035, 45.08282 ], [ 7.68038, 45.08287 ], [ 7.68023, 45.08292 ], [ 7.68023, 45.08293 ], [ 7.68022, 45.08294 ], [ 7.68021, 45.08292 ], [ 7.68004, 45.08298 ], [ 7.68001, 45.08293 ], [ 7.68005, 45.08291 ], [ 7.68022, 45.08286 ], [ 7.68035, 45.08282 ] ] ] } },
{ "type": "Feature", "properties": { "uuid": "f94412f8-755b-4036-9063-5cce69dbc407", "data_acq": "2019-11-30 00:00:00", "data_agg": "2019-11-30 00:00:00", "data_fin": "9999-12-31 00:00:00", "ente_for": "REGIONE PIEMONTE", "ente_prod": "REGIONE PIEMONTE", "modo_prod": "banche dati esterne - catasto", "sc_acq": "1:2000", "edifc_ty": "generica", "edifc_uso": "commerciale", "edifc_stat": "costruito", "edifc_mon": "0", "edifc_nome": "", "edifc_idag": "", "edifc_ided": "", "source": "BDTRE edifc" }, "geometry": { "type": "Polygon", "coordinates": [ [ [ 7.67595, 45.07955 ], [ 7.67617, 45.07984 ], [ 7.67639, 45.08012 ], [ 7.67655, 45.08032 ], [ 7.67657, 45.08036 ], [ 7.67658, 45.08036 ], [ 7.67658, 45.08037 ], [ 7.67694, 45.08022 ], [ 7.67687, 45.08012 ], [ 7.67679, 45.08001 ], [ 7.67675, 45.07996 ], [ 7.67672, 45.07992 ], [ 7.67671, 45.07991 ], [ 7.67671, 45.0799 ], [ 7.67671, 45.07989 ], [ 7.67668, 45.07987 ], [ 7.67666, 45.07983 ], [ 7.67663, 45.07979 ], [ 7.67663, 45.07979 ], [ 7.67662, 45.07977 ], [ 7.6766, 45.07975 ], [ 7.67659, 45.07976 ], [ 7.67658, 45.07976 ], [ 7.67656, 45.07973 ], [ 7.67654, 45.0797 ], [ 7.67654, 45.0797 ], [ 7.67654, 45.0797 ], [ 7.67653, 45.07967 ], [ 7.67651, 45.07965 ], [ 7.67651, 45.07966 ], [ 7.67651, 45.07966 ], [ 7.67648, 45.07962 ], [ 7.67645, 45.07958 ], [ 7.67641, 45.07958 ], [ 7.67637, 45.07959 ], [ 7.67635, 45.0796 ], [ 7.67633, 45.0796 ], [ 7.6763, 45.0796 ], [ 7.6763, 45.0796 ], [ 7.67629, 45.0796 ], [ 7.67628, 45.0796 ], [ 7.67625, 45.0796 ], [ 7.67622, 45.0796 ], [ 7.67618, 45.0796 ], [ 7.67615, 45.0796 ], [ 7.67611, 45.0796 ], [ 7.67608, 45.07959 ], [ 7.67604, 45.07958 ], [ 7.67601, 45.07957 ], [ 7.67599, 45.07956 ], [ 7.67597, 45.07956 ], [ 7.67595, 45.07955 ], [ 7.67595, 45.07955 ], [ 7.67595, 45.07955 ] ], [ [ 7.6762, 45.07968 ], [ 7.67623, 45.07966 ], [ 7.67635, 45.07966 ], [ 7.67638, 45.07969 ], [ 7.67642, 45.07968 ], [ 7.67649, 45.07978 ], [ 7.6765, 45.07978 ], [ 7.67645, 45.0798 ], [ 7.67646, 45.07981 ], [ 7.67646, 45.07981 ], [ 7.67639, 45.07984 ], [ 7.67633, 45.07978 ], [ 7.67629, 45.07979 ], [ 7.6762, 45.07968 ] ] ] } },
{ "type": "Feature", "properties": { "uuid": "1cf0e148-1ba2-432f-90a2-5162a0cc0b32", "data_acq": "2019-11-30 00:00:00", "data_agg": "2019-11-30 00:00:00", "data_fin": "9999-12-31 00:00:00", "ente_for": "REGIONE PIEMONTE", "ente_prod": "REGIONE PIEMONTE", "modo_prod": "banche dati esterne - catasto", "sc_acq": "1:2000", "edifc_ty": "generica", "edifc_uso": "commerciale", "edifc_stat": "costruito", "edifc_mon": "0", "edifc_nome": "", "edifc_idag": "", "edifc_ided": "", "source": "BDTRE edifc" }, "geometry": { "type": "Polygon", "coordinates": [ [ [ 7.67949, 45.06573 ], [ 7.67934, 45.06579 ], [ 7.67935, 45.06581 ], [ 7.67939, 45.06587 ], [ 7.67939, 45.06587 ], [ 7.67934, 45.06589 ], [ 7.67932, 45.06591 ], [ 7.6794, 45.06603 ], [ 7.67942, 45.06604 ], [ 7.67949, 45.06602 ], [ 7.67952, 45.06607 ], [ 7.67952, 45.06607 ], [ 7.67968, 45.06601 ], [ 7.67949, 45.06574 ], [ 7.6795, 45.06574 ], [ 7.67949, 45.06573 ] ] ] } },
{ "type": "Feature", "properties": { "uuid": "539a5c9a-5582-4789-ba19-c4545515c594", "data_acq": "2019-11-30 00:00:00", "data_agg": "2019-11-30 00:00:00", "data_fin": "9999-12-31 00:00:00", "ente_for": "REGIONE PIEMONTE", "ente_prod": "REGIONE PIEMONTE", "modo_prod": "banche dati esterne - catasto", "sc_acq": "1:2000", "edifc_ty": "generica", "edifc_uso": "commerciale", "edifc_stat": "costruito", "edifc_mon": "0", "edifc_nome": "", "edifc_idag": "", "edifc_ided": "", "source": "BDTRE edifc" }, "geometry": { "type": "Polygon", "coordinates": [ [ [ 7.6762, 45.06956 ], [ 7.67635, 45.06977 ], [ 7.67629, 45.06979 ], [ 7.67622, 45.06981 ], [ 7.67615, 45.06972 ], [ 7.67611, 45.06973 ], [ 7.67612, 45.06975 ], [ 7.67606, 45.06977 ], [ 7.67604, 45.06975 ], [ 7.67589, 45.06981 ], [ 7.67595, 45.06991 ], [ 7.67585, 45.06995 ], [ 7.67575, 45.06998 ], [ 7.6757, 45.06991 ], [ 7.67563, 45.06994 ], [ 7.67568, 45.07001 ], [ 7.67554, 45.07006 ], [ 7.6754, 45.06985 ], [ 7.6758, 45.0697 ], [ 7.6762, 45.06956 ] ] ] } },
{ "type": "Feature", "properties": { "uuid": "c54008f5-b1f3-4ec1-b714-886936e04371", "data_acq": "2019-11-30 00:00:00", "data_agg": "2019-11-30 00:00:00", "data_fin": "9999-12-31 00:00:00", "ente_for": "REGIONE PIEMONTE", "ente_prod": "REGIONE PIEMONTE", "modo_prod": "banche dati esterne - catasto", "sc_acq": "1:2000", "edifc_ty": "generica", "edifc_uso": "commerciale", "edifc_stat": "costruito", "edifc_mon": "0", "edifc_nome": "", "edifc_idag": "", "edifc_ided": "", "source": "BDTRE edifc" }, "geometry": { "type": "Polygon", "coordinates": [ [ [ 7.6923, 45.08332 ], [ 7.69231, 45.08341 ], [ 7.69238, 45.08353 ], [ 7.69233, 45.08354 ], [ 7.69218, 45.08357 ], [ 7.69202, 45.08333 ], [ 7.6923, 45.08324 ], [ 7.6923, 45.08332 ] ] ] } },
{ "type": "Feature", "properties": { "uuid": "8a0c77f5-202f-4c1d-b4bf-95e8c1e0cc70", "data_acq": "2019-11-30 00:00:00", "data_agg": "2019-11-30 00:00:00", "data_fin": "9999-12-31 00:00:00", "ente_for": "REGIONE PIEMONTE", "ente_prod": "REGIONE PIEMONTE", "modo_prod": "banche dati esterne - catasto", "sc_acq": "1:2000", "edifc_ty": "generica", "edifc_uso": "commerciale", "edifc_stat": "costruito", "edifc_mon": "0", "edifc_nome": "", "edifc_idag": "", "edifc_ided": "", "source": "BDTRE edifc" }, "geometry": { "type": "Polygon", "coordinates": [ [ [ 7.67205, 45.07634 ], [ 7.67207, 45.07633 ], [ 7.67206, 45.07633 ], [ 7.67204, 45.0763 ], [ 7.67202, 45.07631 ], [ 7.67205, 45.07634 ] ] ] } },
{ "type": "Feature", "properties": { "uuid": "6dd72b21-567d-47fe-b112-df4c58a75e71", "data_acq": "2019-11-30 00:00:00", "data_agg": "2019-11-30 00:00:00", "data_fin": "9999-12-31 00:00:00", "ente_for": "REGIONE PIEMONTE", "ente_prod": "REGIONE PIEMONTE", "modo_prod": "banche dati esterne - catasto", "sc_acq": "1:2000", "edifc_ty": "generica", "edifc_uso": "commerciale", "edifc_stat": "costruito", "edifc_mon": "0", "edifc_nome": "", "edifc_idag": "", "edifc_ided": "", "source": "BDTRE edifc" }, "geometry": { "type": "Polygon", "coordinates": [ [ [ 7.69022, 45.08085 ], [ 7.69029, 45.08096 ], [ 7.69018, 45.08099 ], [ 7.69015, 45.08094 ], [ 7.69014, 45.08094 ], [ 7.69014, 45.08094 ], [ 7.69014, 45.08093 ], [ 7.69013, 45.08092 ], [ 7.69013, 45.08092 ], [ 7.69, 45.08096 ], [ 7.68998, 45.08093 ], [ 7.69001, 45.08092 ], [ 7.69004, 45.08091 ], [ 7.69005, 45.0809 ], [ 7.69022, 45.08085 ] ] ] } },
{ "type": "Feature", "properties": { "uuid": "4b5cbf1e-83a5-4db2-b7e7-9236606e9f63", "data_acq": "2019-11-30 00:00:00", "data_agg": "2019-11-30 00:00:00", "data_fin": "9999-12-31 00:00:00", "ente_for": "REGIONE PIEMONTE", "ente_prod": "REGIONE PIEMONTE", "modo_prod": "banche dati esterne - catasto", "sc_acq": "1:2000", "edifc_ty": "generica", "edifc_uso": "commerciale", "edifc_stat": "costruito", "edifc_mon": "0", "edifc_nome": "", "edifc_idag": "", "edifc_ided": "", "source": "BDTRE edifc" }, "geometry": { "type": "Polygon", "coordinates": [ [ [ 7.66467, 45.06809 ], [ 7.66475, 45.06819 ], [ 7.66478, 45.06824 ], [ 7.66489, 45.06839 ], [ 7.66499, 45.06854 ], [ 7.665, 45.06856 ], [ 7.66502, 45.06859 ], [ 7.66504, 45.06861 ], [ 7.66504, 45.06861 ], [ 7.66529, 45.06852 ], [ 7.66535, 45.0685 ], [ 7.66522, 45.0683 ], [ 7.66513, 45.06819 ], [ 7.66507, 45.06811 ], [ 7.66498, 45.06798 ], [ 7.66483, 45.06803 ], [ 7.66467, 45.06809 ] ], [ [ 7.66483, 45.06818 ], [ 7.665, 45.06813 ], [ 7.66515, 45.06834 ], [ 7.66498, 45.0684 ], [ 7.66483, 45.06818 ] ] ] } },
{ "type": "Feature", "properties": { "uuid": "f12b1ba2-9ad1-4624-ad15-913ae3e2e639", "data_acq": "2019-11-30 00:00:00", "data_agg": "2019-11-30 00:00:00", "data_fin": "9999-12-31 00:00:00", "ente_for": "REGIONE PIEMONTE", "ente_prod": "REGIONE PIEMONTE", "modo_prod": "banche dati esterne - catasto", "sc_acq": "1:2000", "edifc_ty": "generica", "edifc_uso": "commerciale", "edifc_stat": "costruito", "edifc_mon": "0", "edifc_nome": "", "edifc_idag": "", "edifc_ided": "", "source": "BDTRE edifc" }, "geometry": { "type": "Polygon", "coordinates": [ [ [ 7.69356, 45.08327 ], [ 7.69356, 45.08332 ], [ 7.69366, 45.08331 ], [ 7.69366, 45.08333 ], [ 7.69337, 45.08338 ], [ 7.69337, 45.08336 ], [ 7.69336, 45.08328 ], [ 7.69356, 45.08327 ] ] ] } },
{ "type": "Feature", "properties": { "uuid": "9245bce4-771b-4198-b988-925ecc5a4820", "data_acq": "2019-11-30 00:00:00", "data_agg": "2019-11-30 00:00:00", "data_fin": "9999-12-31 00:00:00", "ente_for": "REGIONE PIEMONTE", "ente_prod": "REGIONE PIEMONTE", "modo_prod": "banche dati esterne - catasto", "sc_acq": "1:2000", "edifc_ty": "generica", "edifc_uso": "commerciale", "edifc_stat": "costruito", "edifc_mon": "0", "edifc_nome": "", "edifc_idag": "", "edifc_ided": "", "source": "BDTRE edifc" }, "geometry": { "type": "Polygon", "coordinates": [ [ [ 7.67933, 45.06747 ], [ 7.6795, 45.06742 ], [ 7.67963, 45.06738 ], [ 7.67972, 45.06735 ], [ 7.67996, 45.06727 ], [ 7.68004, 45.06725 ], [ 7.67989, 45.06705 ], [ 7.67963, 45.06714 ], [ 7.6797, 45.06725 ], [ 7.67944, 45.06734 ], [ 7.67935, 45.06723 ], [ 7.6792, 45.06728 ], [ 7.67933, 45.06747 ] ] ] } },
{ "type": "Feature", "properties": { "uuid": "ef0c7c00-bebb-4f07-b85c-fb36a31e9bba", "data_acq": "2019-11-30 00:00:00", "data_agg": "2019-11-30 00:00:00", "data_fin": "9999-12-31 00:00:00", "ente_for": "REGIONE PIEMONTE", "ente_prod": "REGIONE PIEMONTE", "modo_prod": "banche dati esterne - catasto", "sc_acq": "1:2000", "edifc_ty": "generica", "edifc_uso": "commerciale", "edifc_stat": "costruito", "edifc_mon": "0", "edifc_nome": "", "edifc_idag": "", "edifc_ided": "", "source": "BDTRE edifc" }, "geometry": { "type": "Polygon", "coordinates": [ [ [ 7.68018, 45.07154 ], [ 7.68011, 45.07145 ], [ 7.68006, 45.07139 ], [ 7.68008, 45.07135 ], [ 7.68039, 45.07125 ], [ 7.68046, 45.07136 ], [ 7.6804, 45.07138 ], [ 7.6804, 45.07138 ], [ 7.68039, 45.07139 ], [ 7.68039, 45.07138 ], [ 7.68032, 45.07141 ], [ 7.68031, 45.0714 ], [ 7.68028, 45.07141 ], [ 7.68029, 45.07143 ], [ 7.6803, 45.07143 ], [ 7.6803, 45.07144 ], [ 7.6803, 45.07144 ], [ 7.68031, 45.07145 ], [ 7.68038, 45.07142 ], [ 7.6804, 45.07145 ], [ 7.68029, 45.0715 ], [ 7.68018, 45.07154 ] ] ] } },
{ "type": "Feature", "properties": { "uuid": "b4594c31-d659-42b3-9715-b13399df9c51", "data_acq": "2019-11-30 00:00:00", "data_agg": "2019-11-30 00:00:00", "data_fin": "9999-12-31 00:00:00", "ente_for": "REGIONE PIEMONTE", "ente_prod": "REGIONE PIEMONTE", "modo_prod": "banche dati esterne - catasto", "sc_acq": "1:2000", "edifc_ty": "generica", "edifc_uso": "commerciale", "edifc_stat": "costruito", "edifc_mon": "0", "edifc_nome": "", "edifc_idag": "", "edifc_ided": "", "source": "BDTRE edifc" }, "geometry": { "type": "Polygon", "coordinates": [ [ [ 7.69004, 45.07911 ], [ 7.69005, 45.07912 ], [ 7.6901, 45.07914 ], [ 7.69017, 45.07905 ], [ 7.69024, 45.07897 ], [ 7.69027, 45.07899 ], [ 7.69019, 45.07909 ], [ 7.69019, 45.0791 ], [ 7.69014, 45.07915 ], [ 7.69018, 45.07917 ], [ 7.69005, 45.07934 ], [ 7.69007, 45.07935 ], [ 7.69004, 45.07939 ], [ 7.69002, 45.07938 ], [ 7.68989, 45.07955 ], [ 7.69012, 45.07965 ], [ 7.69053, 45.0792 ], [ 7.6907, 45.07927 ], [ 7.69073, 45.07925 ], [ 7.69057, 45.07917 ], [ 7.69059, 45.07915 ], [ 7.69049, 45.0791 ], [ 7.69052, 45.07908 ], [ 7.69043, 45.07904 ], [ 7.69044, 45.07903 ], [ 7.6904, 45.07902 ], [ 7.6904, 45.07901 ], [ 7.69046, 45.07901 ], [ 7.69047, 45.079 ], [ 7.69087, 45.07919 ], [ 7.69076, 45.0793 ], [ 7.69019, 45.07992 ], [ 7.68949, 45.0796 ], [ 7.68991, 45.07906 ], [ 7.69004, 45.07911 ] ] ] } },
{ "type": "Feature", "properties": { "uuid": "cdab879d-1a1d-4a0c-b3e3-b44d6ea6dd63", "data_acq": "2019-11-30 00:00:00", "data_agg": "2019-11-30 00:00:00", "data_fin": "9999-12-31 00:00:00", "ente_for": "REGIONE PIEMONTE", "ente_prod": "REGIONE PIEMONTE", "modo_prod": "banche dati esterne - catasto", "sc_acq": "1:2000", "edifc_ty": "generica", "edifc_uso": "commerciale", "edifc_stat": "costruito", "edifc_mon": "0", "edifc_nome": "", "edifc_idag": "", "edifc_ided": "", "source": "BDTRE edifc" }, "geometry": { "type": "Polygon", "coordinates": [ [ [ 7.68226, 45.08504 ], [ 7.68221, 45.08502 ], [ 7.68214, 45.08491 ], [ 7.68231, 45.08486 ], [ 7.68239, 45.08483 ], [ 7.68246, 45.08492 ], [ 7.68247, 45.08493 ], [ 7.68251, 45.08495 ], [ 7.6825, 45.08496 ], [ 7.68247, 45.08499 ], [ 7.68238, 45.08509 ], [ 7.68226, 45.08504 ] ] ] } },
{ "type": "Feature", "properties": { "uuid": "79e05999-ea9b-47b6-bc83-5f9a1e9122d7", "data_acq": "2019-11-30 00:00:00", "data_agg": "2019-11-30 00:00:00", "data_fin": "9999-12-31 00:00:00", "ente_for": "REGIONE PIEMONTE", "ente_prod": "REGIONE PIEMONTE", "modo_prod": "banche dati esterne - catasto", "sc_acq": "1:2000", "edifc_ty": "generica", "edifc_uso": "commerciale", "edifc_stat": "costruito", "edifc_mon": "0", "edifc_nome": "", "edifc_idag": "", "edifc_ided": "", "source": "BDTRE edifc" }, "geometry": { "type": "Polygon", "coordinates": [ [ [ 7.68124, 45.08387 ], [ 7.68115, 45.08394 ], [ 7.68109, 45.08399 ], [ 7.68116, 45.08403 ], [ 7.68115, 45.08405 ], [ 7.68117, 45.08406 ], [ 7.68112, 45.0841 ], [ 7.68107, 45.08414 ], [ 7.68104, 45.08412 ], [ 7.68096, 45.08406 ], [ 7.68102, 45.08402 ], [ 7.68085, 45.0839 ], [ 7.68092, 45.08388 ], [ 7.6811, 45.08375 ], [ 7.68124, 45.08385 ], [ 7.68124, 45.08387 ] ] ] } },
{ "type": "Feature", "properties": { "uuid": "ba45d58a-af67-419a-bc6e-1a6cba4e0d68", "data_acq": "2019-11-30 00:00:00", "data_agg": "2019-11-30 00:00:00", "data_fin": "9999-12-31 00:00:00", "ente_for": "REGIONE PIEMONTE", "ente_prod": "REGIONE PIEMONTE", "modo_prod": "banche dati esterne - catasto", "sc_acq": "1:2000", "edifc_ty": "generica", "edifc_uso": "commerciale", "edifc_stat": "costruito", "edifc_mon": "0", "edifc_nome": "", "edifc_idag": "", "edifc_ided": "", "source": "BDTRE edifc" }, "geometry": { "type": "Polygon", "coordinates": [ [ [ 7.66601, 45.07664 ], [ 7.66599, 45.07664 ], [ 7.66599, 45.07672 ], [ 7.66601, 45.07672 ], [ 7.66601, 45.0768 ], [ 7.66599, 45.0768 ], [ 7.66599, 45.07687 ], [ 7.6661, 45.07687 ], [ 7.6661, 45.07687 ], [ 7.66618, 45.07687 ], [ 7.6662, 45.07686 ], [ 7.6662, 45.07682 ], [ 7.66621, 45.07682 ], [ 7.66621, 45.07675 ], [ 7.66619, 45.07675 ], [ 7.66619, 45.0767 ], [ 7.66618, 45.07669 ], [ 7.66612, 45.07669 ], [ 7.66612, 45.07669 ], [ 7.66607, 45.07669 ], [ 7.66607, 45.07664 ], [ 7.66603, 45.07664 ], [ 7.66601, 45.07664 ] ] ] } },
{ "type": "Feature", "properties": { "uuid": "ca09b807-5d0d-4cd1-8f9a-18fb743bfb52", "data_acq": "2019-11-30 00:00:00", "data_agg": "2019-11-30 00:00:00", "data_fin": "9999-12-31 00:00:00", "ente_for": "REGIONE PIEMONTE", "ente_prod": "REGIONE PIEMONTE", "modo_prod": "banche dati esterne - catasto", "sc_acq": "1:2000", "edifc_ty": "generica", "edifc_uso": "commerciale", "edifc_stat": "costruito", "edifc_mon": "0", "edifc_nome": "", "edifc_idag": "", "edifc_ided": "", "source": "BDTRE edifc" }, "geometry": { "type": "Polygon", "coordinates": [ [ [ 7.68666, 45.08252 ], [ 7.68679, 45.08248 ], [ 7.68681, 45.0825 ], [ 7.68679, 45.0825 ], [ 7.68681, 45.08253 ], [ 7.68658, 45.08261 ], [ 7.68654, 45.08256 ], [ 7.68666, 45.08252 ] ] ] } },
{ "type": "Feature", "properties": { "uuid": "95b4c274-d3b1-41b2-9709-6f6308567ba5", "data_acq": "2019-11-30 00:00:00", "data_agg": "2019-11-30 00:00:00", "data_fin": "9999-12-31 00:00:00", "ente_for": "REGIONE PIEMONTE", "ente_prod": "REGIONE PIEMONTE", "modo_prod": "banche dati esterne - catasto", "sc_acq": "1:2000", "edifc_ty": "generica", "edifc_uso": "commerciale", "edifc_stat": "costruito", "edifc_mon": "0", "edifc_nome": "", "edifc_idag": "", "edifc_ided": "", "source": "BDTRE edifc" }, "geometry": { "type": "Polygon", "coordinates": [ [ [ 7.67448, 45.08355 ], [ 7.67445, 45.08355 ], [ 7.67442, 45.08355 ], [ 7.67439, 45.08355 ], [ 7.67435, 45.08356 ], [ 7.67433, 45.08356 ], [ 7.67429, 45.08349 ], [ 7.67434, 45.08347 ], [ 7.67437, 45.08352 ], [ 7.67446, 45.08352 ], [ 7.67448, 45.08355 ] ] ] } },
{ "type": "Feature", "properties": { "uuid": "0afb3b00-9923-4c0f-85dc-bf9d639afbf4", "data_acq": "2019-11-30 00:00:00", "data_agg": "2019-11-30 00:00:00", "data_fin": "9999-12-31 00:00:00", "ente_for": "REGIONE PIEMONTE", "ente_prod": "REGIONE PIEMONTE", "modo_prod": "banche dati esterne - catasto", "sc_acq": "1:2000", "edifc_ty": "generica", "edifc_uso": "commerciale", "edifc_stat": "costruito", "edifc_mon": "0", "edifc_nome": "", "edifc_idag": "", "edifc_ided": "", "source": "BDTRE edifc" }, "geometry": { "type": "Polygon", "coordinates": [ [ [ 7.67468, 45.08279 ], [ 7.67483, 45.08274 ], [ 7.67486, 45.08279 ], [ 7.67482, 45.0828 ], [ 7.67482, 45.0828 ], [ 7.67471, 45.08284 ], [ 7.67468, 45.08279 ] ] ] } },
{ "type": "Feature", "properties": { "uuid": "fb62264b-0339-4a8b-98f6-052d5bc4f4fc", "data_acq": "2019-11-30 00:00:00", "data_agg": "2019-11-30 00:00:00", "data_fin": "9999-12-31 00:00:00", "ente_for": "REGIONE PIEMONTE", "ente_prod": "REGIONE PIEMONTE", "modo_prod": "banche dati esterne - catasto", "sc_acq": "1:2000", "edifc_ty": "generica", "edifc_uso": "commerciale", "edifc_stat": "costruito", "edifc_mon": "0", "edifc_nome": "", "edifc_idag": "", "edifc_ided": "", "source": "BDTRE edifc" }, "geometry": { "type": "Polygon", "coordinates": [ [ [ 7.67932, 45.07436 ], [ 7.67936, 45.07435 ], [ 7.67936, 45.07434 ], [ 7.67935, 45.07434 ], [ 7.67935, 45.07433 ], [ 7.67933, 45.07433 ], [ 7.67931, 45.07434 ], [ 7.67932, 45.07436 ] ] ] } },
{ "type": "Feature", "properties": { "uuid": "d86bd98b-ead7-456d-8284-fed46e5fae53", "data_acq": "2019-11-30 00:00:00", "data_agg": "2019-11-30 00:00:00", "data_fin": "9999-12-31 00:00:00", "ente_for": "REGIONE PIEMONTE", "ente_prod": "REGIONE PIEMONTE", "modo_prod": "banche dati esterne - catasto", "sc_acq": "1:2000", "edifc_ty": "generica", "edifc_uso": "commerciale", "edifc_stat": "costruito", "edifc_mon": "0", "edifc_nome": "", "edifc_idag": "", "edifc_ided": "", "source": "BDTRE edifc" }, "geometry": { "type": "Polygon", "coordinates": [ [ [ 7.6669, 45.07223 ], [ 7.66688, 45.0722 ], [ 7.66686, 45.07217 ], [ 7.66683, 45.07212 ], [ 7.66679, 45.07207 ], [ 7.66686, 45.07204 ], [ 7.66705, 45.07231 ], [ 7.66704, 45.07231 ], [ 7.66704, 45.07231 ], [ 7.66703, 45.07231 ], [ 7.66698, 45.07233 ], [ 7.6669, 45.07223 ] ] ] } },
{ "type": "Feature", "properties": { "uuid": "93b5a652-fe3a-49bf-a307-d49969f1ca67", "data_acq": "2019-11-30 00:00:00", "data_agg": "2019-11-30 00:00:00", "data_fin": "9999-12-31 00:00:00", "ente_for": "REGIONE PIEMONTE", "ente_prod": "REGIONE PIEMONTE", "modo_prod": "banche dati esterne - catasto", "sc_acq": "1:2000", "edifc_ty": "generica", "edifc_uso": "commerciale", "edifc_stat": "costruito", "edifc_mon": "0", "edifc_nome": "", "edifc_idag": "", "edifc_ided": "", "source": "BDTRE edifc" }, "geometry": { "type": "Polygon", "coordinates": [ [ [ 7.67164, 45.08225 ], [ 7.67172, 45.08223 ], [ 7.67174, 45.08226 ], [ 7.67175, 45.08226 ], [ 7.67176, 45.08227 ], [ 7.67176, 45.08227 ], [ 7.67165, 45.08231 ], [ 7.67161, 45.08232 ], [ 7.67161, 45.08232 ], [ 7.6716, 45.08232 ], [ 7.6716, 45.08232 ], [ 7.67154, 45.08233 ], [ 7.67152, 45.08229 ], [ 7.67154, 45.08229 ], [ 7.67153, 45.08229 ], [ 7.67158, 45.08227 ], [ 7.67164, 45.08225 ] ] ] } },
{ "type": "Feature", "properties": { "uuid": "2d237e74-1703-44af-80d6-68e16cb5c3b7", "data_acq": "2019-11-30 00:00:00", "data_agg": "2019-11-30 00:00:00", "data_fin": "9999-12-31 00:00:00", "ente_for": "REGIONE PIEMONTE", "ente_prod": "REGIONE PIEMONTE", "modo_prod": "banche dati esterne - catasto", "sc_acq": "1:2000", "edifc_ty": "generica", "edifc_uso": "commerciale", "edifc_stat": "costruito", "edifc_mon": "0", "edifc_nome": "", "edifc_idag": "", "edifc_ided": "", "source": "BDTRE edifc" }, "geometry": { "type": "Polygon", "coordinates": [ [ [ 7.67503, 45.07771 ], [ 7.67486, 45.07747 ], [ 7.67485, 45.07746 ], [ 7.67485, 45.07746 ], [ 7.67482, 45.07742 ], [ 7.67449, 45.07753 ], [ 7.67452, 45.07758 ], [ 7.67452, 45.07758 ], [ 7.67452, 45.07758 ], [ 7.67456, 45.07764 ], [ 7.67468, 45.07759 ], [ 7.67468, 45.07759 ], [ 7.67469, 45.07758 ], [ 7.67469, 45.07758 ], [ 7.6747, 45.07758 ], [ 7.67471, 45.07759 ], [ 7.67474, 45.07759 ], [ 7.67475, 45.07759 ], [ 7.67483, 45.0777 ], [ 7.67483, 45.0777 ], [ 7.67482, 45.07771 ], [ 7.67484, 45.07774 ], [ 7.67484, 45.07774 ], [ 7.67482, 45.07774 ], [ 7.67477, 45.07768 ], [ 7.67468, 45.07772 ], [ 7.67468, 45.07772 ], [ 7.67474, 45.07781 ], [ 7.67475, 45.07781 ], [ 7.67488, 45.07776 ], [ 7.67503, 45.07771 ] ] ] } },
{ "type": "Feature", "properties": { "uuid": "67235c13-e2fe-4206-afbd-7453f4baf31c", "data_acq": "2019-11-30 00:00:00", "data_agg": "2019-11-30 00:00:00", "data_fin": "9999-12-31 00:00:00", "ente_for": "REGIONE PIEMONTE", "ente_prod": "REGIONE PIEMONTE", "modo_prod": "banche dati esterne - catasto", "sc_acq": "1:2000", "edifc_ty": "generica", "edifc_uso": "commerciale", "edifc_stat": "costruito", "edifc_mon": "0", "edifc_nome": "", "edifc_idag": "", "edifc_ided": "", "source": "BDTRE edifc" }, "geometry": { "type": "Polygon", "coordinates": [ [ [ 7.67052, 45.08082 ], [ 7.67031, 45.08089 ], [ 7.67031, 45.08089 ], [ 7.67026, 45.08082 ], [ 7.67026, 45.08082 ], [ 7.67024, 45.08078 ], [ 7.67023, 45.08077 ], [ 7.67023, 45.08077 ], [ 7.67022, 45.08075 ], [ 7.6702, 45.08072 ], [ 7.6702, 45.08072 ], [ 7.67024, 45.0807 ], [ 7.67028, 45.08069 ], [ 7.67029, 45.08069 ], [ 7.6703, 45.08069 ], [ 7.67031, 45.08069 ], [ 7.67032, 45.08069 ], [ 7.67033, 45.08069 ], [ 7.67034, 45.0807 ], [ 7.67037, 45.08074 ], [ 7.67043, 45.08072 ], [ 7.67045, 45.08071 ], [ 7.67046, 45.08071 ], [ 7.67052, 45.08082 ] ] ] } },
{ "type": "Feature", "properties": { "uuid": "efe24d4d-926c-4d94-a918-e4d1d1f146ec", "data_acq": "2019-11-30 00:00:00", "data_agg": "2019-11-30 00:00:00", "data_fin": "9999-12-31 00:00:00", "ente_for": "REGIONE PIEMONTE", "ente_prod": "REGIONE PIEMONTE", "modo_prod": "banche dati esterne - catasto", "sc_acq": "1:2000", "edifc_ty": "generica", "edifc_uso": "commerciale", "edifc_stat": "costruito", "edifc_mon": "0", "edifc_nome": "", "edifc_idag": "", "edifc_ided": "", "source": "BDTRE edifc" }, "geometry": { "type": "Polygon", "coordinates": [ [ [ 7.68768, 45.08279 ], [ 7.68766, 45.08276 ], [ 7.68769, 45.08275 ], [ 7.68769, 45.08276 ], [ 7.6877, 45.08278 ], [ 7.68769, 45.08278 ], [ 7.68768, 45.08279 ], [ 7.68768, 45.08279 ] ] ] } },
{ "type": "Feature", "properties": { "uuid": "7b81cfee-6465-4344-9c06-c45b34919263", "data_acq": "2019-11-30 00:00:00", "data_agg": "2019-11-30 00:00:00", "data_fin": "9999-12-31 00:00:00", "ente_for": "REGIONE PIEMONTE", "ente_prod": "REGIONE PIEMONTE", "modo_prod": "banche dati esterne - catasto", "sc_acq": "1:2000", "edifc_ty": "generica", "edifc_uso": "commerciale", "edifc_stat": "costruito", "edifc_mon": "0", "edifc_nome": "", "edifc_idag": "", "edifc_ided": "", "source": "BDTRE edifc" }, "geometry": { "type": "Polygon", "coordinates": [ [ [ 7.66589, 45.07928 ], [ 7.66589, 45.07928 ], [ 7.66586, 45.0793 ], [ 7.66587, 45.07932 ], [ 7.66589, 45.07935 ], [ 7.66592, 45.07939 ], [ 7.66592, 45.07939 ], [ 7.66596, 45.07938 ], [ 7.66589, 45.07928 ] ] ] } },
{ "type": "Feature", "properties": { "uuid": "dabd120e-68d9-46be-9e6f-f625aea4aee2", "data_acq": "2019-11-30 00:00:00", "data_agg": "2019-11-30 00:00:00", "data_fin": "9999-12-31 00:00:00", "ente_for": "REGIONE PIEMONTE", "ente_prod": "REGIONE PIEMONTE", "modo_prod": "banche dati esterne - catasto", "sc_acq": "1:2000", "edifc_ty": "generica", "edifc_uso": "commerciale", "edifc_stat": "costruito", "edifc_mon": "0", "edifc_nome": "", "edifc_idag": "", "edifc_ided": "", "source": "BDTRE edifc" }, "geometry": { "type": "Polygon", "coordinates": [ [ [ 7.67481, 45.06673 ], [ 7.67479, 45.0667 ], [ 7.67476, 45.06667 ], [ 7.67474, 45.06664 ], [ 7.67476, 45.06663 ], [ 7.6748, 45.06662 ], [ 7.67483, 45.06666 ], [ 7.67486, 45.06671 ], [ 7.67483, 45.06672 ], [ 7.67481, 45.06673 ] ] ] } },
{ "type": "Feature", "properties": { "uuid": "a957e024-f8f0-4fc6-8880-3b4ccc7708be", "data_acq": "2019-11-30 00:00:00", "data_agg": "2019-11-30 00:00:00", "data_fin": "9999-12-31 00:00:00", "ente_for": "REGIONE PIEMONTE", "ente_prod": "REGIONE PIEMONTE", "modo_prod": "banche dati esterne - catasto", "sc_acq": "1:2000", "edifc_ty": "generica", "edifc_uso": "commerciale", "edifc_stat": "costruito", "edifc_mon": "0", "edifc_nome": "", "edifc_idag": "", "edifc_ided": "", "source": "BDTRE edifc" }, "geometry": { "type": "Polygon", "coordinates": [ [ [ 7.67372, 45.07527 ], [ 7.6738, 45.07539 ], [ 7.67381, 45.07539 ], [ 7.67381, 45.07539 ], [ 7.67397, 45.07533 ], [ 7.67398, 45.07534 ], [ 7.67401, 45.07533 ], [ 7.67401, 45.07534 ], [ 7.67403, 45.07533 ], [ 7.67402, 45.07532 ], [ 7.67402, 45.07532 ], [ 7.6741, 45.0753 ], [ 7.6741, 45.0753 ], [ 7.67411, 45.07531 ], [ 7.67411, 45.07531 ], [ 7.67415, 45.07529 ], [ 7.67414, 45.07528 ], [ 7.67429, 45.07522 ], [ 7.67421, 45.0751 ], [ 7.67412, 45.07513 ], [ 7.67404, 45.07516 ], [ 7.67405, 45.07517 ], [ 7.67389, 45.07522 ], [ 7.67388, 45.07521 ], [ 7.6738, 45.07524 ], [ 7.67373, 45.07527 ], [ 7.67372, 45.07527 ], [ 7.67372, 45.07527 ], [ 7.67371, 45.07527 ], [ 7.67372, 45.07527 ] ] ] } },
{ "type": "Feature", "properties": { "uuid": "a3149945-fdd4-4f88-8c71-921f72a61fb6", "data_acq": "2019-11-30 00:00:00", "data_agg": "2019-11-30 00:00:00", "data_fin": "9999-12-31 00:00:00", "ente_for": "REGIONE PIEMONTE", "ente_prod": "REGIONE PIEMONTE", "modo_prod": "banche dati esterne - catasto", "sc_acq": "1:2000", "edifc_ty": "generica", "edifc_uso": "commerciale", "edifc_stat": "costruito", "edifc_mon": "0", "edifc_nome": "", "edifc_idag": "", "edifc_ided": "", "source": "BDTRE edifc" }, "geometry": { "type": "Polygon", "coordinates": [ [ [ 7.69315, 45.07923 ], [ 7.69316, 45.07922 ], [ 7.69315, 45.0792 ], [ 7.69318, 45.07916 ], [ 7.69322, 45.07917 ], [ 7.69326, 45.07912 ], [ 7.69314, 45.07907 ], [ 7.69305, 45.07917 ], [ 7.69304, 45.07918 ], [ 7.69312, 45.07922 ], [ 7.69315, 45.07923 ] ] ] } },
{ "type": "Feature", "properties": { "uuid": "7ba7341c-323c-4067-a75e-bed69a0c990d", "data_acq": "2019-11-30 00:00:00", "data_agg": "2019-11-30 00:00:00", "data_fin": "9999-12-31 00:00:00", "ente_for": "REGIONE PIEMONTE", "ente_prod": "REGIONE PIEMONTE", "modo_prod": "banche dati esterne - catasto", "sc_acq": "1:2000", "edifc_ty": "generica", "edifc_uso": "commerciale", "edifc_stat": "costruito", "edifc_mon": "0", "edifc_nome": "", "edifc_idag": "", "edifc_ided": "", "source": "BDTRE edifc" }, "geometry": { "type": "Polygon", "coordinates": [ [ [ 7.6935, 45.07185 ], [ 7.69344, 45.07191 ], [ 7.69328, 45.07183 ], [ 7.69334, 45.07177 ], [ 7.69341, 45.0718 ], [ 7.6935, 45.07185 ] ] ] } },
{ "type": "Feature", "properties": { "uuid": "fbfcbaea-9d76-47f9-b191-cfbc35a30c09", "data_acq": "2019-11-30 00:00:00", "data_agg": "2019-11-30 00:00:00", "data_fin": "9999-12-31 00:00:00", "ente_for": "REGIONE PIEMONTE", "ente_prod": "REGIONE PIEMONTE", "modo_prod": "banche dati esterne - catasto", "sc_acq": "1:2000", "edifc_ty": "generica", "edifc_uso": "commerciale", "edifc_stat": "costruito", "edifc_mon": "0", "edifc_nome": "", "edifc_idag": "", "edifc_ided": "", "source": "BDTRE edifc" }, "geometry": { "type": "Polygon", "coordinates": [ [ [ 7.67776, 45.08501 ], [ 7.67773, 45.08497 ], [ 7.67771, 45.08493 ], [ 7.67779, 45.0849 ], [ 7.67782, 45.08494 ], [ 7.67778, 45.08496 ], [ 7.67788, 45.08511 ], [ 7.67784, 45.08513 ], [ 7.67776, 45.08501 ] ] ] } },
{ "type": "Feature", "properties": { "uuid": "403048cd-d52d-4dd1-a67d-dc705ac49581", "data_acq": "2019-11-30 00:00:00", "data_agg": "2019-11-30 00:00:00", "data_fin": "9999-12-31 00:00:00", "ente_for": "REGIONE PIEMONTE", "ente_prod": "REGIONE PIEMONTE", "modo_prod": "banche dati esterne - catasto", "sc_acq": "1:2000", "edifc_ty": "generica", "edifc_uso": "commerciale", "edifc_stat": "costruito", "edifc_mon": "0", "edifc_nome": "", "edifc_idag": "", "edifc_ided": "", "source": "BDTRE edifc" }, "geometry": { "type": "Polygon", "coordinates": [ [ [ 7.67728, 45.07283 ], [ 7.67728, 45.07283 ], [ 7.67732, 45.07289 ], [ 7.67732, 45.0729 ], [ 7.67738, 45.07298 ], [ 7.67727, 45.07302 ], [ 7.67724, 45.07303 ], [ 7.67706, 45.0731 ], [ 7.67706, 45.0731 ], [ 7.67699, 45.07302 ], [ 7.67693, 45.07294 ], [ 7.67693, 45.07293 ], [ 7.67696, 45.07291 ], [ 7.67707, 45.07288 ], [ 7.67708, 45.0729 ], [ 7.67712, 45.07289 ], [ 7.67728, 45.07283 ] ] ] } },
{ "type": "Feature", "properties": { "uuid": "5c35cd41-ae41-4a5e-8273-675fbd391e8b", "data_acq": "2019-11-30 00:00:00", "data_agg": "2019-11-30 00:00:00", "data_fin": "9999-12-31 00:00:00", "ente_for": "REGIONE PIEMONTE", "ente_prod": "REGIONE PIEMONTE", "modo_prod": "banche dati esterne - catasto", "sc_acq": "1:2000", "edifc_ty": "generica", "edifc_uso": "commerciale", "edifc_stat": "costruito", "edifc_mon": "0", "edifc_nome": "", "edifc_idag": "", "edifc_ided": "", "source": "BDTRE edifc" }, "geometry": { "type": "Polygon", "coordinates": [ [ [ 7.67514, 45.08271 ], [ 7.67515, 45.08272 ], [ 7.67515, 45.08272 ], [ 7.67518, 45.08271 ], [ 7.67518, 45.08271 ], [ 7.67519, 45.08273 ], [ 7.67519, 45.08273 ], [ 7.67521, 45.08272 ], [ 7.67519, 45.08269 ], [ 7.67514, 45.08271 ] ] ] } },
{ "type": "Feature", "properties": { "uuid": "db36dd60-b14a-49e5-a79b-86d935bed230", "data_acq": "2019-11-30 00:00:00", "data_agg": "2019-11-30 00:00:00", "data_fin": "9999-12-31 00:00:00", "ente_for": "REGIONE PIEMONTE", "ente_prod": "REGIONE PIEMONTE", "modo_prod": "banche dati esterne - catasto", "sc_acq": "1:2000", "edifc_ty": "generica", "edifc_uso": "commerciale", "edifc_stat": "costruito", "edifc_mon": "0", "edifc_nome": "", "edifc_idag": "", "edifc_ided": "", "source": "BDTRE edifc" }, "geometry": { "type": "Polygon", "coordinates": [ [ [ 7.67139, 45.07473 ], [ 7.67146, 45.07483 ], [ 7.67175, 45.07473 ], [ 7.6717, 45.07465 ], [ 7.67169, 45.07465 ], [ 7.67169, 45.07464 ], [ 7.67168, 45.07464 ], [ 7.6716, 45.07452 ], [ 7.67146, 45.07457 ], [ 7.67146, 45.07457 ], [ 7.67146, 45.07458 ], [ 7.67147, 45.07457 ], [ 7.67148, 45.07459 ], [ 7.67148, 45.07459 ], [ 7.67152, 45.07465 ], [ 7.67153, 45.07465 ], [ 7.67155, 45.07467 ], [ 7.67157, 45.07466 ], [ 7.67158, 45.07469 ], [ 7.67152, 45.07471 ], [ 7.67151, 45.0747 ], [ 7.6714, 45.07473 ], [ 7.6714, 45.07473 ], [ 7.67139, 45.07473 ] ] ] } },
{ "type": "Feature", "properties": { "uuid": "642c690f-d001-435f-8f21-8685edba7583", "data_acq": "2019-11-30 00:00:00", "data_agg": "2019-11-30 00:00:00", "data_fin": "9999-12-31 00:00:00", "ente_for": "REGIONE PIEMONTE", "ente_prod": "REGIONE PIEMONTE", "modo_prod": "banche dati esterne - catasto", "sc_acq": "1:2000", "edifc_ty": "generica", "edifc_uso": "commerciale", "edifc_stat": "costruito", "edifc_mon": "0", "edifc_nome": "", "edifc_idag": "", "edifc_ided": "", "source": "BDTRE edifc" }, "geometry": { "type": "Polygon", "coordinates": [ [ [ 7.67472, 45.06668 ], [ 7.67472, 45.06668 ], [ 7.67474, 45.0667 ], [ 7.67468, 45.06672 ], [ 7.67467, 45.0667 ], [ 7.67472, 45.06668 ] ] ] } },
{ "type": "Feature", "properties": { "uuid": "d7f93f84-8b28-4bd0-9478-cf771fdbd803", "data_acq": "2019-11-30 00:00:00", "data_agg": "2019-11-30 00:00:00", "data_fin": "9999-12-31 00:00:00", "ente_for": "REGIONE PIEMONTE", "ente_prod": "REGIONE PIEMONTE", "modo_prod": "banche dati esterne - catasto", "sc_acq": "1:2000", "edifc_ty": "generica", "edifc_uso": "commerciale", "edifc_stat": "costruito", "edifc_mon": "0", "edifc_nome": "", "edifc_idag": "", "edifc_ided": "", "source": "BDTRE edifc" }, "geometry": { "type": "Polygon", "coordinates": [ [ [ 7.66721, 45.0667 ], [ 7.66716, 45.06662 ], [ 7.66715, 45.06662 ], [ 7.66712, 45.06657 ], [ 7.66712, 45.06657 ], [ 7.66707, 45.06649 ], [ 7.66694, 45.06654 ], [ 7.66697, 45.06659 ], [ 7.66696, 45.0666 ], [ 7.66699, 45.06665 ], [ 7.66687, 45.06669 ], [ 7.66694, 45.0668 ], [ 7.66702, 45.06677 ], [ 7.66721, 45.0667 ] ] ] } },
{ "type": "Feature", "properties": { "uuid": "7e932d10-bd6c-49b9-b896-b539f73ec98b", "data_acq": "2019-11-30 00:00:00", "data_agg": "2019-11-30 00:00:00", "data_fin": "9999-12-31 00:00:00", "ente_for": "REGIONE PIEMONTE", "ente_prod": "REGIONE PIEMONTE", "modo_prod": "banche dati esterne - catasto", "sc_acq": "1:2000", "edifc_ty": "generica", "edifc_uso": "commerciale", "edifc_stat": "costruito", "edifc_mon": "0", "edifc_nome": "", "edifc_idag": "", "edifc_ided": "", "source": "BDTRE edifc" }, "geometry": { "type": "Polygon", "coordinates": [ [ [ 7.67773, 45.08497 ], [ 7.67769, 45.08498 ], [ 7.67766, 45.08494 ], [ 7.67771, 45.08493 ], [ 7.67773, 45.08497 ] ] ] } },
{ "type": "Feature", "properties": { "uuid": "b5377eb6-72ca-427e-af09-4da6e73778ac", "data_acq": "2019-11-30 00:00:00", "data_agg": "2019-11-30 00:00:00", "data_fin": "9999-12-31 00:00:00", "ente_for": "REGIONE PIEMONTE", "ente_prod": "REGIONE PIEMONTE", "modo_prod": "banche dati esterne - catasto", "sc_acq": "1:2000", "edifc_ty": "generica", "edifc_uso": "commerciale", "edifc_stat": "costruito", "edifc_mon": "0", "edifc_nome": "", "edifc_idag": "", "edifc_ided": "", "source": "BDTRE edifc" }, "geometry": { "type": "Polygon", "coordinates": [ [ [ 7.68406, 45.07438 ], [ 7.68406, 45.07438 ], [ 7.68392, 45.07443 ], [ 7.68392, 45.07444 ], [ 7.68392, 45.07444 ], [ 7.68385, 45.07446 ], [ 7.68385, 45.07447 ], [ 7.68383, 45.07448 ], [ 7.68381, 45.07448 ], [ 7.68381, 45.07449 ], [ 7.68378, 45.0745 ], [ 7.68378, 45.0745 ], [ 7.68372, 45.07444 ], [ 7.68367, 45.07438 ], [ 7.68377, 45.07433 ], [ 7.68388, 45.07429 ], [ 7.68394, 45.07427 ], [ 7.68401, 45.07425 ], [ 7.6841, 45.07437 ], [ 7.68409, 45.07437 ], [ 7.68409, 45.07437 ], [ 7.68409, 45.07437 ], [ 7.68409, 45.07437 ], [ 7.68407, 45.07437 ], [ 7.68406, 45.07438 ] ], [ [ 7.68382, 45.07435 ], [ 7.68381, 45.07435 ], [ 7.68386, 45.07441 ], [ 7.68393, 45.07438 ], [ 7.68389, 45.07432 ], [ 7.68382, 45.07435 ] ] ] } },
{ "type": "Feature", "properties": { "uuid": "178987b7-ab91-4b9a-b67d-809e610eba5e", "data_acq": "2019-11-30 00:00:00", "data_agg": "2019-11-30 00:00:00", "data_fin": "9999-12-31 00:00:00", "ente_for": "REGIONE PIEMONTE", "ente_prod": "REGIONE PIEMONTE", "modo_prod": "banche dati esterne - catasto", "sc_acq": "1:2000", "edifc_ty": "generica", "edifc_uso": "commerciale", "edifc_stat": "costruito", "edifc_mon": "0", "edifc_nome": "", "edifc_idag": "", "edifc_ided": "", "source": "BDTRE edifc" }, "geometry": { "type": "Polygon", "coordinates": [ [ [ 7.66617, 45.07667 ], [ 7.6662, 45.07667 ], [ 7.6662, 45.07665 ], [ 7.66618, 45.07665 ], [ 7.66617, 45.07665 ], [ 7.66617, 45.07667 ] ] ] } },
{ "type": "Feature", "properties": { "uuid": "42c5952d-5780-4d77-b421-a3402f5c827c", "data_acq": "2019-11-30 00:00:00", "data_agg": "2019-11-30 00:00:00", "data_fin": "9999-12-31 00:00:00", "ente_for": "REGIONE PIEMONTE", "ente_prod": "REGIONE PIEMONTE", "modo_prod": "banche dati esterne - catasto", "sc_acq": "1:2000", "edifc_ty": "generica", "edifc_uso": "commerciale", "edifc_stat": "costruito", "edifc_mon": "0", "edifc_nome": "", "edifc_idag": "", "edifc_ided": "", "source": "BDTRE edifc" }, "geometry": { "type": "Polygon", "coordinates": [ [ [ 7.6748, 45.0827 ], [ 7.67478, 45.08267 ], [ 7.67476, 45.08263 ], [ 7.67477, 45.08263 ], [ 7.67478, 45.08264 ], [ 7.67483, 45.08262 ], [ 7.67486, 45.08266 ], [ 7.67495, 45.08263 ], [ 7.67498, 45.08269 ], [ 7.67498, 45.08269 ], [ 7.67483, 45.08274 ], [ 7.6748, 45.0827 ] ] ] } },
{ "type": "Feature", "properties": { "uuid": "068874d9-de22-49eb-836e-aca528d6d58c", "data_acq": "2019-11-30 00:00:00", "data_agg": "2019-11-30 00:00:00", "data_fin": "9999-12-31 00:00:00", "ente_for": "REGIONE PIEMONTE", "ente_prod": "REGIONE PIEMONTE", "modo_prod": "banche dati esterne - catasto", "sc_acq": "1:2000", "edifc_ty": "generica", "edifc_uso": "commerciale", "edifc_stat": "costruito", "edifc_mon": "0", "edifc_nome": "", "edifc_idag": "", "edifc_ided": "", "source": "BDTRE edifc" }, "geometry": { "type": "Polygon", "coordinates": [ [ [ 7.69163, 45.08103 ], [ 7.69165, 45.08103 ], [ 7.69162, 45.08106 ], [ 7.69164, 45.08108 ], [ 7.69174, 45.08112 ], [ 7.69179, 45.08114 ], [ 7.6917, 45.08124 ], [ 7.69164, 45.08121 ], [ 7.69152, 45.08123 ], [ 7.69152, 45.08123 ], [ 7.69152, 45.08123 ], [ 7.69149, 45.08123 ], [ 7.69149, 45.08123 ], [ 7.69142, 45.0812 ], [ 7.69156, 45.08105 ], [ 7.69159, 45.08101 ], [ 7.69163, 45.08103 ] ] ] } },
{ "type": "Feature", "properties": { "uuid": "b23bce7b-4799-4c88-9080-72c4057ff097", "data_acq": "2019-11-30 00:00:00", "data_agg": "2019-11-30 00:00:00", "data_fin": "9999-12-31 00:00:00", "ente_for": "REGIONE PIEMONTE", "ente_prod": "REGIONE PIEMONTE", "modo_prod": "banche dati esterne - catasto", "sc_acq": "1:2000", "edifc_ty": "generica", "edifc_uso": "commerciale", "edifc_stat": "costruito", "edifc_mon": "0", "edifc_nome": "", "edifc_idag": "", "edifc_ided": "", "source": "BDTRE edifc" }, "geometry": { "type": "Polygon", "coordinates": [ [ [ 7.67689, 45.08273 ], [ 7.67683, 45.08263 ], [ 7.67682, 45.08262 ], [ 7.67677, 45.08264 ], [ 7.67677, 45.08268 ], [ 7.67683, 45.08277 ], [ 7.67675, 45.0828 ], [ 7.67663, 45.08269 ], [ 7.67656, 45.08271 ], [ 7.67673, 45.08288 ], [ 7.67694, 45.08281 ], [ 7.67691, 45.08276 ], [ 7.67689, 45.08273 ] ] ] } },
{ "type": "Feature", "properties": { "uuid": "768a126b-985f-4d60-a398-d447e4d05fb9", "data_acq": "2019-11-30 00:00:00", "data_agg": "2019-11-30 00:00:00", "data_fin": "9999-12-31 00:00:00", "ente_for": "REGIONE PIEMONTE", "ente_prod": "REGIONE PIEMONTE", "modo_prod": "banche dati esterne - catasto", "sc_acq": "1:2000", "edifc_ty": "generica", "edifc_uso": "residenziale e commerciale", "edifc_stat": "costruito", "edifc_mon": "0", "edifc_nome": "", "edifc_idag": "", "edifc_ided": "", "source": "BDTRE edifc" }, "geometry": { "type": "Polygon", "coordinates": [ [ [ 7.68128, 45.07201 ], [ 7.68125, 45.07198 ], [ 7.68121, 45.07194 ], [ 7.6812, 45.07193 ], [ 7.6812, 45.07193 ], [ 7.68106, 45.07197 ], [ 7.68106, 45.07197 ], [ 7.68101, 45.07199 ], [ 7.68101, 45.07199 ], [ 7.68094, 45.07202 ], [ 7.68096, 45.07205 ], [ 7.68109, 45.07201 ], [ 7.68111, 45.07204 ], [ 7.68111, 45.07204 ], [ 7.68112, 45.07205 ], [ 7.68106, 45.07207 ], [ 7.68099, 45.07209 ], [ 7.68096, 45.0721 ], [ 7.68097, 45.07212 ], [ 7.681, 45.07217 ], [ 7.68111, 45.07213 ], [ 7.68122, 45.0721 ], [ 7.68122, 45.07209 ], [ 7.68122, 45.0721 ], [ 7.68123, 45.0721 ], [ 7.68124, 45.07211 ], [ 7.68127, 45.0721 ], [ 7.68128, 45.0721 ], [ 7.6813, 45.07213 ], [ 7.68137, 45.0721 ], [ 7.68134, 45.07206 ], [ 7.68132, 45.07206 ], [ 7.68131, 45.07206 ], [ 7.68128, 45.07201 ] ] ] } },
{ "type": "Feature", "properties": { "uuid": "a4fccf46-ab8e-4993-bff1-5a9ee76d9cf6", "data_acq": "2019-11-30 00:00:00", "data_agg": "2019-11-30 00:00:00", "data_fin": "9999-12-31 00:00:00", "ente_for": "REGIONE PIEMONTE", "ente_prod": "REGIONE PIEMONTE", "modo_prod": "banche dati esterne - catasto", "sc_acq": "1:2000", "edifc_ty": "generica", "edifc_uso": "residenziale e produttivo", "edifc_stat": "costruito", "edifc_mon": "0", "edifc_nome": "", "edifc_idag": "", "edifc_ided": "", "source": "BDTRE edifc" }, "geometry": { "type": "Polygon", "coordinates": [ [ [ 7.67411, 45.08224 ], [ 7.67406, 45.08216 ], [ 7.67394, 45.08199 ], [ 7.67396, 45.08198 ], [ 7.67399, 45.08198 ], [ 7.67411, 45.08194 ], [ 7.67417, 45.08202 ], [ 7.67419, 45.08205 ], [ 7.67417, 45.08206 ], [ 7.67417, 45.08206 ], [ 7.67415, 45.08203 ], [ 7.67415, 45.08203 ], [ 7.67409, 45.08205 ], [ 7.67415, 45.08215 ], [ 7.67424, 45.08213 ], [ 7.67428, 45.08219 ], [ 7.67422, 45.08221 ], [ 7.67411, 45.08224 ] ] ] } },
{ "type": "Feature", "properties": { "uuid": "a521a9fe-96a8-4c58-9086-13f8a78e0124", "data_acq": "2019-11-30 00:00:00", "data_agg": "2019-11-30 00:00:00", "data_fin": "9999-12-31 00:00:00", "ente_for": "REGIONE PIEMONTE", "ente_prod": "REGIONE PIEMONTE", "modo_prod": "banche dati esterne - catasto", "sc_acq": "1:2000", "edifc_ty": "generica", "edifc_uso": "residenziale e commerciale", "edifc_stat": "costruito", "edifc_mon": "0", "edifc_nome": "", "edifc_idag": "", "edifc_ided": "", "source": "BDTRE edifc" }, "geometry": { "type": "Polygon", "coordinates": [ [ [ 7.67238, 45.06665 ], [ 7.67236, 45.06662 ], [ 7.67243, 45.06659 ], [ 7.67243, 45.06659 ], [ 7.67251, 45.06671 ], [ 7.67263, 45.06667 ], [ 7.67255, 45.06655 ], [ 7.67262, 45.06652 ], [ 7.67278, 45.06675 ], [ 7.67278, 45.06675 ], [ 7.67251, 45.06685 ], [ 7.67238, 45.06665 ] ] ] } },
{ "type": "Feature", "properties": { "uuid": "10b0b0e6-c145-45bb-8858-73da90613d51", "data_acq": "2019-11-30 00:00:00", "data_agg": "2019-11-30 00:00:00", "data_fin": "9999-12-31 00:00:00", "ente_for": "REGIONE PIEMONTE", "ente_prod": "REGIONE PIEMONTE", "modo_prod": "banche dati esterne - catasto", "sc_acq": "1:2000", "edifc_ty": "generica", "edifc_uso": "residenziale e commerciale", "edifc_stat": "costruito", "edifc_mon": "0", "edifc_nome": "", "edifc_idag": "", "edifc_ided": "", "source": "BDTRE edifc" }, "geometry": { "type": "Polygon", "coordinates": [ [ [ 7.67884, 45.07084 ], [ 7.67884, 45.07084 ], [ 7.67857, 45.07094 ], [ 7.67857, 45.07094 ], [ 7.67855, 45.07093 ], [ 7.67852, 45.07093 ], [ 7.6785, 45.07089 ], [ 7.67849, 45.07088 ], [ 7.67847, 45.07084 ], [ 7.67846, 45.07084 ], [ 7.67846, 45.07084 ], [ 7.67844, 45.0708 ], [ 7.67841, 45.07077 ], [ 7.67853, 45.07073 ], [ 7.67856, 45.07072 ], [ 7.6786, 45.07078 ], [ 7.67863, 45.07078 ], [ 7.67869, 45.07076 ], [ 7.67877, 45.07073 ], [ 7.67884, 45.07084 ] ] ] } },
{ "type": "Feature", "properties": { "uuid": "e2e08dbe-78e1-4b1d-a4cd-3ff9b908e934", "data_acq": "2019-11-30 00:00:00", "data_agg": "2019-11-30 00:00:00", "data_fin": "9999-12-31 00:00:00", "ente_for": "REGIONE PIEMONTE", "ente_prod": "REGIONE PIEMONTE", "modo_prod": "banche dati esterne - catasto", "sc_acq": "1:2000", "edifc_ty": "generica", "edifc_uso": "residenziale e commerciale", "edifc_stat": "costruito", "edifc_mon": "0", "edifc_nome": "", "edifc_idag": "", "edifc_ided": "", "source": "BDTRE edifc" }, "geometry": { "type": "Polygon", "coordinates": [ [ [ 7.66931, 45.07344 ], [ 7.66928, 45.07345 ], [ 7.66925, 45.07346 ], [ 7.6693, 45.07354 ], [ 7.66922, 45.07357 ], [ 7.66922, 45.07357 ], [ 7.66922, 45.07357 ], [ 7.66922, 45.07357 ], [ 7.66918, 45.07358 ], [ 7.66919, 45.07358 ], [ 7.66915, 45.0736 ], [ 7.66915, 45.0736 ], [ 7.66914, 45.0736 ], [ 7.66914, 45.0736 ], [ 7.66911, 45.07361 ], [ 7.66911, 45.07361 ], [ 7.66908, 45.07362 ], [ 7.66903, 45.07364 ], [ 7.66894, 45.0735 ], [ 7.66927, 45.07338 ], [ 7.66927, 45.07338 ], [ 7.66931, 45.07344 ] ] ] } },
{ "type": "Feature", "properties": { "uuid": "d4155642-d2c2-4467-9b56-c255d50d86ee", "data_acq": "2019-11-30 00:00:00", "data_agg": "2019-11-30 00:00:00", "data_fin": "9999-12-31 00:00:00", "ente_for": "REGIONE PIEMONTE", "ente_prod": "REGIONE PIEMONTE", "modo_prod": "banche dati esterne - catasto", "sc_acq": "1:2000", "edifc_ty": "generica", "edifc_uso": "residenziale e commerciale", "edifc_stat": "costruito", "edifc_mon": "0", "edifc_nome": "", "edifc_idag": "", "edifc_ided": "", "source": "BDTRE edifc" }, "geometry": { "type": "Polygon", "coordinates": [ [ [ 7.67818, 45.06484 ], [ 7.67799, 45.06491 ], [ 7.67799, 45.06491 ], [ 7.678, 45.06491 ], [ 7.67802, 45.06493 ], [ 7.67804, 45.06493 ], [ 7.67806, 45.06495 ], [ 7.67806, 45.06495 ], [ 7.67802, 45.06497 ], [ 7.67802, 45.06496 ], [ 7.678, 45.06496 ], [ 7.678, 45.06496 ], [ 7.67791, 45.06499 ], [ 7.678, 45.06511 ], [ 7.67831, 45.06499 ], [ 7.67823, 45.06488 ], [ 7.67822, 45.06489 ], [ 7.67818, 45.06484 ] ] ] } },
{ "type": "Feature", "properties": { "uuid": "f72a134c-0a12-482d-9f5c-fa63cf9babe6", "data_acq": "2019-11-30 00:00:00", "data_agg": "2019-11-30 00:00:00", "data_fin": "9999-12-31 00:00:00", "ente_for": "REGIONE PIEMONTE", "ente_prod": "REGIONE PIEMONTE", "modo_prod": "banche dati esterne - catasto", "sc_acq": "1:2000", "edifc_ty": "generica", "edifc_uso": "residenziale e commerciale", "edifc_stat": "costruito", "edifc_mon": "0", "edifc_nome": "", "edifc_idag": "", "edifc_ided": "", "source": "BDTRE edifc" }, "geometry": { "type": "Polygon", "coordinates": [ [ [ 7.67889, 45.08405 ], [ 7.67899, 45.0842 ], [ 7.67886, 45.08425 ], [ 7.67885, 45.08425 ], [ 7.67882, 45.0842 ], [ 7.67881, 45.0842 ], [ 7.6788, 45.08419 ], [ 7.67881, 45.08418 ], [ 7.67875, 45.0841 ], [ 7.67889, 45.08405 ] ] ] } },
{ "type": "Feature", "properties": { "uuid": "544d8ab0-ddce-4145-a9f3-b5f4206fd836", "data_acq": "2019-11-30 00:00:00", "data_agg": "2019-11-30 00:00:00", "data_fin": "9999-12-31 00:00:00", "ente_for": "REGIONE PIEMONTE", "ente_prod": "REGIONE PIEMONTE", "modo_prod": "banche dati esterne - catasto", "sc_acq": "1:2000", "edifc_ty": "generica", "edifc_uso": "residenziale e commerciale", "edifc_stat": "costruito", "edifc_mon": "0", "edifc_nome": "", "edifc_idag": "", "edifc_ided": "", "source": "BDTRE edifc" }, "geometry": { "type": "Polygon", "coordinates": [ [ [ 7.68681, 45.07734 ], [ 7.68676, 45.07735 ], [ 7.68674, 45.0773 ], [ 7.68669, 45.07719 ], [ 7.68676, 45.07717 ], [ 7.68679, 45.07722 ], [ 7.68677, 45.07722 ], [ 7.68683, 45.07733 ], [ 7.68681, 45.07734 ] ] ] } },
{ "type": "Feature", "properties": { "uuid": "39f27070-06ce-4787-a541-ee533a63b52e", "data_acq": "2019-11-30 00:00:00", "data_agg": "2019-11-30 00:00:00", "data_fin": "9999-12-31 00:00:00", "ente_for": "REGIONE PIEMONTE", "ente_prod": "REGIONE PIEMONTE", "modo_prod": "banche dati esterne - catasto", "sc_acq": "1:2000", "edifc_ty": "generica", "edifc_uso": "residenziale e commerciale", "edifc_stat": "costruito", "edifc_mon": "0", "edifc_nome": "", "edifc_idag": "", "edifc_ided": "", "source": "BDTRE edifc" }, "geometry": { "type": "Polygon", "coordinates": [ [ [ 7.66923, 45.07503 ], [ 7.66924, 45.07505 ], [ 7.66921, 45.07506 ], [ 7.66917, 45.07507 ], [ 7.66917, 45.07506 ], [ 7.66916, 45.07506 ], [ 7.66916, 45.07506 ], [ 7.66914, 45.07503 ], [ 7.66913, 45.07501 ], [ 7.66895, 45.07475 ], [ 7.66893, 45.07472 ], [ 7.66917, 45.07464 ], [ 7.66925, 45.07461 ], [ 7.6693, 45.07467 ], [ 7.66927, 45.07469 ], [ 7.66927, 45.07469 ], [ 7.66926, 45.07467 ], [ 7.66926, 45.07467 ], [ 7.66916, 45.0747 ], [ 7.66921, 45.07477 ], [ 7.66917, 45.07478 ], [ 7.66923, 45.07487 ], [ 7.66925, 45.07487 ], [ 7.66925, 45.07488 ], [ 7.66941, 45.07482 ], [ 7.66947, 45.07491 ], [ 7.66947, 45.07491 ], [ 7.6694, 45.07494 ], [ 7.66933, 45.07496 ], [ 7.66922, 45.075 ], [ 7.66923, 45.07503 ] ] ] } },
{ "type": "Feature", "properties": { "uuid": "e2668bf4-28c4-453e-a85c-00761c03b666", "data_acq": "2019-11-30 00:00:00", "data_agg": "2019-11-30 00:00:00", "data_fin": "9999-12-31 00:00:00", "ente_for": "REGIONE PIEMONTE", "ente_prod": "REGIONE PIEMONTE", "modo_prod": "banche dati esterne - catasto", "sc_acq": "1:2000", "edifc_ty": "generica", "edifc_uso": "residenziale e commerciale", "edifc_stat": "costruito", "edifc_mon": "0", "edifc_nome": "", "edifc_idag": "", "edifc_ided": "", "source": "BDTRE edifc" }, "geometry": { "type": "Polygon", "coordinates": [ [ [ 7.68261, 45.07073 ], [ 7.68275, 45.07074 ], [ 7.68283, 45.07075 ], [ 7.68285, 45.07075 ], [ 7.68287, 45.07078 ], [ 7.68294, 45.07088 ], [ 7.68294, 45.07088 ], [ 7.68293, 45.07088 ], [ 7.68281, 45.07093 ], [ 7.68281, 45.07094 ], [ 7.68272, 45.07097 ], [ 7.68273, 45.07098 ], [ 7.68269, 45.07099 ], [ 7.68266, 45.071 ], [ 7.68266, 45.071 ], [ 7.68256, 45.07104 ], [ 7.68256, 45.07104 ], [ 7.68257, 45.07103 ], [ 7.68255, 45.071 ], [ 7.68254, 45.071 ], [ 7.68253, 45.071 ], [ 7.68251, 45.07097 ], [ 7.68255, 45.07098 ], [ 7.68272, 45.07091 ], [ 7.68273, 45.07089 ], [ 7.68272, 45.07088 ], [ 7.68272, 45.07086 ], [ 7.6827, 45.07086 ], [ 7.68267, 45.07086 ], [ 7.68267, 45.07087 ], [ 7.68266, 45.07088 ], [ 7.68253, 45.07087 ], [ 7.68253, 45.07085 ], [ 7.68254, 45.07078 ], [ 7.6825, 45.07077 ], [ 7.68251, 45.07072 ], [ 7.68261, 45.07073 ] ] ] } },
{ "type": "Feature", "properties": { "uuid": "d1e994f7-3c00-4519-817e-f8c8f1f6b5d6", "data_acq": "2019-11-30 00:00:00", "data_agg": "2019-11-30 00:00:00", "data_fin": "9999-12-31 00:00:00", "ente_for": "REGIONE PIEMONTE", "ente_prod": "REGIONE PIEMONTE", "modo_prod": "banche dati esterne - catasto", "sc_acq": "1:2000", "edifc_ty": "generica", "edifc_uso": "residenziale e commerciale", "edifc_stat": "costruito", "edifc_mon": "0", "edifc_nome": "", "edifc_idag": "", "edifc_ided": "", "source": "BDTRE edifc" }, "geometry": { "type": "Polygon", "coordinates": [ [ [ 7.67586, 45.08352 ], [ 7.67611, 45.08343 ], [ 7.67611, 45.08343 ], [ 7.67613, 45.08342 ], [ 7.67619, 45.08352 ], [ 7.67592, 45.08361 ], [ 7.67586, 45.08352 ] ] ] } },
{ "type": "Feature", "properties": { "uuid": "799cc1af-cd29-4381-a340-2e64de53f745", "data_acq": "2019-11-30 00:00:00", "data_agg": "2019-11-30 00:00:00", "data_fin": "9999-12-31 00:00:00", "ente_for": "REGIONE PIEMONTE", "ente_prod": "REGIONE PIEMONTE", "modo_prod": "banche dati esterne - catasto", "sc_acq": "1:2000", "edifc_ty": "generica", "edifc_uso": "residenziale e commerciale", "edifc_stat": "costruito", "edifc_mon": "0", "edifc_nome": "", "edifc_idag": "", "edifc_ided": "", "source": "BDTRE edifc" }, "geometry": { "type": "Polygon", "coordinates": [ [ [ 7.66654, 45.07545 ], [ 7.66647, 45.07534 ], [ 7.66645, 45.07532 ], [ 7.66674, 45.07522 ], [ 7.66681, 45.07532 ], [ 7.66667, 45.07537 ], [ 7.6667, 45.07541 ], [ 7.66664, 45.07543 ], [ 7.66663, 45.07541 ], [ 7.66654, 45.07545 ] ] ] } },
{ "type": "Feature", "properties": { "uuid": "996685fc-b552-470a-8490-d732044a1a67", "data_acq": "2019-11-30 00:00:00", "data_agg": "2019-11-30 00:00:00", "data_fin": "9999-12-31 00:00:00", "ente_for": "REGIONE PIEMONTE", "ente_prod": "REGIONE PIEMONTE", "modo_prod": "banche dati esterne - catasto", "sc_acq": "1:2000", "edifc_ty": "generica", "edifc_uso": "residenziale e commerciale", "edifc_stat": "costruito", "edifc_mon": "0", "edifc_nome": "", "edifc_idag": "", "edifc_ided": "", "source": "BDTRE edifc" }, "geometry": { "type": "Polygon", "coordinates": [ [ [ 7.67981, 45.06947 ], [ 7.6797, 45.06951 ], [ 7.67963, 45.06943 ], [ 7.67964, 45.06943 ], [ 7.67963, 45.06942 ], [ 7.67947, 45.06948 ], [ 7.67953, 45.06957 ], [ 7.67942, 45.06961 ], [ 7.67933, 45.06949 ], [ 7.67933, 45.0695 ], [ 7.67927, 45.06942 ], [ 7.67945, 45.06936 ], [ 7.67945, 45.06935 ], [ 7.67945, 45.06936 ], [ 7.67955, 45.06933 ], [ 7.6796, 45.0693 ], [ 7.67968, 45.06941 ], [ 7.67975, 45.06938 ], [ 7.67977, 45.06942 ], [ 7.67981, 45.06947 ] ] ] } },
{ "type": "Feature", "properties": { "uuid": "4e082a23-e335-47c9-8098-3a616c311736", "data_acq": "2019-11-30 00:00:00", "data_agg": "2019-11-30 00:00:00", "data_fin": "9999-12-31 00:00:00", "ente_for": "REGIONE PIEMONTE", "ente_prod": "REGIONE PIEMONTE", "modo_prod": "banche dati esterne - catasto", "sc_acq": "1:2000", "edifc_ty": "generica", "edifc_uso": "residenziale e commerciale", "edifc_stat": "costruito", "edifc_mon": "0", "edifc_nome": "", "edifc_idag": "", "edifc_ided": "", "source": "BDTRE edifc" }, "geometry": { "type": "Polygon", "coordinates": [ [ [ 7.68403, 45.07956 ], [ 7.68398, 45.07945 ], [ 7.68412, 45.0794 ], [ 7.68412, 45.0794 ], [ 7.68419, 45.0795 ], [ 7.68409, 45.07953 ], [ 7.68409, 45.07954 ], [ 7.68403, 45.07956 ] ] ] } },
{ "type": "Feature", "properties": { "uuid": "ce267441-1379-4ddd-ae5c-603a75822a45", "data_acq": "2019-11-30 00:00:00", "data_agg": "2019-11-30 00:00:00", "data_fin": "9999-12-31 00:00:00", "ente_for": "REGIONE PIEMONTE", "ente_prod": "REGIONE PIEMONTE", "modo_prod": "banche dati esterne - catasto", "sc_acq": "1:2000", "edifc_ty": "generica", "edifc_uso": "residenziale e commerciale", "edifc_stat": "costruito", "edifc_mon": "0", "edifc_nome": "", "edifc_idag": "", "edifc_ided": "", "source": "BDTRE edifc" }, "geometry": { "type": "Polygon", "coordinates": [ [ [ 7.69463, 45.06931 ], [ 7.69445, 45.06949 ], [ 7.69433, 45.06944 ], [ 7.69432, 45.06943 ], [ 7.69435, 45.0694 ], [ 7.69432, 45.06939 ], [ 7.69432, 45.06938 ], [ 7.69433, 45.06939 ], [ 7.69435, 45.06937 ], [ 7.69434, 45.06937 ], [ 7.69437, 45.06933 ], [ 7.6944, 45.06935 ], [ 7.69447, 45.06927 ], [ 7.69445, 45.06925 ], [ 7.69448, 45.06922 ], [ 7.69449, 45.06922 ], [ 7.69451, 45.0692 ], [ 7.69454, 45.06921 ], [ 7.69459, 45.06915 ], [ 7.69455, 45.0691 ], [ 7.6947, 45.06904 ], [ 7.69478, 45.06916 ], [ 7.69463, 45.06931 ] ] ] } },
{ "type": "Feature", "properties": { "uuid": "30ebf3bc-2bc5-498c-9498-67d86f818908", "data_acq": "2019-11-30 00:00:00", "data_agg": "2019-11-30 00:00:00", "data_fin": "9999-12-31 00:00:00", "ente_for": "REGIONE PIEMONTE", "ente_prod": "REGIONE PIEMONTE", "modo_prod": "banche dati esterne - catasto", "sc_acq": "1:2000", "edifc_ty": "generica", "edifc_uso": "residenziale e commerciale", "edifc_stat": "costruito", "edifc_mon": "0", "edifc_nome": "", "edifc_idag": "", "edifc_ided": "", "source": "BDTRE edifc" }, "geometry": { "type": "Polygon", "coordinates": [ [ [ 7.69229, 45.07245 ], [ 7.69237, 45.07236 ], [ 7.69253, 45.0722 ], [ 7.69269, 45.07228 ], [ 7.69278, 45.07232 ], [ 7.69278, 45.07232 ], [ 7.69276, 45.07235 ], [ 7.69272, 45.07235 ], [ 7.69272, 45.07236 ], [ 7.69272, 45.07236 ], [ 7.69263, 45.07232 ], [ 7.69263, 45.07232 ], [ 7.69248, 45.07247 ], [ 7.69257, 45.07252 ], [ 7.69254, 45.07255 ], [ 7.69257, 45.07256 ], [ 7.69255, 45.07258 ], [ 7.69252, 45.07256 ], [ 7.69229, 45.07245 ] ] ] } },
{ "type": "Feature", "properties": { "uuid": "9754c47a-e144-49f6-8222-87f92a71181a", "data_acq": "2010-01-01 00:00:00", "data_agg": "2022-12-31 00:00:00", "data_fin": "9999-12-31 00:00:00", "ente_for": "REGIONE PIEMONTE", "ente_prod": "CSI PIEMONTE", "modo_prod": "rilievo speditivo - ortofoto", "sc_acq": "1:10000", "edifc_ty": "generica", "edifc_uso": "residenziale e commerciale", "edifc_stat": "costruito", "edifc_mon": "0", "edifc_nome": "", "edifc_idag": "", "edifc_ided": "", "source": "BDTRE edifc" }, "geometry": { "type": "Polygon", "coordinates": [ [ [ 7.69433, 45.075 ], [ 7.69461, 45.07512 ], [ 7.69452, 45.07522 ], [ 7.69448, 45.0752 ], [ 7.69447, 45.0752 ], [ 7.69444, 45.07519 ], [ 7.69444, 45.07518 ], [ 7.69425, 45.0751 ], [ 7.69433, 45.075 ] ] ] } },
{ "type": "Feature", "properties": { "uuid": "4f8da805-4b1b-4ce1-98d5-769790369b7e", "data_acq": "2019-11-30 00:00:00", "data_agg": "2019-11-30 00:00:00", "data_fin": "9999-12-31 00:00:00", "ente_for": "REGIONE PIEMONTE", "ente_prod": "REGIONE PIEMONTE", "modo_prod": "banche dati esterne - catasto", "sc_acq": "1:2000", "edifc_ty": "generica", "edifc_uso": "residenziale e commerciale", "edifc_stat": "costruito", "edifc_mon": "0", "edifc_nome": "", "edifc_idag": "", "edifc_ided": "", "source": "BDTRE edifc" }, "geometry": { "type": "Polygon", "coordinates": [ [ [ 7.68901, 45.08372 ], [ 7.68904, 45.08373 ], [ 7.68912, 45.08374 ], [ 7.68928, 45.08377 ], [ 7.68945, 45.0838 ], [ 7.68946, 45.0838 ], [ 7.68946, 45.0838 ], [ 7.68961, 45.08383 ], [ 7.68996, 45.08389 ], [ 7.68992, 45.08399 ], [ 7.68988, 45.08398 ], [ 7.68989, 45.08398 ], [ 7.68963, 45.08393 ], [ 7.68963, 45.08392 ], [ 7.68958, 45.08392 ], [ 7.68953, 45.08391 ], [ 7.68953, 45.08392 ], [ 7.68949, 45.08391 ], [ 7.68949, 45.0839 ], [ 7.68943, 45.08389 ], [ 7.68942, 45.0839 ], [ 7.68941, 45.0839 ], [ 7.68941, 45.08389 ], [ 7.68925, 45.08386 ], [ 7.68923, 45.0839 ], [ 7.68931, 45.08401 ], [ 7.68922, 45.08404 ], [ 7.68917, 45.08397 ], [ 7.68904, 45.08377 ], [ 7.68901, 45.08372 ] ] ] } },
{ "type": "Feature", "properties": { "uuid": "11a28d41-21c4-4c32-ac3c-ad559520121d", "data_acq": "2019-11-30 00:00:00", "data_agg": "2019-11-30 00:00:00", "data_fin": "9999-12-31 00:00:00", "ente_for": "REGIONE PIEMONTE", "ente_prod": "REGIONE PIEMONTE", "modo_prod": "banche dati esterne - catasto", "sc_acq": "1:2000", "edifc_ty": "generica", "edifc_uso": "residenziale e commerciale", "edifc_stat": "costruito", "edifc_mon": "0", "edifc_nome": "", "edifc_idag": "", "edifc_ided": "", "source": "BDTRE edifc" }, "geometry": { "type": "Polygon", "coordinates": [ [ [ 7.68694, 45.07943 ], [ 7.68691, 45.07945 ], [ 7.6869, 45.07946 ], [ 7.68683, 45.07953 ], [ 7.68687, 45.07955 ], [ 7.68697, 45.07962 ], [ 7.68736, 45.07949 ], [ 7.68731, 45.07942 ], [ 7.68727, 45.0794 ], [ 7.68719, 45.07943 ], [ 7.68718, 45.0794 ], [ 7.68707, 45.07944 ], [ 7.68709, 45.07946 ], [ 7.68698, 45.0795 ], [ 7.68694, 45.07943 ] ] ] } },
{ "type": "Feature", "properties": { "uuid": "b980d815-0769-4fb1-94e2-5a4705815959", "data_acq": "2019-11-30 00:00:00", "data_agg": "2019-11-30 00:00:00", "data_fin": "9999-12-31 00:00:00", "ente_for": "REGIONE PIEMONTE", "ente_prod": "REGIONE PIEMONTE", "modo_prod": "banche dati esterne - catasto", "sc_acq": "1:2000", "edifc_ty": "generica", "edifc_uso": "residenziale e commerciale", "edifc_stat": "costruito", "edifc_mon": "0", "edifc_nome": "", "edifc_idag": "", "edifc_ided": "", "source": "BDTRE edifc" }, "geometry": { "type": "Polygon", "coordinates": [ [ [ 7.66747, 45.06723 ], [ 7.66742, 45.06716 ], [ 7.66738, 45.06718 ], [ 7.66734, 45.06713 ], [ 7.66727, 45.06716 ], [ 7.66669, 45.06736 ], [ 7.66674, 45.06744 ], [ 7.6668, 45.06751 ], [ 7.66702, 45.06783 ], [ 7.66702, 45.06783 ], [ 7.66728, 45.06773 ], [ 7.66727, 45.06771 ], [ 7.66725, 45.06769 ], [ 7.66718, 45.06772 ], [ 7.66712, 45.06763 ], [ 7.66715, 45.06762 ], [ 7.66714, 45.06761 ], [ 7.66717, 45.0676 ], [ 7.6671, 45.0675 ], [ 7.667, 45.06753 ], [ 7.66694, 45.06745 ], [ 7.66698, 45.06744 ], [ 7.66697, 45.06742 ], [ 7.66696, 45.06742 ], [ 7.66695, 45.06741 ], [ 7.66706, 45.06737 ], [ 7.66707, 45.06737 ], [ 7.66708, 45.06737 ], [ 7.66708, 45.06736 ], [ 7.66718, 45.06733 ], [ 7.66723, 45.06739 ], [ 7.66738, 45.06734 ], [ 7.66733, 45.06728 ], [ 7.66745, 45.06723 ], [ 7.66745, 45.06724 ], [ 7.66745, 45.06724 ], [ 7.66747, 45.06723 ], [ 7.66747, 45.06723 ] ] ] } },
{ "type": "Feature", "properties": { "uuid": "d9481752-dce6-43d3-9bf9-7e726b3dcd77", "data_acq": "2019-11-30 00:00:00", "data_agg": "2019-11-30 00:00:00", "data_fin": "9999-12-31 00:00:00", "ente_for": "REGIONE PIEMONTE", "ente_prod": "REGIONE PIEMONTE", "modo_prod": "banche dati esterne - catasto", "sc_acq": "1:2000", "edifc_ty": "generica", "edifc_uso": "residenziale e commerciale", "edifc_stat": "costruito", "edifc_mon": "0", "edifc_nome": "", "edifc_idag": "", "edifc_ided": "", "source": "BDTRE edifc" }, "geometry": { "type": "Polygon", "coordinates": [ [ [ 7.69036, 45.08195 ], [ 7.6901, 45.08204 ], [ 7.69007, 45.08204 ], [ 7.69002, 45.08196 ], [ 7.69006, 45.08194 ], [ 7.69005, 45.08192 ], [ 7.69019, 45.08188 ], [ 7.69018, 45.08186 ], [ 7.69009, 45.08189 ], [ 7.69006, 45.08184 ], [ 7.69003, 45.08185 ], [ 7.68999, 45.08186 ], [ 7.68992, 45.08176 ], [ 7.68986, 45.08166 ], [ 7.68985, 45.08166 ], [ 7.68978, 45.08155 ], [ 7.68979, 45.08152 ], [ 7.68976, 45.08149 ], [ 7.68984, 45.08146 ], [ 7.69001, 45.08141 ], [ 7.69006, 45.08149 ], [ 7.69015, 45.08163 ], [ 7.69017, 45.08165 ], [ 7.69026, 45.08179 ], [ 7.69029, 45.08184 ], [ 7.69036, 45.08195 ] ] ] } },
{ "type": "Feature", "properties": { "uuid": "abfff3db-e696-4f89-8c99-4d194873419d", "data_acq": "2019-11-30 00:00:00", "data_agg": "2019-11-30 00:00:00", "data_fin": "9999-12-31 00:00:00", "ente_for": "REGIONE PIEMONTE", "ente_prod": "REGIONE PIEMONTE", "modo_prod": "banche dati esterne - catasto", "sc_acq": "1:2000", "edifc_ty": "generica", "edifc_uso": "residenziale e commerciale", "edifc_stat": "costruito", "edifc_mon": "0", "edifc_nome": "", "edifc_idag": "", "edifc_ided": "", "source": "BDTRE edifc" }, "geometry": { "type": "Polygon", "coordinates": [ [ [ 7.66733, 45.07556 ], [ 7.66734, 45.07557 ], [ 7.66735, 45.07559 ], [ 7.66737, 45.07561 ], [ 7.66739, 45.07565 ], [ 7.66729, 45.07568 ], [ 7.66718, 45.07572 ], [ 7.66711, 45.07575 ], [ 7.66682, 45.07585 ], [ 7.66678, 45.07579 ], [ 7.66675, 45.07575 ], [ 7.66687, 45.07571 ], [ 7.66691, 45.07569 ], [ 7.66693, 45.07572 ], [ 7.667, 45.0757 ], [ 7.66701, 45.0757 ], [ 7.66703, 45.07574 ], [ 7.66715, 45.0757 ], [ 7.66714, 45.07568 ], [ 7.66713, 45.07567 ], [ 7.66713, 45.07567 ], [ 7.66713, 45.07566 ], [ 7.66719, 45.07564 ], [ 7.66717, 45.07561 ], [ 7.66733, 45.07556 ] ] ] } },
{ "type": "Feature", "properties": { "uuid": "e20fee0c-9ca2-4665-a728-f32eebed9e59", "data_acq": "2019-11-30 00:00:00", "data_agg": "2019-11-30 00:00:00", "data_fin": "9999-12-31 00:00:00", "ente_for": "REGIONE PIEMONTE", "ente_prod": "REGIONE PIEMONTE", "modo_prod": "banche dati esterne - catasto", "sc_acq": "1:2000", "edifc_ty": "generica", "edifc_uso": "residenziale e produttivo", "edifc_stat": "costruito", "edifc_mon": "0", "edifc_nome": "", "edifc_idag": "", "edifc_ided": "", "source": "BDTRE edifc" }, "geometry": { "type": "Polygon", "coordinates": [ [ [ 7.66548, 45.07366 ], [ 7.66544, 45.0736 ], [ 7.66543, 45.07358 ], [ 7.6654, 45.07359 ], [ 7.66533, 45.0735 ], [ 7.6652, 45.07354 ], [ 7.66524, 45.0736 ], [ 7.66525, 45.07361 ], [ 7.66532, 45.07371 ], [ 7.66539, 45.07369 ], [ 7.66544, 45.07367 ], [ 7.66548, 45.07366 ] ] ] } },
{ "type": "Feature", "properties": { "uuid": "d469a3d0-d57c-42bb-b8c9-43d29650a35b", "data_acq": "2010-01-01 00:00:00", "data_agg": "2022-12-31 00:00:00", "data_fin": "9999-12-31 00:00:00", "ente_for": "REGIONE PIEMONTE", "ente_prod": "CSI PIEMONTE", "modo_prod": "rilievo speditivo - ortofoto", "sc_acq": "1:10000", "edifc_ty": "generica", "edifc_uso": "residenziale e commerciale", "edifc_stat": "costruito", "edifc_mon": "0", "edifc_nome": "", "edifc_idag": "", "edifc_ided": "", "source": "BDTRE edifc" }, "geometry": { "type": "Polygon", "coordinates": [ [ [ 7.68562, 45.06978 ], [ 7.68576, 45.06973 ], [ 7.68575, 45.06971 ], [ 7.68592, 45.06964 ], [ 7.68589, 45.0696 ], [ 7.68599, 45.06957 ], [ 7.686, 45.06958 ], [ 7.68604, 45.06956 ], [ 7.68603, 45.06956 ], [ 7.6861, 45.06953 ], [ 7.6861, 45.06952 ], [ 7.68607, 45.06948 ], [ 7.68596, 45.06933 ], [ 7.68596, 45.06933 ], [ 7.68544, 45.06953 ], [ 7.68544, 45.06954 ], [ 7.6855, 45.06961 ], [ 7.6856, 45.06976 ], [ 7.68562, 45.06978 ], [ 7.68562, 45.06978 ] ], [ [ 7.68582, 45.06962 ], [ 7.68583, 45.06962 ], [ 7.68577, 45.06964 ], [ 7.68576, 45.06965 ], [ 7.68577, 45.06966 ], [ 7.68573, 45.06968 ], [ 7.68566, 45.06959 ], [ 7.68569, 45.06958 ], [ 7.68568, 45.06957 ], [ 7.68581, 45.06952 ], [ 7.68582, 45.06953 ], [ 7.68583, 45.06953 ], [ 7.68588, 45.0696 ], [ 7.68582, 45.06962 ] ] ] } },
{ "type": "Feature", "properties": { "uuid": "e3fb0aca-647a-47a6-a5ff-2fbe9d935f8f", "data_acq": "2019-11-30 00:00:00", "data_agg": "2019-11-30 00:00:00", "data_fin": "9999-12-31 00:00:00", "ente_for": "REGIONE PIEMONTE", "ente_prod": "REGIONE PIEMONTE", "modo_prod": "banche dati esterne - catasto", "sc_acq": "1:2000", "edifc_ty": "generica", "edifc_uso": "residenziale e commerciale", "edifc_stat": "costruito", "edifc_mon": "0", "edifc_nome": "", "edifc_idag": "", "edifc_ided": "", "source": "BDTRE edifc" }, "geometry": { "type": "Polygon", "coordinates": [ [ [ 7.69343, 45.06845 ], [ 7.69362, 45.0687 ], [ 7.69362, 45.06869 ], [ 7.69363, 45.0687 ], [ 7.69376, 45.06865 ], [ 7.69381, 45.06871 ], [ 7.69375, 45.06873 ], [ 7.69376, 45.06875 ], [ 7.69353, 45.06884 ], [ 7.69328, 45.0685 ], [ 7.69343, 45.06845 ] ] ] } },
{ "type": "Feature", "properties": { "uuid": "b0ef2a5c-9d8f-46c4-8b33-bc87f7d4ac24", "data_acq": "2019-11-30 00:00:00", "data_agg": "2019-11-30 00:00:00", "data_fin": "9999-12-31 00:00:00", "ente_for": "REGIONE PIEMONTE", "ente_prod": "REGIONE PIEMONTE", "modo_prod": "banche dati esterne - catasto", "sc_acq": "1:2000", "edifc_ty": "generica", "edifc_uso": "residenziale e commerciale", "edifc_stat": "costruito", "edifc_mon": "0", "edifc_nome": "", "edifc_idag": "", "edifc_ided": "", "source": "BDTRE edifc" }, "geometry": { "type": "Polygon", "coordinates": [ [ [ 7.69108, 45.06636 ], [ 7.69097, 45.0664 ], [ 7.69097, 45.0664 ], [ 7.69091, 45.06632 ], [ 7.69079, 45.06616 ], [ 7.6909, 45.06612 ], [ 7.69101, 45.06608 ], [ 7.69105, 45.06613 ], [ 7.69101, 45.06615 ], [ 7.69099, 45.06613 ], [ 7.69099, 45.06613 ], [ 7.69096, 45.06614 ], [ 7.69097, 45.06616 ], [ 7.69095, 45.06617 ], [ 7.69095, 45.06617 ], [ 7.69093, 45.06618 ], [ 7.69093, 45.06619 ], [ 7.69091, 45.0662 ], [ 7.69093, 45.06622 ], [ 7.69097, 45.06621 ], [ 7.69105, 45.06632 ], [ 7.69108, 45.06636 ] ] ] } },
{ "type": "Feature", "properties": { "uuid": "d3a5f5a7-7591-41a7-9a87-46eda5392548", "data_acq": "2019-11-30 00:00:00", "data_agg": "2019-11-30 00:00:00", "data_fin": "9999-12-31 00:00:00", "ente_for": "REGIONE PIEMONTE", "ente_prod": "REGIONE PIEMONTE", "modo_prod": "banche dati esterne - catasto", "sc_acq": "1:2000", "edifc_ty": "generica", "edifc_uso": "residenziale e commerciale", "edifc_stat": "costruito", "edifc_mon": "0", "edifc_nome": "", "edifc_idag": "", "edifc_ided": "", "source": "BDTRE edifc" }, "geometry": { "type": "Polygon", "coordinates": [ [ [ 7.69194, 45.08098 ], [ 7.69212, 45.08106 ], [ 7.69204, 45.08114 ], [ 7.69204, 45.08114 ], [ 7.69203, 45.08116 ], [ 7.69203, 45.08115 ], [ 7.69185, 45.08108 ], [ 7.69186, 45.08107 ], [ 7.69194, 45.08098 ] ] ] } },
{ "type": "Feature", "properties": { "uuid": "b23a7f94-a07a-45f9-bdd1-edd708f77cb8", "data_acq": "2019-11-30 00:00:00", "data_agg": "2019-11-30 00:00:00", "data_fin": "9999-12-31 00:00:00", "ente_for": "REGIONE PIEMONTE", "ente_prod": "REGIONE PIEMONTE", "modo_prod": "banche dati esterne - catasto", "sc_acq": "1:2000", "edifc_ty": "generica", "edifc_uso": "residenziale e commerciale", "edifc_stat": "costruito", "edifc_mon": "0", "edifc_nome": "", "edifc_idag": "", "edifc_ided": "", "source": "BDTRE edifc" }, "geometry": { "type": "Polygon", "coordinates": [ [ [ 7.69035, 45.08149 ], [ 7.69039, 45.08148 ], [ 7.69042, 45.08152 ], [ 7.69038, 45.08153 ], [ 7.69035, 45.08149 ] ] ] } },
{ "type": "Feature", "properties": { "uuid": "1b383e9f-4d6b-4df1-8e39-161997fff73b", "data_acq": "2019-11-30 00:00:00", "data_agg": "2019-11-30 00:00:00", "data_fin": "9999-12-31 00:00:00", "ente_for": "REGIONE PIEMONTE", "ente_prod": "REGIONE PIEMONTE", "modo_prod": "banche dati esterne - catasto", "sc_acq": "1:2000", "edifc_ty": "generica", "edifc_uso": "residenziale e commerciale", "edifc_stat": "costruito", "edifc_mon": "0", "edifc_nome": "", "edifc_idag": "", "edifc_ided": "", "source": "BDTRE edifc" }, "geometry": { "type": "Polygon", "coordinates": [ [ [ 7.67171, 45.06627 ], [ 7.67171, 45.06627 ], [ 7.67158, 45.06609 ], [ 7.67158, 45.06608 ], [ 7.6716, 45.06607 ], [ 7.67192, 45.06596 ], [ 7.67196, 45.06602 ], [ 7.67178, 45.06609 ], [ 7.67187, 45.06622 ], [ 7.67171, 45.06627 ] ] ] } },
{ "type": "Feature", "properties": { "uuid": "76fb0e52-2f9c-40e9-a7d8-64dd3059934a", "data_acq": "2019-11-30 00:00:00", "data_agg": "2019-11-30 00:00:00", "data_fin": "9999-12-31 00:00:00", "ente_for": "REGIONE PIEMONTE", "ente_prod": "REGIONE PIEMONTE", "modo_prod": "banche dati esterne - catasto", "sc_acq": "1:2000", "edifc_ty": "generica", "edifc_uso": "residenziale e commerciale", "edifc_stat": "costruito", "edifc_mon": "0", "edifc_nome": "", "edifc_idag": "", "edifc_ided": "", "source": "BDTRE edifc" }, "geometry": { "type": "Polygon", "coordinates": [ [ [ 7.66615, 45.07764 ], [ 7.66622, 45.07775 ], [ 7.66632, 45.07771 ], [ 7.66641, 45.07768 ], [ 7.66642, 45.07768 ], [ 7.66635, 45.07757 ], [ 7.66633, 45.07758 ], [ 7.66627, 45.0776 ], [ 7.66625, 45.0776 ], [ 7.66623, 45.0776 ], [ 7.66623, 45.07761 ], [ 7.66615, 45.07764 ] ] ] } },
{ "type": "Feature", "properties": { "uuid": "39d45be1-d7e7-4f2b-b99d-fdb6ab8af4db", "data_acq": "2019-11-30 00:00:00", "data_agg": "2019-11-30 00:00:00", "data_fin": "9999-12-31 00:00:00", "ente_for": "REGIONE PIEMONTE", "ente_prod": "REGIONE PIEMONTE", "modo_prod": "banche dati esterne - catasto", "sc_acq": "1:2000", "edifc_ty": "generica", "edifc_uso": "residenziale e commerciale", "edifc_stat": "costruito", "edifc_mon": "0", "edifc_nome": "", "edifc_idag": "", "edifc_ided": "", "source": "BDTRE edifc" }, "geometry": { "type": "Polygon", "coordinates": [ [ [ 7.66944, 45.08118 ], [ 7.66937, 45.08107 ], [ 7.66936, 45.08108 ], [ 7.66936, 45.08108 ], [ 7.66936, 45.08108 ], [ 7.6693, 45.08111 ], [ 7.66929, 45.0811 ], [ 7.66925, 45.08111 ], [ 7.66926, 45.08111 ], [ 7.66926, 45.08112 ], [ 7.66922, 45.08113 ], [ 7.66922, 45.08112 ], [ 7.6692, 45.08113 ], [ 7.6692, 45.08113 ], [ 7.6692, 45.08114 ], [ 7.66914, 45.08116 ], [ 7.66914, 45.08115 ], [ 7.66909, 45.08117 ], [ 7.66909, 45.08117 ], [ 7.66909, 45.08117 ], [ 7.66907, 45.08118 ], [ 7.66913, 45.08128 ], [ 7.66929, 45.08123 ], [ 7.66944, 45.08118 ] ] ] } },
{ "type": "Feature", "properties": { "uuid": "66bb20f4-146e-4045-b5f0-54b38416e5ed", "data_acq": "2019-11-30 00:00:00", "data_agg": "2019-11-30 00:00:00", "data_fin": "9999-12-31 00:00:00", "ente_for": "REGIONE PIEMONTE", "ente_prod": "REGIONE PIEMONTE", "modo_prod": "banche dati esterne - catasto", "sc_acq": "1:2000", "edifc_ty": "generica", "edifc_uso": "residenziale e commerciale", "edifc_stat": "costruito", "edifc_mon": "0", "edifc_nome": "", "edifc_idag": "", "edifc_ided": "", "source": "BDTRE edifc" }, "geometry": { "type": "Polygon", "coordinates": [ [ [ 7.67992, 45.0731 ], [ 7.67991, 45.0731 ], [ 7.67976, 45.07315 ], [ 7.67975, 45.07316 ], [ 7.67979, 45.07321 ], [ 7.6798, 45.07321 ], [ 7.67986, 45.07329 ], [ 7.67988, 45.07328 ], [ 7.67992, 45.07333 ], [ 7.68005, 45.07328 ], [ 7.67992, 45.0731 ] ], [ [ 7.67987, 45.07324 ], [ 7.67989, 45.07323 ], [ 7.6799, 45.07324 ], [ 7.67993, 45.07327 ], [ 7.67991, 45.07328 ], [ 7.67988, 45.07324 ], [ 7.67987, 45.07324 ] ] ] } },
{ "type": "Feature", "properties": { "uuid": "67fb153b-be44-40ff-93f4-7d6cde863244", "data_acq": "2019-11-30 00:00:00", "data_agg": "2019-11-30 00:00:00", "data_fin": "9999-12-31 00:00:00", "ente_for": "REGIONE PIEMONTE", "ente_prod": "REGIONE PIEMONTE", "modo_prod": "banche dati esterne - catasto", "sc_acq": "1:2000", "edifc_ty": "generica", "edifc_uso": "residenziale e commerciale", "edifc_stat": "costruito", "edifc_mon": "0", "edifc_nome": "", "edifc_idag": "", "edifc_ided": "", "source": "BDTRE edifc" }, "geometry": { "type": "Polygon", "coordinates": [ [ [ 7.68333, 45.07149 ], [ 7.68319, 45.07154 ], [ 7.68319, 45.07154 ], [ 7.68323, 45.07161 ], [ 7.6832, 45.07162 ], [ 7.6832, 45.07162 ], [ 7.68319, 45.07163 ], [ 7.68319, 45.07164 ], [ 7.68307, 45.07168 ], [ 7.68318, 45.0718 ], [ 7.68329, 45.07176 ], [ 7.68346, 45.0717 ], [ 7.68347, 45.07169 ], [ 7.68346, 45.07168 ], [ 7.6834, 45.07159 ], [ 7.68333, 45.07149 ] ] ] } },
{ "type": "Feature", "properties": { "uuid": "129d7481-e3a7-4e9d-ae7a-981c839f82e0", "data_acq": "2019-11-30 00:00:00", "data_agg": "2019-11-30 00:00:00", "data_fin": "9999-12-31 00:00:00", "ente_for": "REGIONE PIEMONTE", "ente_prod": "REGIONE PIEMONTE", "modo_prod": "banche dati esterne - catasto", "sc_acq": "1:2000", "edifc_ty": "generica", "edifc_uso": "residenziale e commerciale", "edifc_stat": "costruito", "edifc_mon": "0", "edifc_nome": "", "edifc_idag": "", "edifc_ided": "", "source": "BDTRE edifc" }, "geometry": { "type": "Polygon", "coordinates": [ [ [ 7.69329, 45.08427 ], [ 7.69329, 45.08429 ], [ 7.69332, 45.08429 ], [ 7.69332, 45.08435 ], [ 7.6933, 45.08436 ], [ 7.6933, 45.08438 ], [ 7.69329, 45.08439 ], [ 7.69329, 45.08441 ], [ 7.69333, 45.08441 ], [ 7.69334, 45.08441 ], [ 7.69335, 45.08441 ], [ 7.69336, 45.0844 ], [ 7.69343, 45.08443 ], [ 7.69327, 45.0846 ], [ 7.69326, 45.0846 ], [ 7.69325, 45.0846 ], [ 7.69323, 45.08459 ], [ 7.6932, 45.08459 ], [ 7.69318, 45.08458 ], [ 7.69317, 45.08458 ], [ 7.69315, 45.08427 ], [ 7.69329, 45.08427 ] ] ] } },
{ "type": "Feature", "properties": { "uuid": "3de7b6cf-af53-46cb-aaf7-07fe749dc846", "data_acq": "2019-11-30 00:00:00", "data_agg": "2019-11-30 00:00:00", "data_fin": "9999-12-31 00:00:00", "ente_for": "REGIONE PIEMONTE", "ente_prod": "REGIONE PIEMONTE", "modo_prod": "banche dati esterne - catasto", "sc_acq": "1:2000", "edifc_ty": "generica", "edifc_uso": "residenziale e commerciale", "edifc_stat": "costruito", "edifc_mon": "0", "edifc_nome": "", "edifc_idag": "", "edifc_ided": "", "source": "BDTRE edifc" }, "geometry": { "type": "Polygon", "coordinates": [ [ [ 7.67079, 45.08049 ], [ 7.67082, 45.08052 ], [ 7.67083, 45.08055 ], [ 7.67081, 45.08057 ], [ 7.67079, 45.0806 ], [ 7.67078, 45.08061 ], [ 7.67078, 45.08063 ], [ 7.67076, 45.08067 ], [ 7.67076, 45.08067 ], [ 7.67074, 45.08071 ], [ 7.67073, 45.08075 ], [ 7.67052, 45.08082 ], [ 7.67046, 45.08071 ], [ 7.67045, 45.08071 ], [ 7.67047, 45.0807 ], [ 7.67047, 45.08071 ], [ 7.67058, 45.08067 ], [ 7.67065, 45.08056 ], [ 7.67063, 45.08054 ], [ 7.67066, 45.08053 ], [ 7.67079, 45.08049 ] ] ] } },
{ "type": "Feature", "properties": { "uuid": "8c610810-2a02-4d8b-9e59-9383cab869d9", "data_acq": "2019-11-30 00:00:00", "data_agg": "2019-11-30 00:00:00", "data_fin": "9999-12-31 00:00:00", "ente_for": "REGIONE PIEMONTE", "ente_prod": "REGIONE PIEMONTE", "modo_prod": "banche dati esterne - catasto", "sc_acq": "1:2000", "edifc_ty": "generica", "edifc_uso": "residenziale e commerciale", "edifc_stat": "costruito", "edifc_mon": "0", "edifc_nome": "", "edifc_idag": "", "edifc_ided": "", "source": "BDTRE edifc" }, "geometry": { "type": "Polygon", "coordinates": [ [ [ 7.66736, 45.08168 ], [ 7.66726, 45.08171 ], [ 7.66724, 45.08172 ], [ 7.66721, 45.08173 ], [ 7.66721, 45.08173 ], [ 7.66718, 45.0817 ], [ 7.66715, 45.08166 ], [ 7.66714, 45.08165 ], [ 7.66716, 45.08164 ], [ 7.66714, 45.08162 ], [ 7.66717, 45.08161 ], [ 7.66715, 45.08158 ], [ 7.66701, 45.08163 ], [ 7.66701, 45.08163 ], [ 7.667, 45.08164 ], [ 7.66696, 45.08159 ], [ 7.66692, 45.08153 ], [ 7.66719, 45.08145 ], [ 7.6673, 45.0816 ], [ 7.66736, 45.08168 ] ] ] } },
{ "type": "Feature", "properties": { "uuid": "9cf4786f-e59b-407c-b9d9-002673e5995a", "data_acq": "2019-11-30 00:00:00", "data_agg": "2019-11-30 00:00:00", "data_fin": "9999-12-31 00:00:00", "ente_for": "REGIONE PIEMONTE", "ente_prod": "REGIONE PIEMONTE", "modo_prod": "banche dati esterne - catasto", "sc_acq": "1:2000", "edifc_ty": "generica", "edifc_uso": "residenziale e commerciale", "edifc_stat": "costruito", "edifc_mon": "0", "edifc_nome": "", "edifc_idag": "", "edifc_ided": "", "source": "BDTRE edifc" }, "geometry": { "type": "Polygon", "coordinates": [ [ [ 7.68104, 45.06942 ], [ 7.68105, 45.06944 ], [ 7.68105, 45.06944 ], [ 7.6811, 45.06942 ], [ 7.68115, 45.0694 ], [ 7.68111, 45.06935 ], [ 7.68111, 45.06935 ], [ 7.68111, 45.06935 ], [ 7.68107, 45.06936 ], [ 7.68105, 45.06937 ], [ 7.68104, 45.06936 ], [ 7.681, 45.06937 ], [ 7.68104, 45.06942 ] ] ] } },
{ "type": "Feature", "properties": { "uuid": "c62cb7d6-2165-468e-b1b3-315370c97665", "data_acq": "2019-11-30 00:00:00", "data_agg": "2019-11-30 00:00:00", "data_fin": "9999-12-31 00:00:00", "ente_for": "REGIONE PIEMONTE", "ente_prod": "REGIONE PIEMONTE", "modo_prod": "banche dati esterne - catasto", "sc_acq": "1:2000", "edifc_ty": "generica", "edifc_uso": "residenziale e commerciale", "edifc_stat": "costruito", "edifc_mon": "0", "edifc_nome": "", "edifc_idag": "", "edifc_ided": "", "source": "BDTRE edifc" }, "geometry": { "type": "Polygon", "coordinates": [ [ [ 7.68584, 45.06786 ], [ 7.68575, 45.06773 ], [ 7.68587, 45.06768 ], [ 7.68593, 45.06777 ], [ 7.68615, 45.06768 ], [ 7.68615, 45.06768 ], [ 7.68617, 45.06767 ], [ 7.68614, 45.06762 ], [ 7.68612, 45.06759 ], [ 7.68621, 45.06756 ], [ 7.68621, 45.06756 ], [ 7.68624, 45.06754 ], [ 7.68629, 45.06761 ], [ 7.68629, 45.06761 ], [ 7.68626, 45.06762 ], [ 7.68628, 45.06766 ], [ 7.68639, 45.06762 ], [ 7.68641, 45.06764 ], [ 7.68643, 45.06767 ], [ 7.68631, 45.06772 ], [ 7.6863, 45.06769 ], [ 7.6862, 45.06773 ], [ 7.68619, 45.06773 ], [ 7.68584, 45.06786 ] ] ] } },
{ "type": "Feature", "properties": { "uuid": "4addf3bb-d7af-40e2-8837-c58f2aafb29c", "data_acq": "2019-11-30 00:00:00", "data_agg": "2019-11-30 00:00:00", "data_fin": "9999-12-31 00:00:00", "ente_for": "REGIONE PIEMONTE", "ente_prod": "REGIONE PIEMONTE", "modo_prod": "banche dati esterne - catasto", "sc_acq": "1:2000", "edifc_ty": "generica", "edifc_uso": "residenziale e commerciale", "edifc_stat": "costruito", "edifc_mon": "0", "edifc_nome": "", "edifc_idag": "", "edifc_ided": "", "source": "BDTRE edifc" }, "geometry": { "type": "Polygon", "coordinates": [ [ [ 7.682, 45.07113 ], [ 7.68193, 45.07104 ], [ 7.68201, 45.07101 ], [ 7.68202, 45.07102 ], [ 7.68202, 45.07102 ], [ 7.68209, 45.071 ], [ 7.68209, 45.071 ], [ 7.68216, 45.07098 ], [ 7.68219, 45.07097 ], [ 7.6822, 45.07099 ], [ 7.68219, 45.07099 ], [ 7.68221, 45.07102 ], [ 7.68221, 45.07102 ], [ 7.68211, 45.07106 ], [ 7.68212, 45.07109 ], [ 7.682, 45.07113 ] ] ] } },
{ "type": "Feature", "properties": { "uuid": "0c744b92-9ecc-4e40-a587-e5854c71d6f9", "data_acq": "2019-11-30 00:00:00", "data_agg": "2019-11-30 00:00:00", "data_fin": "9999-12-31 00:00:00", "ente_for": "REGIONE PIEMONTE", "ente_prod": "REGIONE PIEMONTE", "modo_prod": "banche dati esterne - catasto", "sc_acq": "1:2000", "edifc_ty": "generica", "edifc_uso": "residenziale e commerciale", "edifc_stat": "costruito", "edifc_mon": "0", "edifc_nome": "", "edifc_idag": "", "edifc_ided": "", "source": "BDTRE edifc" }, "geometry": { "type": "Polygon", "coordinates": [ [ [ 7.67428, 45.08188 ], [ 7.67442, 45.08184 ], [ 7.67459, 45.08209 ], [ 7.67451, 45.08211 ], [ 7.67447, 45.08213 ], [ 7.67445, 45.08213 ], [ 7.67439, 45.08204 ], [ 7.67449, 45.082 ], [ 7.67445, 45.08194 ], [ 7.67445, 45.08194 ], [ 7.67443, 45.08195 ], [ 7.67443, 45.08195 ], [ 7.6744, 45.08197 ], [ 7.6744, 45.08197 ], [ 7.67439, 45.08196 ], [ 7.67439, 45.08196 ], [ 7.67434, 45.08197 ], [ 7.67428, 45.08188 ] ] ] } },
{ "type": "Feature", "properties": { "uuid": "a1bb2b5f-469a-431f-b353-84f220de7cdc", "data_acq": "2019-11-30 00:00:00", "data_agg": "2019-11-30 00:00:00", "data_fin": "9999-12-31 00:00:00", "ente_for": "REGIONE PIEMONTE", "ente_prod": "REGIONE PIEMONTE", "modo_prod": "banche dati esterne - catasto", "sc_acq": "1:2000", "edifc_ty": "generica", "edifc_uso": "residenziale e ufficio pubblico", "edifc_stat": "costruito", "edifc_mon": "0", "edifc_nome": "", "edifc_idag": "", "edifc_ided": "", "source": "BDTRE edifc" }, "geometry": { "type": "Polygon", "coordinates": [ [ [ 7.68048, 45.07278 ], [ 7.68041, 45.07269 ], [ 7.68043, 45.07268 ], [ 7.6804, 45.07265 ], [ 7.68036, 45.0726 ], [ 7.68042, 45.07258 ], [ 7.68042, 45.07257 ], [ 7.68039, 45.07253 ], [ 7.68037, 45.07254 ], [ 7.68034, 45.07249 ], [ 7.68014, 45.07256 ], [ 7.68012, 45.07256 ], [ 7.68013, 45.07258 ], [ 7.68001, 45.07263 ], [ 7.68003, 45.07265 ], [ 7.68006, 45.07264 ], [ 7.68006, 45.07264 ], [ 7.68015, 45.0726 ], [ 7.68016, 45.07261 ], [ 7.68019, 45.0726 ], [ 7.68027, 45.0727 ], [ 7.68024, 45.07272 ], [ 7.68024, 45.07272 ], [ 7.68011, 45.07277 ], [ 7.68004, 45.07279 ], [ 7.68005, 45.07281 ], [ 7.68013, 45.07291 ], [ 7.6802, 45.07288 ], [ 7.6803, 45.07284 ], [ 7.68048, 45.07278 ] ] ] } },
{ "type": "Feature", "properties": { "uuid": "15800765-0771-44fe-a769-acd50eb603a7", "data_acq": "2019-11-30 00:00:00", "data_agg": "2019-11-30 00:00:00", "data_fin": "9999-12-31 00:00:00", "ente_for": "REGIONE PIEMONTE", "ente_prod": "REGIONE PIEMONTE", "modo_prod": "banche dati esterne - catasto", "sc_acq": "1:2000", "edifc_ty": "generica", "edifc_uso": "residenziale e produttivo", "edifc_stat": "costruito", "edifc_mon": "0", "edifc_nome": "", "edifc_idag": "", "edifc_ided": "", "source": "BDTRE edifc" }, "geometry": { "type": "Polygon", "coordinates": [ [ [ 7.69057, 45.08285 ], [ 7.69036, 45.08288 ], [ 7.69032, 45.08279 ], [ 7.69031, 45.08276 ], [ 7.69053, 45.08272 ], [ 7.69057, 45.08285 ] ] ] } },
{ "type": "Feature", "properties": { "uuid": "51932a32-3ba6-4590-8b76-90e8de36d81d", "data_acq": "2019-11-30 00:00:00", "data_agg": "2019-11-30 00:00:00", "data_fin": "9999-12-31 00:00:00", "ente_for": "REGIONE PIEMONTE", "ente_prod": "REGIONE PIEMONTE", "modo_prod": "banche dati esterne - catasto", "sc_acq": "1:2000", "edifc_ty": "generica", "edifc_uso": "residenziale e commerciale", "edifc_stat": "costruito", "edifc_mon": "0", "edifc_nome": "", "edifc_idag": "", "edifc_ided": "", "source": "BDTRE edifc" }, "geometry": { "type": "Polygon", "coordinates": [ [ [ 7.68921, 45.07524 ], [ 7.68915, 45.07513 ], [ 7.68944, 45.07504 ], [ 7.68952, 45.07508 ], [ 7.68944, 45.07516 ], [ 7.6894, 45.07518 ], [ 7.6894, 45.07518 ], [ 7.68935, 45.07519 ], [ 7.68935, 45.07519 ], [ 7.68923, 45.07523 ], [ 7.68924, 45.07525 ], [ 7.68922, 45.07525 ], [ 7.68922, 45.07524 ], [ 7.68921, 45.07524 ] ] ] } },
{ "type": "Feature", "properties": { "uuid": "5d870da0-82ab-46b6-a5f5-09b672ca6dff", "data_acq": "2019-11-30 00:00:00", "data_agg": "2019-11-30 00:00:00", "data_fin": "9999-12-31 00:00:00", "ente_for": "REGIONE PIEMONTE", "ente_prod": "REGIONE PIEMONTE", "modo_prod": "banche dati esterne - catasto", "sc_acq": "1:2000", "edifc_ty": "generica", "edifc_uso": "residenziale e commerciale", "edifc_stat": "costruito", "edifc_mon": "0", "edifc_nome": "", "edifc_idag": "", "edifc_ided": "", "source": "BDTRE edifc" }, "geometry": { "type": "Polygon", "coordinates": [ [ [ 7.68426, 45.07216 ], [ 7.68445, 45.0721 ], [ 7.68452, 45.0722 ], [ 7.68434, 45.07226 ], [ 7.68431, 45.07223 ], [ 7.68432, 45.07223 ], [ 7.68426, 45.07216 ] ] ] } },
{ "type": "Feature", "properties": { "uuid": "05a5503b-88bf-4022-8020-7c7c39c2e3bf", "data_acq": "2019-11-30 00:00:00", "data_agg": "2019-11-30 00:00:00", "data_fin": "9999-12-31 00:00:00", "ente_for": "REGIONE PIEMONTE", "ente_prod": "REGIONE PIEMONTE", "modo_prod": "banche dati esterne - catasto", "sc_acq": "1:2000", "edifc_ty": "generica", "edifc_uso": "residenziale e commerciale", "edifc_stat": "costruito", "edifc_mon": "0", "edifc_nome": "", "edifc_idag": "", "edifc_ided": "", "source": "BDTRE edifc" }, "geometry": { "type": "Polygon", "coordinates": [ [ [ 7.68609, 45.07813 ], [ 7.6858, 45.07823 ], [ 7.68592, 45.07843 ], [ 7.68592, 45.07843 ], [ 7.68606, 45.07843 ], [ 7.68614, 45.07843 ], [ 7.68621, 45.07843 ], [ 7.68634, 45.0784 ], [ 7.68609, 45.07813 ], [ 7.68609, 45.07813 ] ] ] } },
{ "type": "Feature", "properties": { "uuid": "09c6d46b-e01a-455c-af34-be688e91767b", "data_acq": "2019-11-30 00:00:00", "data_agg": "2019-11-30 00:00:00", "data_fin": "9999-12-31 00:00:00", "ente_for": "REGIONE PIEMONTE", "ente_prod": "REGIONE PIEMONTE", "modo_prod": "banche dati esterne - catasto", "sc_acq": "1:2000", "edifc_ty": "generica", "edifc_uso": "residenziale e commerciale", "edifc_stat": "costruito", "edifc_mon": "0", "edifc_nome": "", "edifc_idag": "", "edifc_ided": "", "source": "BDTRE edifc" }, "geometry": { "type": "Polygon", "coordinates": [ [ [ 7.66625, 45.08466 ], [ 7.66621, 45.08467 ], [ 7.66619, 45.08468 ], [ 7.66619, 45.08468 ], [ 7.66607, 45.08472 ], [ 7.66613, 45.0848 ], [ 7.66612, 45.08484 ], [ 7.66637, 45.08477 ], [ 7.6663, 45.08464 ], [ 7.66625, 45.08466 ] ] ] } },
{ "type": "Feature", "properties": { "uuid": "a8beba40-50ed-4ac8-ac33-dcf9b28b28e0", "data_acq": "2019-11-30 00:00:00", "data_agg": "2019-11-30 00:00:00", "data_fin": "9999-12-31 00:00:00", "ente_for": "REGIONE PIEMONTE", "ente_prod": "REGIONE PIEMONTE", "modo_prod": "banche dati esterne - catasto", "sc_acq": "1:2000", "edifc_ty": "generica", "edifc_uso": "residenziale e commerciale", "edifc_stat": "costruito", "edifc_mon": "0", "edifc_nome": "", "edifc_idag": "", "edifc_ided": "", "source": "BDTRE edifc" }, "geometry": { "type": "Polygon", "coordinates": [ [ [ 7.66746, 45.07873 ], [ 7.66746, 45.07873 ], [ 7.66748, 45.07872 ], [ 7.66754, 45.07867 ], [ 7.66756, 45.07865 ], [ 7.66758, 45.07864 ], [ 7.66762, 45.07861 ], [ 7.66762, 45.07861 ], [ 7.66773, 45.07868 ], [ 7.66773, 45.07868 ], [ 7.66757, 45.0788 ], [ 7.66757, 45.0788 ], [ 7.66746, 45.07873 ] ] ] } },
{ "type": "Feature", "properties": { "uuid": "79e38ab6-eb9b-4248-bea4-a41401931183", "data_acq": "2019-11-30 00:00:00", "data_agg": "2019-11-30 00:00:00", "data_fin": "9999-12-31 00:00:00", "ente_for": "REGIONE PIEMONTE", "ente_prod": "REGIONE PIEMONTE", "modo_prod": "banche dati esterne - catasto", "sc_acq": "1:2000", "edifc_ty": "generica", "edifc_uso": "residenziale e commerciale", "edifc_stat": "costruito", "edifc_mon": "0", "edifc_nome": "", "edifc_idag": "", "edifc_ided": "", "source": "BDTRE edifc" }, "geometry": { "type": "Polygon", "coordinates": [ [ [ 7.68737, 45.07011 ], [ 7.68757, 45.06999 ], [ 7.68768, 45.07007 ], [ 7.68767, 45.07008 ], [ 7.68774, 45.07015 ], [ 7.68764, 45.07019 ], [ 7.68748, 45.07025 ], [ 7.68741, 45.07016 ], [ 7.68741, 45.07016 ], [ 7.68737, 45.07011 ] ], [ [ 7.68756, 45.07015 ], [ 7.68759, 45.07018 ], [ 7.68762, 45.07017 ], [ 7.68762, 45.07017 ], [ 7.68765, 45.07016 ], [ 7.68761, 45.07012 ], [ 7.68761, 45.07012 ], [ 7.68756, 45.07015 ] ] ] } },
{ "type": "Feature", "properties": { "uuid": "8d6cb61e-e35d-4011-9c96-06dc4cd86c3e", "data_acq": "2019-11-30 00:00:00", "data_agg": "2019-11-30 00:00:00", "data_fin": "9999-12-31 00:00:00", "ente_for": "REGIONE PIEMONTE", "ente_prod": "REGIONE PIEMONTE", "modo_prod": "banche dati esterne - catasto", "sc_acq": "1:2000", "edifc_ty": "generica", "edifc_uso": "residenziale e commerciale", "edifc_stat": "costruito", "edifc_mon": "0", "edifc_nome": "", "edifc_idag": "", "edifc_ided": "", "source": "BDTRE edifc" }, "geometry": { "type": "Polygon", "coordinates": [ [ [ 7.68038, 45.06485 ], [ 7.67988, 45.06503 ], [ 7.68001, 45.0652 ], [ 7.68001, 45.06521 ], [ 7.68008, 45.0653 ], [ 7.68022, 45.0655 ], [ 7.68072, 45.06532 ], [ 7.68064, 45.0652 ], [ 7.68055, 45.06508 ], [ 7.68038, 45.06485 ] ], [ [ 7.68023, 45.06505 ], [ 7.68027, 45.06504 ], [ 7.68029, 45.06507 ], [ 7.6803, 45.06507 ], [ 7.6804, 45.06521 ], [ 7.68042, 45.06524 ], [ 7.68027, 45.0653 ], [ 7.68014, 45.06513 ], [ 7.68014, 45.06513 ], [ 7.68015, 45.06513 ], [ 7.68013, 45.0651 ], [ 7.68013, 45.0651 ], [ 7.68016, 45.06508 ], [ 7.68017, 45.0651 ], [ 7.68025, 45.06507 ], [ 7.68023, 45.06506 ], [ 7.68023, 45.06505 ] ] ] } },
{ "type": "Feature", "properties": { "uuid": "3e82c7b6-a5f0-4b9d-9f2a-43f949ac7c5b", "data_acq": "2019-11-30 00:00:00", "data_agg": "2019-11-30 00:00:00", "data_fin": "9999-12-31 00:00:00", "ente_for": "REGIONE PIEMONTE", "ente_prod": "REGIONE PIEMONTE", "modo_prod": "banche dati esterne - catasto", "sc_acq": "1:2000", "edifc_ty": "generica", "edifc_uso": "residenziale e commerciale", "edifc_stat": "costruito", "edifc_mon": "0", "edifc_nome": "", "edifc_idag": "", "edifc_ided": "", "source": "BDTRE edifc" }, "geometry": { "type": "Polygon", "coordinates": [ [ [ 7.68403, 45.08227 ], [ 7.68408, 45.08231 ], [ 7.68401, 45.08236 ], [ 7.68396, 45.08232 ], [ 7.6839, 45.08227 ], [ 7.68397, 45.08222 ], [ 7.68403, 45.08227 ], [ 7.68403, 45.08227 ] ] ] } },
{ "type": "Feature", "properties": { "uuid": "e4d1cb9d-3cab-45c2-9455-96ad1b020692", "data_acq": "2019-11-30 00:00:00", "data_agg": "2019-11-30 00:00:00", "data_fin": "9999-12-31 00:00:00", "ente_for": "REGIONE PIEMONTE", "ente_prod": "REGIONE PIEMONTE", "modo_prod": "banche dati esterne - catasto", "sc_acq": "1:2000", "edifc_ty": "generica", "edifc_uso": "residenziale e commerciale", "edifc_stat": "costruito", "edifc_mon": "0", "edifc_nome": "", "edifc_idag": "", "edifc_ided": "", "source": "BDTRE edifc" }, "geometry": { "type": "Polygon", "coordinates": [ [ [ 7.66668, 45.08319 ], [ 7.66667, 45.0832 ], [ 7.66668, 45.08321 ], [ 7.66654, 45.08325 ], [ 7.6666, 45.08335 ], [ 7.66662, 45.08334 ], [ 7.66667, 45.08332 ], [ 7.66675, 45.0833 ], [ 7.66668, 45.08319 ] ] ] } },
{ "type": "Feature", "properties": { "uuid": "d7900f1e-d7ca-46d3-b3a8-a3ffb348ddc6", "data_acq": "2019-11-30 00:00:00", "data_agg": "2019-11-30 00:00:00", "data_fin": "9999-12-31 00:00:00", "ente_for": "REGIONE PIEMONTE", "ente_prod": "REGIONE PIEMONTE", "modo_prod": "banche dati esterne - catasto", "sc_acq": "1:2000", "edifc_ty": "generica", "edifc_uso": "residenziale e commerciale", "edifc_stat": "costruito", "edifc_mon": "0", "edifc_nome": "", "edifc_idag": "", "edifc_ided": "", "source": "BDTRE edifc" }, "geometry": { "type": "Polygon", "coordinates": [ [ [ 7.69325, 45.06609 ], [ 7.69307, 45.0662 ], [ 7.69301, 45.06616 ], [ 7.69302, 45.06616 ], [ 7.6928, 45.06595 ], [ 7.69284, 45.06593 ], [ 7.69273, 45.06584 ], [ 7.69298, 45.06574 ], [ 7.69312, 45.06587 ], [ 7.69306, 45.0659 ], [ 7.69305, 45.06591 ], [ 7.69302, 45.06587 ], [ 7.69288, 45.06592 ], [ 7.6929, 45.06595 ], [ 7.69292, 45.06595 ], [ 7.69292, 45.06596 ], [ 7.69293, 45.06596 ], [ 7.69297, 45.06601 ], [ 7.69302, 45.06606 ], [ 7.69311, 45.066 ], [ 7.6931, 45.066 ], [ 7.69314, 45.06597 ], [ 7.69314, 45.06597 ], [ 7.69321, 45.06604 ], [ 7.6932, 45.06605 ], [ 7.69325, 45.06609 ] ] ] } },
{ "type": "Feature", "properties": { "uuid": "6b054fa2-c3d8-4f5c-a1f6-b0b1924885b3", "data_acq": "2019-11-30 00:00:00", "data_agg": "2019-11-30 00:00:00", "data_fin": "9999-12-31 00:00:00", "ente_for": "REGIONE PIEMONTE", "ente_prod": "REGIONE PIEMONTE", "modo_prod": "banche dati esterne - catasto", "sc_acq": "1:2000", "edifc_ty": "generica", "edifc_uso": "residenziale e commerciale", "edifc_stat": "costruito", "edifc_mon": "0", "edifc_nome": "", "edifc_idag": "", "edifc_ided": "", "source": "BDTRE edifc" }, "geometry": { "type": "Polygon", "coordinates": [ [ [ 7.66928, 45.071 ], [ 7.66907, 45.07071 ], [ 7.66934, 45.07062 ], [ 7.66937, 45.07066 ], [ 7.66928, 45.0707 ], [ 7.66928, 45.07071 ], [ 7.66927, 45.07071 ], [ 7.66937, 45.07086 ], [ 7.66939, 45.07085 ], [ 7.66944, 45.07092 ], [ 7.66945, 45.07092 ], [ 7.66946, 45.07093 ], [ 7.66945, 45.07094 ], [ 7.66928, 45.071 ] ] ] } },
{ "type": "Feature", "properties": { "uuid": "139c3be9-48a9-4b58-b16b-ea15e0df7243", "data_acq": "2019-11-30 00:00:00", "data_agg": "2019-11-30 00:00:00", "data_fin": "9999-12-31 00:00:00", "ente_for": "REGIONE PIEMONTE", "ente_prod": "REGIONE PIEMONTE", "modo_prod": "banche dati esterne - catasto", "sc_acq": "1:2000", "edifc_ty": "generica", "edifc_uso": "residenziale e commerciale", "edifc_stat": "costruito", "edifc_mon": "0", "edifc_nome": "", "edifc_idag": "", "edifc_ided": "", "source": "BDTRE edifc" }, "geometry": { "type": "Polygon", "coordinates": [ [ [ 7.6802, 45.07054 ], [ 7.68015, 45.07054 ], [ 7.68009, 45.07053 ], [ 7.67998, 45.07057 ], [ 7.6799, 45.0706 ], [ 7.67985, 45.07062 ], [ 7.67993, 45.07076 ], [ 7.67995, 45.07078 ], [ 7.6801, 45.07073 ], [ 7.68011, 45.07071 ], [ 7.68013, 45.0707 ], [ 7.68017, 45.07076 ], [ 7.68015, 45.07077 ], [ 7.68014, 45.07079 ], [ 7.68014, 45.0708 ], [ 7.67999, 45.07085 ], [ 7.68002, 45.07091 ], [ 7.68007, 45.07089 ], [ 7.68018, 45.07085 ], [ 7.68017, 45.07084 ], [ 7.68034, 45.07078 ], [ 7.68035, 45.07079 ], [ 7.68038, 45.07078 ], [ 7.68038, 45.07077 ], [ 7.68023, 45.07055 ], [ 7.6802, 45.07054 ] ] ] } },
{ "type": "Feature", "properties": { "uuid": "cb73852b-e614-4f13-82c8-2c087b573594", "data_acq": "2019-11-30 00:00:00", "data_agg": "2019-11-30 00:00:00", "data_fin": "9999-12-31 00:00:00", "ente_for": "REGIONE PIEMONTE", "ente_prod": "REGIONE PIEMONTE", "modo_prod": "banche dati esterne - catasto", "sc_acq": "1:2000", "edifc_ty": "generica", "edifc_uso": "residenziale e commerciale", "edifc_stat": "costruito", "edifc_mon": "0", "edifc_nome": "", "edifc_idag": "", "edifc_ided": "", "source": "BDTRE edifc" }, "geometry": { "type": "Polygon", "coordinates": [ [ [ 7.68078, 45.07196 ], [ 7.68079, 45.07195 ], [ 7.6808, 45.07196 ], [ 7.68078, 45.07197 ], [ 7.68078, 45.07196 ], [ 7.68078, 45.07196 ] ] ] } },
{ "type": "Feature", "properties": { "uuid": "5c77be88-541e-4af6-be60-dcb1a3f868d9", "data_acq": "2019-11-30 00:00:00", "data_agg": "2019-11-30 00:00:00", "data_fin": "9999-12-31 00:00:00", "ente_for": "REGIONE PIEMONTE", "ente_prod": "REGIONE PIEMONTE", "modo_prod": "banche dati esterne - catasto", "sc_acq": "1:2000", "edifc_ty": "generica", "edifc_uso": "residenziale e commerciale", "edifc_stat": "costruito", "edifc_mon": "0", "edifc_nome": "", "edifc_idag": "", "edifc_ided": "", "source": "BDTRE edifc" }, "geometry": { "type": "Polygon", "coordinates": [ [ [ 7.66949, 45.07552 ], [ 7.66949, 45.07552 ], [ 7.6693, 45.07526 ], [ 7.66921, 45.07512 ], [ 7.66919, 45.0751 ], [ 7.66918, 45.07508 ], [ 7.66917, 45.07508 ], [ 7.66917, 45.07507 ], [ 7.66921, 45.07506 ], [ 7.66924, 45.07505 ], [ 7.66926, 45.07507 ], [ 7.66928, 45.0751 ], [ 7.66942, 45.07505 ], [ 7.66943, 45.07505 ], [ 7.6695, 45.07515 ], [ 7.66951, 45.07515 ], [ 7.66952, 45.07516 ], [ 7.66945, 45.07519 ], [ 7.6695, 45.07526 ], [ 7.66951, 45.07526 ], [ 7.66957, 45.07535 ], [ 7.66963, 45.07533 ], [ 7.66964, 45.07534 ], [ 7.66971, 45.07544 ], [ 7.6697, 45.07545 ], [ 7.66949, 45.07552 ] ] ] } },
{ "type": "Feature", "properties": { "uuid": "0a478ab5-4353-4ee6-8307-08dd163826cd", "data_acq": "2019-11-30 00:00:00", "data_agg": "2019-11-30 00:00:00", "data_fin": "9999-12-31 00:00:00", "ente_for": "REGIONE PIEMONTE", "ente_prod": "REGIONE PIEMONTE", "modo_prod": "banche dati esterne - catasto", "sc_acq": "1:2000", "edifc_ty": "capannone", "edifc_uso": "residenziale e produttivo", "edifc_stat": "costruito", "edifc_mon": "0", "edifc_nome": "", "edifc_idag": "", "edifc_ided": "", "source": "BDTRE edifc" }, "geometry": { "type": "Polygon", "coordinates": [ [ [ 7.69449, 45.08474 ], [ 7.69456, 45.08466 ], [ 7.69465, 45.08469 ], [ 7.69466, 45.08468 ], [ 7.69467, 45.08469 ], [ 7.69466, 45.0847 ], [ 7.69468, 45.08471 ], [ 7.69469, 45.0847 ], [ 7.6947, 45.0847 ], [ 7.69469, 45.08471 ], [ 7.69477, 45.08475 ], [ 7.6947, 45.08483 ], [ 7.69465, 45.08481 ], [ 7.69466, 45.08481 ], [ 7.69454, 45.08476 ], [ 7.69454, 45.08476 ], [ 7.69449, 45.08474 ] ] ] } },
{ "type": "Feature", "properties": { "uuid": "c7221dff-b9de-4811-abbf-e71edd124d8b", "data_acq": "2019-11-30 00:00:00", "data_agg": "2019-11-30 00:00:00", "data_fin": "9999-12-31 00:00:00", "ente_for": "REGIONE PIEMONTE", "ente_prod": "REGIONE PIEMONTE", "modo_prod": "banche dati esterne - catasto", "sc_acq": "1:2000", "edifc_ty": "generica", "edifc_uso": "residenziale e commerciale", "edifc_stat": "costruito", "edifc_mon": "0", "edifc_nome": "", "edifc_idag": "", "edifc_ided": "", "source": "BDTRE edifc" }, "geometry": { "type": "Polygon", "coordinates": [ [ [ 7.6691, 45.08369 ], [ 7.66911, 45.08368 ], [ 7.66912, 45.08367 ], [ 7.66919, 45.08359 ], [ 7.66923, 45.08355 ], [ 7.66923, 45.08354 ], [ 7.66936, 45.0836 ], [ 7.66936, 45.0836 ], [ 7.66934, 45.08363 ], [ 7.66932, 45.08365 ], [ 7.66933, 45.08365 ], [ 7.66931, 45.08368 ], [ 7.6693, 45.08368 ], [ 7.66929, 45.08368 ], [ 7.66929, 45.08368 ], [ 7.66923, 45.08375 ], [ 7.6691, 45.08369 ] ] ] } },
{ "type": "Feature", "properties": { "uuid": "99ff27df-3695-450a-acfc-7272c9c8b774", "data_acq": "2019-11-30 00:00:00", "data_agg": "2019-11-30 00:00:00", "data_fin": "9999-12-31 00:00:00", "ente_for": "REGIONE PIEMONTE", "ente_prod": "REGIONE PIEMONTE", "modo_prod": "banche dati esterne - catasto", "sc_acq": "1:2000", "edifc_ty": "generica", "edifc_uso": "residenziale e commerciale", "edifc_stat": "costruito", "edifc_mon": "0", "edifc_nome": "", "edifc_idag": "", "edifc_ided": "", "source": "BDTRE edifc" }, "geometry": { "type": "Polygon", "coordinates": [ [ [ 7.68377, 45.06723 ], [ 7.68369, 45.06711 ], [ 7.68362, 45.06702 ], [ 7.68383, 45.06694 ], [ 7.68372, 45.06679 ], [ 7.68351, 45.06686 ], [ 7.68351, 45.06686 ], [ 7.68344, 45.06678 ], [ 7.68345, 45.06678 ], [ 7.68339, 45.06669 ], [ 7.68357, 45.06663 ], [ 7.68379, 45.06655 ], [ 7.68396, 45.06678 ], [ 7.6841, 45.06697 ], [ 7.68414, 45.06703 ], [ 7.6841, 45.06705 ], [ 7.68413, 45.0671 ], [ 7.68391, 45.06718 ], [ 7.68377, 45.06723 ] ], [ [ 7.68397, 45.067 ], [ 7.68382, 45.06705 ], [ 7.68389, 45.06715 ], [ 7.68392, 45.06714 ], [ 7.68391, 45.06711 ], [ 7.68402, 45.06707 ], [ 7.68397, 45.067 ], [ 7.68397, 45.067 ] ] ] } },
{ "type": "Feature", "properties": { "uuid": "63f8320a-cf33-4fb6-b670-f6b05c2587d5", "data_acq": "2019-11-30 00:00:00", "data_agg": "2019-11-30 00:00:00", "data_fin": "9999-12-31 00:00:00", "ente_for": "REGIONE PIEMONTE", "ente_prod": "REGIONE PIEMONTE", "modo_prod": "banche dati esterne - catasto", "sc_acq": "1:2000", "edifc_ty": "generica", "edifc_uso": "residenziale e commerciale", "edifc_stat": "costruito", "edifc_mon": "0", "edifc_nome": "", "edifc_idag": "", "edifc_ided": "", "source": "BDTRE edifc" }, "geometry": { "type": "Polygon", "coordinates": [ [ [ 7.68696, 45.06896 ], [ 7.68726, 45.06885 ], [ 7.68735, 45.06898 ], [ 7.68735, 45.06898 ], [ 7.68719, 45.06904 ], [ 7.68726, 45.06913 ], [ 7.68742, 45.06907 ], [ 7.68746, 45.06913 ], [ 7.68758, 45.06931 ], [ 7.68751, 45.06933 ], [ 7.68736, 45.06939 ], [ 7.68735, 45.0694 ], [ 7.68732, 45.06935 ], [ 7.68723, 45.06923 ], [ 7.68712, 45.06907 ], [ 7.68705, 45.0691 ], [ 7.68696, 45.06896 ] ], [ [ 7.68741, 45.06918 ], [ 7.68735, 45.0692 ], [ 7.68737, 45.06924 ], [ 7.68732, 45.06925 ], [ 7.68737, 45.06931 ], [ 7.68747, 45.06927 ], [ 7.68741, 45.06918 ], [ 7.68741, 45.06918 ] ] ] } },
{ "type": "Feature", "properties": { "uuid": "633cf0fa-6ef9-49c8-b70b-df96507b8abd", "data_acq": "2019-11-30 00:00:00", "data_agg": "2019-11-30 00:00:00", "data_fin": "9999-12-31 00:00:00", "ente_for": "REGIONE PIEMONTE", "ente_prod": "REGIONE PIEMONTE", "modo_prod": "banche dati esterne - catasto", "sc_acq": "1:2000", "edifc_ty": "generica", "edifc_uso": "residenziale e commerciale", "edifc_stat": "costruito", "edifc_mon": "0", "edifc_nome": "", "edifc_idag": "", "edifc_ided": "", "source": "BDTRE edifc" }, "geometry": { "type": "Polygon", "coordinates": [ [ [ 7.69168, 45.07429 ], [ 7.69189, 45.07423 ], [ 7.69189, 45.07423 ], [ 7.69196, 45.07433 ], [ 7.69183, 45.07437 ], [ 7.69183, 45.07438 ], [ 7.69191, 45.0745 ], [ 7.69203, 45.07446 ], [ 7.69203, 45.07445 ], [ 7.69204, 45.07445 ], [ 7.69211, 45.07455 ], [ 7.69211, 45.07455 ], [ 7.6919, 45.07462 ], [ 7.6919, 45.07462 ], [ 7.69184, 45.07452 ], [ 7.69182, 45.07449 ], [ 7.69168, 45.07429 ] ] ] } },
{ "type": "Feature", "properties": { "uuid": "510412da-3a17-43d9-a7b7-024ea398eb59", "data_acq": "2019-11-30 00:00:00", "data_agg": "2019-11-30 00:00:00", "data_fin": "9999-12-31 00:00:00", "ente_for": "REGIONE PIEMONTE", "ente_prod": "REGIONE PIEMONTE", "modo_prod": "banche dati esterne - catasto", "sc_acq": "1:2000", "edifc_ty": "generica", "edifc_uso": "residenziale e commerciale", "edifc_stat": "costruito", "edifc_mon": "0", "edifc_nome": "", "edifc_idag": "", "edifc_ided": "", "source": "BDTRE edifc" }, "geometry": { "type": "Polygon", "coordinates": [ [ [ 7.66612, 45.08197 ], [ 7.66608, 45.08191 ], [ 7.66602, 45.08183 ], [ 7.66592, 45.08186 ], [ 7.66583, 45.0819 ], [ 7.66589, 45.08198 ], [ 7.66594, 45.08197 ], [ 7.66596, 45.08197 ], [ 7.66599, 45.08201 ], [ 7.66612, 45.08197 ] ] ] } },
{ "type": "Feature", "properties": { "uuid": "3e94d8e5-7077-4878-ad6d-98cb9fa14c85", "data_acq": "2019-11-30 00:00:00", "data_agg": "2019-11-30 00:00:00", "data_fin": "9999-12-31 00:00:00", "ente_for": "REGIONE PIEMONTE", "ente_prod": "REGIONE PIEMONTE", "modo_prod": "banche dati esterne - catasto", "sc_acq": "1:2000", "edifc_ty": "generica", "edifc_uso": "residenziale e commerciale", "edifc_stat": "costruito", "edifc_mon": "0", "edifc_nome": "", "edifc_idag": "", "edifc_ided": "", "source": "BDTRE edifc" }, "geometry": { "type": "Polygon", "coordinates": [ [ [ 7.69326, 45.08312 ], [ 7.69307, 45.08313 ], [ 7.69308, 45.08328 ], [ 7.69324, 45.08328 ], [ 7.69325, 45.08328 ], [ 7.69324, 45.08327 ], [ 7.69323, 45.08327 ], [ 7.69323, 45.08313 ], [ 7.69326, 45.08313 ], [ 7.69326, 45.08312 ] ] ] } },
{ "type": "Feature", "properties": { "uuid": "bfd4c522-2a02-4789-8246-8642c06fbce1", "data_acq": "2019-11-30 00:00:00", "data_agg": "2019-11-30 00:00:00", "data_fin": "9999-12-31 00:00:00", "ente_for": "REGIONE PIEMONTE", "ente_prod": "REGIONE PIEMONTE", "modo_prod": "banche dati esterne - catasto", "sc_acq": "1:2000", "edifc_ty": "generica", "edifc_uso": "residenziale e commerciale", "edifc_stat": "costruito", "edifc_mon": "0", "edifc_nome": "", "edifc_idag": "", "edifc_ided": "", "source": "BDTRE edifc" }, "geometry": { "type": "Polygon", "coordinates": [ [ [ 7.6674, 45.0838 ], [ 7.66747, 45.08389 ], [ 7.6675, 45.08394 ], [ 7.66751, 45.08394 ], [ 7.66736, 45.08399 ], [ 7.66727, 45.08386 ], [ 7.66726, 45.08387 ], [ 7.66725, 45.08385 ], [ 7.6674, 45.0838 ] ] ] } },
{ "type": "Feature", "properties": { "uuid": "62c8d348-ba77-436c-9628-df0cf76fb92c", "data_acq": "2019-11-30 00:00:00", "data_agg": "2019-11-30 00:00:00", "data_fin": "9999-12-31 00:00:00", "ente_for": "REGIONE PIEMONTE", "ente_prod": "REGIONE PIEMONTE", "modo_prod": "banche dati esterne - catasto", "sc_acq": "1:2000", "edifc_ty": "generica", "edifc_uso": "residenziale e commerciale", "edifc_stat": "costruito", "edifc_mon": "0", "edifc_nome": "", "edifc_idag": "", "edifc_ided": "", "source": "BDTRE edifc" }, "geometry": { "type": "Polygon", "coordinates": [ [ [ 7.68667, 45.06803 ], [ 7.68667, 45.06803 ], [ 7.68648, 45.0681 ], [ 7.68645, 45.06811 ], [ 7.68636, 45.06798 ], [ 7.68636, 45.06798 ], [ 7.68646, 45.06794 ], [ 7.68646, 45.06794 ], [ 7.6865, 45.06792 ], [ 7.68645, 45.06786 ], [ 7.68639, 45.06776 ], [ 7.68638, 45.06776 ], [ 7.68637, 45.06775 ], [ 7.68638, 45.06775 ], [ 7.68637, 45.06773 ], [ 7.68623, 45.06778 ], [ 7.68619, 45.06773 ], [ 7.6862, 45.06773 ], [ 7.6863, 45.06769 ], [ 7.68631, 45.06772 ], [ 7.68643, 45.06767 ], [ 7.68667, 45.06803 ] ] ] } },
{ "type": "Feature", "properties": { "uuid": "d9fb577b-dcad-4630-9883-11be316a807d", "data_acq": "2019-11-30 00:00:00", "data_agg": "2019-11-30 00:00:00", "data_fin": "9999-12-31 00:00:00", "ente_for": "REGIONE PIEMONTE", "ente_prod": "REGIONE PIEMONTE", "modo_prod": "banche dati esterne - catasto", "sc_acq": "1:2000", "edifc_ty": "generica", "edifc_uso": "residenziale e commerciale", "edifc_stat": "costruito", "edifc_mon": "0", "edifc_nome": "", "edifc_idag": "", "edifc_ided": "", "source": "BDTRE edifc" }, "geometry": { "type": "Polygon", "coordinates": [ [ [ 7.66669, 45.08279 ], [ 7.66676, 45.0829 ], [ 7.66676, 45.0829 ], [ 7.66664, 45.08294 ], [ 7.66654, 45.08296 ], [ 7.66651, 45.08292 ], [ 7.66653, 45.08291 ], [ 7.66653, 45.08292 ], [ 7.66662, 45.08289 ], [ 7.66659, 45.08284 ], [ 7.66658, 45.08284 ], [ 7.66657, 45.08283 ], [ 7.66669, 45.08279 ] ] ] } },
{ "type": "Feature", "properties": { "uuid": "2ee33208-2da4-4ec5-adf5-77e9788e0216", "data_acq": "2019-11-30 00:00:00", "data_agg": "2019-11-30 00:00:00", "data_fin": "9999-12-31 00:00:00", "ente_for": "REGIONE PIEMONTE", "ente_prod": "REGIONE PIEMONTE", "modo_prod": "banche dati esterne - catasto", "sc_acq": "1:2000", "edifc_ty": "generica", "edifc_uso": "residenziale e commerciale", "edifc_stat": "costruito", "edifc_mon": "0", "edifc_nome": "", "edifc_idag": "", "edifc_ided": "", "source": "BDTRE edifc" }, "geometry": { "type": "Polygon", "coordinates": [ [ [ 7.68444, 45.07204 ], [ 7.68413, 45.07213 ], [ 7.68406, 45.07203 ], [ 7.68412, 45.07201 ], [ 7.68413, 45.07202 ], [ 7.68413, 45.07202 ], [ 7.68414, 45.07202 ], [ 7.68414, 45.07202 ], [ 7.68415, 45.07203 ], [ 7.68431, 45.07197 ], [ 7.68428, 45.07194 ], [ 7.68427, 45.07192 ], [ 7.68427, 45.07192 ], [ 7.68426, 45.07192 ], [ 7.68426, 45.07192 ], [ 7.68425, 45.07191 ], [ 7.68427, 45.0719 ], [ 7.68427, 45.0719 ], [ 7.68428, 45.07191 ], [ 7.68434, 45.07189 ], [ 7.68434, 45.0719 ], [ 7.68444, 45.07204 ] ] ] } },
{ "type": "Feature", "properties": { "uuid": "b824ffb8-fd99-40ee-9cb1-c352bee960e0", "data_acq": "2019-11-30 00:00:00", "data_agg": "2019-11-30 00:00:00", "data_fin": "9999-12-31 00:00:00", "ente_for": "REGIONE PIEMONTE", "ente_prod": "REGIONE PIEMONTE", "modo_prod": "banche dati esterne - catasto", "sc_acq": "1:2000", "edifc_ty": "generica", "edifc_uso": "residenziale e commerciale", "edifc_stat": "costruito", "edifc_mon": "0", "edifc_nome": "", "edifc_idag": "", "edifc_ided": "", "source": "BDTRE edifc" }, "geometry": { "type": "Polygon", "coordinates": [ [ [ 7.66553, 45.07343 ], [ 7.66556, 45.07342 ], [ 7.6656, 45.07348 ], [ 7.66553, 45.07351 ], [ 7.66549, 45.07344 ], [ 7.66553, 45.07343 ] ] ] } },
{ "type": "Feature", "properties": { "uuid": "032d8c0c-e7dd-437d-9a8c-ad27e43395ed", "data_acq": "2010-01-01 00:00:00", "data_agg": "2022-12-31 00:00:00", "data_fin": "9999-12-31 00:00:00", "ente_for": "REGIONE PIEMONTE", "ente_prod": "CSI PIEMONTE", "modo_prod": "rilievo speditivo - ortofoto", "sc_acq": "1:10000", "edifc_ty": "generica", "edifc_uso": "residenziale e commerciale", "edifc_stat": "costruito", "edifc_mon": "0", "edifc_nome": "", "edifc_idag": "", "edifc_ided": "", "source": "BDTRE edifc" }, "geometry": { "type": "Polygon", "coordinates": [ [ [ 7.69221, 45.06676 ], [ 7.69207, 45.06685 ], [ 7.69194, 45.06675 ], [ 7.69196, 45.06673 ], [ 7.69195, 45.06668 ], [ 7.69195, 45.06668 ], [ 7.69202, 45.06663 ], [ 7.69207, 45.06667 ], [ 7.6921, 45.06665 ], [ 7.6921, 45.06665 ], [ 7.69211, 45.06666 ], [ 7.6921, 45.06667 ], [ 7.69216, 45.06673 ], [ 7.69221, 45.06676 ] ] ] } },
{ "type": "Feature", "properties": { "uuid": "2741bdd5-9bee-4514-b1b0-3bd7f3ee7739", "data_acq": "2019-11-30 00:00:00", "data_agg": "2019-11-30 00:00:00", "data_fin": "9999-12-31 00:00:00", "ente_for": "REGIONE PIEMONTE", "ente_prod": "REGIONE PIEMONTE", "modo_prod": "banche dati esterne - catasto", "sc_acq": "1:2000", "edifc_ty": "generica", "edifc_uso": "residenziale e commerciale", "edifc_stat": "costruito", "edifc_mon": "0", "edifc_nome": "", "edifc_idag": "", "edifc_ided": "", "source": "BDTRE edifc" }, "geometry": { "type": "Polygon", "coordinates": [ [ [ 7.67581, 45.07574 ], [ 7.67573, 45.07563 ], [ 7.67585, 45.07559 ], [ 7.6759, 45.07557 ], [ 7.67609, 45.0755 ], [ 7.67633, 45.07583 ], [ 7.67631, 45.07584 ], [ 7.67624, 45.07585 ], [ 7.67617, 45.07576 ], [ 7.67609, 45.07565 ], [ 7.67609, 45.07565 ], [ 7.67599, 45.07568 ], [ 7.67599, 45.07568 ], [ 7.67594, 45.0757 ], [ 7.67594, 45.0757 ], [ 7.67581, 45.07574 ] ] ] } },
{ "type": "Feature", "properties": { "uuid": "7168628a-0c66-4dec-b83f-ee2bf47236ef", "data_acq": "2019-11-30 00:00:00", "data_agg": "2019-11-30 00:00:00", "data_fin": "9999-12-31 00:00:00", "ente_for": "REGIONE PIEMONTE", "ente_prod": "REGIONE PIEMONTE", "modo_prod": "banche dati esterne - catasto", "sc_acq": "1:2000", "edifc_ty": "generica", "edifc_uso": "residenziale e commerciale", "edifc_stat": "costruito", "edifc_mon": "0", "edifc_nome": "", "edifc_idag": "", "edifc_ided": "", "source": "BDTRE edifc" }, "geometry": { "type": "Polygon", "coordinates": [ [ [ 7.69293, 45.0663 ], [ 7.69293, 45.0663 ], [ 7.6926, 45.06651 ], [ 7.6926, 45.06651 ], [ 7.69245, 45.0663 ], [ 7.69247, 45.06628 ], [ 7.69246, 45.06627 ], [ 7.69256, 45.06621 ], [ 7.69261, 45.06628 ], [ 7.69267, 45.06624 ], [ 7.6927, 45.06624 ], [ 7.69271, 45.06623 ], [ 7.69272, 45.06623 ], [ 7.69274, 45.06622 ], [ 7.69273, 45.06621 ], [ 7.69275, 45.06619 ], [ 7.69278, 45.06617 ], [ 7.69278, 45.06617 ], [ 7.69293, 45.0663 ] ] ] } },
{ "type": "Feature", "properties": { "uuid": "60ff178e-b276-4582-a831-e9cdd1038f36", "data_acq": "2019-11-30 00:00:00", "data_agg": "2019-11-30 00:00:00", "data_fin": "9999-12-31 00:00:00", "ente_for": "REGIONE PIEMONTE", "ente_prod": "REGIONE PIEMONTE", "modo_prod": "banche dati esterne - catasto", "sc_acq": "1:2000", "edifc_ty": "generica", "edifc_uso": "residenziale e produttivo", "edifc_stat": "costruito", "edifc_mon": "0", "edifc_nome": "", "edifc_idag": "", "edifc_ided": "", "source": "BDTRE edifc" }, "geometry": { "type": "Polygon", "coordinates": [ [ [ 7.68702, 45.07935 ], [ 7.68696, 45.07941 ], [ 7.68694, 45.07942 ], [ 7.68693, 45.07942 ], [ 7.68693, 45.07941 ], [ 7.68689, 45.07935 ], [ 7.68684, 45.07926 ], [ 7.68678, 45.07916 ], [ 7.68699, 45.07909 ], [ 7.68707, 45.07912 ], [ 7.68707, 45.07913 ], [ 7.6869, 45.07919 ], [ 7.687, 45.07934 ], [ 7.68701, 45.07934 ], [ 7.68702, 45.07935 ] ] ] } },
{ "type": "Feature", "properties": { "uuid": "f9d261c0-fd9a-4019-b735-ac2c6fd0d4f5", "data_acq": "2019-11-30 00:00:00", "data_agg": "2019-11-30 00:00:00", "data_fin": "9999-12-31 00:00:00", "ente_for": "REGIONE PIEMONTE", "ente_prod": "REGIONE PIEMONTE", "modo_prod": "banche dati esterne - catasto", "sc_acq": "1:2000", "edifc_ty": "generica", "edifc_uso": "residenziale e commerciale", "edifc_stat": "costruito", "edifc_mon": "0", "edifc_nome": "", "edifc_idag": "", "edifc_ided": "", "source": "BDTRE edifc" }, "geometry": { "type": "Polygon", "coordinates": [ [ [ 7.66754, 45.07586 ], [ 7.66747, 45.07589 ], [ 7.66746, 45.07589 ], [ 7.66737, 45.07592 ], [ 7.66721, 45.07596 ], [ 7.66714, 45.07586 ], [ 7.66721, 45.07583 ], [ 7.66722, 45.07584 ], [ 7.66721, 45.07584 ], [ 7.66724, 45.07589 ], [ 7.66736, 45.07585 ], [ 7.66732, 45.07579 ], [ 7.66746, 45.07574 ], [ 7.66754, 45.07586 ] ] ] } },
{ "type": "Feature", "properties": { "uuid": "a8bab360-a159-4747-bafd-3269eb766596", "data_acq": "2019-11-30 00:00:00", "data_agg": "2019-11-30 00:00:00", "data_fin": "9999-12-31 00:00:00", "ente_for": "REGIONE PIEMONTE", "ente_prod": "REGIONE PIEMONTE", "modo_prod": "banche dati esterne - catasto", "sc_acq": "1:2000", "edifc_ty": "generica", "edifc_uso": "residenziale e commerciale", "edifc_stat": "costruito", "edifc_mon": "0", "edifc_nome": "", "edifc_idag": "", "edifc_ided": "", "source": "BDTRE edifc" }, "geometry": { "type": "Polygon", "coordinates": [ [ [ 7.68645, 45.06811 ], [ 7.68611, 45.06824 ], [ 7.68611, 45.06824 ], [ 7.68584, 45.06786 ], [ 7.68619, 45.06773 ], [ 7.68623, 45.06778 ], [ 7.68636, 45.06798 ], [ 7.68636, 45.06798 ], [ 7.68645, 45.06811 ] ], [ [ 7.686, 45.06787 ], [ 7.68613, 45.06806 ], [ 7.68626, 45.06801 ], [ 7.68613, 45.06782 ], [ 7.68613, 45.06782 ], [ 7.686, 45.06787 ] ] ] } },
{ "type": "Feature", "properties": { "uuid": "a624ed3a-1509-4133-89b5-9ce78dd7eb42", "data_acq": "2019-11-30 00:00:00", "data_agg": "2019-11-30 00:00:00", "data_fin": "9999-12-31 00:00:00", "ente_for": "REGIONE PIEMONTE", "ente_prod": "REGIONE PIEMONTE", "modo_prod": "banche dati esterne - catasto", "sc_acq": "1:2000", "edifc_ty": "generica", "edifc_uso": "residenziale e commerciale", "edifc_stat": "costruito", "edifc_mon": "0", "edifc_nome": "", "edifc_idag": "", "edifc_ided": "", "source": "BDTRE edifc" }, "geometry": { "type": "Polygon", "coordinates": [ [ [ 7.66672, 45.08416 ], [ 7.66659, 45.08421 ], [ 7.66662, 45.08426 ], [ 7.66662, 45.08427 ], [ 7.66662, 45.08427 ], [ 7.66663, 45.08427 ], [ 7.66665, 45.08427 ], [ 7.66665, 45.08428 ], [ 7.66666, 45.08429 ], [ 7.66656, 45.08433 ], [ 7.66653, 45.08429 ], [ 7.66651, 45.0843 ], [ 7.66653, 45.08432 ], [ 7.66653, 45.08432 ], [ 7.66658, 45.08441 ], [ 7.66659, 45.08441 ], [ 7.6666, 45.08441 ], [ 7.66674, 45.08437 ], [ 7.66682, 45.08434 ], [ 7.66682, 45.08433 ], [ 7.66682, 45.08432 ], [ 7.66678, 45.08426 ], [ 7.66672, 45.08416 ] ] ] } },
{ "type": "Feature", "properties": { "uuid": "19b1ea5a-57cb-40ce-99be-042387887ec6", "data_acq": "2019-11-30 00:00:00", "data_agg": "2019-11-30 00:00:00", "data_fin": "9999-12-31 00:00:00", "ente_for": "REGIONE PIEMONTE", "ente_prod": "REGIONE PIEMONTE", "modo_prod": "banche dati esterne - catasto", "sc_acq": "1:2000", "edifc_ty": "generica", "edifc_uso": "residenziale e commerciale", "edifc_stat": "costruito", "edifc_mon": "0", "edifc_nome": "", "edifc_idag": "", "edifc_ided": "", "source": "BDTRE edifc" }, "geometry": { "type": "Polygon", "coordinates": [ [ [ 7.6778, 45.07389 ], [ 7.67781, 45.0739 ], [ 7.67774, 45.07392 ], [ 7.67778, 45.07397 ], [ 7.67784, 45.07395 ], [ 7.67788, 45.074 ], [ 7.67786, 45.07401 ], [ 7.67788, 45.07402 ], [ 7.6779, 45.07402 ], [ 7.67791, 45.07403 ], [ 7.6778, 45.07407 ], [ 7.67781, 45.0741 ], [ 7.67784, 45.07414 ], [ 7.67789, 45.0742 ], [ 7.67794, 45.07427 ], [ 7.67796, 45.07426 ], [ 7.67796, 45.07426 ], [ 7.67798, 45.07428 ], [ 7.67799, 45.07428 ], [ 7.67809, 45.07424 ], [ 7.6781, 45.07426 ], [ 7.67815, 45.07425 ], [ 7.67833, 45.07419 ], [ 7.6783, 45.07415 ], [ 7.67825, 45.07408 ], [ 7.67824, 45.07408 ], [ 7.67824, 45.07408 ], [ 7.67823, 45.07406 ], [ 7.67821, 45.07404 ], [ 7.6782, 45.07403 ], [ 7.6782, 45.07402 ], [ 7.6782, 45.07402 ], [ 7.67819, 45.07402 ], [ 7.67819, 45.07402 ], [ 7.67818, 45.07401 ], [ 7.67815, 45.07396 ], [ 7.67812, 45.07392 ], [ 7.6781, 45.07389 ], [ 7.67807, 45.07385 ], [ 7.67805, 45.07382 ], [ 7.67805, 45.07382 ], [ 7.67805, 45.07381 ], [ 7.67805, 45.07381 ], [ 7.67805, 45.07381 ], [ 7.67804, 45.07381 ], [ 7.67804, 45.07381 ], [ 7.6778, 45.07389 ] ] ] } },
{ "type": "Feature", "properties": { "uuid": "39feb351-b203-41de-b4d1-23f22fea3433", "data_acq": "2019-11-30 00:00:00", "data_agg": "2019-11-30 00:00:00", "data_fin": "9999-12-31 00:00:00", "ente_for": "REGIONE PIEMONTE", "ente_prod": "REGIONE PIEMONTE", "modo_prod": "banche dati esterne - catasto", "sc_acq": "1:2000", "edifc_ty": "generica", "edifc_uso": "residenziale e commerciale", "edifc_stat": "costruito", "edifc_mon": "0", "edifc_nome": "", "edifc_idag": "", "edifc_ided": "", "source": "BDTRE edifc" }, "geometry": { "type": "Polygon", "coordinates": [ [ [ 7.66812, 45.0821 ], [ 7.66819, 45.08221 ], [ 7.66821, 45.08221 ], [ 7.66822, 45.0822 ], [ 7.66821, 45.08219 ], [ 7.66821, 45.08219 ], [ 7.66824, 45.08218 ], [ 7.66824, 45.0822 ], [ 7.66835, 45.08216 ], [ 7.66834, 45.08215 ], [ 7.6684, 45.08213 ], [ 7.66834, 45.08203 ], [ 7.66823, 45.08206 ], [ 7.66816, 45.08208 ], [ 7.66812, 45.0821 ] ] ] } },
{ "type": "Feature", "properties": { "uuid": "d08939f5-e525-4406-88a9-9f13a663de2b", "data_acq": "2019-11-30 00:00:00", "data_agg": "2019-11-30 00:00:00", "data_fin": "9999-12-31 00:00:00", "ente_for": "REGIONE PIEMONTE", "ente_prod": "REGIONE PIEMONTE", "modo_prod": "banche dati esterne - catasto", "sc_acq": "1:2000", "edifc_ty": "generica", "edifc_uso": "residenziale e commerciale", "edifc_stat": "costruito", "edifc_mon": "0", "edifc_nome": "", "edifc_idag": "", "edifc_ided": "", "source": "BDTRE edifc" }, "geometry": { "type": "Polygon", "coordinates": [ [ [ 7.68281, 45.07116 ], [ 7.68286, 45.07125 ], [ 7.6829, 45.0713 ], [ 7.68295, 45.07129 ], [ 7.68292, 45.07123 ], [ 7.68297, 45.07122 ], [ 7.68297, 45.07122 ], [ 7.68298, 45.07121 ], [ 7.68299, 45.07122 ], [ 7.68301, 45.07122 ], [ 7.68305, 45.07128 ], [ 7.68291, 45.07132 ], [ 7.68286, 45.07134 ], [ 7.68282, 45.07136 ], [ 7.68284, 45.07137 ], [ 7.68288, 45.07141 ], [ 7.68295, 45.07138 ], [ 7.68322, 45.07129 ], [ 7.68308, 45.07109 ], [ 7.68306, 45.07108 ], [ 7.68303, 45.07108 ], [ 7.68295, 45.0711 ], [ 7.68281, 45.07116 ], [ 7.68281, 45.07116 ] ] ] } },
{ "type": "Feature", "properties": { "uuid": "0990814d-700e-4938-a0a7-8a866290feeb", "data_acq": "2019-11-30 00:00:00", "data_agg": "2019-11-30 00:00:00", "data_fin": "9999-12-31 00:00:00", "ente_for": "REGIONE PIEMONTE", "ente_prod": "REGIONE PIEMONTE", "modo_prod": "banche dati esterne - catasto", "sc_acq": "1:2000", "edifc_ty": "generica", "edifc_uso": "residenziale e commerciale", "edifc_stat": "costruito", "edifc_mon": "0", "edifc_nome": "", "edifc_idag": "", "edifc_ided": "", "source": "BDTRE edifc" }, "geometry": { "type": "Polygon", "coordinates": [ [ [ 7.66501, 45.08128 ], [ 7.66487, 45.08133 ], [ 7.66484, 45.08133 ], [ 7.66475, 45.08122 ], [ 7.66487, 45.08117 ], [ 7.66489, 45.0812 ], [ 7.66488, 45.0812 ], [ 7.66489, 45.08121 ], [ 7.66491, 45.08121 ], [ 7.66492, 45.08121 ], [ 7.66492, 45.08121 ], [ 7.66494, 45.0812 ], [ 7.66493, 45.0812 ], [ 7.66495, 45.08119 ], [ 7.66501, 45.08128 ] ] ] } },
{ "type": "Feature", "properties": { "uuid": "02c86383-0bca-4f1b-a29b-6cbd6638c7f9", "data_acq": "2019-11-30 00:00:00", "data_agg": "2019-11-30 00:00:00", "data_fin": "9999-12-31 00:00:00", "ente_for": "REGIONE PIEMONTE", "ente_prod": "REGIONE PIEMONTE", "modo_prod": "banche dati esterne - catasto", "sc_acq": "1:2000", "edifc_ty": "generica", "edifc_uso": "residenziale e commerciale", "edifc_stat": "costruito", "edifc_mon": "0", "edifc_nome": "", "edifc_idag": "", "edifc_ided": "", "source": "BDTRE edifc" }, "geometry": { "type": "Polygon", "coordinates": [ [ [ 7.68683, 45.08215 ], [ 7.68691, 45.08228 ], [ 7.68677, 45.08233 ], [ 7.6867, 45.08223 ], [ 7.68667, 45.08224 ], [ 7.68665, 45.08221 ], [ 7.68683, 45.08215 ] ] ] } },
{ "type": "Feature", "properties": { "uuid": "d16e1bfe-1a4d-4701-92e2-cd4f24cb7f21", "data_acq": "2019-11-30 00:00:00", "data_agg": "2019-11-30 00:00:00", "data_fin": "9999-12-31 00:00:00", "ente_for": "REGIONE PIEMONTE", "ente_prod": "REGIONE PIEMONTE", "modo_prod": "banche dati esterne - catasto", "sc_acq": "1:2000", "edifc_ty": "generica", "edifc_uso": "residenziale e commerciale", "edifc_stat": "costruito", "edifc_mon": "0", "edifc_nome": "", "edifc_idag": "", "edifc_ided": "", "source": "BDTRE edifc" }, "geometry": { "type": "Polygon", "coordinates": [ [ [ 7.66914, 45.07841 ], [ 7.66911, 45.07842 ], [ 7.66906, 45.07844 ], [ 7.66901, 45.07836 ], [ 7.66888, 45.07841 ], [ 7.66893, 45.07849 ], [ 7.66902, 45.07846 ], [ 7.66909, 45.07856 ], [ 7.66889, 45.07864 ], [ 7.66881, 45.07853 ], [ 7.66886, 45.07852 ], [ 7.66873, 45.07834 ], [ 7.6688, 45.07832 ], [ 7.66879, 45.0783 ], [ 7.66893, 45.07825 ], [ 7.66889, 45.0782 ], [ 7.66889, 45.0782 ], [ 7.66897, 45.07814 ], [ 7.66905, 45.07808 ], [ 7.6691, 45.07808 ], [ 7.66912, 45.07811 ], [ 7.66928, 45.07833 ], [ 7.66929, 45.07836 ], [ 7.66914, 45.07841 ] ] ] } },
{ "type": "Feature", "properties": { "uuid": "720b8cf5-331c-4504-9743-6dda17c5074d", "data_acq": "2019-11-30 00:00:00", "data_agg": "2019-11-30 00:00:00", "data_fin": "9999-12-31 00:00:00", "ente_for": "REGIONE PIEMONTE", "ente_prod": "REGIONE PIEMONTE", "modo_prod": "banche dati esterne - catasto", "sc_acq": "1:2000", "edifc_ty": "generica", "edifc_uso": "residenziale e commerciale", "edifc_stat": "costruito", "edifc_mon": "0", "edifc_nome": "", "edifc_idag": "", "edifc_ided": "", "source": "BDTRE edifc" }, "geometry": { "type": "Polygon", "coordinates": [ [ [ 7.69276, 45.08229 ], [ 7.69277, 45.08246 ], [ 7.69236, 45.08254 ], [ 7.69229, 45.08243 ], [ 7.69237, 45.08242 ], [ 7.69237, 45.08241 ], [ 7.69246, 45.0824 ], [ 7.69247, 45.08241 ], [ 7.69259, 45.08239 ], [ 7.69259, 45.08239 ], [ 7.69262, 45.08237 ], [ 7.69261, 45.08231 ], [ 7.6926, 45.08231 ], [ 7.69259, 45.0823 ], [ 7.69276, 45.08229 ] ] ] } },
{ "type": "Feature", "properties": { "uuid": "c3c3d3cb-8bf7-4534-862d-eccc4271ffd6", "data_acq": "2019-11-30 00:00:00", "data_agg": "2019-11-30 00:00:00", "data_fin": "9999-12-31 00:00:00", "ente_for": "REGIONE PIEMONTE", "ente_prod": "REGIONE PIEMONTE", "modo_prod": "banche dati esterne - catasto", "sc_acq": "1:2000", "edifc_ty": "generica", "edifc_uso": "residenziale e commerciale", "edifc_stat": "costruito", "edifc_mon": "0", "edifc_nome": "", "edifc_idag": "", "edifc_ided": "", "source": "BDTRE edifc" }, "geometry": { "type": "Polygon", "coordinates": [ [ [ 7.67736, 45.07401 ], [ 7.67747, 45.07397 ], [ 7.67754, 45.07394 ], [ 7.67758, 45.07393 ], [ 7.67762, 45.07399 ], [ 7.6776, 45.074 ], [ 7.67764, 45.07406 ], [ 7.67757, 45.07408 ], [ 7.67758, 45.07411 ], [ 7.67755, 45.07412 ], [ 7.67752, 45.07413 ], [ 7.6775, 45.07411 ], [ 7.67749, 45.07411 ], [ 7.67745, 45.07413 ], [ 7.67736, 45.07401 ] ] ] } },
{ "type": "Feature", "properties": { "uuid": "3e0a10a2-abea-409a-9518-0b5dcf9c1e1a", "data_acq": "2019-11-30 00:00:00", "data_agg": "2019-11-30 00:00:00", "data_fin": "9999-12-31 00:00:00", "ente_for": "REGIONE PIEMONTE", "ente_prod": "REGIONE PIEMONTE", "modo_prod": "banche dati esterne - catasto", "sc_acq": "1:2000", "edifc_ty": "generica", "edifc_uso": "residenziale e commerciale", "edifc_stat": "costruito", "edifc_mon": "0", "edifc_nome": "", "edifc_idag": "", "edifc_ided": "", "source": "BDTRE edifc" }, "geometry": { "type": "Polygon", "coordinates": [ [ [ 7.68005, 45.07211 ], [ 7.68013, 45.07208 ], [ 7.68028, 45.07202 ], [ 7.68037, 45.07213 ], [ 7.68044, 45.0721 ], [ 7.68047, 45.07214 ], [ 7.68046, 45.07215 ], [ 7.68046, 45.07215 ], [ 7.68048, 45.07218 ], [ 7.68042, 45.0722 ], [ 7.68042, 45.0722 ], [ 7.6804, 45.07217 ], [ 7.68028, 45.07223 ], [ 7.68037, 45.07232 ], [ 7.68031, 45.07234 ], [ 7.68027, 45.07229 ], [ 7.68023, 45.07225 ], [ 7.68015, 45.07217 ], [ 7.68012, 45.07214 ], [ 7.68012, 45.07214 ], [ 7.68009, 45.07215 ], [ 7.68005, 45.07211 ] ] ] } },
{ "type": "Feature", "properties": { "uuid": "ab5830f3-7376-4e06-82a8-b8c86726a371", "data_acq": "2019-11-30 00:00:00", "data_agg": "2019-11-30 00:00:00", "data_fin": "9999-12-31 00:00:00", "ente_for": "REGIONE PIEMONTE", "ente_prod": "REGIONE PIEMONTE", "modo_prod": "banche dati esterne - catasto", "sc_acq": "1:2000", "edifc_ty": "generica", "edifc_uso": "residenziale e commerciale", "edifc_stat": "costruito", "edifc_mon": "0", "edifc_nome": "", "edifc_idag": "", "edifc_ided": "", "source": "BDTRE edifc" }, "geometry": { "type": "Polygon", "coordinates": [ [ [ 7.69382, 45.06817 ], [ 7.69397, 45.06811 ], [ 7.69398, 45.06812 ], [ 7.69406, 45.06821 ], [ 7.69391, 45.06827 ], [ 7.69382, 45.06817 ] ] ] } },
{ "type": "Feature", "properties": { "uuid": "c78ea820-e028-465d-bc97-e401c1f62c35", "data_acq": "2019-11-30 00:00:00", "data_agg": "2019-11-30 00:00:00", "data_fin": "9999-12-31 00:00:00", "ente_for": "REGIONE PIEMONTE", "ente_prod": "REGIONE PIEMONTE", "modo_prod": "banche dati esterne - catasto", "sc_acq": "1:2000", "edifc_ty": "generica", "edifc_uso": "residenziale e produttivo", "edifc_stat": "costruito", "edifc_mon": "0", "edifc_nome": "", "edifc_idag": "", "edifc_ided": "", "source": "BDTRE edifc" }, "geometry": { "type": "Polygon", "coordinates": [ [ [ 7.6652, 45.08123 ], [ 7.66511, 45.08125 ], [ 7.66501, 45.08128 ], [ 7.66495, 45.08119 ], [ 7.66495, 45.08118 ], [ 7.66514, 45.08113 ], [ 7.6652, 45.08123 ] ] ] } },
{ "type": "Feature", "properties": { "uuid": "a4b190f9-c65c-41f0-b013-5dd6e813fc7a", "data_acq": "2019-11-30 00:00:00", "data_agg": "2019-11-30 00:00:00", "data_fin": "9999-12-31 00:00:00", "ente_for": "REGIONE PIEMONTE", "ente_prod": "REGIONE PIEMONTE", "modo_prod": "banche dati esterne - catasto", "sc_acq": "1:2000", "edifc_ty": "generica", "edifc_uso": "residenziale e commerciale", "edifc_stat": "costruito", "edifc_mon": "0", "edifc_nome": "", "edifc_idag": "", "edifc_ided": "", "source": "BDTRE edifc" }, "geometry": { "type": "Polygon", "coordinates": [ [ [ 7.68688, 45.06935 ], [ 7.68677, 45.0692 ], [ 7.68689, 45.06915 ], [ 7.6869, 45.06915 ], [ 7.6869, 45.06915 ], [ 7.68695, 45.06922 ], [ 7.6871, 45.06917 ], [ 7.68706, 45.06911 ], [ 7.68706, 45.06911 ], [ 7.68705, 45.06911 ], [ 7.68705, 45.06911 ], [ 7.68704, 45.0691 ], [ 7.68705, 45.0691 ], [ 7.68712, 45.06907 ], [ 7.68723, 45.06923 ], [ 7.68688, 45.06935 ] ] ] } },
{ "type": "Feature", "properties": { "uuid": "f98e6e89-32fd-46b9-a868-f507fab621c0", "data_acq": "2019-11-30 00:00:00", "data_agg": "2019-11-30 00:00:00", "data_fin": "9999-12-31 00:00:00", "ente_for": "REGIONE PIEMONTE", "ente_prod": "REGIONE PIEMONTE", "modo_prod": "banche dati esterne - catasto", "sc_acq": "1:2000", "edifc_ty": "generica", "edifc_uso": "residenziale e commerciale", "edifc_stat": "costruito", "edifc_mon": "0", "edifc_nome": "", "edifc_idag": "", "edifc_ided": "", "source": "BDTRE edifc" }, "geometry": { "type": "Polygon", "coordinates": [ [ [ 7.69174, 45.06984 ], [ 7.69153, 45.06992 ], [ 7.69132, 45.06961 ], [ 7.69147, 45.06956 ], [ 7.69149, 45.06958 ], [ 7.69153, 45.06956 ], [ 7.69157, 45.06963 ], [ 7.69161, 45.06959 ], [ 7.69165, 45.06961 ], [ 7.69165, 45.06961 ], [ 7.6916, 45.06965 ], [ 7.69161, 45.06966 ], [ 7.69156, 45.06968 ], [ 7.6916, 45.06973 ], [ 7.69165, 45.06971 ], [ 7.69174, 45.06984 ] ] ] } },
{ "type": "Feature", "properties": { "uuid": "96876223-e5b1-467e-905d-63c2cf3b5c0d", "data_acq": "2019-11-30 00:00:00", "data_agg": "2019-11-30 00:00:00", "data_fin": "9999-12-31 00:00:00", "ente_for": "REGIONE PIEMONTE", "ente_prod": "REGIONE PIEMONTE", "modo_prod": "banche dati esterne - catasto", "sc_acq": "1:2000", "edifc_ty": "generica", "edifc_uso": "residenziale e produttivo", "edifc_stat": "costruito", "edifc_mon": "0", "edifc_nome": "", "edifc_idag": "", "edifc_ided": "", "source": "BDTRE edifc" }, "geometry": { "type": "Polygon", "coordinates": [ [ [ 7.67724, 45.08271 ], [ 7.67709, 45.08276 ], [ 7.677, 45.08279 ], [ 7.67694, 45.08281 ], [ 7.67691, 45.08276 ], [ 7.67689, 45.08273 ], [ 7.67694, 45.08271 ], [ 7.67696, 45.08274 ], [ 7.67707, 45.08271 ], [ 7.67696, 45.08254 ], [ 7.67696, 45.08254 ], [ 7.67682, 45.08259 ], [ 7.67682, 45.0826 ], [ 7.67681, 45.08261 ], [ 7.67681, 45.08261 ], [ 7.67681, 45.0826 ], [ 7.67674, 45.08251 ], [ 7.67703, 45.08241 ], [ 7.67724, 45.08271 ], [ 7.67724, 45.08271 ] ] ] } },
{ "type": "Feature", "properties": { "uuid": "362e8de6-9366-4ec2-8641-4ed37b7f4e71", "data_acq": "2019-11-30 00:00:00", "data_agg": "2019-11-30 00:00:00", "data_fin": "9999-12-31 00:00:00", "ente_for": "REGIONE PIEMONTE", "ente_prod": "REGIONE PIEMONTE", "modo_prod": "banche dati esterne - catasto", "sc_acq": "1:2000", "edifc_ty": "generica", "edifc_uso": "residenziale e commerciale", "edifc_stat": "costruito", "edifc_mon": "0", "edifc_nome": "", "edifc_idag": "", "edifc_ided": "", "source": "BDTRE edifc" }, "geometry": { "type": "Polygon", "coordinates": [ [ [ 7.68045, 45.07727 ], [ 7.68055, 45.07741 ], [ 7.6806, 45.07749 ], [ 7.68028, 45.07759 ], [ 7.68022, 45.07748 ], [ 7.68036, 45.07744 ], [ 7.68035, 45.07742 ], [ 7.68037, 45.07742 ], [ 7.68036, 45.0774 ], [ 7.68036, 45.0774 ], [ 7.68031, 45.07741 ], [ 7.68031, 45.07741 ], [ 7.68028, 45.07737 ], [ 7.68029, 45.07736 ], [ 7.68029, 45.07735 ], [ 7.68029, 45.07735 ], [ 7.68027, 45.07736 ], [ 7.68027, 45.07736 ], [ 7.68026, 45.07734 ], [ 7.68026, 45.07734 ], [ 7.68018, 45.07737 ], [ 7.68018, 45.07737 ], [ 7.68015, 45.07732 ], [ 7.68015, 45.07732 ], [ 7.68023, 45.07729 ], [ 7.68024, 45.07729 ], [ 7.68024, 45.07729 ], [ 7.68026, 45.07732 ], [ 7.68027, 45.07733 ], [ 7.68031, 45.07732 ], [ 7.68045, 45.07727 ] ] ] } },
{ "type": "Feature", "properties": { "uuid": "a05fe7e0-954e-4e4e-bd8a-cd576fe836e1", "data_acq": "2019-11-30 00:00:00", "data_agg": "2019-11-30 00:00:00", "data_fin": "9999-12-31 00:00:00", "ente_for": "REGIONE PIEMONTE", "ente_prod": "REGIONE PIEMONTE", "modo_prod": "banche dati esterne - catasto", "sc_acq": "1:2000", "edifc_ty": "generica", "edifc_uso": "residenziale e commerciale", "edifc_stat": "costruito", "edifc_mon": "0", "edifc_nome": "", "edifc_idag": "", "edifc_ided": "", "source": "BDTRE edifc" }, "geometry": { "type": "Polygon", "coordinates": [ [ [ 7.67287, 45.08146 ], [ 7.67281, 45.08135 ], [ 7.67278, 45.08136 ], [ 7.67279, 45.08137 ], [ 7.67267, 45.08141 ], [ 7.67268, 45.08143 ], [ 7.6727, 45.08146 ], [ 7.6727, 45.08146 ], [ 7.67273, 45.08151 ], [ 7.6728, 45.08149 ], [ 7.67287, 45.08146 ] ] ] } },
{ "type": "Feature", "properties": { "uuid": "059076bd-f8f1-449b-adc6-eb1b63029db7", "data_acq": "2019-11-30 00:00:00", "data_agg": "2019-11-30 00:00:00", "data_fin": "9999-12-31 00:00:00", "ente_for": "REGIONE PIEMONTE", "ente_prod": "REGIONE PIEMONTE", "modo_prod": "banche dati esterne - catasto", "sc_acq": "1:2000", "edifc_ty": "generica", "edifc_uso": "residenziale e produttivo", "edifc_stat": "costruito", "edifc_mon": "0", "edifc_nome": "", "edifc_idag": "", "edifc_ided": "", "source": "BDTRE edifc" }, "geometry": { "type": "Polygon", "coordinates": [ [ [ 7.67842, 45.0842 ], [ 7.67842, 45.0842 ], [ 7.67838, 45.08413 ], [ 7.67832, 45.08405 ], [ 7.67845, 45.08401 ], [ 7.67852, 45.08411 ], [ 7.67855, 45.08416 ], [ 7.67842, 45.0842 ] ] ] } },
{ "type": "Feature", "properties": { "uuid": "e30d5d84-ac6c-4014-a080-7498a89b5c1f", "data_acq": "2019-11-30 00:00:00", "data_agg": "2019-11-30 00:00:00", "data_fin": "9999-12-31 00:00:00", "ente_for": "REGIONE PIEMONTE", "ente_prod": "REGIONE PIEMONTE", "modo_prod": "banche dati esterne - catasto", "sc_acq": "1:2000", "edifc_ty": "generica", "edifc_uso": "residenziale e produttivo", "edifc_stat": "costruito", "edifc_mon": "0", "edifc_nome": "", "edifc_idag": "", "edifc_ided": "", "source": "BDTRE edifc" }, "geometry": { "type": "Polygon", "coordinates": [ [ [ 7.67418, 45.07925 ], [ 7.67408, 45.07923 ], [ 7.67405, 45.07923 ], [ 7.67401, 45.07922 ], [ 7.67396, 45.07921 ], [ 7.67393, 45.07926 ], [ 7.67393, 45.07926 ], [ 7.67395, 45.07926 ], [ 7.67405, 45.07928 ], [ 7.67412, 45.07938 ], [ 7.67412, 45.07938 ], [ 7.67424, 45.07934 ], [ 7.67418, 45.07925 ] ] ] } },
{ "type": "Feature", "properties": { "uuid": "0dc09f47-4ecf-4cd4-8849-c86cb9908c2c", "data_acq": "2019-11-30 00:00:00", "data_agg": "2019-11-30 00:00:00", "data_fin": "9999-12-31 00:00:00", "ente_for": "REGIONE PIEMONTE", "ente_prod": "REGIONE PIEMONTE", "modo_prod": "banche dati esterne - catasto", "sc_acq": "1:2000", "edifc_ty": "generica", "edifc_uso": "residenziale e commerciale", "edifc_stat": "costruito", "edifc_mon": "0", "edifc_nome": "", "edifc_idag": "", "edifc_ided": "", "source": "BDTRE edifc" }, "geometry": { "type": "Polygon", "coordinates": [ [ [ 7.67915, 45.07201 ], [ 7.67885, 45.07212 ], [ 7.679, 45.07228 ], [ 7.67909, 45.07241 ], [ 7.67921, 45.07237 ], [ 7.67934, 45.07232 ], [ 7.6793, 45.07225 ], [ 7.67928, 45.07223 ], [ 7.67928, 45.07223 ], [ 7.67925, 45.07218 ], [ 7.67915, 45.07201 ] ], [ [ 7.67897, 45.07214 ], [ 7.67909, 45.0721 ], [ 7.67917, 45.07221 ], [ 7.67915, 45.07222 ], [ 7.67915, 45.07223 ], [ 7.67915, 45.07223 ], [ 7.67908, 45.07225 ], [ 7.67908, 45.07224 ], [ 7.67905, 45.07225 ], [ 7.67897, 45.07214 ] ] ] } },
{ "type": "Feature", "properties": { "uuid": "38424936-6877-4454-8561-5c6a2f7af899", "data_acq": "2019-11-30 00:00:00", "data_agg": "2019-11-30 00:00:00", "data_fin": "9999-12-31 00:00:00", "ente_for": "REGIONE PIEMONTE", "ente_prod": "REGIONE PIEMONTE", "modo_prod": "banche dati esterne - catasto", "sc_acq": "1:2000", "edifc_ty": "generica", "edifc_uso": "residenziale e commerciale", "edifc_stat": "costruito", "edifc_mon": "0", "edifc_nome": "", "edifc_idag": "", "edifc_ided": "", "source": "BDTRE edifc" }, "geometry": { "type": "Polygon", "coordinates": [ [ [ 7.69295, 45.07922 ], [ 7.69296, 45.07921 ], [ 7.69296, 45.07925 ], [ 7.69298, 45.07925 ], [ 7.69298, 45.07931 ], [ 7.69297, 45.07931 ], [ 7.69297, 45.07935 ], [ 7.69282, 45.07936 ], [ 7.69281, 45.07922 ], [ 7.69295, 45.07922 ] ] ] } },
{ "type": "Feature", "properties": { "uuid": "c3e7c294-94b0-4e60-a9a5-e3f7633a1608", "data_acq": "2019-11-30 00:00:00", "data_agg": "2019-11-30 00:00:00", "data_fin": "9999-12-31 00:00:00", "ente_for": "REGIONE PIEMONTE", "ente_prod": "REGIONE PIEMONTE", "modo_prod": "banche dati esterne - catasto", "sc_acq": "1:2000", "edifc_ty": "generica", "edifc_uso": "residenziale e commerciale", "edifc_stat": "costruito", "edifc_mon": "0", "edifc_nome": "", "edifc_idag": "", "edifc_ided": "", "source": "BDTRE edifc" }, "geometry": { "type": "Polygon", "coordinates": [ [ [ 7.6845, 45.08301 ], [ 7.68463, 45.08293 ], [ 7.68472, 45.08287 ], [ 7.68481, 45.08294 ], [ 7.68474, 45.08298 ], [ 7.68464, 45.08304 ], [ 7.68464, 45.08306 ], [ 7.68473, 45.08313 ], [ 7.68469, 45.08316 ], [ 7.68455, 45.08306 ], [ 7.6845, 45.08301 ] ] ] } },
{ "type": "Feature", "properties": { "uuid": "23617b80-059c-4a32-836f-b2b106cc9cbf", "data_acq": "2019-11-30 00:00:00", "data_agg": "2019-11-30 00:00:00", "data_fin": "9999-12-31 00:00:00", "ente_for": "REGIONE PIEMONTE", "ente_prod": "REGIONE PIEMONTE", "modo_prod": "banche dati esterne - catasto", "sc_acq": "1:2000", "edifc_ty": "generica", "edifc_uso": "residenziale e commerciale", "edifc_stat": "costruito", "edifc_mon": "0", "edifc_nome": "", "edifc_idag": "", "edifc_ided": "", "source": "BDTRE edifc" }, "geometry": { "type": "Polygon", "coordinates": [ [ [ 7.67597, 45.06547 ], [ 7.67581, 45.06553 ], [ 7.67572, 45.06556 ], [ 7.6756, 45.0656 ], [ 7.67564, 45.06566 ], [ 7.67582, 45.06559 ], [ 7.67589, 45.06568 ], [ 7.6757, 45.06575 ], [ 7.6758, 45.06589 ], [ 7.67581, 45.06588 ], [ 7.67585, 45.06587 ], [ 7.67598, 45.06582 ], [ 7.67606, 45.0658 ], [ 7.6761, 45.06578 ], [ 7.67617, 45.06575 ], [ 7.67609, 45.06564 ], [ 7.676, 45.06551 ], [ 7.67597, 45.06547 ] ] ] } },
{ "type": "Feature", "properties": { "uuid": "7032d4c6-2a80-41cb-b7be-e2500a221746", "data_acq": "2019-11-30 00:00:00", "data_agg": "2019-11-30 00:00:00", "data_fin": "9999-12-31 00:00:00", "ente_for": "REGIONE PIEMONTE", "ente_prod": "REGIONE PIEMONTE", "modo_prod": "banche dati esterne - catasto", "sc_acq": "1:2000", "edifc_ty": "generica", "edifc_uso": "residenziale e commerciale", "edifc_stat": "costruito", "edifc_mon": "0", "edifc_nome": "", "edifc_idag": "", "edifc_ided": "", "source": "BDTRE edifc" }, "geometry": { "type": "Polygon", "coordinates": [ [ [ 7.67414, 45.08134 ], [ 7.67416, 45.08136 ], [ 7.67412, 45.08137 ], [ 7.6741, 45.08134 ], [ 7.67396, 45.08138 ], [ 7.6739, 45.08128 ], [ 7.67407, 45.08122 ], [ 7.67414, 45.08134 ] ] ] } },
{ "type": "Feature", "properties": { "uuid": "706798b0-aacc-424b-8009-3f54ba531f4c", "data_acq": "2019-11-30 00:00:00", "data_agg": "2019-11-30 00:00:00", "data_fin": "9999-12-31 00:00:00", "ente_for": "REGIONE PIEMONTE", "ente_prod": "REGIONE PIEMONTE", "modo_prod": "banche dati esterne - catasto", "sc_acq": "1:2000", "edifc_ty": "generica", "edifc_uso": "residenziale e commerciale", "edifc_stat": "costruito", "edifc_mon": "0", "edifc_nome": "", "edifc_idag": "", "edifc_ided": "", "source": "BDTRE edifc" }, "geometry": { "type": "Polygon", "coordinates": [ [ [ 7.69162, 45.07896 ], [ 7.6915, 45.07891 ], [ 7.69148, 45.0789 ], [ 7.69142, 45.07897 ], [ 7.69143, 45.07898 ], [ 7.69142, 45.07899 ], [ 7.69141, 45.07898 ], [ 7.6914, 45.07899 ], [ 7.69139, 45.07898 ], [ 7.6913, 45.07908 ], [ 7.69131, 45.07908 ], [ 7.69131, 45.07909 ], [ 7.69129, 45.07909 ], [ 7.69123, 45.07916 ], [ 7.69133, 45.0792 ], [ 7.69133, 45.0792 ], [ 7.69129, 45.07925 ], [ 7.69129, 45.07925 ], [ 7.69108, 45.07916 ], [ 7.69141, 45.0788 ], [ 7.69156, 45.07887 ], [ 7.69166, 45.07891 ], [ 7.69162, 45.07896 ] ] ] } },
{ "type": "Feature", "properties": { "uuid": "be79b4df-1834-45bf-af3a-3874e85b6289", "data_acq": "2019-11-30 00:00:00", "data_agg": "2019-11-30 00:00:00", "data_fin": "9999-12-31 00:00:00", "ente_for": "REGIONE PIEMONTE", "ente_prod": "REGIONE PIEMONTE", "modo_prod": "banche dati esterne - catasto", "sc_acq": "1:2000", "edifc_ty": "generica", "edifc_uso": "residenziale e produttivo", "edifc_stat": "costruito", "edifc_mon": "0", "edifc_nome": "", "edifc_idag": "", "edifc_ided": "", "source": "BDTRE edifc" }, "geometry": { "type": "Polygon", "coordinates": [ [ [ 7.67876, 45.08428 ], [ 7.67879, 45.08431 ], [ 7.67887, 45.08443 ], [ 7.67881, 45.08445 ], [ 7.67864, 45.08451 ], [ 7.67853, 45.08436 ], [ 7.67866, 45.08432 ], [ 7.6787, 45.0843 ], [ 7.67876, 45.08428 ] ] ] } },
{ "type": "Feature", "properties": { "uuid": "214380c0-ba28-4b01-9d4e-cf9be8757e22", "data_acq": "2019-11-30 00:00:00", "data_agg": "2019-11-30 00:00:00", "data_fin": "9999-12-31 00:00:00", "ente_for": "REGIONE PIEMONTE", "ente_prod": "REGIONE PIEMONTE", "modo_prod": "banche dati esterne - catasto", "sc_acq": "1:2000", "edifc_ty": "generica", "edifc_uso": "residenziale e commerciale", "edifc_stat": "costruito", "edifc_mon": "0", "edifc_nome": "", "edifc_idag": "", "edifc_ided": "", "source": "BDTRE edifc" }, "geometry": { "type": "Polygon", "coordinates": [ [ [ 7.68403, 45.07956 ], [ 7.68404, 45.07959 ], [ 7.68405, 45.07962 ], [ 7.68397, 45.07964 ], [ 7.68396, 45.07964 ], [ 7.68395, 45.07964 ], [ 7.68396, 45.07967 ], [ 7.68395, 45.07968 ], [ 7.68396, 45.0797 ], [ 7.68387, 45.07972 ], [ 7.68377, 45.07952 ], [ 7.68398, 45.07945 ], [ 7.68403, 45.07956 ] ] ] } },
{ "type": "Feature", "properties": { "uuid": "682b108d-0a7f-4116-97db-a3079cb5acea", "data_acq": "2019-11-30 00:00:00", "data_agg": "2019-11-30 00:00:00", "data_fin": "9999-12-31 00:00:00", "ente_for": "REGIONE PIEMONTE", "ente_prod": "REGIONE PIEMONTE", "modo_prod": "banche dati esterne - catasto", "sc_acq": "1:2000", "edifc_ty": "generica", "edifc_uso": "residenziale e commerciale", "edifc_stat": "costruito", "edifc_mon": "0", "edifc_nome": "", "edifc_idag": "", "edifc_ided": "", "source": "BDTRE edifc" }, "geometry": { "type": "Polygon", "coordinates": [ [ [ 7.6771, 45.07256 ], [ 7.67715, 45.07263 ], [ 7.67719, 45.07269 ], [ 7.67704, 45.07274 ], [ 7.67703, 45.07271 ], [ 7.67702, 45.07271 ], [ 7.67702, 45.07271 ], [ 7.67701, 45.07271 ], [ 7.67697, 45.07264 ], [ 7.67697, 45.07264 ], [ 7.67698, 45.07264 ], [ 7.67696, 45.07262 ], [ 7.67696, 45.07262 ], [ 7.67699, 45.07261 ], [ 7.6771, 45.07256 ] ] ] } },
{ "type": "Feature", "properties": { "uuid": "7e5206d1-a1d5-4ff4-98dd-732751d3e747", "data_acq": "2019-11-30 00:00:00", "data_agg": "2019-11-30 00:00:00", "data_fin": "9999-12-31 00:00:00", "ente_for": "REGIONE PIEMONTE", "ente_prod": "REGIONE PIEMONTE", "modo_prod": "banche dati esterne - catasto", "sc_acq": "1:2000", "edifc_ty": "generica", "edifc_uso": "residenziale e commerciale", "edifc_stat": "costruito", "edifc_mon": "0", "edifc_nome": "", "edifc_idag": "", "edifc_ided": "", "source": "BDTRE edifc" }, "geometry": { "type": "Polygon", "coordinates": [ [ [ 7.68314, 45.07852 ], [ 7.68312, 45.07839 ], [ 7.68311, 45.07839 ], [ 7.6831, 45.07839 ], [ 7.6831, 45.07839 ], [ 7.6831, 45.0784 ], [ 7.68275, 45.07843 ], [ 7.68275, 45.07842 ], [ 7.68273, 45.07842 ], [ 7.68273, 45.07845 ], [ 7.68275, 45.07855 ], [ 7.68314, 45.07852 ] ] ] } },
{ "type": "Feature", "properties": { "uuid": "e4fa743c-2460-41e2-a2d1-8c35a8d138b2", "data_acq": "2019-11-30 00:00:00", "data_agg": "2019-11-30 00:00:00", "data_fin": "9999-12-31 00:00:00", "ente_for": "REGIONE PIEMONTE", "ente_prod": "REGIONE PIEMONTE", "modo_prod": "banche dati esterne - catasto", "sc_acq": "1:2000", "edifc_ty": "generica", "edifc_uso": "residenziale e commerciale", "edifc_stat": "costruito", "edifc_mon": "0", "edifc_nome": "", "edifc_idag": "", "edifc_ided": "", "source": "BDTRE edifc" }, "geometry": { "type": "Polygon", "coordinates": [ [ [ 7.67756, 45.07344 ], [ 7.67755, 45.07344 ], [ 7.6775, 45.07336 ], [ 7.67745, 45.07338 ], [ 7.67745, 45.07338 ], [ 7.6774, 45.0734 ], [ 7.67737, 45.07336 ], [ 7.67738, 45.07336 ], [ 7.67737, 45.07335 ], [ 7.67736, 45.07335 ], [ 7.67731, 45.07327 ], [ 7.67732, 45.07325 ], [ 7.67739, 45.07323 ], [ 7.6774, 45.07322 ], [ 7.67733, 45.07313 ], [ 7.67731, 45.07314 ], [ 7.67718, 45.07318 ], [ 7.6771, 45.07321 ], [ 7.67713, 45.07325 ], [ 7.67716, 45.07329 ], [ 7.67716, 45.07329 ], [ 7.67716, 45.07329 ], [ 7.6773, 45.0735 ], [ 7.6774, 45.07346 ], [ 7.6774, 45.07347 ], [ 7.67744, 45.07345 ], [ 7.67748, 45.07344 ], [ 7.6775, 45.07343 ], [ 7.67752, 45.07345 ], [ 7.67751, 45.07346 ], [ 7.67756, 45.07344 ] ] ] } },
{ "type": "Feature", "properties": { "uuid": "dcb13d29-e023-4d62-bdc2-cf7baa8e9025", "data_acq": "2019-11-30 00:00:00", "data_agg": "2019-11-30 00:00:00", "data_fin": "9999-12-31 00:00:00", "ente_for": "REGIONE PIEMONTE", "ente_prod": "REGIONE PIEMONTE", "modo_prod": "banche dati esterne - catasto", "sc_acq": "1:2000", "edifc_ty": "generica", "edifc_uso": "residenziale e commerciale", "edifc_stat": "costruito", "edifc_mon": "0", "edifc_nome": "", "edifc_idag": "", "edifc_ided": "", "source": "BDTRE edifc" }, "geometry": { "type": "Polygon", "coordinates": [ [ [ 7.67461, 45.07947 ], [ 7.67452, 45.07949 ], [ 7.67446, 45.0794 ], [ 7.67446, 45.0794 ], [ 7.67455, 45.07937 ], [ 7.67461, 45.07947 ] ] ] } },
{ "type": "Feature", "properties": { "uuid": "2c3c010f-e9b6-47d4-bc7f-cba3268653b1", "data_acq": "2019-11-30 00:00:00", "data_agg": "2019-11-30 00:00:00", "data_fin": "9999-12-31 00:00:00", "ente_for": "REGIONE PIEMONTE", "ente_prod": "REGIONE PIEMONTE", "modo_prod": "banche dati esterne - catasto", "sc_acq": "1:2000", "edifc_ty": "generica", "edifc_uso": "residenziale e commerciale", "edifc_stat": "costruito", "edifc_mon": "0", "edifc_nome": "", "edifc_idag": "", "edifc_ided": "", "source": "BDTRE edifc" }, "geometry": { "type": "Polygon", "coordinates": [ [ [ 7.67554, 45.06488 ], [ 7.6757, 45.0651 ], [ 7.67547, 45.06518 ], [ 7.67539, 45.06507 ], [ 7.67541, 45.06506 ], [ 7.6754, 45.06505 ], [ 7.67542, 45.06505 ], [ 7.67543, 45.06505 ], [ 7.67543, 45.06506 ], [ 7.67543, 45.06506 ], [ 7.67551, 45.06503 ], [ 7.67549, 45.06501 ], [ 7.67549, 45.06501 ], [ 7.67547, 45.06498 ], [ 7.67544, 45.06499 ], [ 7.67543, 45.06498 ], [ 7.67543, 45.06498 ], [ 7.67542, 45.06497 ], [ 7.67536, 45.065 ], [ 7.67533, 45.06495 ], [ 7.67539, 45.06493 ], [ 7.67554, 45.06488 ] ] ] } },
{ "type": "Feature", "properties": { "uuid": "fb9aec97-8a8b-4951-a68b-2d620f060107", "data_acq": "2019-11-30 00:00:00", "data_agg": "2019-11-30 00:00:00", "data_fin": "9999-12-31 00:00:00", "ente_for": "REGIONE PIEMONTE", "ente_prod": "REGIONE PIEMONTE", "modo_prod": "banche dati esterne - catasto", "sc_acq": "1:2000", "edifc_ty": "generica", "edifc_uso": "residenziale e commerciale", "edifc_stat": "costruito", "edifc_mon": "0", "edifc_nome": "", "edifc_idag": "", "edifc_ided": "", "source": "BDTRE edifc" }, "geometry": { "type": "Polygon", "coordinates": [ [ [ 7.68678, 45.0805 ], [ 7.68655, 45.08065 ], [ 7.68647, 45.08067 ], [ 7.68626, 45.08035 ], [ 7.68642, 45.0803 ], [ 7.68656, 45.08051 ], [ 7.68659, 45.0805 ], [ 7.68656, 45.08046 ], [ 7.68662, 45.08044 ], [ 7.68651, 45.08027 ], [ 7.68658, 45.08025 ], [ 7.68669, 45.08042 ], [ 7.68672, 45.0804 ], [ 7.68678, 45.0805 ] ] ] } },
{ "type": "Feature", "properties": { "uuid": "2cdd48b1-4bb9-4cfa-8951-acbd0d6dfb3b", "data_acq": "2019-11-30 00:00:00", "data_agg": "2019-11-30 00:00:00", "data_fin": "9999-12-31 00:00:00", "ente_for": "REGIONE PIEMONTE", "ente_prod": "REGIONE PIEMONTE", "modo_prod": "banche dati esterne - catasto", "sc_acq": "1:2000", "edifc_ty": "generica", "edifc_uso": "residenziale e commerciale", "edifc_stat": "costruito", "edifc_mon": "0", "edifc_nome": "", "edifc_idag": "", "edifc_ided": "", "source": "BDTRE edifc" }, "geometry": { "type": "Polygon", "coordinates": [ [ [ 7.6783, 45.07012 ], [ 7.6783, 45.07012 ], [ 7.67836, 45.07009 ], [ 7.67842, 45.07007 ], [ 7.67853, 45.07003 ], [ 7.67859, 45.07011 ], [ 7.67856, 45.07012 ], [ 7.67857, 45.07013 ], [ 7.67859, 45.07013 ], [ 7.67861, 45.07015 ], [ 7.67859, 45.07016 ], [ 7.67859, 45.07016 ], [ 7.67862, 45.07015 ], [ 7.67865, 45.0702 ], [ 7.67864, 45.07029 ], [ 7.67841, 45.07027 ], [ 7.67841, 45.07027 ], [ 7.67835, 45.07019 ], [ 7.6783, 45.07012 ] ] ] } },
{ "type": "Feature", "properties": { "uuid": "ce8b21f3-641b-45fe-a797-e4fe249214c1", "data_acq": "2019-11-30 00:00:00", "data_agg": "2019-11-30 00:00:00", "data_fin": "9999-12-31 00:00:00", "ente_for": "REGIONE PIEMONTE", "ente_prod": "REGIONE PIEMONTE", "modo_prod": "banche dati esterne - catasto", "sc_acq": "1:2000", "edifc_ty": "generica", "edifc_uso": "residenziale e commerciale", "edifc_stat": "costruito", "edifc_mon": "0", "edifc_nome": "", "edifc_idag": "", "edifc_ided": "", "source": "BDTRE edifc" }, "geometry": { "type": "Polygon", "coordinates": [ [ [ 7.66727, 45.08238 ], [ 7.66733, 45.08248 ], [ 7.66735, 45.0825 ], [ 7.66735, 45.0825 ], [ 7.66739, 45.08256 ], [ 7.66743, 45.08262 ], [ 7.6675, 45.0826 ], [ 7.6675, 45.0826 ], [ 7.6675, 45.0826 ], [ 7.66742, 45.08247 ], [ 7.66742, 45.08247 ], [ 7.66743, 45.08244 ], [ 7.66753, 45.08241 ], [ 7.66746, 45.08232 ], [ 7.66737, 45.08235 ], [ 7.66727, 45.08238 ] ] ] } },
{ "type": "Feature", "properties": { "uuid": "767c0367-aa50-4613-90bc-a115e4458fe5", "data_acq": "2019-11-30 00:00:00", "data_agg": "2019-11-30 00:00:00", "data_fin": "9999-12-31 00:00:00", "ente_for": "REGIONE PIEMONTE", "ente_prod": "REGIONE PIEMONTE", "modo_prod": "banche dati esterne - catasto", "sc_acq": "1:2000", "edifc_ty": "generica", "edifc_uso": "residenziale e commerciale", "edifc_stat": "costruito", "edifc_mon": "0", "edifc_nome": "", "edifc_idag": "", "edifc_ided": "", "source": "BDTRE edifc" }, "geometry": { "type": "Polygon", "coordinates": [ [ [ 7.67091, 45.07503 ], [ 7.67085, 45.07504 ], [ 7.67058, 45.07514 ], [ 7.67051, 45.07505 ], [ 7.67044, 45.07494 ], [ 7.6706, 45.07488 ], [ 7.67061, 45.07489 ], [ 7.6706, 45.0749 ], [ 7.67066, 45.07499 ], [ 7.67083, 45.07493 ], [ 7.67082, 45.07492 ], [ 7.67084, 45.07492 ], [ 7.67084, 45.07493 ], [ 7.67091, 45.07503 ] ] ] } },
{ "type": "Feature", "properties": { "uuid": "bbfd88dd-5e8c-4f0f-b72e-3d2f3cb9a29a", "data_acq": "2019-11-30 00:00:00", "data_agg": "2019-11-30 00:00:00", "data_fin": "9999-12-31 00:00:00", "ente_for": "REGIONE PIEMONTE", "ente_prod": "REGIONE PIEMONTE", "modo_prod": "banche dati esterne - catasto", "sc_acq": "1:2000", "edifc_ty": "generica", "edifc_uso": "residenziale e commerciale", "edifc_stat": "costruito", "edifc_mon": "0", "edifc_nome": "", "edifc_idag": "", "edifc_ided": "", "source": "BDTRE edifc" }, "geometry": { "type": "Polygon", "coordinates": [ [ [ 7.68963, 45.08348 ], [ 7.68958, 45.08348 ], [ 7.68957, 45.08343 ], [ 7.68957, 45.08343 ], [ 7.68961, 45.08344 ], [ 7.68962, 45.08344 ], [ 7.68962, 45.08345 ], [ 7.68963, 45.08348 ] ] ] } },
{ "type": "Feature", "properties": { "uuid": "c3eb199f-4ec5-4aeb-b7a2-3bce6dffc731", "data_acq": "2019-11-30 00:00:00", "data_agg": "2019-11-30 00:00:00", "data_fin": "9999-12-31 00:00:00", "ente_for": "REGIONE PIEMONTE", "ente_prod": "REGIONE PIEMONTE", "modo_prod": "banche dati esterne - catasto", "sc_acq": "1:2000", "edifc_ty": "generica", "edifc_uso": "residenziale e commerciale", "edifc_stat": "costruito", "edifc_mon": "0", "edifc_nome": "", "edifc_idag": "", "edifc_ided": "", "source": "BDTRE edifc" }, "geometry": { "type": "Polygon", "coordinates": [ [ [ 7.68338, 45.07468 ], [ 7.68324, 45.07473 ], [ 7.68312, 45.07458 ], [ 7.68331, 45.07451 ], [ 7.68341, 45.07447 ], [ 7.68345, 45.07451 ], [ 7.68351, 45.07459 ], [ 7.68347, 45.0746 ], [ 7.6835, 45.07465 ], [ 7.68347, 45.07467 ], [ 7.68346, 45.07465 ], [ 7.68338, 45.07468 ] ] ] } },
{ "type": "Feature", "properties": { "uuid": "9f2814a9-adfd-4d91-9df9-abacac0ea466", "data_acq": "2019-11-30 00:00:00", "data_agg": "2019-11-30 00:00:00", "data_fin": "9999-12-31 00:00:00", "ente_for": "REGIONE PIEMONTE", "ente_prod": "REGIONE PIEMONTE", "modo_prod": "banche dati esterne - catasto", "sc_acq": "1:2000", "edifc_ty": "generica", "edifc_uso": "residenziale e commerciale", "edifc_stat": "costruito", "edifc_mon": "0", "edifc_nome": "", "edifc_idag": "", "edifc_ided": "", "source": "BDTRE edifc" }, "geometry": { "type": "Polygon", "coordinates": [ [ [ 7.67427, 45.0813 ], [ 7.67424, 45.08131 ], [ 7.67424, 45.0813 ], [ 7.67416, 45.08132 ], [ 7.67416, 45.08133 ], [ 7.67414, 45.08134 ], [ 7.67407, 45.08122 ], [ 7.6742, 45.08119 ], [ 7.67427, 45.0813 ] ] ] } },
{ "type": "Feature", "properties": { "uuid": "605df227-3de2-4200-9e6c-650a1c31df25", "data_acq": "2019-11-30 00:00:00", "data_agg": "2019-11-30 00:00:00", "data_fin": "9999-12-31 00:00:00", "ente_for": "REGIONE PIEMONTE", "ente_prod": "REGIONE PIEMONTE", "modo_prod": "banche dati esterne - catasto", "sc_acq": "1:2000", "edifc_ty": "generica", "edifc_uso": "residenziale e commerciale", "edifc_stat": "costruito", "edifc_mon": "0", "edifc_nome": "", "edifc_idag": "", "edifc_ided": "", "source": "BDTRE edifc" }, "geometry": { "type": "Polygon", "coordinates": [ [ [ 7.68354, 45.07067 ], [ 7.68377, 45.07069 ], [ 7.68381, 45.07064 ], [ 7.68373, 45.07051 ], [ 7.68365, 45.07039 ], [ 7.68362, 45.07035 ], [ 7.68345, 45.07041 ], [ 7.68345, 45.07041 ], [ 7.68344, 45.07042 ], [ 7.68343, 45.07042 ], [ 7.68347, 45.07048 ], [ 7.68349, 45.07047 ], [ 7.68351, 45.0705 ], [ 7.68352, 45.07049 ], [ 7.68355, 45.07053 ], [ 7.6835, 45.07055 ], [ 7.6835, 45.07054 ], [ 7.68336, 45.07053 ], [ 7.68336, 45.0705 ], [ 7.68337, 45.0705 ], [ 7.68337, 45.07049 ], [ 7.68337, 45.07049 ], [ 7.68337, 45.07048 ], [ 7.68317, 45.07047 ], [ 7.68317, 45.07048 ], [ 7.68312, 45.07048 ], [ 7.68311, 45.07051 ], [ 7.68307, 45.07051 ], [ 7.68306, 45.0705 ], [ 7.68304, 45.07048 ], [ 7.68309, 45.07046 ], [ 7.68308, 45.07043 ], [ 7.68302, 45.07044 ], [ 7.683, 45.07041 ], [ 7.68296, 45.07036 ], [ 7.68293, 45.07031 ], [ 7.68278, 45.07036 ], [ 7.68295, 45.07062 ], [ 7.68295, 45.07063 ], [ 7.68354, 45.07067 ] ] ] } },
{ "type": "Feature", "properties": { "uuid": "bc070c3a-54ca-47be-9d52-678c60a4a372", "data_acq": "2019-11-30 00:00:00", "data_agg": "2019-11-30 00:00:00", "data_fin": "9999-12-31 00:00:00", "ente_for": "REGIONE PIEMONTE", "ente_prod": "REGIONE PIEMONTE", "modo_prod": "banche dati esterne - catasto", "sc_acq": "1:2000", "edifc_ty": "generica", "edifc_uso": "residenziale e commerciale", "edifc_stat": "costruito", "edifc_mon": "0", "edifc_nome": "", "edifc_idag": "", "edifc_ided": "", "source": "BDTRE edifc" }, "geometry": { "type": "Polygon", "coordinates": [ [ [ 7.67081, 45.08251 ], [ 7.67072, 45.08234 ], [ 7.67067, 45.08224 ], [ 7.67094, 45.08216 ], [ 7.671, 45.08226 ], [ 7.67098, 45.08226 ], [ 7.67098, 45.08226 ], [ 7.67098, 45.08226 ], [ 7.67098, 45.08225 ], [ 7.67082, 45.08231 ], [ 7.67088, 45.08243 ], [ 7.67094, 45.08241 ], [ 7.67093, 45.08239 ], [ 7.67099, 45.08237 ], [ 7.67094, 45.0823 ], [ 7.67101, 45.08228 ], [ 7.67106, 45.08236 ], [ 7.67109, 45.08242 ], [ 7.67096, 45.08246 ], [ 7.67096, 45.08246 ], [ 7.67081, 45.08251 ] ] ] } },
{ "type": "Feature", "properties": { "uuid": "f88dcf39-7ab1-49ed-adb3-8013bc95d2ea", "data_acq": "2019-11-30 00:00:00", "data_agg": "2019-11-30 00:00:00", "data_fin": "9999-12-31 00:00:00", "ente_for": "REGIONE PIEMONTE", "ente_prod": "REGIONE PIEMONTE", "modo_prod": "banche dati esterne - catasto", "sc_acq": "1:2000", "edifc_ty": "generica", "edifc_uso": "residenziale e commerciale", "edifc_stat": "costruito", "edifc_mon": "0", "edifc_nome": "", "edifc_idag": "", "edifc_ided": "", "source": "BDTRE edifc" }, "geometry": { "type": "Polygon", "coordinates": [ [ [ 7.68575, 45.06773 ], [ 7.6856, 45.06752 ], [ 7.68566, 45.0675 ], [ 7.68593, 45.06741 ], [ 7.68601, 45.06753 ], [ 7.68582, 45.06759 ], [ 7.68588, 45.06768 ], [ 7.68587, 45.06768 ], [ 7.68575, 45.06773 ] ] ] } },
{ "type": "Feature", "properties": { "uuid": "87b9f005-1784-4897-a659-ad1672305543", "data_acq": "2019-11-30 00:00:00", "data_agg": "2019-11-30 00:00:00", "data_fin": "9999-12-31 00:00:00", "ente_for": "REGIONE PIEMONTE", "ente_prod": "REGIONE PIEMONTE", "modo_prod": "banche dati esterne - catasto", "sc_acq": "1:2000", "edifc_ty": "generica", "edifc_uso": "residenziale e commerciale", "edifc_stat": "costruito", "edifc_mon": "0", "edifc_nome": "", "edifc_idag": "", "edifc_ided": "", "source": "BDTRE edifc" }, "geometry": { "type": "Polygon", "coordinates": [ [ [ 7.66591, 45.08329 ], [ 7.66596, 45.08327 ], [ 7.66601, 45.08335 ], [ 7.66596, 45.08337 ], [ 7.66596, 45.08337 ], [ 7.66591, 45.08329 ] ] ] } },
{ "type": "Feature", "properties": { "uuid": "b65fe5c6-ccd8-4bd3-b5b0-a3497b299e22", "data_acq": "2019-11-30 00:00:00", "data_agg": "2019-11-30 00:00:00", "data_fin": "9999-12-31 00:00:00", "ente_for": "REGIONE PIEMONTE", "ente_prod": "REGIONE PIEMONTE", "modo_prod": "banche dati esterne - catasto", "sc_acq": "1:2000", "edifc_ty": "generica", "edifc_uso": "residenziale e commerciale", "edifc_stat": "costruito", "edifc_mon": "0", "edifc_nome": "", "edifc_idag": "", "edifc_ided": "", "source": "BDTRE edifc" }, "geometry": { "type": "Polygon", "coordinates": [ [ [ 7.6808, 45.07135 ], [ 7.68085, 45.07142 ], [ 7.6809, 45.07149 ], [ 7.68079, 45.07153 ], [ 7.68076, 45.07151 ], [ 7.68076, 45.07151 ], [ 7.68074, 45.07147 ], [ 7.68072, 45.07148 ], [ 7.6807, 45.07144 ], [ 7.68068, 45.07145 ], [ 7.68066, 45.07145 ], [ 7.68066, 45.07145 ], [ 7.68065, 45.07144 ], [ 7.68064, 45.07142 ], [ 7.68066, 45.07141 ], [ 7.6808, 45.07135 ] ] ] } },
{ "type": "Feature", "properties": { "uuid": "1f35a929-df71-44db-a4db-7a12a61c8a5a", "data_acq": "2019-11-30 00:00:00", "data_agg": "2019-11-30 00:00:00", "data_fin": "9999-12-31 00:00:00", "ente_for": "REGIONE PIEMONTE", "ente_prod": "REGIONE PIEMONTE", "modo_prod": "banche dati esterne - catasto", "sc_acq": "1:2000", "edifc_ty": "generica", "edifc_uso": "residenziale e commerciale", "edifc_stat": "costruito", "edifc_mon": "0", "edifc_nome": "", "edifc_idag": "", "edifc_ided": "", "source": "BDTRE edifc" }, "geometry": { "type": "Polygon", "coordinates": [ [ [ 7.66581, 45.08358 ], [ 7.66565, 45.08363 ], [ 7.66559, 45.08354 ], [ 7.66562, 45.08353 ], [ 7.66574, 45.0835 ], [ 7.66574, 45.0835 ], [ 7.66573, 45.08349 ], [ 7.66575, 45.08348 ], [ 7.66581, 45.08358 ] ] ] } },
{ "type": "Feature", "properties": { "uuid": "53410f90-276c-4a6a-a37d-a3630c8dc42a", "data_acq": "2019-11-30 00:00:00", "data_agg": "2019-11-30 00:00:00", "data_fin": "9999-12-31 00:00:00", "ente_for": "REGIONE PIEMONTE", "ente_prod": "REGIONE PIEMONTE", "modo_prod": "banche dati esterne - catasto", "sc_acq": "1:2000", "edifc_ty": "generica", "edifc_uso": "residenziale e commerciale", "edifc_stat": "costruito", "edifc_mon": "0", "edifc_nome": "", "edifc_idag": "", "edifc_ided": "", "source": "BDTRE edifc" }, "geometry": { "type": "Polygon", "coordinates": [ [ [ 7.66617, 45.06664 ], [ 7.6663, 45.0666 ], [ 7.66623, 45.0665 ], [ 7.66625, 45.06649 ], [ 7.66617, 45.06638 ], [ 7.6661, 45.06641 ], [ 7.66603, 45.06643 ], [ 7.66603, 45.06644 ], [ 7.66603, 45.06644 ], [ 7.6661, 45.06654 ], [ 7.66617, 45.06664 ] ] ] } },
{ "type": "Feature", "properties": { "uuid": "aed8f091-df83-4c14-af84-2300b8ebaac5", "data_acq": "2019-11-30 00:00:00", "data_agg": "2019-11-30 00:00:00", "data_fin": "9999-12-31 00:00:00", "ente_for": "REGIONE PIEMONTE", "ente_prod": "REGIONE PIEMONTE", "modo_prod": "banche dati esterne - catasto", "sc_acq": "1:2000", "edifc_ty": "generica", "edifc_uso": "residenziale e commerciale", "edifc_stat": "costruito", "edifc_mon": "0", "edifc_nome": "", "edifc_idag": "", "edifc_ided": "", "source": "BDTRE edifc" }, "geometry": { "type": "Polygon", "coordinates": [ [ [ 7.67397, 45.06633 ], [ 7.67393, 45.06634 ], [ 7.67387, 45.06637 ], [ 7.67385, 45.06637 ], [ 7.67363, 45.06645 ], [ 7.67355, 45.06648 ], [ 7.67341, 45.06628 ], [ 7.67326, 45.06608 ], [ 7.67339, 45.06603 ], [ 7.67368, 45.06593 ], [ 7.67378, 45.06606 ], [ 7.67397, 45.06633 ] ], [ [ 7.67373, 45.06616 ], [ 7.67371, 45.06613 ], [ 7.67372, 45.06612 ], [ 7.67368, 45.06606 ], [ 7.6735, 45.06613 ], [ 7.67354, 45.06619 ], [ 7.67355, 45.06618 ], [ 7.67358, 45.06622 ], [ 7.6736, 45.06625 ], [ 7.67359, 45.06626 ], [ 7.67363, 45.06632 ], [ 7.67381, 45.06625 ], [ 7.67377, 45.06619 ], [ 7.67375, 45.0662 ], [ 7.67373, 45.06616 ] ] ] } },
{ "type": "Feature", "properties": { "uuid": "c9e46160-4a5c-4cd2-a1ee-7b9a9294d7ab", "data_acq": "2019-11-30 00:00:00", "data_agg": "2019-11-30 00:00:00", "data_fin": "9999-12-31 00:00:00", "ente_for": "REGIONE PIEMONTE", "ente_prod": "REGIONE PIEMONTE", "modo_prod": "banche dati esterne - catasto", "sc_acq": "1:2000", "edifc_ty": "generica", "edifc_uso": "residenziale e commerciale", "edifc_stat": "costruito", "edifc_mon": "0", "edifc_nome": "", "edifc_idag": "", "edifc_ided": "", "source": "BDTRE edifc" }, "geometry": { "type": "Polygon", "coordinates": [ [ [ 7.67768, 45.07378 ], [ 7.67765, 45.07374 ], [ 7.67761, 45.07366 ], [ 7.67755, 45.07368 ], [ 7.6775, 45.07362 ], [ 7.67741, 45.07365 ], [ 7.67747, 45.07373 ], [ 7.67754, 45.07383 ], [ 7.67754, 45.07383 ], [ 7.67756, 45.07382 ], [ 7.67768, 45.07378 ] ] ] } },
{ "type": "Feature", "properties": { "uuid": "b43c96e4-fcfa-45d0-8bce-af6f1687812b", "data_acq": "2019-11-30 00:00:00", "data_agg": "2019-11-30 00:00:00", "data_fin": "9999-12-31 00:00:00", "ente_for": "REGIONE PIEMONTE", "ente_prod": "REGIONE PIEMONTE", "modo_prod": "banche dati esterne - catasto", "sc_acq": "1:2000", "edifc_ty": "generica", "edifc_uso": "residenziale e ufficio pubblico", "edifc_stat": "costruito", "edifc_mon": "0", "edifc_nome": "", "edifc_idag": "", "edifc_ided": "", "source": "BDTRE edifc" }, "geometry": { "type": "Polygon", "coordinates": [ [ [ 7.68598, 45.0748 ], [ 7.68603, 45.07486 ], [ 7.68605, 45.07485 ], [ 7.68618, 45.075 ], [ 7.6862, 45.075 ], [ 7.68636, 45.07493 ], [ 7.68618, 45.07471 ], [ 7.68611, 45.07474 ], [ 7.68609, 45.07472 ], [ 7.68608, 45.07472 ], [ 7.68595, 45.07476 ], [ 7.68598, 45.0748 ] ] ] } },
{ "type": "Feature", "properties": { "uuid": "e336d351-3ba6-4661-a06c-1f69be815dd2", "data_acq": "2019-11-30 00:00:00", "data_agg": "2019-11-30 00:00:00", "data_fin": "9999-12-31 00:00:00", "ente_for": "REGIONE PIEMONTE", "ente_prod": "REGIONE PIEMONTE", "modo_prod": "banche dati esterne - catasto", "sc_acq": "1:2000", "edifc_ty": "generica", "edifc_uso": "residenziale e commerciale", "edifc_stat": "costruito", "edifc_mon": "0", "edifc_nome": "", "edifc_idag": "", "edifc_ided": "", "source": "BDTRE edifc" }, "geometry": { "type": "Polygon", "coordinates": [ [ [ 7.67803, 45.07341 ], [ 7.67801, 45.07337 ], [ 7.67795, 45.0733 ], [ 7.67786, 45.07333 ], [ 7.67781, 45.07336 ], [ 7.67784, 45.07339 ], [ 7.67786, 45.07342 ], [ 7.67786, 45.07342 ], [ 7.67787, 45.07343 ], [ 7.6779, 45.07346 ], [ 7.67803, 45.07341 ] ], [ [ 7.67795, 45.07336 ], [ 7.6779, 45.07338 ], [ 7.67787, 45.07335 ], [ 7.67792, 45.07333 ], [ 7.67795, 45.07336 ] ] ] } },
{ "type": "Feature", "properties": { "uuid": "d859d759-b93c-4d99-ae0c-b5ed57e1b679", "data_acq": "2019-11-30 00:00:00", "data_agg": "2019-11-30 00:00:00", "data_fin": "9999-12-31 00:00:00", "ente_for": "REGIONE PIEMONTE", "ente_prod": "REGIONE PIEMONTE", "modo_prod": "banche dati esterne - catasto", "sc_acq": "1:2000", "edifc_ty": "generica", "edifc_uso": "residenziale e commerciale", "edifc_stat": "costruito", "edifc_mon": "0", "edifc_nome": "", "edifc_idag": "", "edifc_ided": "", "source": "BDTRE edifc" }, "geometry": { "type": "Polygon", "coordinates": [ [ [ 7.68146, 45.07163 ], [ 7.68157, 45.0716 ], [ 7.68166, 45.07157 ], [ 7.68169, 45.07156 ], [ 7.68173, 45.07162 ], [ 7.68169, 45.07163 ], [ 7.68169, 45.07164 ], [ 7.68163, 45.07166 ], [ 7.68163, 45.07165 ], [ 7.68162, 45.07165 ], [ 7.68155, 45.07167 ], [ 7.68149, 45.07169 ], [ 7.68146, 45.07163 ] ] ] } },
{ "type": "Feature", "properties": { "uuid": "cef29f41-d633-446a-9d96-8930c0a9b4c4", "data_acq": "2019-11-30 00:00:00", "data_agg": "2019-11-30 00:00:00", "data_fin": "9999-12-31 00:00:00", "ente_for": "REGIONE PIEMONTE", "ente_prod": "REGIONE PIEMONTE", "modo_prod": "banche dati esterne - catasto", "sc_acq": "1:2000", "edifc_ty": "generica", "edifc_uso": "residenziale e commerciale", "edifc_stat": "costruito", "edifc_mon": "0", "edifc_nome": "", "edifc_idag": "", "edifc_ided": "", "source": "BDTRE edifc" }, "geometry": { "type": "Polygon", "coordinates": [ [ [ 7.67415, 45.08353 ], [ 7.67413, 45.08351 ], [ 7.67407, 45.08342 ], [ 7.67421, 45.08338 ], [ 7.67426, 45.08346 ], [ 7.67426, 45.08346 ], [ 7.67419, 45.08349 ], [ 7.67423, 45.08355 ], [ 7.67425, 45.08355 ], [ 7.67425, 45.08356 ], [ 7.67417, 45.08357 ], [ 7.67415, 45.08353 ] ] ] } },
{ "type": "Feature", "properties": { "uuid": "3f23f30f-833e-4890-8c0a-ab7301721dff", "data_acq": "2019-11-30 00:00:00", "data_agg": "2019-11-30 00:00:00", "data_fin": "9999-12-31 00:00:00", "ente_for": "REGIONE PIEMONTE", "ente_prod": "REGIONE PIEMONTE", "modo_prod": "banche dati esterne - catasto", "sc_acq": "1:2000", "edifc_ty": "generica", "edifc_uso": "residenziale e commerciale", "edifc_stat": "costruito", "edifc_mon": "0", "edifc_nome": "", "edifc_idag": "", "edifc_ided": "", "source": "BDTRE edifc" }, "geometry": { "type": "Polygon", "coordinates": [ [ [ 7.66883, 45.07769 ], [ 7.6686, 45.07787 ], [ 7.66874, 45.07799 ], [ 7.6688, 45.07804 ], [ 7.66886, 45.07809 ], [ 7.66886, 45.07809 ], [ 7.66887, 45.07808 ], [ 7.669, 45.07799 ], [ 7.66902, 45.07797 ], [ 7.66897, 45.07789 ], [ 7.66883, 45.07769 ], [ 7.66883, 45.07769 ] ], [ [ 7.66875, 45.07791 ], [ 7.66886, 45.07783 ], [ 7.66893, 45.07792 ], [ 7.66884, 45.07798 ], [ 7.66875, 45.07791 ] ] ] } },
{ "type": "Feature", "properties": { "uuid": "ee9515ca-828b-4908-8f79-d3ec62e05dd5", "data_acq": "2019-11-30 00:00:00", "data_agg": "2019-11-30 00:00:00", "data_fin": "9999-12-31 00:00:00", "ente_for": "REGIONE PIEMONTE", "ente_prod": "REGIONE PIEMONTE", "modo_prod": "banche dati esterne - catasto", "sc_acq": "1:2000", "edifc_ty": "generica", "edifc_uso": "residenziale e commerciale", "edifc_stat": "costruito", "edifc_mon": "0", "edifc_nome": "", "edifc_idag": "", "edifc_ided": "", "source": "BDTRE edifc" }, "geometry": { "type": "Polygon", "coordinates": [ [ [ 7.66507, 45.07233 ], [ 7.66519, 45.07251 ], [ 7.6648, 45.07265 ], [ 7.66468, 45.07247 ], [ 7.6649, 45.07239 ], [ 7.66492, 45.07239 ], [ 7.66507, 45.07233 ] ], [ [ 7.66496, 45.07243 ], [ 7.66479, 45.07249 ], [ 7.66484, 45.07257 ], [ 7.66485, 45.07257 ], [ 7.665, 45.07252 ], [ 7.66501, 45.0725 ], [ 7.66496, 45.07243 ], [ 7.66496, 45.07243 ] ] ] } },
{ "type": "Feature", "properties": { "uuid": "d791f037-21d7-45cb-9119-b7a07cd986d6", "data_acq": "2019-11-30 00:00:00", "data_agg": "2019-11-30 00:00:00", "data_fin": "9999-12-31 00:00:00", "ente_for": "REGIONE PIEMONTE", "ente_prod": "REGIONE PIEMONTE", "modo_prod": "banche dati esterne - catasto", "sc_acq": "1:2000", "edifc_ty": "generica", "edifc_uso": "residenziale e produttivo", "edifc_stat": "costruito", "edifc_mon": "0", "edifc_nome": "", "edifc_idag": "", "edifc_ided": "", "source": "BDTRE edifc" }, "geometry": { "type": "Polygon", "coordinates": [ [ [ 7.69198, 45.07855 ], [ 7.69214, 45.07863 ], [ 7.69206, 45.07872 ], [ 7.69192, 45.07886 ], [ 7.69187, 45.07884 ], [ 7.69201, 45.07869 ], [ 7.69191, 45.07865 ], [ 7.69191, 45.07865 ], [ 7.69189, 45.07868 ], [ 7.69189, 45.07868 ], [ 7.69187, 45.07867 ], [ 7.69189, 45.07864 ], [ 7.69198, 45.07855 ] ] ] } },
{ "type": "Feature", "properties": { "uuid": "f0e50021-c8f8-4b17-949d-e4e41134096b", "data_acq": "2019-11-30 00:00:00", "data_agg": "2019-11-30 00:00:00", "data_fin": "9999-12-31 00:00:00", "ente_for": "REGIONE PIEMONTE", "ente_prod": "REGIONE PIEMONTE", "modo_prod": "banche dati esterne - catasto", "sc_acq": "1:2000", "edifc_ty": "generica", "edifc_uso": "residenziale e commerciale", "edifc_stat": "costruito", "edifc_mon": "0", "edifc_nome": "", "edifc_idag": "", "edifc_ided": "", "source": "BDTRE edifc" }, "geometry": { "type": "Polygon", "coordinates": [ [ [ 7.67591, 45.07589 ], [ 7.67605, 45.07585 ], [ 7.67594, 45.0757 ], [ 7.67594, 45.0757 ], [ 7.67581, 45.07574 ], [ 7.67586, 45.07582 ], [ 7.6759, 45.07587 ], [ 7.67591, 45.07589 ] ] ] } },
{ "type": "Feature", "properties": { "uuid": "37adcd2a-37fa-409f-80a6-63c1f8d293f0", "data_acq": "2019-11-30 00:00:00", "data_agg": "2019-11-30 00:00:00", "data_fin": "9999-12-31 00:00:00", "ente_for": "REGIONE PIEMONTE", "ente_prod": "REGIONE PIEMONTE", "modo_prod": "banche dati esterne - catasto", "sc_acq": "1:2000", "edifc_ty": "generica", "edifc_uso": "residenziale e commerciale", "edifc_stat": "costruito", "edifc_mon": "0", "edifc_nome": "", "edifc_idag": "", "edifc_ided": "", "source": "BDTRE edifc" }, "geometry": { "type": "Polygon", "coordinates": [ [ [ 7.69338, 45.06967 ], [ 7.6932, 45.06943 ], [ 7.69362, 45.06928 ], [ 7.69369, 45.06939 ], [ 7.69374, 45.06945 ], [ 7.69379, 45.06952 ], [ 7.69369, 45.06956 ], [ 7.69352, 45.06962 ], [ 7.69338, 45.06967 ] ], [ [ 7.69345, 45.06948 ], [ 7.69347, 45.06951 ], [ 7.69348, 45.06951 ], [ 7.6935, 45.06954 ], [ 7.69351, 45.06954 ], [ 7.69351, 45.06955 ], [ 7.6935, 45.06955 ], [ 7.69352, 45.06957 ], [ 7.69369, 45.06951 ], [ 7.69362, 45.06941 ], [ 7.69362, 45.06941 ], [ 7.69345, 45.06948 ] ] ] } },
{ "type": "Feature", "properties": { "uuid": "c5bdd995-5b1c-4438-9735-a673f6a4e1b2", "data_acq": "2019-11-30 00:00:00", "data_agg": "2019-11-30 00:00:00", "data_fin": "9999-12-31 00:00:00", "ente_for": "REGIONE PIEMONTE", "ente_prod": "REGIONE PIEMONTE", "modo_prod": "banche dati esterne - catasto", "sc_acq": "1:2000", "edifc_ty": "generica", "edifc_uso": "residenziale e produttivo", "edifc_stat": "costruito", "edifc_mon": "0", "edifc_nome": "", "edifc_idag": "", "edifc_ided": "", "source": "BDTRE edifc" }, "geometry": { "type": "Polygon", "coordinates": [ [ [ 7.67179, 45.08254 ], [ 7.67146, 45.08263 ], [ 7.6714, 45.08254 ], [ 7.6714, 45.08254 ], [ 7.67142, 45.08254 ], [ 7.67142, 45.08255 ], [ 7.6716, 45.08249 ], [ 7.6716, 45.0825 ], [ 7.67173, 45.08246 ], [ 7.67172, 45.08246 ], [ 7.67174, 45.08245 ], [ 7.67179, 45.08254 ] ] ] } },
{ "type": "Feature", "properties": { "uuid": "3186bda3-e528-416e-b1d9-89eec0025eef", "data_acq": "2019-11-30 00:00:00", "data_agg": "2019-11-30 00:00:00", "data_fin": "9999-12-31 00:00:00", "ente_for": "REGIONE PIEMONTE", "ente_prod": "REGIONE PIEMONTE", "modo_prod": "banche dati esterne - catasto", "sc_acq": "1:2000", "edifc_ty": "generica", "edifc_uso": "residenziale e commerciale", "edifc_stat": "costruito", "edifc_mon": "0", "edifc_nome": "", "edifc_idag": "", "edifc_ided": "", "source": "BDTRE edifc" }, "geometry": { "type": "Polygon", "coordinates": [ [ [ 7.68243, 45.07039 ], [ 7.68237, 45.07032 ], [ 7.68236, 45.07032 ], [ 7.68233, 45.07029 ], [ 7.68219, 45.07034 ], [ 7.68213, 45.07024 ], [ 7.68213, 45.07024 ], [ 7.68212, 45.07024 ], [ 7.68216, 45.07023 ], [ 7.68215, 45.0702 ], [ 7.68208, 45.07022 ], [ 7.6818, 45.07032 ], [ 7.68182, 45.07034 ], [ 7.68179, 45.07035 ], [ 7.68177, 45.07036 ], [ 7.68177, 45.07036 ], [ 7.68176, 45.07036 ], [ 7.68176, 45.07036 ], [ 7.68176, 45.07037 ], [ 7.68176, 45.07037 ], [ 7.68176, 45.07038 ], [ 7.68175, 45.07038 ], [ 7.68175, 45.07038 ], [ 7.68175, 45.07038 ], [ 7.68175, 45.07038 ], [ 7.68174, 45.07041 ], [ 7.68173, 45.07043 ], [ 7.68172, 45.07043 ], [ 7.68172, 45.07043 ], [ 7.68172, 45.07043 ], [ 7.68172, 45.07044 ], [ 7.68172, 45.07044 ], [ 7.68171, 45.07044 ], [ 7.68171, 45.07045 ], [ 7.68171, 45.07045 ], [ 7.68172, 45.07045 ], [ 7.68173, 45.07047 ], [ 7.68175, 45.0705 ], [ 7.68177, 45.07052 ], [ 7.68176, 45.07052 ], [ 7.68177, 45.07053 ], [ 7.68178, 45.07053 ], [ 7.68178, 45.07053 ], [ 7.68179, 45.07053 ], [ 7.6818, 45.07053 ], [ 7.6818, 45.07053 ], [ 7.6818, 45.07053 ], [ 7.68181, 45.07053 ], [ 7.68183, 45.07054 ], [ 7.68185, 45.07054 ], [ 7.68186, 45.07054 ], [ 7.68186, 45.07054 ], [ 7.68186, 45.07054 ], [ 7.68187, 45.07054 ], [ 7.68188, 45.07054 ], [ 7.68189, 45.07054 ], [ 7.68189, 45.07054 ], [ 7.68191, 45.07054 ], [ 7.68192, 45.07053 ], [ 7.68194, 45.07052 ], [ 7.68196, 45.07054 ], [ 7.68196, 45.07054 ], [ 7.68196, 45.07054 ], [ 7.68197, 45.07055 ], [ 7.68203, 45.07052 ], [ 7.68207, 45.07051 ], [ 7.68206, 45.0705 ], [ 7.68212, 45.07048 ], [ 7.68213, 45.07049 ], [ 7.68214, 45.07049 ], [ 7.68214, 45.07048 ], [ 7.68221, 45.07046 ], [ 7.68236, 45.07041 ], [ 7.68243, 45.07039 ] ] ] } },
{ "type": "Feature", "properties": { "uuid": "166aa424-f2c2-4ca4-82bb-53931763d624", "data_acq": "2019-11-30 00:00:00", "data_agg": "2019-11-30 00:00:00", "data_fin": "9999-12-31 00:00:00", "ente_for": "REGIONE PIEMONTE", "ente_prod": "REGIONE PIEMONTE", "modo_prod": "banche dati esterne - catasto", "sc_acq": "1:2000", "edifc_ty": "generica", "edifc_uso": "residenziale e commerciale", "edifc_stat": "costruito", "edifc_mon": "0", "edifc_nome": "", "edifc_idag": "", "edifc_ided": "", "source": "BDTRE edifc" }, "geometry": { "type": "Polygon", "coordinates": [ [ [ 7.69043, 45.06857 ], [ 7.69058, 45.06878 ], [ 7.69039, 45.06886 ], [ 7.69038, 45.06885 ], [ 7.69033, 45.06881 ], [ 7.69035, 45.0688 ], [ 7.69041, 45.06878 ], [ 7.69035, 45.06869 ], [ 7.69035, 45.06869 ], [ 7.69027, 45.06872 ], [ 7.69028, 45.06873 ], [ 7.69025, 45.06874 ], [ 7.69022, 45.0687 ], [ 7.69043, 45.06857 ] ] ] } },
{ "type": "Feature", "properties": { "uuid": "c85f0d5f-0f79-423d-a07a-d776bbc584e4", "data_acq": "2019-11-30 00:00:00", "data_agg": "2019-11-30 00:00:00", "data_fin": "9999-12-31 00:00:00", "ente_for": "REGIONE PIEMONTE", "ente_prod": "REGIONE PIEMONTE", "modo_prod": "banche dati esterne - catasto", "sc_acq": "1:2000", "edifc_ty": "generica", "edifc_uso": "residenziale e commerciale", "edifc_stat": "costruito", "edifc_mon": "0", "edifc_nome": "", "edifc_idag": "", "edifc_ided": "", "source": "BDTRE edifc" }, "geometry": { "type": "Polygon", "coordinates": [ [ [ 7.69324, 45.08328 ], [ 7.69324, 45.08339 ], [ 7.69325, 45.08339 ], [ 7.69325, 45.0834 ], [ 7.69314, 45.08342 ], [ 7.69309, 45.0834 ], [ 7.69308, 45.08329 ], [ 7.69308, 45.08328 ], [ 7.69324, 45.08328 ] ] ] } },
{ "type": "Feature", "properties": { "uuid": "a4fea39f-0f47-40d1-a535-d442123e8a5f", "data_acq": "2019-11-30 00:00:00", "data_agg": "2019-11-30 00:00:00", "data_fin": "9999-12-31 00:00:00", "ente_for": "REGIONE PIEMONTE", "ente_prod": "REGIONE PIEMONTE", "modo_prod": "banche dati esterne - catasto", "sc_acq": "1:2000", "edifc_ty": "generica", "edifc_uso": "residenziale e commerciale", "edifc_stat": "costruito", "edifc_mon": "0", "edifc_nome": "", "edifc_idag": "", "edifc_ided": "", "source": "BDTRE edifc" }, "geometry": { "type": "Polygon", "coordinates": [ [ [ 7.66809, 45.06933 ], [ 7.6683, 45.06926 ], [ 7.66829, 45.06925 ], [ 7.66828, 45.06925 ], [ 7.66823, 45.06918 ], [ 7.66825, 45.06918 ], [ 7.66824, 45.06916 ], [ 7.66823, 45.06915 ], [ 7.66821, 45.06916 ], [ 7.66818, 45.06911 ], [ 7.66817, 45.06909 ], [ 7.66819, 45.06908 ], [ 7.66819, 45.06907 ], [ 7.66816, 45.06908 ], [ 7.66811, 45.06901 ], [ 7.66792, 45.06908 ], [ 7.66792, 45.06908 ], [ 7.66796, 45.06914 ], [ 7.668, 45.06921 ], [ 7.66809, 45.06933 ] ] ] } },
{ "type": "Feature", "properties": { "uuid": "7d2c32aa-431f-417b-b749-90e04c601872", "data_acq": "2019-11-30 00:00:00", "data_agg": "2019-11-30 00:00:00", "data_fin": "9999-12-31 00:00:00", "ente_for": "REGIONE PIEMONTE", "ente_prod": "REGIONE PIEMONTE", "modo_prod": "banche dati esterne - catasto", "sc_acq": "1:2000", "edifc_ty": "generica", "edifc_uso": "residenziale e commerciale", "edifc_stat": "costruito", "edifc_mon": "0", "edifc_nome": "", "edifc_idag": "", "edifc_ided": "", "source": "BDTRE edifc" }, "geometry": { "type": "Polygon", "coordinates": [ [ [ 7.67406, 45.08043 ], [ 7.67407, 45.08044 ], [ 7.6741, 45.08049 ], [ 7.6741, 45.08049 ], [ 7.67396, 45.08054 ], [ 7.67396, 45.08054 ], [ 7.67392, 45.08048 ], [ 7.67392, 45.08048 ], [ 7.67406, 45.08043 ] ] ] } },
{ "type": "Feature", "properties": { "uuid": "0b6f33c8-7430-41dd-adac-895ec9af8e98", "data_acq": "2019-11-30 00:00:00", "data_agg": "2019-11-30 00:00:00", "data_fin": "9999-12-31 00:00:00", "ente_for": "REGIONE PIEMONTE", "ente_prod": "REGIONE PIEMONTE", "modo_prod": "banche dati esterne - catasto", "sc_acq": "1:2000", "edifc_ty": "generica", "edifc_uso": "residenziale e commerciale", "edifc_stat": "costruito", "edifc_mon": "0", "edifc_nome": "", "edifc_idag": "", "edifc_ided": "", "source": "BDTRE edifc" }, "geometry": { "type": "Polygon", "coordinates": [ [ [ 7.6804, 45.08322 ], [ 7.6804, 45.08321 ], [ 7.68055, 45.08316 ], [ 7.6806, 45.08323 ], [ 7.68061, 45.08325 ], [ 7.68046, 45.0833 ], [ 7.6804, 45.08322 ] ] ] } },
{ "type": "Feature", "properties": { "uuid": "d8eb43c8-dc36-4037-ad3b-b9196897dc97", "data_acq": "2019-11-30 00:00:00", "data_agg": "2019-11-30 00:00:00", "data_fin": "9999-12-31 00:00:00", "ente_for": "REGIONE PIEMONTE", "ente_prod": "REGIONE PIEMONTE", "modo_prod": "banche dati esterne - catasto", "sc_acq": "1:2000", "edifc_ty": "generica", "edifc_uso": "residenziale e commerciale", "edifc_stat": "costruito", "edifc_mon": "0", "edifc_nome": "", "edifc_idag": "", "edifc_ided": "", "source": "BDTRE edifc" }, "geometry": { "type": "Polygon", "coordinates": [ [ [ 7.68986, 45.08032 ], [ 7.68995, 45.08045 ], [ 7.68981, 45.08049 ], [ 7.6898, 45.08048 ], [ 7.68981, 45.08048 ], [ 7.6898, 45.08046 ], [ 7.68974, 45.08037 ], [ 7.68974, 45.08037 ], [ 7.68973, 45.08037 ], [ 7.68973, 45.08037 ], [ 7.68973, 45.08037 ], [ 7.68972, 45.08036 ], [ 7.68986, 45.08032 ] ] ] } },
{ "type": "Feature", "properties": { "uuid": "06d0212a-5e7f-465a-a233-236129f1573c", "data_acq": "2019-11-30 00:00:00", "data_agg": "2019-11-30 00:00:00", "data_fin": "9999-12-31 00:00:00", "ente_for": "REGIONE PIEMONTE", "ente_prod": "REGIONE PIEMONTE", "modo_prod": "banche dati esterne - catasto", "sc_acq": "1:2000", "edifc_ty": "generica", "edifc_uso": "residenziale e commerciale", "edifc_stat": "costruito", "edifc_mon": "0", "edifc_nome": "", "edifc_idag": "", "edifc_ided": "", "source": "BDTRE edifc" }, "geometry": { "type": "Polygon", "coordinates": [ [ [ 7.68156, 45.07433 ], [ 7.68149, 45.07423 ], [ 7.68147, 45.07423 ], [ 7.6812, 45.07429 ], [ 7.68115, 45.0742 ], [ 7.68116, 45.0742 ], [ 7.68115, 45.07419 ], [ 7.68133, 45.07416 ], [ 7.68142, 45.07414 ], [ 7.6814, 45.07408 ], [ 7.68136, 45.07409 ], [ 7.68135, 45.07406 ], [ 7.68124, 45.07408 ], [ 7.68108, 45.07412 ], [ 7.68112, 45.07418 ], [ 7.68106, 45.0742 ], [ 7.68107, 45.07422 ], [ 7.68105, 45.07423 ], [ 7.68115, 45.07442 ], [ 7.68122, 45.07441 ], [ 7.68126, 45.0744 ], [ 7.68129, 45.07439 ], [ 7.68136, 45.07438 ], [ 7.68143, 45.07436 ], [ 7.68156, 45.07433 ] ] ] } },
{ "type": "Feature", "properties": { "uuid": "7908dda8-581d-4877-8e68-238f4c620682", "data_acq": "2019-11-30 00:00:00", "data_agg": "2019-11-30 00:00:00", "data_fin": "9999-12-31 00:00:00", "ente_for": "REGIONE PIEMONTE", "ente_prod": "REGIONE PIEMONTE", "modo_prod": "banche dati esterne - catasto", "sc_acq": "1:2000", "edifc_ty": "generica", "edifc_uso": "residenziale e commerciale", "edifc_stat": "costruito", "edifc_mon": "0", "edifc_nome": "", "edifc_idag": "", "edifc_ided": "", "source": "BDTRE edifc" }, "geometry": { "type": "Polygon", "coordinates": [ [ [ 7.69311, 45.07215 ], [ 7.69289, 45.07183 ], [ 7.69308, 45.07164 ], [ 7.6932, 45.0717 ], [ 7.69314, 45.07176 ], [ 7.69314, 45.07176 ], [ 7.69307, 45.07183 ], [ 7.69306, 45.07184 ], [ 7.69306, 45.07184 ], [ 7.69306, 45.07184 ], [ 7.69307, 45.07186 ], [ 7.69311, 45.07192 ], [ 7.69313, 45.07192 ], [ 7.69314, 45.07193 ], [ 7.69312, 45.07194 ], [ 7.69319, 45.07203 ], [ 7.6932, 45.07203 ], [ 7.69321, 45.07204 ], [ 7.6932, 45.07204 ], [ 7.69324, 45.07211 ], [ 7.69311, 45.07215 ] ] ] } },
{ "type": "Feature", "properties": { "uuid": "49c80946-436f-4aa8-8a4b-c301e06fe696", "data_acq": "2019-11-30 00:00:00", "data_agg": "2019-11-30 00:00:00", "data_fin": "9999-12-31 00:00:00", "ente_for": "REGIONE PIEMONTE", "ente_prod": "REGIONE PIEMONTE", "modo_prod": "banche dati esterne - catasto", "sc_acq": "1:2000", "edifc_ty": "generica", "edifc_uso": "residenziale e commerciale", "edifc_stat": "costruito", "edifc_mon": "0", "edifc_nome": "", "edifc_idag": "", "edifc_ided": "", "source": "BDTRE edifc" }, "geometry": { "type": "Polygon", "coordinates": [ [ [ 7.68392, 45.07819 ], [ 7.68371, 45.07827 ], [ 7.68358, 45.07832 ], [ 7.68357, 45.07826 ], [ 7.68362, 45.07824 ], [ 7.68369, 45.07821 ], [ 7.6837, 45.0782 ], [ 7.68369, 45.0782 ], [ 7.68373, 45.07818 ], [ 7.68373, 45.07819 ], [ 7.68388, 45.07813 ], [ 7.68392, 45.07819 ] ] ] } },
{ "type": "Feature", "properties": { "uuid": "24b95a6b-d989-49ca-8183-df99fa005a1e", "data_acq": "2019-11-30 00:00:00", "data_agg": "2019-11-30 00:00:00", "data_fin": "9999-12-31 00:00:00", "ente_for": "REGIONE PIEMONTE", "ente_prod": "REGIONE PIEMONTE", "modo_prod": "banche dati esterne - catasto", "sc_acq": "1:2000", "edifc_ty": "generica", "edifc_uso": "residenziale e commerciale", "edifc_stat": "costruito", "edifc_mon": "0", "edifc_nome": "", "edifc_idag": "", "edifc_ided": "", "source": "BDTRE edifc" }, "geometry": { "type": "Polygon", "coordinates": [ [ [ 7.66718, 45.07628 ], [ 7.66689, 45.07626 ], [ 7.66689, 45.07617 ], [ 7.6669, 45.07608 ], [ 7.6669, 45.07608 ], [ 7.6669, 45.07608 ], [ 7.6669, 45.07608 ], [ 7.6669, 45.07607 ], [ 7.6669, 45.07607 ], [ 7.66691, 45.07598 ], [ 7.66689, 45.07595 ], [ 7.66696, 45.07592 ], [ 7.66702, 45.0759 ], [ 7.66703, 45.0759 ], [ 7.66703, 45.07589 ], [ 7.66707, 45.07595 ], [ 7.66706, 45.076 ], [ 7.66717, 45.07601 ], [ 7.66717, 45.07605 ], [ 7.66706, 45.07604 ], [ 7.66705, 45.07609 ], [ 7.66701, 45.07609 ], [ 7.667, 45.07614 ], [ 7.66706, 45.07615 ], [ 7.66706, 45.07613 ], [ 7.66709, 45.07614 ], [ 7.66709, 45.07615 ], [ 7.66712, 45.07615 ], [ 7.66712, 45.07614 ], [ 7.66714, 45.07614 ], [ 7.66714, 45.07615 ], [ 7.66719, 45.07615 ], [ 7.66718, 45.07628 ] ] ] } },
{ "type": "Feature", "properties": { "uuid": "241787ef-7eea-4f9f-9a4f-b6557fca63ce", "data_acq": "2019-11-30 00:00:00", "data_agg": "2019-11-30 00:00:00", "data_fin": "9999-12-31 00:00:00", "ente_for": "REGIONE PIEMONTE", "ente_prod": "REGIONE PIEMONTE", "modo_prod": "banche dati esterne - catasto", "sc_acq": "1:2000", "edifc_ty": "generica", "edifc_uso": "residenziale e commerciale", "edifc_stat": "costruito", "edifc_mon": "0", "edifc_nome": "", "edifc_idag": "", "edifc_ided": "", "source": "BDTRE edifc" }, "geometry": { "type": "Polygon", "coordinates": [ [ [ 7.67182, 45.0779 ], [ 7.67182, 45.07791 ], [ 7.67182, 45.07791 ], [ 7.67176, 45.07789 ], [ 7.67171, 45.07788 ], [ 7.67166, 45.07787 ], [ 7.67166, 45.07787 ], [ 7.67163, 45.07783 ], [ 7.67163, 45.07782 ], [ 7.67163, 45.07782 ], [ 7.67188, 45.07773 ], [ 7.67213, 45.07764 ], [ 7.67215, 45.07765 ], [ 7.67239, 45.078 ], [ 7.67239, 45.07801 ], [ 7.67238, 45.07801 ], [ 7.67238, 45.07801 ], [ 7.67236, 45.07802 ], [ 7.67234, 45.07802 ], [ 7.67225, 45.078 ], [ 7.67223, 45.078 ], [ 7.67216, 45.07799 ], [ 7.67217, 45.07797 ], [ 7.67206, 45.07782 ], [ 7.67204, 45.07782 ], [ 7.67183, 45.07789 ], [ 7.67182, 45.0779 ] ] ] } },
{ "type": "Feature", "properties": { "uuid": "0ca7d239-2316-4bca-be8e-7458d6a90a48", "data_acq": "2019-11-30 00:00:00", "data_agg": "2019-11-30 00:00:00", "data_fin": "9999-12-31 00:00:00", "ente_for": "REGIONE PIEMONTE", "ente_prod": "REGIONE PIEMONTE", "modo_prod": "banche dati esterne - catasto", "sc_acq": "1:2000", "edifc_ty": "generica", "edifc_uso": "residenziale e commerciale", "edifc_stat": "costruito", "edifc_mon": "0", "edifc_nome": "", "edifc_idag": "", "edifc_ided": "", "source": "BDTRE edifc" }, "geometry": { "type": "Polygon", "coordinates": [ [ [ 7.66497, 45.08074 ], [ 7.66502, 45.08079 ], [ 7.665, 45.0808 ], [ 7.66507, 45.0809 ], [ 7.66507, 45.0809 ], [ 7.66512, 45.08098 ], [ 7.66503, 45.08102 ], [ 7.66502, 45.08102 ], [ 7.66501, 45.08099 ], [ 7.66499, 45.081 ], [ 7.66494, 45.08094 ], [ 7.66496, 45.08093 ], [ 7.66492, 45.08088 ], [ 7.66479, 45.08095 ], [ 7.66475, 45.08092 ], [ 7.66475, 45.08092 ], [ 7.66474, 45.08091 ], [ 7.66469, 45.08094 ], [ 7.66473, 45.08099 ], [ 7.66471, 45.081 ], [ 7.66474, 45.08103 ], [ 7.66475, 45.08102 ], [ 7.66484, 45.08113 ], [ 7.66472, 45.08118 ], [ 7.6647, 45.08115 ], [ 7.66462, 45.08106 ], [ 7.66453, 45.08094 ], [ 7.66462, 45.08091 ], [ 7.66458, 45.08087 ], [ 7.66482, 45.08073 ], [ 7.6648, 45.08071 ], [ 7.66483, 45.0807 ], [ 7.66488, 45.08067 ], [ 7.66497, 45.08075 ], [ 7.66497, 45.08074 ] ] ] } },
{ "type": "Feature", "properties": { "uuid": "fe2cdf0c-4a5f-470b-accf-da6191528574", "data_acq": "2019-11-30 00:00:00", "data_agg": "2019-11-30 00:00:00", "data_fin": "9999-12-31 00:00:00", "ente_for": "REGIONE PIEMONTE", "ente_prod": "REGIONE PIEMONTE", "modo_prod": "banche dati esterne - catasto", "sc_acq": "1:2000", "edifc_ty": "generica", "edifc_uso": "residenziale e commerciale", "edifc_stat": "costruito", "edifc_mon": "0", "edifc_nome": "", "edifc_idag": "", "edifc_ided": "", "source": "BDTRE edifc" }, "geometry": { "type": "Polygon", "coordinates": [ [ [ 7.68199, 45.07123 ], [ 7.68188, 45.07127 ], [ 7.68186, 45.07127 ], [ 7.68191, 45.07133 ], [ 7.68186, 45.07135 ], [ 7.68183, 45.07132 ], [ 7.68184, 45.07131 ], [ 7.68183, 45.0713 ], [ 7.68182, 45.0713 ], [ 7.68181, 45.07129 ], [ 7.68175, 45.07131 ], [ 7.68181, 45.07137 ], [ 7.6818, 45.07138 ], [ 7.68183, 45.07141 ], [ 7.68183, 45.07141 ], [ 7.68183, 45.07141 ], [ 7.68186, 45.07145 ], [ 7.68198, 45.07141 ], [ 7.68209, 45.07137 ], [ 7.68206, 45.07132 ], [ 7.68205, 45.07131 ], [ 7.68202, 45.07126 ], [ 7.68199, 45.07123 ] ] ] } },
{ "type": "Feature", "properties": { "uuid": "823d716f-da99-48d7-9836-5632e831fa13", "data_acq": "2019-11-30 00:00:00", "data_agg": "2019-11-30 00:00:00", "data_fin": "9999-12-31 00:00:00", "ente_for": "REGIONE PIEMONTE", "ente_prod": "REGIONE PIEMONTE", "modo_prod": "banche dati esterne - catasto", "sc_acq": "1:2000", "edifc_ty": "generica", "edifc_uso": "residenziale e commerciale", "edifc_stat": "costruito", "edifc_mon": "0", "edifc_nome": "", "edifc_idag": "", "edifc_ided": "", "source": "BDTRE edifc" }, "geometry": { "type": "Polygon", "coordinates": [ [ [ 7.69121, 45.06553 ], [ 7.69136, 45.06547 ], [ 7.69157, 45.0654 ], [ 7.69179, 45.0657 ], [ 7.69165, 45.06574 ], [ 7.69163, 45.06571 ], [ 7.69159, 45.06566 ], [ 7.69157, 45.06567 ], [ 7.69157, 45.06566 ], [ 7.69152, 45.06559 ], [ 7.69154, 45.06559 ], [ 7.69152, 45.06556 ], [ 7.69153, 45.06556 ], [ 7.69152, 45.06553 ], [ 7.69147, 45.06555 ], [ 7.69147, 45.06556 ], [ 7.69146, 45.06556 ], [ 7.69146, 45.06555 ], [ 7.69144, 45.06556 ], [ 7.69145, 45.06558 ], [ 7.69141, 45.0656 ], [ 7.6914, 45.06559 ], [ 7.69136, 45.06561 ], [ 7.69129, 45.06563 ], [ 7.69121, 45.06553 ] ] ] } },
{ "type": "Feature", "properties": { "uuid": "3563503a-2a1a-44c1-9439-1774a21f5ad1", "data_acq": "2019-11-30 00:00:00", "data_agg": "2019-11-30 00:00:00", "data_fin": "9999-12-31 00:00:00", "ente_for": "REGIONE PIEMONTE", "ente_prod": "REGIONE PIEMONTE", "modo_prod": "banche dati esterne - catasto", "sc_acq": "1:2000", "edifc_ty": "generica", "edifc_uso": "residenziale e commerciale", "edifc_stat": "costruito", "edifc_mon": "0", "edifc_nome": "", "edifc_idag": "", "edifc_ided": "", "source": "BDTRE edifc" }, "geometry": { "type": "Polygon", "coordinates": [ [ [ 7.6794, 45.07394 ], [ 7.67929, 45.07378 ], [ 7.67929, 45.07377 ], [ 7.67945, 45.07372 ], [ 7.67946, 45.07374 ], [ 7.67945, 45.07374 ], [ 7.67953, 45.07385 ], [ 7.67952, 45.07385 ], [ 7.67955, 45.07389 ], [ 7.6794, 45.07394 ] ] ] } },
{ "type": "Feature", "properties": { "uuid": "e11cbb2c-afe7-4feb-804f-7c461097ba2f", "data_acq": "2019-11-30 00:00:00", "data_agg": "2019-11-30 00:00:00", "data_fin": "9999-12-31 00:00:00", "ente_for": "REGIONE PIEMONTE", "ente_prod": "REGIONE PIEMONTE", "modo_prod": "banche dati esterne - catasto", "sc_acq": "1:2000", "edifc_ty": "generica", "edifc_uso": "residenziale e commerciale", "edifc_stat": "costruito", "edifc_mon": "0", "edifc_nome": "", "edifc_idag": "", "edifc_ided": "", "source": "BDTRE edifc" }, "geometry": { "type": "Polygon", "coordinates": [ [ [ 7.69348, 45.08204 ], [ 7.69339, 45.08213 ], [ 7.69333, 45.0821 ], [ 7.6933, 45.08209 ], [ 7.69319, 45.08209 ], [ 7.69319, 45.08204 ], [ 7.6933, 45.08203 ], [ 7.6933, 45.082 ], [ 7.69318, 45.082 ], [ 7.69317, 45.082 ], [ 7.69317, 45.08198 ], [ 7.69328, 45.08198 ], [ 7.6933, 45.08198 ], [ 7.69334, 45.08198 ], [ 7.69348, 45.08204 ] ] ] } },
{ "type": "Feature", "properties": { "uuid": "fce6fb83-98b3-4036-af96-a57aa4e25a8b", "data_acq": "2010-01-01 00:00:00", "data_agg": "2022-12-31 00:00:00", "data_fin": "9999-12-31 00:00:00", "ente_for": "REGIONE PIEMONTE", "ente_prod": "CSI PIEMONTE", "modo_prod": "rilievo speditivo - ortofoto", "sc_acq": "1:10000", "edifc_ty": "generica", "edifc_uso": "residenziale e commerciale", "edifc_stat": "costruito", "edifc_mon": "0", "edifc_nome": "", "edifc_idag": "", "edifc_ided": "", "source": "BDTRE edifc" }, "geometry": { "type": "Polygon", "coordinates": [ [ [ 7.6828, 45.0659 ], [ 7.6828, 45.0659 ], [ 7.68271, 45.06576 ], [ 7.68285, 45.06571 ], [ 7.68286, 45.06571 ], [ 7.683, 45.06566 ], [ 7.68303, 45.06564 ], [ 7.68308, 45.06571 ], [ 7.68313, 45.06578 ], [ 7.6828, 45.0659 ] ] ] } },
{ "type": "Feature", "properties": { "uuid": "473ef5f5-62c7-4c5d-a35f-37bc2c19e5da", "data_acq": "2019-11-30 00:00:00", "data_agg": "2019-11-30 00:00:00", "data_fin": "9999-12-31 00:00:00", "ente_for": "REGIONE PIEMONTE", "ente_prod": "REGIONE PIEMONTE", "modo_prod": "banche dati esterne - catasto", "sc_acq": "1:2000", "edifc_ty": "generica", "edifc_uso": "residenziale e commerciale", "edifc_stat": "costruito", "edifc_mon": "0", "edifc_nome": "", "edifc_idag": "", "edifc_ided": "", "source": "BDTRE edifc" }, "geometry": { "type": "Polygon", "coordinates": [ [ [ 7.66578, 45.06924 ], [ 7.6657, 45.06913 ], [ 7.66569, 45.06912 ], [ 7.66568, 45.06912 ], [ 7.66568, 45.06913 ], [ 7.66568, 45.06913 ], [ 7.66568, 45.06913 ], [ 7.66556, 45.06917 ], [ 7.6655, 45.06909 ], [ 7.6654, 45.06913 ], [ 7.66547, 45.06923 ], [ 7.66554, 45.06932 ], [ 7.66566, 45.06928 ], [ 7.66578, 45.06924 ] ] ] } },
{ "type": "Feature", "properties": { "uuid": "73eafbf5-5426-4d6a-b27a-26607442eba0", "data_acq": "2019-11-30 00:00:00", "data_agg": "2019-11-30 00:00:00", "data_fin": "9999-12-31 00:00:00", "ente_for": "REGIONE PIEMONTE", "ente_prod": "REGIONE PIEMONTE", "modo_prod": "banche dati esterne - catasto", "sc_acq": "1:2000", "edifc_ty": "generica", "edifc_uso": "residenziale e commerciale", "edifc_stat": "costruito", "edifc_mon": "0", "edifc_nome": "", "edifc_idag": "", "edifc_ided": "", "source": "BDTRE edifc" }, "geometry": { "type": "Polygon", "coordinates": [ [ [ 7.66577, 45.07334 ], [ 7.66583, 45.07343 ], [ 7.66589, 45.07351 ], [ 7.66583, 45.07354 ], [ 7.66578, 45.07355 ], [ 7.66576, 45.07356 ], [ 7.6657, 45.07347 ], [ 7.66569, 45.07348 ], [ 7.66568, 45.07346 ], [ 7.66569, 45.07346 ], [ 7.66567, 45.07343 ], [ 7.66567, 45.07341 ], [ 7.66565, 45.07339 ], [ 7.66577, 45.07334 ] ] ] } },
{ "type": "Feature", "properties": { "uuid": "c85ab887-144e-4802-b969-f1ff38a9823d", "data_acq": "2019-11-30 00:00:00", "data_agg": "2019-11-30 00:00:00", "data_fin": "9999-12-31 00:00:00", "ente_for": "REGIONE PIEMONTE", "ente_prod": "REGIONE PIEMONTE", "modo_prod": "banche dati esterne - catasto", "sc_acq": "1:2000", "edifc_ty": "generica", "edifc_uso": "residenziale e commerciale", "edifc_stat": "costruito", "edifc_mon": "0", "edifc_nome": "", "edifc_idag": "", "edifc_ided": "", "source": "BDTRE edifc" }, "geometry": { "type": "Polygon", "coordinates": [ [ [ 7.68237, 45.07546 ], [ 7.68254, 45.07572 ], [ 7.68245, 45.07575 ], [ 7.68246, 45.07575 ], [ 7.68196, 45.07592 ], [ 7.68196, 45.07592 ], [ 7.68172, 45.07557 ], [ 7.68189, 45.07552 ], [ 7.68222, 45.07541 ], [ 7.68221, 45.0754 ], [ 7.68222, 45.07539 ], [ 7.68222, 45.07538 ], [ 7.68221, 45.07537 ], [ 7.68229, 45.07534 ], [ 7.68237, 45.07546 ] ], [ [ 7.68197, 45.07567 ], [ 7.68206, 45.07579 ], [ 7.68233, 45.0757 ], [ 7.68222, 45.07554 ], [ 7.68195, 45.07563 ], [ 7.68196, 45.07565 ], [ 7.68196, 45.07565 ], [ 7.68197, 45.07566 ], [ 7.68197, 45.07567 ] ] ] } },
{ "type": "Feature", "properties": { "uuid": "94b41ca2-e748-46bd-98fa-f2bfd3bd386c", "data_acq": "2019-11-30 00:00:00", "data_agg": "2019-11-30 00:00:00", "data_fin": "9999-12-31 00:00:00", "ente_for": "REGIONE PIEMONTE", "ente_prod": "REGIONE PIEMONTE", "modo_prod": "banche dati esterne - catasto", "sc_acq": "1:2000", "edifc_ty": "generica", "edifc_uso": "residenziale e commerciale", "edifc_stat": "costruito", "edifc_mon": "0", "edifc_nome": "", "edifc_idag": "", "edifc_ided": "", "source": "BDTRE edifc" }, "geometry": { "type": "Polygon", "coordinates": [ [ [ 7.69113, 45.06684 ], [ 7.69128, 45.06703 ], [ 7.69119, 45.06706 ], [ 7.69119, 45.06706 ], [ 7.69101, 45.06712 ], [ 7.69101, 45.06711 ], [ 7.691, 45.06711 ], [ 7.69095, 45.06703 ], [ 7.69085, 45.06691 ], [ 7.69113, 45.06684 ] ], [ [ 7.69095, 45.06694 ], [ 7.69103, 45.06706 ], [ 7.6911, 45.06703 ], [ 7.6911, 45.06702 ], [ 7.69109, 45.06702 ], [ 7.69106, 45.06698 ], [ 7.6911, 45.06697 ], [ 7.69106, 45.06692 ], [ 7.69105, 45.06692 ], [ 7.69104, 45.06691 ], [ 7.69095, 45.06694 ] ] ] } },
{ "type": "Feature", "properties": { "uuid": "6d854579-bfc0-4634-9cc3-579679febd30", "data_acq": "2019-11-30 00:00:00", "data_agg": "2019-11-30 00:00:00", "data_fin": "9999-12-31 00:00:00", "ente_for": "REGIONE PIEMONTE", "ente_prod": "REGIONE PIEMONTE", "modo_prod": "banche dati esterne - catasto", "sc_acq": "1:2000", "edifc_ty": "generica", "edifc_uso": "residenziale e commerciale", "edifc_stat": "costruito", "edifc_mon": "0", "edifc_nome": "", "edifc_idag": "", "edifc_ided": "", "source": "BDTRE edifc" }, "geometry": { "type": "Polygon", "coordinates": [ [ [ 7.67451, 45.07931 ], [ 7.67442, 45.07934 ], [ 7.67435, 45.07925 ], [ 7.67439, 45.07917 ], [ 7.67442, 45.07918 ], [ 7.67451, 45.07931 ] ] ] } },
{ "type": "Feature", "properties": { "uuid": "642d2c86-afb1-4842-8962-dcdc63406922", "data_acq": "2019-11-30 00:00:00", "data_agg": "2019-11-30 00:00:00", "data_fin": "9999-12-31 00:00:00", "ente_for": "REGIONE PIEMONTE", "ente_prod": "REGIONE PIEMONTE", "modo_prod": "banche dati esterne - catasto", "sc_acq": "1:2000", "edifc_ty": "generica", "edifc_uso": "residenziale e commerciale", "edifc_stat": "costruito", "edifc_mon": "0", "edifc_nome": "", "edifc_idag": "", "edifc_ided": "", "source": "BDTRE edifc" }, "geometry": { "type": "Polygon", "coordinates": [ [ [ 7.67743, 45.07281 ], [ 7.67751, 45.07278 ], [ 7.67751, 45.07277 ], [ 7.67766, 45.07272 ], [ 7.67771, 45.0727 ], [ 7.67776, 45.07268 ], [ 7.67772, 45.07261 ], [ 7.67768, 45.07254 ], [ 7.67754, 45.07259 ], [ 7.67749, 45.07261 ], [ 7.67734, 45.07266 ], [ 7.67739, 45.07274 ], [ 7.67743, 45.07281 ], [ 7.67743, 45.07281 ] ], [ [ 7.67747, 45.07265 ], [ 7.67758, 45.07261 ], [ 7.67759, 45.07262 ], [ 7.67763, 45.0726 ], [ 7.67767, 45.07265 ], [ 7.67762, 45.07267 ], [ 7.67762, 45.07268 ], [ 7.67751, 45.07272 ], [ 7.67747, 45.07265 ] ] ] } },
{ "type": "Feature", "properties": { "uuid": "5fae1d1d-f1ef-43e9-8be7-a80c2d90e9ba", "data_acq": "2019-11-30 00:00:00", "data_agg": "2019-11-30 00:00:00", "data_fin": "9999-12-31 00:00:00", "ente_for": "REGIONE PIEMONTE", "ente_prod": "REGIONE PIEMONTE", "modo_prod": "banche dati esterne - catasto", "sc_acq": "1:2000", "edifc_ty": "generica", "edifc_uso": "residenziale e produttivo", "edifc_stat": "costruito", "edifc_mon": "0", "edifc_nome": "", "edifc_idag": "", "edifc_ided": "", "source": "BDTRE edifc" }, "geometry": { "type": "Polygon", "coordinates": [ [ [ 7.66717, 45.08009 ], [ 7.6672, 45.08014 ], [ 7.66723, 45.0802 ], [ 7.66724, 45.08021 ], [ 7.6673, 45.0802 ], [ 7.66729, 45.08018 ], [ 7.66735, 45.08016 ], [ 7.66736, 45.08018 ], [ 7.66742, 45.08015 ], [ 7.66742, 45.08014 ], [ 7.66747, 45.08012 ], [ 7.66748, 45.08014 ], [ 7.66752, 45.08012 ], [ 7.66752, 45.08011 ], [ 7.66745, 45.08 ], [ 7.66731, 45.08005 ], [ 7.66717, 45.08009 ] ] ] } },
{ "type": "Feature", "properties": { "uuid": "7c588d07-fea5-4de0-8aaf-b133ec8c7ce7", "data_acq": "2019-11-30 00:00:00", "data_agg": "2019-11-30 00:00:00", "data_fin": "9999-12-31 00:00:00", "ente_for": "REGIONE PIEMONTE", "ente_prod": "REGIONE PIEMONTE", "modo_prod": "banche dati esterne - catasto", "sc_acq": "1:2000", "edifc_ty": "capannone", "edifc_uso": "industriale", "edifc_stat": "costruito", "edifc_mon": "0", "edifc_nome": "", "edifc_idag": "", "edifc_ided": "", "source": "BDTRE edifc" }, "geometry": { "type": "Polygon", "coordinates": [ [ [ 7.69518, 45.08244 ], [ 7.6951, 45.08254 ], [ 7.69488, 45.08244 ], [ 7.69496, 45.08235 ], [ 7.69518, 45.08244 ] ] ] } },
{ "type": "Feature", "properties": { "uuid": "24863642-f204-45d1-b5dc-e723aa8ef85c", "data_acq": "2019-11-30 00:00:00", "data_agg": "2019-11-30 00:00:00", "data_fin": "9999-12-31 00:00:00", "ente_for": "REGIONE PIEMONTE", "ente_prod": "REGIONE PIEMONTE", "modo_prod": "banche dati esterne - catasto", "sc_acq": "1:2000", "edifc_ty": "generica", "edifc_uso": "residenziale e commerciale", "edifc_stat": "costruito", "edifc_mon": "0", "edifc_nome": "", "edifc_idag": "", "edifc_ided": "", "source": "BDTRE edifc" }, "geometry": { "type": "Polygon", "coordinates": [ [ [ 7.6823, 45.07055 ], [ 7.6823, 45.07054 ], [ 7.6823, 45.07054 ], [ 7.68243, 45.0705 ], [ 7.68262, 45.07044 ], [ 7.68272, 45.07057 ], [ 7.68271, 45.07059 ], [ 7.6827, 45.0706 ], [ 7.6825, 45.07059 ], [ 7.68231, 45.07057 ], [ 7.6823, 45.07055 ], [ 7.6823, 45.07055 ] ] ] } },
{ "type": "Feature", "properties": { "uuid": "20b46e88-92fc-4e01-93e3-b13054b2976e", "data_acq": "2019-11-30 00:00:00", "data_agg": "2019-11-30 00:00:00", "data_fin": "9999-12-31 00:00:00", "ente_for": "REGIONE PIEMONTE", "ente_prod": "REGIONE PIEMONTE", "modo_prod": "banche dati esterne - catasto", "sc_acq": "1:2000", "edifc_ty": "generica", "edifc_uso": "residenziale e commerciale", "edifc_stat": "costruito", "edifc_mon": "0", "edifc_nome": "", "edifc_idag": "", "edifc_ided": "", "source": "BDTRE edifc" }, "geometry": { "type": "Polygon", "coordinates": [ [ [ 7.67719, 45.07395 ], [ 7.67713, 45.07384 ], [ 7.67712, 45.07385 ], [ 7.67703, 45.07388 ], [ 7.67698, 45.07381 ], [ 7.67705, 45.07378 ], [ 7.67705, 45.07378 ], [ 7.67706, 45.07379 ], [ 7.67706, 45.07379 ], [ 7.67708, 45.07378 ], [ 7.67708, 45.07378 ], [ 7.67707, 45.07378 ], [ 7.67704, 45.07373 ], [ 7.67684, 45.0738 ], [ 7.6768, 45.07381 ], [ 7.67683, 45.07385 ], [ 7.67683, 45.07385 ], [ 7.67689, 45.07383 ], [ 7.67696, 45.07392 ], [ 7.67689, 45.07394 ], [ 7.67689, 45.07395 ], [ 7.67695, 45.07403 ], [ 7.67711, 45.07398 ], [ 7.67719, 45.07395 ] ] ] } },
{ "type": "Feature", "properties": { "uuid": "bbd22e45-9ad0-49dd-97fe-fb35be717430", "data_acq": "2019-11-30 00:00:00", "data_agg": "2019-11-30 00:00:00", "data_fin": "9999-12-31 00:00:00", "ente_for": "REGIONE PIEMONTE", "ente_prod": "REGIONE PIEMONTE", "modo_prod": "banche dati esterne - catasto", "sc_acq": "1:2000", "edifc_ty": "generica", "edifc_uso": "residenziale e produttivo", "edifc_stat": "costruito", "edifc_mon": "0", "edifc_nome": "", "edifc_idag": "", "edifc_ided": "", "source": "BDTRE edifc" }, "geometry": { "type": "Polygon", "coordinates": [ [ [ 7.6928, 45.08293 ], [ 7.69259, 45.08293 ], [ 7.69237, 45.08294 ], [ 7.69211, 45.08295 ], [ 7.69206, 45.08295 ], [ 7.69202, 45.08284 ], [ 7.69199, 45.08274 ], [ 7.69198, 45.08272 ], [ 7.69235, 45.08265 ], [ 7.69238, 45.08273 ], [ 7.6921, 45.08277 ], [ 7.69213, 45.08286 ], [ 7.69216, 45.08285 ], [ 7.69216, 45.08286 ], [ 7.69224, 45.08286 ], [ 7.69223, 45.08282 ], [ 7.69266, 45.08281 ], [ 7.69265, 45.08268 ], [ 7.69243, 45.08271 ], [ 7.69241, 45.08264 ], [ 7.69269, 45.0826 ], [ 7.69278, 45.08264 ], [ 7.6928, 45.08293 ] ] ] } },
{ "type": "Feature", "properties": { "uuid": "a9c9d215-41b9-40df-873b-c6916a4fc265", "data_acq": "2019-11-30 00:00:00", "data_agg": "2019-11-30 00:00:00", "data_fin": "9999-12-31 00:00:00", "ente_for": "REGIONE PIEMONTE", "ente_prod": "REGIONE PIEMONTE", "modo_prod": "banche dati esterne - catasto", "sc_acq": "1:2000", "edifc_ty": "generica", "edifc_uso": "residenziale e commerciale", "edifc_stat": "costruito", "edifc_mon": "0", "edifc_nome": "", "edifc_idag": "", "edifc_ided": "", "source": "BDTRE edifc" }, "geometry": { "type": "Polygon", "coordinates": [ [ [ 7.6795, 45.0769 ], [ 7.67971, 45.07683 ], [ 7.67976, 45.07681 ], [ 7.67977, 45.07681 ], [ 7.6798, 45.07686 ], [ 7.67977, 45.07687 ], [ 7.67985, 45.07699 ], [ 7.67997, 45.07716 ], [ 7.68001, 45.07721 ], [ 7.67996, 45.07722 ], [ 7.67996, 45.07722 ], [ 7.6798, 45.07728 ], [ 7.6798, 45.07728 ], [ 7.67978, 45.07728 ], [ 7.67978, 45.07728 ], [ 7.67977, 45.07729 ], [ 7.67966, 45.07714 ], [ 7.67954, 45.07696 ], [ 7.6795, 45.0769 ] ], [ [ 7.67975, 45.07695 ], [ 7.67967, 45.07697 ], [ 7.67966, 45.07698 ], [ 7.67963, 45.07699 ], [ 7.67964, 45.07702 ], [ 7.67965, 45.07702 ], [ 7.67971, 45.07711 ], [ 7.67979, 45.07722 ], [ 7.6799, 45.07719 ], [ 7.67989, 45.07718 ], [ 7.6799, 45.07717 ], [ 7.67984, 45.07709 ], [ 7.67977, 45.07698 ], [ 7.67977, 45.07698 ], [ 7.67975, 45.07695 ], [ 7.67975, 45.07695 ] ] ] } },
{ "type": "Feature", "properties": { "uuid": "ca4daa47-12d4-4b47-aca0-5c8b91d4c68d", "data_acq": "2019-11-30 00:00:00", "data_agg": "2019-11-30 00:00:00", "data_fin": "9999-12-31 00:00:00", "ente_for": "REGIONE PIEMONTE", "ente_prod": "REGIONE PIEMONTE", "modo_prod": "banche dati esterne - catasto", "sc_acq": "1:2000", "edifc_ty": "generica", "edifc_uso": "residenziale e commerciale", "edifc_stat": "costruito", "edifc_mon": "0", "edifc_nome": "", "edifc_idag": "", "edifc_ided": "", "source": "BDTRE edifc" }, "geometry": { "type": "Polygon", "coordinates": [ [ [ 7.679, 45.07164 ], [ 7.67941, 45.0715 ], [ 7.67931, 45.07135 ], [ 7.6793, 45.07133 ], [ 7.67922, 45.07135 ], [ 7.67922, 45.07135 ], [ 7.67929, 45.07146 ], [ 7.67918, 45.0715 ], [ 7.67916, 45.07148 ], [ 7.67914, 45.07149 ], [ 7.67914, 45.0715 ], [ 7.67912, 45.0715 ], [ 7.67913, 45.07151 ], [ 7.67911, 45.07152 ], [ 7.67904, 45.07141 ], [ 7.67898, 45.07143 ], [ 7.67895, 45.07144 ], [ 7.67894, 45.07141 ], [ 7.67885, 45.07143 ], [ 7.67888, 45.07148 ], [ 7.679, 45.07164 ], [ 7.679, 45.07164 ] ] ] } },
{ "type": "Feature", "properties": { "uuid": "8cc78ebd-6811-4119-aea2-eecf1d4c723c", "data_acq": "2019-11-30 00:00:00", "data_agg": "2019-11-30 00:00:00", "data_fin": "9999-12-31 00:00:00", "ente_for": "REGIONE PIEMONTE", "ente_prod": "REGIONE PIEMONTE", "modo_prod": "banche dati esterne - catasto", "sc_acq": "1:2000", "edifc_ty": "generica", "edifc_uso": "residenziale e commerciale", "edifc_stat": "costruito", "edifc_mon": "0", "edifc_nome": "", "edifc_idag": "", "edifc_ided": "", "source": "BDTRE edifc" }, "geometry": { "type": "Polygon", "coordinates": [ [ [ 7.69462, 45.07655 ], [ 7.69448, 45.07671 ], [ 7.69424, 45.07661 ], [ 7.69432, 45.07651 ], [ 7.69433, 45.07652 ], [ 7.69443, 45.07656 ], [ 7.69445, 45.07656 ], [ 7.69451, 45.0765 ], [ 7.69462, 45.07655 ] ] ] } },
{ "type": "Feature", "properties": { "uuid": "d4a6dce7-5b52-43d4-82fc-48c45c8a1a1a", "data_acq": "2019-11-30 00:00:00", "data_agg": "2019-11-30 00:00:00", "data_fin": "9999-12-31 00:00:00", "ente_for": "REGIONE PIEMONTE", "ente_prod": "REGIONE PIEMONTE", "modo_prod": "banche dati esterne - catasto", "sc_acq": "1:2000", "edifc_ty": "generica", "edifc_uso": "residenziale e commerciale", "edifc_stat": "costruito", "edifc_mon": "0", "edifc_nome": "", "edifc_idag": "", "edifc_ided": "", "source": "BDTRE edifc" }, "geometry": { "type": "Polygon", "coordinates": [ [ [ 7.68118, 45.07589 ], [ 7.6812, 45.07596 ], [ 7.68121, 45.07597 ], [ 7.68128, 45.07595 ], [ 7.68129, 45.07597 ], [ 7.68136, 45.07596 ], [ 7.68135, 45.07595 ], [ 7.68136, 45.07595 ], [ 7.68136, 45.07594 ], [ 7.68135, 45.07594 ], [ 7.68132, 45.07587 ], [ 7.68125, 45.07588 ], [ 7.68118, 45.07589 ] ] ] } },
{ "type": "Feature", "properties": { "uuid": "fd534534-70ae-4841-9101-4e5878040176", "data_acq": "2019-11-30 00:00:00", "data_agg": "2019-11-30 00:00:00", "data_fin": "9999-12-31 00:00:00", "ente_for": "REGIONE PIEMONTE", "ente_prod": "REGIONE PIEMONTE", "modo_prod": "banche dati esterne - catasto", "sc_acq": "1:2000", "edifc_ty": "generica", "edifc_uso": "residenziale e commerciale", "edifc_stat": "costruito", "edifc_mon": "0", "edifc_nome": "", "edifc_idag": "", "edifc_ided": "", "source": "BDTRE edifc" }, "geometry": { "type": "Polygon", "coordinates": [ [ [ 7.67264, 45.06591 ], [ 7.67265, 45.0659 ], [ 7.67266, 45.06591 ], [ 7.67264, 45.06592 ], [ 7.67264, 45.06591 ] ] ] } },
{ "type": "Feature", "properties": { "uuid": "feca8c51-a0f6-4ae8-87fd-b5be12501774", "data_acq": "2019-11-30 00:00:00", "data_agg": "2019-11-30 00:00:00", "data_fin": "9999-12-31 00:00:00", "ente_for": "REGIONE PIEMONTE", "ente_prod": "REGIONE PIEMONTE", "modo_prod": "banche dati esterne - catasto", "sc_acq": "1:2000", "edifc_ty": "generica", "edifc_uso": "residenziale e commerciale", "edifc_stat": "costruito", "edifc_mon": "0", "edifc_nome": "", "edifc_idag": "", "edifc_ided": "", "source": "BDTRE edifc" }, "geometry": { "type": "Polygon", "coordinates": [ [ [ 7.68762, 45.06974 ], [ 7.68761, 45.06975 ], [ 7.68729, 45.06994 ], [ 7.68716, 45.06975 ], [ 7.68716, 45.06975 ], [ 7.68705, 45.0696 ], [ 7.68732, 45.06951 ], [ 7.68762, 45.06974 ] ], [ [ 7.68727, 45.06957 ], [ 7.6872, 45.0696 ], [ 7.68723, 45.06963 ], [ 7.68721, 45.06964 ], [ 7.68731, 45.06972 ], [ 7.68738, 45.06968 ], [ 7.68737, 45.06966 ], [ 7.68737, 45.06966 ], [ 7.68739, 45.06964 ], [ 7.68732, 45.06958 ], [ 7.68732, 45.06958 ], [ 7.6873, 45.06959 ], [ 7.6873, 45.06959 ], [ 7.68727, 45.06957 ], [ 7.68727, 45.06957 ] ] ] } },
{ "type": "Feature", "properties": { "uuid": "31e6ca5b-4cc8-4905-aa98-0ff676b26656", "data_acq": "2019-11-30 00:00:00", "data_agg": "2019-11-30 00:00:00", "data_fin": "9999-12-31 00:00:00", "ente_for": "REGIONE PIEMONTE", "ente_prod": "REGIONE PIEMONTE", "modo_prod": "banche dati esterne - catasto", "sc_acq": "1:2000", "edifc_ty": "generica", "edifc_uso": "residenziale e commerciale", "edifc_stat": "costruito", "edifc_mon": "0", "edifc_nome": "", "edifc_idag": "", "edifc_ided": "", "source": "BDTRE edifc" }, "geometry": { "type": "Polygon", "coordinates": [ [ [ 7.68747, 45.07957 ], [ 7.68763, 45.07952 ], [ 7.68769, 45.07961 ], [ 7.68767, 45.07961 ], [ 7.68768, 45.07962 ], [ 7.68758, 45.07965 ], [ 7.68757, 45.07965 ], [ 7.68753, 45.07966 ], [ 7.68747, 45.07957 ] ] ] } },
{ "type": "Feature", "properties": { "uuid": "17a7e43e-71dd-4671-aeef-04da5446eac6", "data_acq": "2019-11-30 00:00:00", "data_agg": "2019-11-30 00:00:00", "data_fin": "9999-12-31 00:00:00", "ente_for": "REGIONE PIEMONTE", "ente_prod": "REGIONE PIEMONTE", "modo_prod": "banche dati esterne - catasto", "sc_acq": "1:2000", "edifc_ty": "generica", "edifc_uso": "residenziale e commerciale", "edifc_stat": "costruito", "edifc_mon": "0", "edifc_nome": "", "edifc_idag": "", "edifc_ided": "", "source": "BDTRE edifc" }, "geometry": { "type": "Polygon", "coordinates": [ [ [ 7.69419, 45.0762 ], [ 7.69449, 45.07633 ], [ 7.69442, 45.0764 ], [ 7.6942, 45.07631 ], [ 7.6942, 45.07631 ], [ 7.6942, 45.07631 ], [ 7.6942, 45.07631 ], [ 7.69417, 45.0763 ], [ 7.69417, 45.07629 ], [ 7.69413, 45.07628 ], [ 7.69413, 45.07628 ], [ 7.69412, 45.07628 ], [ 7.69412, 45.07628 ], [ 7.69411, 45.07628 ], [ 7.69412, 45.07627 ], [ 7.69419, 45.0762 ] ] ] } },
{ "type": "Feature", "properties": { "uuid": "07e48acd-a351-429d-918f-d036f77e0640", "data_acq": "2019-11-30 00:00:00", "data_agg": "2019-11-30 00:00:00", "data_fin": "9999-12-31 00:00:00", "ente_for": "REGIONE PIEMONTE", "ente_prod": "REGIONE PIEMONTE", "modo_prod": "banche dati esterne - catasto", "sc_acq": "1:2000", "edifc_ty": "generica", "edifc_uso": "residenziale e commerciale", "edifc_stat": "costruito", "edifc_mon": "0", "edifc_nome": "", "edifc_idag": "", "edifc_ided": "", "source": "BDTRE edifc" }, "geometry": { "type": "Polygon", "coordinates": [ [ [ 7.6702, 45.07807 ], [ 7.67022, 45.07807 ], [ 7.67024, 45.07806 ], [ 7.67027, 45.0781 ], [ 7.67032, 45.07808 ], [ 7.67031, 45.07807 ], [ 7.67029, 45.07808 ], [ 7.67027, 45.07805 ], [ 7.67028, 45.07804 ], [ 7.67028, 45.07804 ], [ 7.67028, 45.07803 ], [ 7.67032, 45.07797 ], [ 7.67053, 45.07802 ], [ 7.67057, 45.07807 ], [ 7.67054, 45.07808 ], [ 7.67049, 45.0781 ], [ 7.67045, 45.07811 ], [ 7.67042, 45.07812 ], [ 7.67027, 45.07818 ], [ 7.6702, 45.07808 ], [ 7.6702, 45.07807 ] ] ] } },
{ "type": "Feature", "properties": { "uuid": "d6486648-5a4e-4634-a300-5c5d9fe19f68", "data_acq": "2019-11-30 00:00:00", "data_agg": "2019-11-30 00:00:00", "data_fin": "9999-12-31 00:00:00", "ente_for": "REGIONE PIEMONTE", "ente_prod": "REGIONE PIEMONTE", "modo_prod": "banche dati esterne - catasto", "sc_acq": "1:2000", "edifc_ty": "generica", "edifc_uso": "residenziale e commerciale", "edifc_stat": "costruito", "edifc_mon": "0", "edifc_nome": "", "edifc_idag": "", "edifc_ided": "", "source": "BDTRE edifc" }, "geometry": { "type": "Polygon", "coordinates": [ [ [ 7.68271, 45.07233 ], [ 7.68269, 45.07229 ], [ 7.6826, 45.07214 ], [ 7.68247, 45.07219 ], [ 7.68234, 45.07224 ], [ 7.68246, 45.07242 ], [ 7.68249, 45.07241 ], [ 7.6825, 45.07241 ], [ 7.6825, 45.0724 ], [ 7.6825, 45.0724 ], [ 7.68258, 45.07238 ], [ 7.68271, 45.07233 ] ], [ [ 7.68244, 45.07232 ], [ 7.68254, 45.07228 ], [ 7.68257, 45.07232 ], [ 7.68257, 45.07232 ], [ 7.68256, 45.07232 ], [ 7.68257, 45.07232 ], [ 7.68257, 45.07233 ], [ 7.68257, 45.07232 ], [ 7.68258, 45.07233 ], [ 7.68248, 45.07237 ], [ 7.68247, 45.07235 ], [ 7.68248, 45.07235 ], [ 7.68248, 45.07235 ], [ 7.68247, 45.07233 ], [ 7.68246, 45.07234 ], [ 7.68244, 45.07232 ] ] ] } },
{ "type": "Feature", "properties": { "uuid": "0b6bd842-f1ba-48a6-bf24-5c3601eab234", "data_acq": "2019-11-30 00:00:00", "data_agg": "2019-11-30 00:00:00", "data_fin": "9999-12-31 00:00:00", "ente_for": "REGIONE PIEMONTE", "ente_prod": "REGIONE PIEMONTE", "modo_prod": "banche dati esterne - catasto", "sc_acq": "1:2000", "edifc_ty": "generica", "edifc_uso": "residenziale e commerciale", "edifc_stat": "costruito", "edifc_mon": "0", "edifc_nome": "", "edifc_idag": "", "edifc_ided": "", "source": "BDTRE edifc" }, "geometry": { "type": "Polygon", "coordinates": [ [ [ 7.68873, 45.08249 ], [ 7.6881, 45.0827 ], [ 7.68804, 45.0826 ], [ 7.68814, 45.08257 ], [ 7.68784, 45.0821 ], [ 7.68797, 45.08206 ], [ 7.68828, 45.08254 ], [ 7.68845, 45.08248 ], [ 7.68814, 45.08201 ], [ 7.68837, 45.08193 ], [ 7.6884, 45.08197 ], [ 7.68829, 45.082 ], [ 7.68849, 45.0823 ], [ 7.68859, 45.08227 ], [ 7.6887, 45.08244 ], [ 7.68873, 45.08249 ] ], [ [ 7.68857, 45.08229 ], [ 7.6885, 45.08232 ], [ 7.68857, 45.08242 ], [ 7.68864, 45.0824 ], [ 7.68859, 45.08232 ], [ 7.68859, 45.08232 ], [ 7.68858, 45.08232 ], [ 7.68858, 45.08232 ], [ 7.68857, 45.08229 ], [ 7.68857, 45.08229 ] ] ] } },
{ "type": "Feature", "properties": { "uuid": "a56d1887-a2bb-48a9-808b-388257828e8d", "data_acq": "2019-11-30 00:00:00", "data_agg": "2019-11-30 00:00:00", "data_fin": "9999-12-31 00:00:00", "ente_for": "REGIONE PIEMONTE", "ente_prod": "REGIONE PIEMONTE", "modo_prod": "banche dati esterne - catasto", "sc_acq": "1:2000", "edifc_ty": "generica", "edifc_uso": "residenziale e commerciale", "edifc_stat": "costruito", "edifc_mon": "0", "edifc_nome": "", "edifc_idag": "", "edifc_ided": "", "source": "BDTRE edifc" }, "geometry": { "type": "Polygon", "coordinates": [ [ [ 7.68796, 45.06713 ], [ 7.68796, 45.06713 ], [ 7.68786, 45.06699 ], [ 7.68771, 45.06677 ], [ 7.6877, 45.06677 ], [ 7.68737, 45.06689 ], [ 7.68756, 45.06715 ], [ 7.68754, 45.06716 ], [ 7.68762, 45.06727 ], [ 7.68766, 45.06725 ], [ 7.68767, 45.06725 ], [ 7.6878, 45.0672 ], [ 7.6878, 45.0672 ], [ 7.68781, 45.0672 ], [ 7.6878, 45.06719 ], [ 7.68796, 45.06713 ] ], [ [ 7.68762, 45.06693 ], [ 7.68762, 45.06693 ], [ 7.68773, 45.06709 ], [ 7.68761, 45.06713 ], [ 7.6875, 45.06698 ], [ 7.68762, 45.06693 ] ] ] } },
{ "type": "Feature", "properties": { "uuid": "a9bccac0-9d8b-4d81-9ebd-c021c6c60301", "data_acq": "2019-11-30 00:00:00", "data_agg": "2019-11-30 00:00:00", "data_fin": "9999-12-31 00:00:00", "ente_for": "REGIONE PIEMONTE", "ente_prod": "REGIONE PIEMONTE", "modo_prod": "banche dati esterne - catasto", "sc_acq": "1:2000", "edifc_ty": "generica", "edifc_uso": "residenziale e commerciale", "edifc_stat": "costruito", "edifc_mon": "0", "edifc_nome": "", "edifc_idag": "", "edifc_ided": "", "source": "BDTRE edifc" }, "geometry": { "type": "Polygon", "coordinates": [ [ [ 7.66793, 45.07878 ], [ 7.66775, 45.07892 ], [ 7.66766, 45.07885 ], [ 7.66771, 45.07881 ], [ 7.66772, 45.0788 ], [ 7.66775, 45.07882 ], [ 7.66786, 45.07874 ], [ 7.66793, 45.07878 ] ] ] } },
{ "type": "Feature", "properties": { "uuid": "d051e0b1-3e8d-4759-9890-52b7eb63722b", "data_acq": "2019-11-30 00:00:00", "data_agg": "2019-11-30 00:00:00", "data_fin": "9999-12-31 00:00:00", "ente_for": "REGIONE PIEMONTE", "ente_prod": "REGIONE PIEMONTE", "modo_prod": "banche dati esterne - catasto", "sc_acq": "1:2000", "edifc_ty": "generica", "edifc_uso": "residenziale e commerciale", "edifc_stat": "costruito", "edifc_mon": "0", "edifc_nome": "", "edifc_idag": "", "edifc_ided": "", "source": "BDTRE edifc" }, "geometry": { "type": "Polygon", "coordinates": [ [ [ 7.66625, 45.07724 ], [ 7.66626, 45.07722 ], [ 7.66628, 45.07722 ], [ 7.66627, 45.07724 ], [ 7.66646, 45.07725 ], [ 7.66646, 45.07724 ], [ 7.66647, 45.07724 ], [ 7.66647, 45.07725 ], [ 7.66651, 45.07725 ], [ 7.66651, 45.07719 ], [ 7.66666, 45.07719 ], [ 7.66666, 45.07727 ], [ 7.66665, 45.07734 ], [ 7.66663, 45.07735 ], [ 7.66661, 45.07737 ], [ 7.66653, 45.07736 ], [ 7.66649, 45.07736 ], [ 7.66645, 45.07736 ], [ 7.66625, 45.07735 ], [ 7.66625, 45.07724 ] ] ] } },
{ "type": "Feature", "properties": { "uuid": "8a71b465-eaa9-49d0-b024-aa55266c8536", "data_acq": "2019-11-30 00:00:00", "data_agg": "2019-11-30 00:00:00", "data_fin": "9999-12-31 00:00:00", "ente_for": "REGIONE PIEMONTE", "ente_prod": "REGIONE PIEMONTE", "modo_prod": "banche dati esterne - catasto", "sc_acq": "1:2000", "edifc_ty": "generica", "edifc_uso": "residenziale e commerciale", "edifc_stat": "costruito", "edifc_mon": "0", "edifc_nome": "", "edifc_idag": "", "edifc_ided": "", "source": "BDTRE edifc" }, "geometry": { "type": "Polygon", "coordinates": [ [ [ 7.67979, 45.07573 ], [ 7.67956, 45.07581 ], [ 7.67956, 45.0758 ], [ 7.67953, 45.07577 ], [ 7.67968, 45.07571 ], [ 7.67963, 45.07565 ], [ 7.67974, 45.0756 ], [ 7.67979, 45.07567 ], [ 7.67976, 45.07568 ], [ 7.67979, 45.07573 ] ] ] } },
{ "type": "Feature", "properties": { "uuid": "12c3b210-41c2-426e-8be3-4c5c6eaa57b5", "data_acq": "2019-11-30 00:00:00", "data_agg": "2019-11-30 00:00:00", "data_fin": "9999-12-31 00:00:00", "ente_for": "REGIONE PIEMONTE", "ente_prod": "REGIONE PIEMONTE", "modo_prod": "banche dati esterne - catasto", "sc_acq": "1:2000", "edifc_ty": "generica", "edifc_uso": "residenziale e commerciale", "edifc_stat": "costruito", "edifc_mon": "0", "edifc_nome": "", "edifc_idag": "", "edifc_ided": "", "source": "BDTRE edifc" }, "geometry": { "type": "Polygon", "coordinates": [ [ [ 7.68367, 45.07886 ], [ 7.68365, 45.07874 ], [ 7.68372, 45.07874 ], [ 7.68374, 45.07881 ], [ 7.68374, 45.07881 ], [ 7.68375, 45.07885 ], [ 7.68375, 45.07885 ], [ 7.68374, 45.07885 ], [ 7.68367, 45.07886 ] ] ] } },
{ "type": "Feature", "properties": { "uuid": "8841f0bb-2fc6-4974-a58d-f1dfe9eb9400", "data_acq": "2019-11-30 00:00:00", "data_agg": "2019-11-30 00:00:00", "data_fin": "9999-12-31 00:00:00", "ente_for": "REGIONE PIEMONTE", "ente_prod": "REGIONE PIEMONTE", "modo_prod": "banche dati esterne - catasto", "sc_acq": "1:2000", "edifc_ty": "generica", "edifc_uso": "residenziale e produttivo", "edifc_stat": "costruito", "edifc_mon": "0", "edifc_nome": "", "edifc_idag": "", "edifc_ided": "", "source": "BDTRE edifc" }, "geometry": { "type": "Polygon", "coordinates": [ [ [ 7.67363, 45.08324 ], [ 7.67363, 45.08324 ], [ 7.6736, 45.0832 ], [ 7.67361, 45.08319 ], [ 7.6736, 45.08318 ], [ 7.67383, 45.0831 ], [ 7.67382, 45.08309 ], [ 7.67384, 45.08309 ], [ 7.67389, 45.08316 ], [ 7.67389, 45.08316 ], [ 7.67365, 45.08324 ], [ 7.67365, 45.08324 ], [ 7.67364, 45.08323 ], [ 7.67364, 45.08323 ], [ 7.67363, 45.08324 ], [ 7.67363, 45.08324 ] ] ] } },
{ "type": "Feature", "properties": { "uuid": "03aa463a-fde0-4276-b63e-c8750b9a6719", "data_acq": "2019-11-30 00:00:00", "data_agg": "2019-11-30 00:00:00", "data_fin": "9999-12-31 00:00:00", "ente_for": "REGIONE PIEMONTE", "ente_prod": "REGIONE PIEMONTE", "modo_prod": "banche dati esterne - catasto", "sc_acq": "1:2000", "edifc_ty": "generica", "edifc_uso": "residenziale e commerciale", "edifc_stat": "costruito", "edifc_mon": "0", "edifc_nome": "", "edifc_idag": "", "edifc_ided": "", "source": "BDTRE edifc" }, "geometry": { "type": "Polygon", "coordinates": [ [ [ 7.67533, 45.07813 ], [ 7.67519, 45.07818 ], [ 7.67514, 45.0782 ], [ 7.67514, 45.0782 ], [ 7.67502, 45.07824 ], [ 7.67501, 45.07823 ], [ 7.67494, 45.07825 ], [ 7.67494, 45.07826 ], [ 7.67494, 45.07826 ], [ 7.67502, 45.07837 ], [ 7.67508, 45.07835 ], [ 7.67541, 45.07824 ], [ 7.67534, 45.07814 ], [ 7.67533, 45.07813 ] ] ] } },
{ "type": "Feature", "properties": { "uuid": "5cba7856-ded9-492b-a0cd-d7c560bbf815", "data_acq": "2019-11-30 00:00:00", "data_agg": "2019-11-30 00:00:00", "data_fin": "9999-12-31 00:00:00", "ente_for": "REGIONE PIEMONTE", "ente_prod": "REGIONE PIEMONTE", "modo_prod": "banche dati esterne - catasto", "sc_acq": "1:2000", "edifc_ty": "generica", "edifc_uso": "residenziale e commerciale", "edifc_stat": "costruito", "edifc_mon": "0", "edifc_nome": "", "edifc_idag": "", "edifc_ided": "", "source": "BDTRE edifc" }, "geometry": { "type": "Polygon", "coordinates": [ [ [ 7.66888, 45.07888 ], [ 7.66886, 45.07889 ], [ 7.66885, 45.07888 ], [ 7.66879, 45.0789 ], [ 7.66896, 45.07901 ], [ 7.66911, 45.07891 ], [ 7.66917, 45.07896 ], [ 7.66903, 45.07905 ], [ 7.6691, 45.07909 ], [ 7.66909, 45.0791 ], [ 7.66908, 45.07909 ], [ 7.66903, 45.07913 ], [ 7.66903, 45.07913 ], [ 7.66903, 45.07913 ], [ 7.66894, 45.07908 ], [ 7.66871, 45.07894 ], [ 7.66864, 45.07888 ], [ 7.66871, 45.07884 ], [ 7.66874, 45.07883 ], [ 7.66881, 45.0788 ], [ 7.66882, 45.0788 ], [ 7.66888, 45.07888 ] ] ] } },
{ "type": "Feature", "properties": { "uuid": "046fed0b-4340-43f1-8199-ee95e4a293e8", "data_acq": "2019-11-30 00:00:00", "data_agg": "2019-11-30 00:00:00", "data_fin": "9999-12-31 00:00:00", "ente_for": "REGIONE PIEMONTE", "ente_prod": "REGIONE PIEMONTE", "modo_prod": "banche dati esterne - catasto", "sc_acq": "1:2000", "edifc_ty": "generica", "edifc_uso": "residenziale e commerciale", "edifc_stat": "costruito", "edifc_mon": "0", "edifc_nome": "", "edifc_idag": "", "edifc_ided": "", "source": "BDTRE edifc" }, "geometry": { "type": "Polygon", "coordinates": [ [ [ 7.66508, 45.06924 ], [ 7.66521, 45.0692 ], [ 7.66525, 45.06919 ], [ 7.66524, 45.06918 ], [ 7.66522, 45.06918 ], [ 7.66517, 45.0691 ], [ 7.66533, 45.06905 ], [ 7.66533, 45.06905 ], [ 7.66536, 45.06908 ], [ 7.66537, 45.06908 ], [ 7.66534, 45.06904 ], [ 7.66527, 45.06893 ], [ 7.66525, 45.06894 ], [ 7.66514, 45.06898 ], [ 7.66502, 45.06902 ], [ 7.66498, 45.06903 ], [ 7.66494, 45.06905 ], [ 7.66496, 45.06908 ], [ 7.66503, 45.06918 ], [ 7.66505, 45.0692 ], [ 7.66508, 45.06924 ], [ 7.66508, 45.06924 ] ] ] } },
{ "type": "Feature", "properties": { "uuid": "1015f3ef-3713-407d-9a80-36199c1153d2", "data_acq": "2019-11-30 00:00:00", "data_agg": "2019-11-30 00:00:00", "data_fin": "9999-12-31 00:00:00", "ente_for": "REGIONE PIEMONTE", "ente_prod": "REGIONE PIEMONTE", "modo_prod": "banche dati esterne - catasto", "sc_acq": "1:2000", "edifc_ty": "generica", "edifc_uso": "residenziale e commerciale", "edifc_stat": "costruito", "edifc_mon": "0", "edifc_nome": "", "edifc_idag": "", "edifc_ided": "", "source": "BDTRE edifc" }, "geometry": { "type": "Polygon", "coordinates": [ [ [ 7.67358, 45.07585 ], [ 7.67358, 45.07585 ], [ 7.67382, 45.07619 ], [ 7.67382, 45.07619 ], [ 7.67381, 45.07619 ], [ 7.6738, 45.0762 ], [ 7.67378, 45.0762 ], [ 7.67377, 45.07621 ], [ 7.67377, 45.07621 ], [ 7.67376, 45.07621 ], [ 7.67311, 45.07644 ], [ 7.67289, 45.07613 ], [ 7.6731, 45.07606 ], [ 7.67317, 45.07617 ], [ 7.67312, 45.07619 ], [ 7.67311, 45.07619 ], [ 7.67311, 45.07619 ], [ 7.67313, 45.07621 ], [ 7.67316, 45.07624 ], [ 7.67315, 45.07625 ], [ 7.67318, 45.07629 ], [ 7.67328, 45.07625 ], [ 7.67327, 45.07624 ], [ 7.67336, 45.07621 ], [ 7.67337, 45.07621 ], [ 7.67338, 45.0762 ], [ 7.6735, 45.07616 ], [ 7.67351, 45.07617 ], [ 7.67361, 45.07613 ], [ 7.67358, 45.0761 ], [ 7.67357, 45.0761 ], [ 7.67353, 45.07605 ], [ 7.67352, 45.07605 ], [ 7.6735, 45.07603 ], [ 7.67352, 45.07602 ], [ 7.67349, 45.07598 ], [ 7.67347, 45.07598 ], [ 7.67346, 45.07596 ], [ 7.67346, 45.07596 ], [ 7.67342, 45.0759 ], [ 7.67358, 45.07585 ] ] ] } },
{ "type": "Feature", "properties": { "uuid": "b521d8b0-ac06-4f0e-b329-d61827cbf951", "data_acq": "2019-11-30 00:00:00", "data_agg": "2019-11-30 00:00:00", "data_fin": "9999-12-31 00:00:00", "ente_for": "REGIONE PIEMONTE", "ente_prod": "REGIONE PIEMONTE", "modo_prod": "banche dati esterne - catasto", "sc_acq": "1:2000", "edifc_ty": "generica", "edifc_uso": "residenziale e commerciale", "edifc_stat": "costruito", "edifc_mon": "0", "edifc_nome": "", "edifc_idag": "", "edifc_ided": "", "source": "BDTRE edifc" }, "geometry": { "type": "Polygon", "coordinates": [ [ [ 7.68295, 45.07375 ], [ 7.68298, 45.07373 ], [ 7.68298, 45.07372 ], [ 7.68299, 45.07372 ], [ 7.68301, 45.07371 ], [ 7.68306, 45.07366 ], [ 7.68307, 45.07365 ], [ 7.68309, 45.07364 ], [ 7.68309, 45.07364 ], [ 7.68316, 45.07369 ], [ 7.68319, 45.07372 ], [ 7.6831, 45.07376 ], [ 7.68306, 45.07379 ], [ 7.6831, 45.07385 ], [ 7.68315, 45.07383 ], [ 7.68317, 45.07385 ], [ 7.68317, 45.07385 ], [ 7.6832, 45.07388 ], [ 7.68319, 45.07388 ], [ 7.68319, 45.07388 ], [ 7.68324, 45.07393 ], [ 7.68325, 45.07394 ], [ 7.68325, 45.07394 ], [ 7.68329, 45.07399 ], [ 7.68331, 45.07398 ], [ 7.68334, 45.07401 ], [ 7.68331, 45.07403 ], [ 7.68318, 45.07407 ], [ 7.68318, 45.07407 ], [ 7.68317, 45.07408 ], [ 7.68315, 45.07409 ], [ 7.68314, 45.07409 ], [ 7.68313, 45.07408 ], [ 7.68314, 45.07408 ], [ 7.68308, 45.07401 ], [ 7.68302, 45.07403 ], [ 7.68299, 45.07399 ], [ 7.68296, 45.07396 ], [ 7.68302, 45.07393 ], [ 7.68297, 45.07387 ], [ 7.68291, 45.0739 ], [ 7.68289, 45.07387 ], [ 7.68292, 45.07386 ], [ 7.68291, 45.07385 ], [ 7.683, 45.07381 ], [ 7.68295, 45.07375 ] ] ] } },
{ "type": "Feature", "properties": { "uuid": "0f5dfc30-1b76-4a87-a965-f4bac6685171", "data_acq": "2019-11-30 00:00:00", "data_agg": "2019-11-30 00:00:00", "data_fin": "9999-12-31 00:00:00", "ente_for": "REGIONE PIEMONTE", "ente_prod": "REGIONE PIEMONTE", "modo_prod": "banche dati esterne - catasto", "sc_acq": "1:2000", "edifc_ty": "generica", "edifc_uso": "residenziale e commerciale", "edifc_stat": "costruito", "edifc_mon": "0", "edifc_nome": "", "edifc_idag": "", "edifc_ided": "", "source": "BDTRE edifc" }, "geometry": { "type": "Polygon", "coordinates": [ [ [ 7.66708, 45.07738 ], [ 7.66709, 45.07727 ], [ 7.66708, 45.07727 ], [ 7.66708, 45.07727 ], [ 7.66706, 45.07727 ], [ 7.66706, 45.07727 ], [ 7.66697, 45.07727 ], [ 7.66698, 45.07718 ], [ 7.66682, 45.07717 ], [ 7.6668, 45.07738 ], [ 7.66688, 45.07738 ], [ 7.66708, 45.07738 ] ] ] } },
{ "type": "Feature", "properties": { "uuid": "0b954876-427c-46f1-8994-46b8953888e4", "data_acq": "2019-11-30 00:00:00", "data_agg": "2019-11-30 00:00:00", "data_fin": "9999-12-31 00:00:00", "ente_for": "REGIONE PIEMONTE", "ente_prod": "REGIONE PIEMONTE", "modo_prod": "banche dati esterne - catasto", "sc_acq": "1:2000", "edifc_ty": "generica", "edifc_uso": "residenziale e commerciale", "edifc_stat": "costruito", "edifc_mon": "0", "edifc_nome": "", "edifc_idag": "", "edifc_ided": "", "source": "BDTRE edifc" }, "geometry": { "type": "Polygon", "coordinates": [ [ [ 7.66678, 45.07944 ], [ 7.66677, 45.07944 ], [ 7.66677, 45.07945 ], [ 7.66676, 45.07945 ], [ 7.66675, 45.07945 ], [ 7.66674, 45.07946 ], [ 7.66671, 45.07948 ], [ 7.66658, 45.07938 ], [ 7.66663, 45.07935 ], [ 7.6667, 45.07941 ], [ 7.66672, 45.07939 ], [ 7.66678, 45.07944 ] ] ] } },
{ "type": "Feature", "properties": { "uuid": "9711bd62-5add-4264-b028-ce534c100d85", "data_acq": "2019-11-30 00:00:00", "data_agg": "2019-11-30 00:00:00", "data_fin": "9999-12-31 00:00:00", "ente_for": "REGIONE PIEMONTE", "ente_prod": "REGIONE PIEMONTE", "modo_prod": "banche dati esterne - catasto", "sc_acq": "1:2000", "edifc_ty": "generica", "edifc_uso": "residenziale e commerciale", "edifc_stat": "costruito", "edifc_mon": "0", "edifc_nome": "", "edifc_idag": "", "edifc_ided": "", "source": "BDTRE edifc" }, "geometry": { "type": "Polygon", "coordinates": [ [ [ 7.69329, 45.07143 ], [ 7.69363, 45.07109 ], [ 7.69374, 45.07114 ], [ 7.69369, 45.07119 ], [ 7.69371, 45.0712 ], [ 7.69369, 45.07123 ], [ 7.69363, 45.07129 ], [ 7.6936, 45.07128 ], [ 7.69354, 45.07135 ], [ 7.69356, 45.07136 ], [ 7.6935, 45.07142 ], [ 7.69347, 45.07145 ], [ 7.69345, 45.07144 ], [ 7.6934, 45.07149 ], [ 7.69329, 45.07143 ] ] ] } },
{ "type": "Feature", "properties": { "uuid": "2755ccdc-936d-4c0d-b55b-84faf3bd14af", "data_acq": "2019-11-30 00:00:00", "data_agg": "2019-11-30 00:00:00", "data_fin": "9999-12-31 00:00:00", "ente_for": "REGIONE PIEMONTE", "ente_prod": "REGIONE PIEMONTE", "modo_prod": "banche dati esterne - catasto", "sc_acq": "1:2000", "edifc_ty": "generica", "edifc_uso": "residenziale e commerciale", "edifc_stat": "costruito", "edifc_mon": "0", "edifc_nome": "", "edifc_idag": "", "edifc_ided": "", "source": "BDTRE edifc" }, "geometry": { "type": "Polygon", "coordinates": [ [ [ 7.67338, 45.08279 ], [ 7.67316, 45.08286 ], [ 7.67303, 45.08268 ], [ 7.67317, 45.08264 ], [ 7.67318, 45.08265 ], [ 7.67317, 45.08266 ], [ 7.67323, 45.08274 ], [ 7.67331, 45.08271 ], [ 7.6733, 45.0827 ], [ 7.67331, 45.08269 ], [ 7.67332, 45.0827 ], [ 7.67338, 45.08279 ] ] ] } }
]
}
