{
"type": "FeatureCollection",
"name": "substation_position",
"crs": { "type": "name", "properties": { "name": "urn:ogc:def:crs:OGC:1.3:CRS84" } },
"features": [
{ "type": "Feature", "id": 2113, "properties": { "COD_AC": "AC020E00000", "FID": 2113, "RAG_SOC": "Ireti spa" }, "geometry": { "type": "Polygon", "coordinates": [ [ [ 7.62040347703891, 45.009213451939303 ], [ 7.62017540087407, 45.009315037558999 ], [ 7.62017534961274, 45.009315069035303 ], [ 7.62017532173377, 45.009315091518303 ], [ 7.62017529295548, 45.009315121195897 ], [ 7.62017526642546, 45.009315161215802 ], [ 7.62017524664037, 45.009315212027502 ], [ 7.62017524079477, 45.009315262389499 ], [ 7.62017524619068, 45.009315301959603 ], [ 7.62017525968054, 45.009315340630501 ], [ 7.62017528306291, 45.009315380200697 ], [ 7.62017531274051, 45.0093154161736 ], [ 7.62424326831223, 45.012942182335898 ], [ 7.62448088808259, 45.013154811745203 ], [ 7.62448093574665, 45.0131548432215 ], [ 7.62448096992085, 45.013154861207902 ], [ 7.62448100229648, 45.013154873798399 ], [ 7.62448103647068, 45.0131548845903 ], [ 7.62448107244359, 45.013154892684199 ], [ 7.62448112190628, 45.013154899878799 ], [ 7.62448116417443, 45.013154901677403 ], [ 7.62448120554325, 45.013154900778098 ], [ 7.62448126130124, 45.013154894482902 ], [ 7.62448130986462, 45.013154883691001 ], [ 7.62448134403883, 45.013154872899101 ], [ 7.62448138900493, 45.013154853114003 ], [ 7.62515519165879, 45.012780177563201 ], [ 7.62787646822449, 45.012296192115599 ], [ 7.62791926875929, 45.012342862433201 ], [ 7.6282997674204, 45.013305679313703 ], [ 7.62844121998637, 45.013719329683397 ], [ 7.62849144442469, 45.014005654937101 ], [ 7.62841269708832, 45.014022081953598 ], [ 7.62749435078371, 45.014288106810703 ], [ 7.62749431301216, 45.014288120300598 ], [ 7.62749427793864, 45.014288137387702 ], [ 7.62749423926777, 45.014288160770001 ], [ 7.62749421408677, 45.014288180555099 ], [ 7.62749418440916, 45.014288210232799 ], [ 7.62749415832877, 45.014288245306297 ], [ 7.627494139443, 45.014288283977201 ], [ 7.6274495771363, 45.014444740832197 ], [ 7.62744340239118, 45.014535858343301 ], [ 7.62695112699299, 45.015366540533499 ], [ 7.62695111440246, 45.015366569311801 ], [ 7.62695110630858, 45.015366598090097 ], [ 7.62695110181193, 45.015366634063 ], [ 7.62695110540926, 45.015366670035903 ], [ 7.62695111799974, 45.015366711404702 ], [ 7.62695113868415, 45.015366751874097 ], [ 7.62695117195909, 45.015366792343599 ], [ 7.62784421313995, 45.016163282309698 ], [ 7.62924495129352, 45.0174047865017 ], [ 7.62994932999766, 45.018033207566504 ], [ 7.63109619943009, 45.019068933384602 ], [ 7.63172993908546, 45.019630516834901 ], [ 7.63233767754184, 45.020180459460697 ], [ 7.63364328451001, 45.0213667956411 ], [ 7.63364331148966, 45.021366815426198 ], [ 7.63364335285848, 45.021366839707902 ], [ 7.63364338973071, 45.0213668558957 ], [ 7.63364342390491, 45.021366867586998 ], [ 7.63364347426699, 45.021366880177403 ], [ 7.63364353092425, 45.021366887371997 ], [ 7.63364358848088, 45.0213668891707 ], [ 7.63364363074902, 45.021366886472698 ], [ 7.63364366852056, 45.021366881076801 ], [ 7.63364370988933, 45.021366871184199 ], [ 7.63384165247032, 45.021306528473602 ], [ 7.63404884457856, 45.021243359193697 ], [ 7.63554288559573, 45.020637319556698 ], [ 7.63619090198858, 45.020374845223003 ], [ 7.63648275267696, 45.020288970759502 ], [ 7.63663489188679, 45.020232614743399 ], [ 7.63663492426241, 45.020232600354298 ], [ 7.6366349530407, 45.020232583267202 ], [ 7.63663498271831, 45.020232562582699 ], [ 7.63663501689257, 45.020232531106501 ], [ 7.63663505016748, 45.020232486589997 ], [ 7.63663506905323, 45.0202324492682 ], [ 7.63663507804648, 45.020232413295297 ], [ 7.63663508074444, 45.020232383617703 ], [ 7.63663507804648, 45.020232353940102 ], [ 7.63663506905323, 45.020232316168503 ], [ 7.63651912935438, 45.019956136166797 ], [ 7.63626307887802, 45.019354217223402 ], [ 7.63622269482158, 45.0192541964241 ], [ 7.63618401498036, 45.019158400639803 ], [ 7.63615983221052, 45.019082649844499 ], [ 7.63907328670285, 45.018489872509697 ], [ 7.6391658071563, 45.018743780800897 ], [ 7.63967766888936, 45.020148439998501 ], [ 7.63989102854816, 45.020733939119999 ], [ 7.64000425769041, 45.021147727086003 ], [ 7.64000427612649, 45.0211477680052 ], [ 7.64000430265651, 45.021147805326997 ], [ 7.64000433413275, 45.0211478377026 ], [ 7.64000437280362, 45.021147866480902 ], [ 7.64000441597108, 45.0211478898633 ], [ 7.64000447172901, 45.0211479123464 ], [ 7.64000451039988, 45.021147923138201 ], [ 7.64000455086938, 45.021147930332702 ], [ 7.64000461382193, 45.021147935728699 ], [ 7.64000466957987, 45.021147934829401 ], [ 7.64000471004937, 45.021147930332702 ], [ 7.64000474512295, 45.021147923138201 ], [ 7.64000478469313, 45.0211479123464 ], [ 7.6401439853567, 45.021099248231799 ], [ 7.64014402672552, 45.021099229346 ], [ 7.64014406359769, 45.021099206862999 ], [ 7.64037177373842, 45.020925303160197 ], [ 7.64099538073231, 45.020449036593803 ], [ 7.64179136797731, 45.0198411146757 ], [ 7.64343588176058, 45.018585083734699 ], [ 7.64360489674863, 45.018482832616698 ], [ 7.64475470336691, 45.018199137880003 ], [ 7.64563338147542, 45.018017086319503 ], [ 7.64690940164763, 45.017752705423 ], [ 7.64792244386575, 45.017542791067001 ], [ 7.64807944121327, 45.017539150611398 ], [ 7.64807949787058, 45.017539144316103 ], [ 7.6480795392394, 45.017539136222297 ], [ 7.64807957880959, 45.017539124530998 ], [ 7.64807962827228, 45.017539103846602 ], [ 7.64807967953362, 45.017539074169001 ], [ 7.64807971730517, 45.017539044491301 ], [ 7.64807974878141, 45.017539010317101 ], [ 7.64807977306313, 45.0175389698476 ], [ 7.64807979104955, 45.017538917686899 ], [ 7.64807979464683, 45.017538873620197 ], [ 7.64807979104955, 45.017538841244601 ], [ 7.64801780347892, 45.017275154624699 ], [ 7.64833092763024, 45.015932785170001 ], [ 7.64969359028703, 45.015672173332199 ], [ 7.65153316882072, 45.015320324373498 ], [ 7.65306754712964, 45.015026826127198 ], [ 7.65348990923195, 45.016122919837002 ], [ 7.65389825000426, 45.017182579312603 ], [ 7.65403786435598, 45.017435492054297 ], [ 7.654724270109, 45.018719372301199 ], [ 7.65374056917199, 45.018897212336498 ], [ 7.65374051431331, 45.018897227624997 ], [ 7.65374046574993, 45.018897248309401 ], [ 7.65374042528043, 45.018897271691799 ], [ 7.6537403992001, 45.018897290577598 ], [ 7.65374037491841, 45.0188973121613 ], [ 7.653740354234, 45.0188973346444 ], [ 7.65374033175095, 45.018897367919202 ], [ 7.65374031736178, 45.018897396697497 ], [ 7.65374030746926, 45.0188974326704 ], [ 7.65374030387198, 45.018897462348001 ], [ 7.6537403047713, 45.018897492924999 ], [ 7.65374031286518, 45.018897529797201 ], [ 7.6537403245564, 45.018897558575503 ], [ 7.65406570197064, 45.019486825856397 ], [ 7.6545957381029, 45.020446719940303 ], [ 7.65459576328391, 45.020446752315799 ], [ 7.65459578396832, 45.0204467738996 ], [ 7.65459580914933, 45.020446793684599 ], [ 7.65459583612898, 45.020446812570398 ], [ 7.65459586490726, 45.020446828758203 ], [ 7.65459589638357, 45.020446842247999 ], [ 7.65459594314831, 45.020446857536498 ], [ 7.65459598181917, 45.020446867429001 ], [ 7.65459602318799, 45.020446873724303 ], [ 7.65459607355001, 45.020446877321604 ], [ 7.65459611132155, 45.020446876422298 ], [ 7.65459614819372, 45.020446873724303 ], [ 7.65459618416662, 45.020446867429001 ], [ 7.65459623362932, 45.020446854838603 ], [ 7.65646496098918, 45.0197842010801 ], [ 7.65664123170751, 45.019740552484599 ], [ 7.65685160022122, 45.020141003504499 ], [ 7.65686434001731, 45.020297123113799 ], [ 7.65650467595009, 45.021645994666997 ], [ 7.65546232212853, 45.0220154019893 ], [ 7.65546227716243, 45.022015423573002 ], [ 7.6554622492834, 45.022015440660098 ], [ 7.65546222320307, 45.022015459545898 ], [ 7.6554621998207, 45.0220154811296 ], [ 7.65546218003561, 45.0220155036126 ], [ 7.65546216294854, 45.022015526994998 ], [ 7.6554621445124, 45.022015565216201 ], [ 7.65546213327087, 45.022015604336701 ], [ 7.65546213057291, 45.022015634014302 ], [ 7.65546213417019, 45.022015670886603 ], [ 7.65546214226413, 45.022015700564197 ], [ 7.6554621548546, 45.022015731141103 ], [ 7.65609540078219, 45.023152449026298 ], [ 7.65635566638093, 45.023589630157304 ], [ 7.6563556852667, 45.023589654439 ], [ 7.65635570685043, 45.0235896769221 ], [ 7.65635573113212, 45.023589697606504 ], [ 7.65635576260843, 45.023589719190198 ], [ 7.65635580487657, 45.023589740774 ], [ 7.65635583815146, 45.023589754263803 ], [ 7.65635587322504, 45.023589765055597 ], [ 7.65635590919788, 45.023589774048901 ], [ 7.65635594696943, 45.023589779444798 ], [ 7.65635599913008, 45.023589783042098 ], [ 7.65635604139823, 45.0235897821428 ], [ 7.65635608006909, 45.023589778545499 ], [ 7.65635611694131, 45.023589772250297 ], [ 7.65635615291416, 45.023589763257 ], [ 7.65635619158502, 45.023589750666503 ], [ 7.6563562311552, 45.023589733579399 ], [ 7.65664170025428, 45.023439671803501 ], [ 7.65762694083071, 45.023213361907203 ], [ 7.65763094371312, 45.023286893175602 ], [ 7.65761906456822, 45.023646264063899 ], [ 7.65754311322416, 45.026479540398498 ], [ 7.65754359526073, 45.026850336274002 ], [ 7.65754412676011, 45.027250015675698 ], [ 7.65758298556636, 45.027655505597203 ], [ 7.65764272752989, 45.0281244570781 ], [ 7.65771658075562, 45.0284825086609 ], [ 7.65782580431744, 45.028851129975699 ], [ 7.65794368745128, 45.029261186654502 ], [ 7.65794370453836, 45.029261221728099 ], [ 7.65794372072617, 45.029261246009803 ], [ 7.65794374051126, 45.029261268492803 ], [ 7.65794376299431, 45.029261290076498 ], [ 7.65794378817532, 45.029261309861603 ], [ 7.65794381605434, 45.029261327848097 ], [ 7.65794384663127, 45.029261343136497 ], [ 7.65794389159737, 45.029261361122998 ], [ 7.65794393026823, 45.029261372814197 ], [ 7.65794396624108, 45.029261380008698 ], [ 7.65794400850922, 45.029261385404702 ], [ 7.65794406426721, 45.029261387203299 ], [ 7.65794412991772, 45.029261381807402 ], [ 7.65794418477634, 45.029261371015501 ], [ 7.66166108908806, 45.028128750441503 ], [ 7.66391990637862, 45.027438892191199 ], [ 7.66529577198236, 45.027018658784101 ], [ 7.6655492728807, 45.027699845771302 ], [ 7.6661408226409, 45.029289344427802 ], [ 7.66643740376321, 45.030086246283297 ], [ 7.6664374235483, 45.030086281356802 ], [ 7.66643744423271, 45.030086307437202 ], [ 7.66643747840698, 45.030086338913499 ], [ 7.66643751437982, 45.030086364993799 ], [ 7.66643754405749, 45.030086382080903 ], [ 7.66643757553373, 45.030086396470097 ], [ 7.66643762229847, 45.030086411758496 ], [ 7.66643767535845, 45.030086424349101 ], [ 7.66643771672727, 45.030086429744998 ], [ 7.66643775449881, 45.0300864324429 ], [ 7.66643779227036, 45.030086431543602 ], [ 7.66643784443102, 45.030086426147697 ], [ 7.66709105171071, 45.029959489538797 ], [ 7.66842669153863, 45.029699920914702 ], [ 7.66941567509337, 45.029507717807 ], [ 7.67029924191655, 45.0293359868663 ], [ 7.67029929137925, 45.029335972477199 ], [ 7.67029932465414, 45.029335958987403 ], [ 7.67029935523112, 45.029335943698896 ], [ 7.67029938400941, 45.029335925712502 ], [ 7.67029941008974, 45.029335906826702 ], [ 7.67029943257279, 45.029335885243 ], [ 7.67029945955244, 45.029335852867298 ], [ 7.67029947663957, 45.029335825887699 ], [ 7.67029949192806, 45.029335786767199 ], [ 7.67029950002194, 45.0293357467474 ], [ 7.67029950002194, 45.029335716170401 ], [ 7.67029949012942, 45.029335668506299 ], [ 7.66983138850782, 45.028234170770403 ], [ 7.66998066517561, 45.0281905158797 ], [ 7.67047319058531, 45.0284376432827 ], [ 7.67159560475341, 45.029000823928897 ], [ 7.67163526215768, 45.029129043420703 ], [ 7.67163528823801, 45.029129089735797 ], [ 7.6716353170163, 45.029129123010598 ], [ 7.67167155160087, 45.0291623484637 ], [ 7.67167159746629, 45.029162379939898 ], [ 7.67170138840839, 45.0291780047611 ], [ 7.67229348585573, 45.030507881733399 ], [ 7.67229350743946, 45.030507915907698 ], [ 7.67229352632523, 45.030507938390699 ], [ 7.67229354880828, 45.030507959075102 ], [ 7.67229357308997, 45.030507977960902 ], [ 7.67229360096894, 45.030507995947303 ], [ 7.67229363064661, 45.030508011235803 ], [ 7.67229366212286, 45.030508024725599 ], [ 7.6722936953978, 45.030508035517499 ], [ 7.67229372957201, 45.030508044510697 ], [ 7.67229376554491, 45.030508050805999 ], [ 7.67229380151775, 45.030508055302597 ], [ 7.67229383838998, 45.030508056201903 ], [ 7.6722938752622, 45.030508055302597 ], [ 7.67229391123504, 45.030508051705297 ], [ 7.67229396159712, 45.030508042712 ], [ 7.67340129503379, 45.030195411389201 ], [ 7.67391412983329, 45.030050051268901 ], [ 7.67391416760478, 45.030050037779098 ], [ 7.67391420177904, 45.0300500215913 ], [ 7.67391424134922, 45.030049999108201 ], [ 7.67391426653023, 45.030049979323202 ], [ 7.67391428901328, 45.030049958638699 ], [ 7.67391431689228, 45.030049925363798 ], [ 7.67391434342227, 45.030049875901099 ], [ 7.67391435601277, 45.030049825089399 ], [ 7.67391435421413, 45.030049772928699 ], [ 7.6739143438719, 45.030049733808198 ], [ 7.67391432678482, 45.0300496987347 ], [ 7.67389561549032, 45.030022856669603 ], [ 7.67387377275645, 45.029990563813499 ], [ 7.67386271828985, 45.029936470491698 ], [ 7.67386270749802, 45.029936439015501 ], [ 7.67386269310884, 45.029936410237198 ], [ 7.67386267602171, 45.029936384156898 ], [ 7.67383359374543, 45.029902586734998 ], [ 7.67377133817678, 45.029841100986097 ], [ 7.67370914646, 45.0297702838715 ], [ 7.67367112312388, 45.029703093722802 ], [ 7.67365881859962, 45.029636850560301 ], [ 7.67363830506378, 45.029583134054498 ], [ 7.67360754195454, 45.029519653609199 ], [ 7.67356452738107, 45.029453506674002 ], [ 7.67353823929835, 45.029397097598 ], [ 7.6735331266525, 45.029368486566497 ], [ 7.67350988097627, 45.029301612979097 ], [ 7.67349673648528, 45.029228868617501 ], [ 7.6734967265927, 45.029228836241799 ], [ 7.673468048112, 45.029168489034603 ], [ 7.6734653942126, 45.029106961916803 ], [ 7.67346538432008, 45.029106921447301 ], [ 7.67345112826701, 45.029070931478401 ], [ 7.67343301412234, 45.029036719469097 ], [ 7.6734256522721, 45.029000932746897 ], [ 7.67342747969445, 45.028970672358703 ], [ 7.67342747519785, 45.028970635486502 ], [ 7.67340385810161, 45.028876431502198 ], [ 7.67339544044728, 45.0288267070869 ], [ 7.6733965178351, 45.028789392416599 ], [ 7.67339296281506, 45.028762897489798 ], [ 7.67338668015122, 45.028736729916197 ], [ 7.67339387832487, 45.028644375837303 ], [ 7.67339916184187, 45.028523943125499 ], [ 7.67340242098498, 45.0284904982379 ], [ 7.67340836820171, 45.0284572377114 ], [ 7.67340837000035, 45.028457207134501 ], [ 7.67340383561856, 45.028397877959797 ], [ 7.67340382752468, 45.028397844684797 ], [ 7.67340381313551, 45.028397811409903 ], [ 7.67338427896135, 45.028366277581704 ], [ 7.67338425917626, 45.0283662533 ], [ 7.67338423399525, 45.028366228118998 ], [ 7.67338419352575, 45.028366198441297 ], [ 7.67338415215693, 45.028366175058999 ], [ 7.67338411438544, 45.028366158871201 ], [ 7.67338405143289, 45.028366140884799 ], [ 7.67338400916475, 45.028366132790801 ], [ 7.67338396599729, 45.0283661291936 ], [ 7.67338391923255, 45.028366128294202 ], [ 7.673262403737, 45.0283718326939 ], [ 7.67321260467799, 45.028352497269999 ], [ 7.67322820881481, 45.028326491574397 ], [ 7.6732650468445, 45.028324998699802 ], [ 7.6733221942639, 45.028332063773803 ], [ 7.67332225991441, 45.028332064673101 ], [ 7.67339396465979, 45.028326421427302 ], [ 7.67339401771977, 45.028326412433998 ], [ 7.673394054592, 45.028326402541502 ], [ 7.67339408966558, 45.028326389950998 ], [ 7.67339412204115, 45.028326374662498 ], [ 7.67339415261807, 45.028326357575402 ], [ 7.6733941804971, 45.028326337790297 ], [ 7.67339421467131, 45.028326307213398 ], [ 7.67342077434933, 45.028294505387201 ], [ 7.67342079683238, 45.028294467615602 ], [ 7.67342081032217, 45.028294428045498 ], [ 7.67342481770123, 45.028268389074903 ], [ 7.67342481860055, 45.028268352202801 ], [ 7.67342069610828, 45.028241029899696 ], [ 7.6734113188773, 45.028214048439601 ], [ 7.67338183820132, 45.028154239476599 ], [ 7.6733818139196, 45.028154204852697 ], [ 7.67334895269204, 45.028117551184103 ], [ 7.6733489014307, 45.028117510714601 ], [ 7.67329430988457, 45.028086412158203 ], [ 7.67326499918039, 45.028071848537003 ], [ 7.67332069869133, 45.027949998493703 ], [ 7.6733826251081, 45.027935625528798 ], [ 7.6733826745708, 45.027935608441602 ], [ 7.67338272043622, 45.0279355868579 ], [ 7.6734262773009, 45.027908314017502 ], [ 7.67342631327381, 45.027908285239199 ], [ 7.67342633395822, 45.027908263655497 ], [ 7.67342635913923, 45.027908229481298 ], [ 7.6734505828282, 45.027860917947002 ], [ 7.67345059406972, 45.027860879276197 ], [ 7.67345666269489, 45.027824135675402 ], [ 7.67346084184442, 45.027742694869502 ], [ 7.6735074258271, 45.027497183548199 ], [ 7.67355696318333, 45.027135424060702 ], [ 7.67357109782796, 45.026992837449498 ], [ 7.67360220807547, 45.026724790017099 ], [ 7.67361975294926, 45.026583478644703 ], [ 7.67362078357235, 45.026535564564703 ], [ 7.67361775465571, 45.026494069845498 ], [ 7.67360412003416, 45.026400827236401 ], [ 7.6736026316562, 45.026369690908602 ], [ 7.67360431698569, 45.026316501405503 ], [ 7.67360951686578, 45.026189735667799 ], [ 7.67362133395744, 45.026085217358997 ], [ 7.67366383321939, 45.025980048840204 ], [ 7.67368029441013, 45.025902386086301 ], [ 7.67368224144235, 45.0258302118948 ], [ 7.67367270952798, 45.025740578265101 ], [ 7.67366800607368, 45.025679349722303 ], [ 7.67366506618993, 45.025647445373401 ], [ 7.67366505539803, 45.025647405803198 ], [ 7.67366503471362, 45.025647365333697 ], [ 7.6736387826038, 45.025611888877599 ], [ 7.67363873853702, 45.025543487342098 ], [ 7.67368317583794, 45.025565026105099 ], [ 7.67368322170336, 45.025565043192202 ], [ 7.67368325677694, 45.025565053084797 ], [ 7.67368329185047, 45.02556505938 ], [ 7.67368332872269, 45.025565063876599 ], [ 7.67368336559491, 45.025565065675302 ], [ 7.67368341595693, 45.025565063876599 ], [ 7.67368345642643, 45.025565058480701 ], [ 7.67368350498981, 45.025565048588199 ], [ 7.67368354276135, 45.025565036897 ], [ 7.67368357513692, 45.025565024306502 ], [ 7.6736836057139, 45.025565009018003 ], [ 7.67368363359287, 45.025564991930899 ], [ 7.67368366776708, 45.025564965850499 ], [ 7.67368369204883, 45.025564941568902 ], [ 7.67368371093454, 45.025564919085802 ], [ 7.67368372712235, 45.025564892106203 ], [ 7.67368374151152, 45.025564862428503 ], [ 7.6736936691276, 45.025535200988799 ], [ 7.67369367632216, 45.025535172210503 ], [ 7.6737022855321, 45.025431202488001 ], [ 7.67371280310346, 45.0253802028341 ], [ 7.67373756503662, 45.025340522946799 ], [ 7.67373757942579, 45.025340490571203 ], [ 7.67375292815518, 45.025290422614901 ], [ 7.67417104545745, 45.025243278354601 ], [ 7.67470276601989, 45.025183159575199 ], [ 7.67471416942345, 45.025547391299099 ], [ 7.67473526661928, 45.025902658580897 ], [ 7.67476149624611, 45.0261746351513 ], [ 7.67474607647029, 45.026328538831102 ], [ 7.67473518927761, 45.026387801455897 ], [ 7.67472610882294, 45.026451191969002 ], [ 7.67471304257293, 45.026588316098 ], [ 7.67471536821972, 45.026642508345198 ], [ 7.67465843573825, 45.026800743159797 ], [ 7.67463970645736, 45.026914101804401 ], [ 7.67463282484505, 45.027052690928997 ], [ 7.6745760281612, 45.027349887187597 ], [ 7.67457602546324, 45.027349922261202 ], [ 7.67458138722128, 45.027402383313401 ], [ 7.67453313049964, 45.0275872929193 ], [ 7.67450373166196, 45.027689977510498 ], [ 7.67448475776541, 45.027825569194697 ], [ 7.67447247302624, 45.027874385744397 ], [ 7.67447247032828, 45.027874424864898 ], [ 7.6744839366844, 45.028019921682102 ], [ 7.67448274688132, 45.028132526694797 ], [ 7.67448511569557, 45.028171738035297 ], [ 7.67446852949911, 45.028330467477097 ], [ 7.67445889686064, 45.028483745228698 ], [ 7.67445905244335, 45.028547378558699 ], [ 7.6744508830019, 45.0285968313787 ], [ 7.67443638323255, 45.028637201945301 ], [ 7.67443637693731, 45.0286372325223 ], [ 7.67443637513867, 45.028637262199901 ], [ 7.67445324552091, 45.028798312791899 ], [ 7.67445367539688, 45.028943657623799 ], [ 7.67448586123356, 45.029110161704601 ], [ 7.67449617915537, 45.029152148352999 ], [ 7.67449619084658, 45.029152179829303 ], [ 7.67449620613507, 45.029152208607599 ], [ 7.67449622322215, 45.029152231989897 ], [ 7.67449624390656, 45.029152254472997 ], [ 7.67449626818825, 45.029152276056699 ], [ 7.67449629426863, 45.029152294942499 ], [ 7.67449632754352, 45.029152314727597 ], [ 7.6744963716103, 45.029152334512702 ], [ 7.67449640578457, 45.029152346203901 ], [ 7.67449644085809, 45.029152355197098 ], [ 7.67449647773032, 45.029152362391599 ], [ 7.67449651550186, 45.029152365988999 ], [ 7.67449655327334, 45.029152367787603 ], [ 7.6744965919442, 45.029152365988999 ], [ 7.67449664410486, 45.029152359693697 ], [ 7.67469488795876, 45.029108869378902 ], [ 7.67487906101991, 45.029088105831498 ], [ 7.67545158921951, 45.028976018828203 ], [ 7.67682158135096, 45.028708198025001 ], [ 7.67689201625359, 45.028705312100499 ], [ 7.6769748312235, 45.028732167655399 ], [ 7.67728965599287, 45.028893281199998 ], [ 7.67728970365692, 45.028893300085798 ], [ 7.67728973873051, 45.028893309978301 ], [ 7.67728977560273, 45.028893317172901 ], [ 7.67728981337422, 45.0288933216695 ], [ 7.67728985204508, 45.028893323468097 ], [ 7.67728988981662, 45.028893322568798 ], [ 7.67728994377592, 45.028893317172901 ], [ 7.67756765172578, 45.028836346919903 ], [ 7.67756770118848, 45.028836331631503 ], [ 7.67756773446342, 45.0288363181416 ], [ 7.67756776504035, 45.0288363028532 ], [ 7.67756779291938, 45.028836283967401 ], [ 7.67756781899971, 45.028836264182303 ], [ 7.67756784148276, 45.028836242598601 ], [ 7.67756786756308, 45.028836210222899 ], [ 7.67756788824749, 45.028836173350797 ], [ 7.67756790083803, 45.028836133780601 ], [ 7.67756790533463, 45.028836089713799 ], [ 7.67756790083803, 45.028836050143603 ], [ 7.67756789274409, 45.028836022264699 ], [ 7.67639784598384, 45.026245025087903 ], [ 7.67615894467963, 45.025499610318803 ], [ 7.67605830244872, 45.025105342137898 ], [ 7.67603497943082, 45.024995525922897 ], [ 7.67614500159061, 45.024966867227199 ], [ 7.67614504295943, 45.024966853737297 ], [ 7.6761450798316, 45.024966838448897 ], [ 7.67614510950926, 45.024966822261099 ], [ 7.67614513738823, 45.024966804274598 ], [ 7.67614516256924, 45.024966783590202 ], [ 7.67614518415297, 45.0249667620065 ], [ 7.67614520483738, 45.024966735926199 ], [ 7.67614522552179, 45.024966701752 ], [ 7.67614523811227, 45.024966665779097 ], [ 7.67618856295189, 45.0247302367111 ], [ 7.67623732689117, 45.024725046723603 ], [ 7.67627523961067, 45.024736523871503 ], [ 7.67631985857469, 45.024754275589402 ], [ 7.67635035728318, 45.0247689750083 ], [ 7.67645092307168, 45.024841601558698 ], [ 7.67651964746381, 45.024893950195697 ], [ 7.67672462004521, 45.0251049545301 ], [ 7.67678397260232, 45.025160489465101 ], [ 7.67686459412579, 45.025230635685297 ], [ 7.67696611049763, 45.025297672050002 ], [ 7.67700432538936, 45.025334944452197 ], [ 7.67705624415038, 45.025521513307297 ], [ 7.67709802935065, 45.0256385897492 ], [ 7.67715048140963, 45.025765439123703 ], [ 7.67718648306976, 45.025837318337601 ], [ 7.67724194695836, 45.025927800927299 ], [ 7.67736195788808, 45.0261034097446 ], [ 7.67745715922058, 45.026208509914902 ], [ 7.67755021746859, 45.026319522228199 ], [ 7.67773313237819, 45.026495549230297 ], [ 7.67773315665988, 45.026495569015403 ], [ 7.67773318363959, 45.026495587901103 ], [ 7.67784893178282, 45.026564632451901 ], [ 7.6778922773068, 45.026585129799997 ], [ 7.6778923087831, 45.026585142390402 ], [ 7.67796527257934, 45.026609848565698 ], [ 7.67831508097623, 45.026702681983203 ], [ 7.67837868462863, 45.026721145964203 ], [ 7.67845980077925, 45.026785377343302 ], [ 7.67860207172828, 45.026890127677298 ], [ 7.67865225839506, 45.026930282406703 ], [ 7.67874946701431, 45.027028687124201 ], [ 7.67884473129936, 45.027119468288902 ], [ 7.67888810290367, 45.027152431139797 ], [ 7.67888814337317, 45.027152455421501 ], [ 7.67894187246947, 45.027178417050401 ], [ 7.67894190574441, 45.027178430540197 ], [ 7.67902571986116, 45.027206341899202 ], [ 7.67908882349047, 45.027223111557397 ], [ 7.67908886306066, 45.027223118751998 ], [ 7.67915420600184, 45.027231771129401 ], [ 7.67915427704827, 45.027231772927998 ], [ 7.6792115269904, 45.0272268230595 ], [ 7.67931076268161, 45.027211736032797 ], [ 7.67942204479158, 45.027188972393198 ], [ 7.67942207986516, 45.0271889634 ], [ 7.67966608032538, 45.027107994738202 ], [ 7.67978286898426, 45.027096776595002 ], [ 7.67987190276614, 45.027093876281398 ], [ 7.6800886492718, 45.027150106392298 ], [ 7.68008870592911, 45.027150115385602 ], [ 7.68021306058432, 45.027158863091103 ], [ 7.68025197065197, 45.027158187700302 ], [ 7.68037672190826, 45.027148941770299 ], [ 7.680462549607, 45.027139614901401 ], [ 7.6806723785275, 45.027108301407097 ], [ 7.68103221436524, 45.0271509913252 ], [ 7.68130097136276, 45.027207853659498 ], [ 7.68150061456174, 45.0272627383847 ], [ 7.68167192911631, 45.027320750052603 ], [ 7.68172574634616, 45.027336201304699 ], [ 7.68176545321313, 45.027346099243097 ], [ 7.68176548828671, 45.027346105538399 ], [ 7.68181000742595, 45.027352012285597 ], [ 7.6818886909104, 45.027360672756899 ], [ 7.68207350968476, 45.027365334842401 ], [ 7.68212407406679, 45.027368445597297 ], [ 7.68249920557395, 45.027451159843203 ], [ 7.68255188875872, 45.027472676123203 ], [ 7.68258600633919, 45.027495366917698 ], [ 7.68296795470741, 45.027781515005003 ], [ 7.68296798708298, 45.027781534790101 ], [ 7.68296802125724, 45.027781551877197 ], [ 7.68296806622334, 45.027781568964301 ], [ 7.68296810039755, 45.027781577957498 ], [ 7.68296813637045, 45.027781585152098 ], [ 7.68296817324267, 45.027781590548003 ], [ 7.68296821011484, 45.027781592346699 ], [ 7.68296826137623, 45.027781590548003 ], [ 7.682968302745, 45.027781586051397 ], [ 7.6829683387179, 45.027781579756201 ], [ 7.68296837738876, 45.027781568964301 ], [ 7.68296842235486, 45.027781551877197 ], [ 7.68296845293179, 45.027781536588698 ], [ 7.68296849160265, 45.0277815132063 ], [ 7.68296851948162, 45.027781490723299 ], [ 7.68296854825996, 45.027781461045699 ], [ 7.68296857478995, 45.027781422824397 ], [ 7.68296859232674, 45.0277813855026 ], [ 7.68296860042062, 45.027781349529697 ], [ 7.68296860221926, 45.0277813099596 ], [ 7.68296859412539, 45.0277812672417 ], [ 7.68296857883689, 45.027781229020597 ], [ 7.68296855725316, 45.027781195745703 ], [ 7.68285272277501, 45.027646514175302 ], [ 7.68267610941496, 45.027472197683799 ], [ 7.68264298468603, 45.0274438213753 ], [ 7.68261006140528, 45.0274212384994 ], [ 7.68261003172762, 45.027421221412297 ], [ 7.68256897317963, 45.027401042424202 ], [ 7.68256893540809, 45.027401027135703 ], [ 7.68212660745701, 45.027259258907698 ], [ 7.68205683085813, 45.027232656062303 ], [ 7.68202347590272, 45.027217346003802 ], [ 7.68193939828467, 45.027174643495101 ], [ 7.68186695789382, 45.027133249499897 ], [ 7.68155238043806, 45.026961215487702 ], [ 7.68144913826717, 45.026903134572102 ], [ 7.68140593483605, 45.0268654673675 ], [ 7.68137190269118, 45.026826723674397 ], [ 7.68135127404213, 45.026783405130097 ], [ 7.6813363749738, 45.026743675779997 ], [ 7.68131383796327, 45.026673722913998 ], [ 7.68128554978836, 45.0266001421829 ], [ 7.68125671482557, 45.026545693628897 ], [ 7.68125669593979, 45.0265456657499 ], [ 7.68121690723456, 45.0264987427229 ], [ 7.68111973099082, 45.026390412187801 ], [ 7.68091738442979, 45.026181934948397 ], [ 7.68086327851756, 45.026134624313499 ], [ 7.68078176126932, 45.026068678826498 ], [ 7.68068045264084, 45.025999957132299 ], [ 7.68056236715955, 45.025926129087601 ], [ 7.68048997623146, 45.025887827860998 ], [ 7.68048994115793, 45.025887811673201 ], [ 7.68035282422352, 45.025839120579001 ], [ 7.68024064459013, 45.025789899784101 ], [ 7.68006517786574, 45.025680234655198 ], [ 7.67991702265255, 45.025545702372298 ], [ 7.67985776722225, 45.025431231266303 ], [ 7.67982403185363, 45.025315255594698 ], [ 7.67982953300657, 45.0251069222467 ], [ 7.67986478733013, 45.025064177469901 ], [ 7.67986480711522, 45.025064145094298 ], [ 7.67990503558894, 45.024978169906703 ], [ 7.67999219338509, 45.024724070059797 ], [ 7.68002418406888, 45.0246349760234 ], [ 7.68006593149761, 45.024527108639198 ], [ 7.68018589206531, 45.024291110346503 ], [ 7.68021848799287, 45.024235936039602 ], [ 7.68023368024018, 45.0242048275908 ], [ 7.68023369103207, 45.0242047979132 ], [ 7.68024453415796, 45.0241546085484 ], [ 7.68025461555811, 45.024073223500501 ], [ 7.68028697316532, 45.023971888791699 ], [ 7.68043853411109, 45.023775494843299 ], [ 7.68061919621897, 45.023445006581802 ], [ 7.68075874312154, 45.023396172495403 ], [ 7.68092695231707, 45.0234186591439 ], [ 7.68100848485375, 45.023431218176199 ], [ 7.68104446223219, 45.023450345856801 ], [ 7.68115613734591, 45.023579462422298 ], [ 7.68115616342624, 45.023579486704001 ], [ 7.68115619670118, 45.0235795100864 ], [ 7.68115623537199, 45.0235795325694 ], [ 7.68121846306167, 45.023608808200002 ], [ 7.68147267982039, 45.024205387868399 ], [ 7.68147269780678, 45.024205417546099 ], [ 7.68166503041687, 45.024462265720999 ], [ 7.68173589879274, 45.024568963986603 ], [ 7.68180453684994, 45.024696701891301 ], [ 7.68184077233383, 45.024770592888601 ], [ 7.68197358061633, 45.025170700367603 ], [ 7.68207036385627, 45.0255175059282 ], [ 7.68208692577105, 45.025598088780797 ], [ 7.68208693566362, 45.025598119357802 ], [ 7.68208694915341, 45.025598146337401 ], [ 7.68208696624055, 45.025598172417801 ], [ 7.68208700131413, 45.025598211088599 ], [ 7.68232081425424, 45.025788755846499 ], [ 7.6825115433731, 45.025947948439097 ], [ 7.68251156945342, 45.025947967324903 ], [ 7.68254913053801, 45.025971448623501 ], [ 7.68270560448013, 45.026069279573598 ], [ 7.68390753040825, 45.026718010927503 ], [ 7.68399858316815, 45.026776194365901 ], [ 7.68460171169966, 45.027161591634197 ], [ 7.68472727234581, 45.027236783950499 ], [ 7.68492446489216, 45.027324735847898 ], [ 7.68492451165696, 45.027324752035703 ], [ 7.68544164791376, 45.027453709421202 ], [ 7.68559112153309, 45.027521019179702 ], [ 7.68559116110327, 45.027521033568902 ], [ 7.68570623835228, 45.027553430746302 ], [ 7.68576638680935, 45.027588936880001 ], [ 7.68613727081845, 45.027889638695903 ], [ 7.68647324044775, 45.028160820265697 ], [ 7.68658571685739, 45.028244426638999 ], [ 7.68662031467585, 45.028266551759998 ], [ 7.6867822978648, 45.028459521090099 ], [ 7.68688208034376, 45.028559926799197 ], [ 7.68688210732347, 45.028559949282297 ], [ 7.6868821379004, 45.0285599699667 ], [ 7.6868821738733, 45.0285599888525 ], [ 7.68691675550389, 45.028575619968898 ], [ 7.68695135062438, 45.028591259179301 ], [ 7.68695138299995, 45.028591271769798 ], [ 7.68695142257013, 45.028591283460997 ], [ 7.68695145674439, 45.028591290655598 ], [ 7.68716589469034, 45.028626533287898 ], [ 7.6873303663034, 45.028648157486501 ], [ 7.68733041306814, 45.028648160184503 ], [ 7.68770107134742, 45.028644731069598 ], [ 7.68807334031243, 45.028634850218197 ], [ 7.68814931054231, 45.028655558906998 ], [ 7.68840093905214, 45.028777375675404 ], [ 7.68843651982957, 45.028807885175802 ], [ 7.68856770573507, 45.029004530934401 ], [ 7.68856774260729, 45.029004569605299 ], [ 7.68856777048626, 45.029004592088299 ], [ 7.68856780915712, 45.029004616370003 ], [ 7.68856784423065, 45.0290046325578 ], [ 7.68856787660627, 45.029004645148298 ], [ 7.68856791078053, 45.0290046550409 ], [ 7.68856794675338, 45.0290046631347 ], [ 7.6885679836256, 45.029004668530703 ], [ 7.68856802049777, 45.029004671228599 ], [ 7.68856807265848, 45.0290046703293 ], [ 7.68875425300644, 45.028985430233497 ], [ 7.68898979534282, 45.028993659030199 ], [ 7.68898984750354, 45.028993656332197 ], [ 7.6889898888723, 45.028993650037002 ], [ 7.68898993743573, 45.028993639245101 ], [ 7.68898997520722, 45.028993625755298 ], [ 7.68899001837468, 45.0289936059702 ], [ 7.68899004805235, 45.028993589782402 ], [ 7.68899007413268, 45.028993570896702 ], [ 7.68899009751504, 45.028993550212199 ], [ 7.68899011819946, 45.028993528628497 ], [ 7.68899014248115, 45.028993494454298 ], [ 7.68903130984711, 45.028911782952498 ], [ 7.68911589917946, 45.028835114848697 ], [ 7.68911592076319, 45.028835091466398 ], [ 7.68911593874964, 45.028835066285303 ], [ 7.68914722616358, 45.028780965769002 ], [ 7.6891472423514, 45.028780919903603 ], [ 7.68914724774731, 45.0287808731388 ], [ 7.68914264501711, 45.028732394284603 ], [ 7.68908648055668, 45.028498950066499 ], [ 7.68907639016334, 45.028462023004003 ], [ 7.68898838250789, 45.028234607840901 ], [ 7.68895416330406, 45.028129472597101 ], [ 7.68893441059464, 45.028058579939596 ], [ 7.68889919134466, 45.027831369821897 ], [ 7.68906172671734, 45.027413144600999 ], [ 7.68906173481128, 45.027413108628103 ], [ 7.68906173481128, 45.027413073554598 ], [ 7.689061731214, 45.027413044776303 ], [ 7.68906172222074, 45.027413015997901 ], [ 7.68906169793905, 45.0274129710319 ], [ 7.68906167095941, 45.027412936857601 ], [ 7.68906164937567, 45.027412916173198 ], [ 7.68906162509398, 45.027412897287398 ], [ 7.68906159811434, 45.027412880200302 ], [ 7.68906156933599, 45.027412864911902 ], [ 7.68906153785974, 45.027412851422 ], [ 7.689061491095, 45.0274128361335 ], [ 7.68858357157461, 45.027304442645999 ], [ 7.6885733480816, 45.027254430447698 ], [ 7.68879344636053, 45.026799285358798 ], [ 7.68880787148612, 45.026773211314698 ], [ 7.68890511338032, 45.026798532626202 ], [ 7.68899634780326, 45.026828027691401 ], [ 7.68909509066594, 45.026863178592897 ], [ 7.68909513473273, 45.026863190284097 ], [ 7.689249523147, 45.026892972232901 ], [ 7.68933780689434, 45.026907769677898 ], [ 7.68946670492454, 45.026923751529999 ], [ 7.68957378809989, 45.026935341992498 ], [ 7.68957383306599, 45.026935343791102 ], [ 7.68963300216137, 45.026933721414103 ], [ 7.68963305162407, 45.026933716018199 ], [ 7.68963309838881, 45.026933706125703 ], [ 7.68968981503298, 45.026916443639003 ], [ 7.68968987438825, 45.026916417558702 ], [ 7.68975572904372, 45.026876604571697 ], [ 7.6897993146867, 45.026880589467702 ], [ 7.68983112460677, 45.026905533963301 ], [ 7.68988087869963, 45.026975681982201 ], [ 7.68992604714941, 45.027028286925898 ], [ 7.68992606963246, 45.027028310308303 ], [ 7.68994978475479, 45.027047813905497 ], [ 7.68994982522429, 45.027047839086499 ], [ 7.68998589883023, 45.027066626823398 ], [ 7.69004698078356, 45.0270924634465 ], [ 7.69009646238186, 45.027109457035898 ], [ 7.69009651184461, 45.027109470525701 ], [ 7.69015963795698, 45.027119952124202 ], [ 7.69015968292308, 45.0271199575201 ], [ 7.69015972519122, 45.027119958419398 ], [ 7.69015976745936, 45.027119956620801 ], [ 7.69023533389361, 45.027111076714803 ], [ 7.6902353716651, 45.0271110704196 ], [ 7.69036414019297, 45.027080143633803 ], [ 7.69046115096137, 45.027055030065597 ], [ 7.69052590124937, 45.027035237786002 ], [ 7.69059568864014, 45.0270063857362 ], [ 7.69071094665293, 45.026955263774497 ], [ 7.69077580396021, 45.026928654633799 ], [ 7.69081942827404, 45.026916617208101 ], [ 7.69089048101091, 45.026900343076399 ], [ 7.69095388501381, 45.026889380340698 ], [ 7.69112913050503, 45.026865349556303 ], [ 7.691310075, 45.026848673427601 ], [ 7.69147768974364, 45.026836014570399 ], [ 7.69153471305663, 45.0268397836292 ], [ 7.6915882703824, 45.026868459411901 ], [ 7.69163733019866, 45.0269054710107 ], [ 7.69163736257428, 45.026905490795798 ], [ 7.69167800113888, 45.026926804728298 ], [ 7.69167805689688, 45.026926827211398 ], [ 7.69173501186134, 45.0269420725187 ], [ 7.69173508200845, 45.026942083310502 ], [ 7.69181286617089, 45.0269450537713 ], [ 7.69192599818632, 45.0269421813367 ], [ 7.69205100485004, 45.026934238524298 ], [ 7.69214532664557, 45.026919687493702 ], [ 7.69224266386789, 45.026902044593697 ], [ 7.6923431990794, 45.026872975807201 ], [ 7.69243743094273, 45.026840732413902 ], [ 7.69249646244185, 45.0268316213823 ], [ 7.69255401365683, 45.026824032902802 ], [ 7.69261168268304, 45.026825722729001 ], [ 7.69266771943973, 45.026835637754502 ], [ 7.69271129968678, 45.026848484569904 ], [ 7.69275299675343, 45.026880872754099 ], [ 7.69278555490951, 45.0269188852984 ], [ 7.69282893910429, 45.0269616894305 ], [ 7.69285251303307, 45.026981052733397 ], [ 7.69285255799917, 45.026981080612401 ], [ 7.692884233021, 45.026996421247901 ], [ 7.69288430047016, 45.026996443730901 ], [ 7.69292195598354, 45.027004101458097 ], [ 7.69292199105706, 45.0270041068541 ], [ 7.69296118710912, 45.027007652880897 ], [ 7.6929612581556, 45.0270076510823 ], [ 7.69300176451986, 45.027002434115097 ], [ 7.69300180409004, 45.027002426021198 ], [ 7.69300184096227, 45.027002415229298 ], [ 7.69300187963307, 45.027002399940798 ], [ 7.69300192729713, 45.027002374759803 ], [ 7.69300196686731, 45.027002346880899 ], [ 7.6930281497294, 45.026978499558098 ], [ 7.69302818210497, 45.026978459088703 ], [ 7.69302820233972, 45.0269784195185 ], [ 7.69302821582954, 45.0269783687068 ], [ 7.69302821627923, 45.026978329586299 ], [ 7.69302821178257, 45.026978299908599 ], [ 7.69300863084368, 45.026912576554203 ], [ 7.69300091106322, 45.026868695933601 ], [ 7.69300751388573, 45.026832052157502 ], [ 7.69302741408393, 45.026806550981597 ], [ 7.6931256955944, 45.026776707878803 ], [ 7.69316978305909, 45.026760851032499 ], [ 7.69323969545565, 45.026726139899502 ], [ 7.69330555550704, 45.026695316535701 ], [ 7.69330559147989, 45.026695295851297 ], [ 7.69334113088854, 45.026670324375999 ], [ 7.69334117315668, 45.026670283906498 ], [ 7.69337068261098, 45.026630587831399 ], [ 7.69337069789941, 45.026630563549702 ], [ 7.69338322455621, 45.026604208017801 ], [ 7.69338323534811, 45.0266041783402 ], [ 7.69339200373804, 45.026561839157601 ], [ 7.69339200553668, 45.026561806781999 ], [ 7.69338741809491, 45.026490980674303 ], [ 7.69339442651164, 45.026454868397501 ], [ 7.69343944027799, 45.026425020798101 ], [ 7.69351571717664, 45.0263892187875 ], [ 7.69358276073586, 45.026351824077501 ], [ 7.69364571327907, 45.026312187357597 ], [ 7.69368461705147, 45.026284739149403 ], [ 7.69370889514943, 45.026263723791899 ], [ 7.69376829716924, 45.026199086818501 ], [ 7.69379292330484, 45.026162654383 ], [ 7.69379294398919, 45.026162601323101 ], [ 7.69379820322456, 45.026130302171701 ], [ 7.69379820322456, 45.026130273393399 ], [ 7.69379397011568, 45.026074918322898 ], [ 7.693806082185, 45.026043600331903 ], [ 7.69384410282316, 45.025989141885397 ], [ 7.69388690875388, 45.0259473306049 ], [ 7.69392302822524, 45.025920751141797 ], [ 7.69400157141541, 45.025871221879399 ], [ 7.69408391783861, 45.0258217375832 ], [ 7.69423022404567, 45.0257495741836 ], [ 7.69430357275172, 45.025720008971298 ], [ 7.69430360332871, 45.025719993682799 ], [ 7.69434836258694, 45.025695180488199 ], [ 7.6943483904659, 45.025695161602499 ], [ 7.69439336646076, 45.025660705876902 ], [ 7.69439340782958, 45.025660660011503 ], [ 7.69441282374288, 45.025629499401902 ], [ 7.69442911361273, 45.025586258199297 ], [ 7.69442911990802, 45.025586228521703 ], [ 7.69443544034334, 45.025532069549399 ], [ 7.69444355942278, 45.025504649220203 ], [ 7.69449544760687, 45.025451590118799 ], [ 7.69462516222148, 45.025347420746897 ], [ 7.69466529266919, 45.0253276068836 ], [ 7.69470380613581, 45.0253120261291 ], [ 7.69478528920979, 45.025293047736 ], [ 7.69489807318757, 45.025271648367898 ], [ 7.69498628768707, 45.0252467290534 ], [ 7.69502395489167, 45.025232896581002 ], [ 7.69502399536117, 45.025232877695203 ], [ 7.69502403223333, 45.025232854312797 ], [ 7.6950708266574, 45.0251956880306 ], [ 7.69507085903297, 45.0251956538564 ], [ 7.69512116980621, 45.025127054469998 ], [ 7.69516491103189, 45.025096324635697 ], [ 7.69521877142921, 45.0250867495539 ], [ 7.69530134717945, 45.025084284512197 ], [ 7.6954701193506, 45.025095067383504 ], [ 7.69547015622277, 45.025095067383504 ], [ 7.69555188571098, 45.025091229976297 ], [ 7.69555193247578, 45.0250912245804 ], [ 7.69562324511673, 45.025077411893101 ], [ 7.69562329278079, 45.0250773975039 ], [ 7.69562333684758, 45.025077379517498 ], [ 7.69566626328748, 45.025054320900303 ], [ 7.6956663091529, 45.025054288524601 ], [ 7.69566634602512, 45.025054251652399 ], [ 7.69569212509157, 45.0250190908584 ], [ 7.69569214307796, 45.025019059382103 ], [ 7.69570639823172, 45.0249837618912 ], [ 7.69571699404406, 45.024940279670197 ], [ 7.69573302535889, 45.024909188308499 ], [ 7.69578583085143, 45.024866207909199 ], [ 7.69582316800484, 45.0248298267352 ], [ 7.69587246164485, 45.024774493248302 ], [ 7.69593615073279, 45.024675761177498 ], [ 7.69597510126994, 45.024647652866904 ], [ 7.6960349304677, 45.024629303999198 ], [ 7.69612903462729, 45.024626293968403 ], [ 7.69621925281632, 45.024628683467 ], [ 7.69644871753434, 45.024623253360502 ], [ 7.69652163996176, 45.0246185013429 ], [ 7.69658481733552, 45.024609440673203 ], [ 7.69658487579142, 45.024609426284002 ], [ 7.69668010770084, 45.024575608177798 ], [ 7.696737754244, 45.024548353323901 ], [ 7.69678923053863, 45.0245308246379 ], [ 7.69683067219779, 45.024524324338103 ], [ 7.69683071896253, 45.024524312647003 ], [ 7.69683076392869, 45.024524296459198 ], [ 7.69688844644469, 45.024497024518098 ], [ 7.69697016873835, 45.024449115834102 ], [ 7.69701169493385, 45.024434284214898 ], [ 7.69711585980912, 45.024432685220297 ], [ 7.69719703801292, 45.024442292677698 ], [ 7.69730003197094, 45.024457661192201 ], [ 7.69739363700677, 45.024475286105599 ], [ 7.69746390193757, 45.024494063050597 ], [ 7.69746396938672, 45.024494073842497 ], [ 7.69750364927404, 45.024495922848601 ], [ 7.69750371672319, 45.024495919251301 ], [ 7.69755082051398, 45.024488241739 ], [ 7.69755086997674, 45.024488230047801 ], [ 7.69767825354859, 45.024444798189002 ], [ 7.69795778262562, 45.024365736089898 ], [ 7.69811550212876, 45.024315193291599 ], [ 7.69811554799418, 45.0243151744058 ], [ 7.69824320316133, 45.024246267451403 ], [ 7.69834155212101, 45.024200558509001 ], [ 7.69842499751564, 45.024171344931702 ], [ 7.69853767447415, 45.024135327083698 ], [ 7.69872706450246, 45.0240970006761 ], [ 7.69880351676892, 45.024080400989803 ], [ 7.6988545640869, 45.0240714707218 ], [ 7.69890312028281, 45.024073604813097 ], [ 7.69894052758332, 45.024077407146599 ], [ 7.69900910088933, 45.024077989907397 ], [ 7.69900915934528, 45.0240779845115 ], [ 7.69904795070244, 45.0240712719717 ], [ 7.69904799566854, 45.0240712602805 ], [ 7.69910016534038, 45.024053778359203 ], [ 7.69910020491056, 45.0240537612721 ], [ 7.69916534100776, 45.024019761502899 ], [ 7.69925675889237, 45.023958105782 ], [ 7.69929432357424, 45.023938175006798 ], [ 7.69933641274531, 45.023927858883603 ], [ 7.69938759406227, 45.023933703577597 ], [ 7.69942309120273, 45.023943221102797 ], [ 7.69965241922381, 45.024025849913102 ], [ 7.69969984587124, 45.024049656766302 ], [ 7.69975887647104, 45.024072311588 ], [ 7.69975892053782, 45.024072325077803 ], [ 7.69981212263139, 45.024083713192901 ], [ 7.69981216489953, 45.024083719488097 ], [ 7.69981220806699, 45.024083722186099 ], [ 7.69990997246731, 45.024083331880298 ], [ 7.70002551466581, 45.024097127480502 ], [ 7.70006844200503, 45.024119855147298 ], [ 7.70006848337385, 45.024119873133699 ], [ 7.70006852833995, 45.024119885724197 ], [ 7.70011421659785, 45.024129253062704 ], [ 7.70011426785925, 45.024129259357899 ], [ 7.70011432001991, 45.024129260257197 ], [ 7.70017843268857, 45.0241243706432 ], [ 7.70017848035263, 45.024124364347998 ], [ 7.70023914322195, 45.024110376292903 ], [ 7.70023918279208, 45.024110364601697 ], [ 7.70023921876498, 45.024110349313197 ], [ 7.70023925293924, 45.024110331326803 ], [ 7.7002925242806, 45.024075149848301 ], [ 7.70029256205214, 45.024075118372103 ], [ 7.70032018742677, 45.024044413718798 ], [ 7.70032021170846, 45.024044377745902 ], [ 7.70032022339962, 45.024044351665601 ], [ 7.70032023329219, 45.024044313894002 ], [ 7.70032023464117, 45.024044268478299 ], [ 7.70032022699695, 45.024044225760498 ], [ 7.70011205642629, 45.023491724563499 ], [ 7.70011203933922, 45.023491692187903 ], [ 7.70011201235951, 45.023491655315702 ], [ 7.70011197728599, 45.023491621141403 ], [ 7.70011194580968, 45.023491598658403 ], [ 7.70011191163548, 45.023491578873298 ], [ 7.70011187116597, 45.023491560886903 ], [ 7.69962640993094, 45.023313139889503 ], [ 7.69962637485736, 45.023313129997 ], [ 7.69962633888446, 45.023313121903101 ], [ 7.69962630021365, 45.023313116507197 ], [ 7.69860485473032, 45.023218555492001 ], [ 7.69804461486711, 45.0231003441057 ], [ 7.69790312722756, 45.023016333037397 ], [ 7.69790309215403, 45.023016315950301 ], [ 7.69790305887909, 45.023016303359803 ], [ 7.69790301031571, 45.023016288970602 ], [ 7.69790296894689, 45.023016281776101 ], [ 7.69790293207472, 45.023016277279503 ], [ 7.69790289430318, 45.023016276380098 ], [ 7.69790285653164, 45.023016277279503 ], [ 7.69790280347166, 45.023016283574698 ], [ 7.69775888586395, 45.023047442385597 ], [ 7.6975227337872, 45.0231043766657 ], [ 7.69752269601565, 45.023104389256197 ], [ 7.69736051137852, 45.023168131404198 ], [ 7.69669700596211, 45.023133574055201 ], [ 7.69669695290213, 45.023133575853898 ], [ 7.69631647042883, 45.023174228807598 ], [ 7.69601794227424, 45.023141872099799 ], [ 7.69576136749316, 45.023044178745899 ], [ 7.69568891631047, 45.022964167862099 ], [ 7.69566246904776, 45.022934962378699 ], [ 7.69566244116879, 45.022934937197597 ], [ 7.69566240159861, 45.022934908419401 ], [ 7.69566236832367, 45.0229348904329 ], [ 7.6956623359481, 45.022934876043699 ], [ 7.69566230267316, 45.0229348643526 ], [ 7.69566226670031, 45.022934854459997 ], [ 7.69566223072741, 45.022934848164802 ], [ 7.69566219295587, 45.022934843668203 ], [ 7.69566215518438, 45.022934842768798 ], [ 7.69566211831216, 45.022934843668203 ], [ 7.69566208054062, 45.022934847265397 ], [ 7.69566204366845, 45.022934853560699 ], [ 7.69566200859486, 45.022934862553903 ], [ 7.69566197442066, 45.022934873345797 ], [ 7.69566194204503, 45.022934887734998 ], [ 7.69566189977689, 45.022934911117297 ], [ 7.69555541285206, 45.023010333659997 ], [ 7.69487367458049, 45.023312185708797 ], [ 7.69451293942069, 45.023430617429099 ], [ 7.69451290794439, 45.023430630019597 ], [ 7.69390508854906, 45.023710438785798 ], [ 7.69346407720542, 45.023839753202097 ], [ 7.69335481767075, 45.023860544628498 ], [ 7.69298660464813, 45.0239193414045 ], [ 7.69250834068743, 45.0239678598289 ], [ 7.69195252099212, 45.024030244899997 ], [ 7.6919524643348, 45.024030256591097 ], [ 7.69174379643908, 45.024094994288603 ], [ 7.69168998100787, 45.024108632507399 ], [ 7.6911547845657, 45.024300036117801 ], [ 7.69097129858659, 45.024353164467001 ], [ 7.69097126171442, 45.024353177057598 ], [ 7.69084578470523, 45.024409183237204 ], [ 7.69062405145888, 45.024478436430698 ], [ 7.69028802787022, 45.024573132344202 ], [ 7.69008977052653, 45.024615281769897 ], [ 7.68993384786882, 45.024635996753901 ], [ 7.68984606234597, 45.024643981834302 ], [ 7.68888424011561, 45.024570099830299 ], [ 7.68837330558364, 45.024519301624501 ], [ 7.68810425810506, 45.024506973717898 ], [ 7.68703959480149, 45.024562242453598 ], [ 7.6851164494646, 45.023996297291298 ], [ 7.68393526999677, 45.023323994706601 ], [ 7.68282599762176, 45.022062932958001 ], [ 7.68282597334007, 45.022062910475 ], [ 7.68282594725969, 45.022062890689902 ], [ 7.6828259139848, 45.022062870904797 ], [ 7.68282586991802, 45.022062850220401 ], [ 7.68282583484444, 45.022062838529202 ], [ 7.6828257835831, 45.022062825938697 ], [ 7.68258101240383, 45.022026826077202 ], [ 7.68244404565621, 45.021939089117701 ], [ 7.6823411191474, 45.021537598481402 ], [ 7.68246769782604, 45.0213991775301 ], [ 7.68251818036975, 45.0213478469257 ], [ 7.68251820645014, 45.021347811852102 ], [ 7.68251822668486, 45.021347766886002 ], [ 7.68251823612775, 45.021347725517202 ], [ 7.68251823612775, 45.021347687745703 ], [ 7.68251823073183, 45.021347652672098 ], [ 7.68251821993994, 45.021347624793101 ], [ 7.68251819565825, 45.021347582525003 ], [ 7.68248920691144, 45.021312146538399 ], [ 7.68246928602878, 45.021289237208599 ], [ 7.68245353260448, 45.021263228815002 ], [ 7.68244177396872, 45.021228113886401 ], [ 7.68243934849721, 45.0212013077942 ], [ 7.68243819646563, 45.0211608356041 ], [ 7.68243905082158, 45.021106830415903 ], [ 7.68243727555989, 45.021070786487698 ], [ 7.68242583708275, 45.0210053760973 ], [ 7.68241212422021, 45.020961962224803 ], [ 7.68237843651571, 45.020897928696499 ], [ 7.68234357969249, 45.020838822553699 ], [ 7.68228706449645, 45.020743623019797 ], [ 7.68226312094635, 45.020711247426199 ], [ 7.68222652393496, 45.0206697419151 ], [ 7.68217186943627, 45.020575811324697 ], [ 7.68211690467149, 45.020480662152899 ], [ 7.68201918253931, 45.020357155558301 ], [ 7.6820191420698, 45.0203571186861 ], [ 7.68201910519758, 45.020357092605799 ], [ 7.6820190656274, 45.020357072820701 ], [ 7.68182117790508, 45.020278071875602 ], [ 7.68162150053189, 45.020199232808402 ], [ 7.68154430362677, 45.020146588294502 ], [ 7.68153382472627, 45.020134216321097 ], [ 7.68143078220487, 45.020012575819798 ], [ 7.68134267832198, 45.019868519716503 ], [ 7.68128302089474, 45.019412403359802 ], [ 7.68128300470693, 45.019412356594998 ], [ 7.68128297772728, 45.019412312528203 ], [ 7.6809550678222, 45.019039289032001 ], [ 7.68087740956486, 45.018659021496703 ], [ 7.6808774005716, 45.018658993617699 ], [ 7.68085803547001, 45.018616689508697 ], [ 7.68085801568492, 45.0186166580324 ], [ 7.68085798960459, 45.018616629254097 ], [ 7.68074643320136, 45.018518044672099 ], [ 7.68054020516638, 45.018335797958699 ], [ 7.68053261039171, 45.018328300310898 ], [ 7.68043916993179, 45.018236051452703 ], [ 7.68043914475078, 45.018236029868902 ], [ 7.68043911687181, 45.018236010983202 ], [ 7.68007640590145, 45.018018114244597 ], [ 7.67972119887429, 45.017792702771096 ], [ 7.67972116020343, 45.017792682985998 ], [ 7.67973328935989, 45.017720053737499 ], [ 7.67968366117208, 45.0176411310334 ], [ 7.67961627047453, 45.017610091832402 ], [ 7.67952364929704, 45.017549000885701 ], [ 7.67945260195609, 45.017484348623803 ], [ 7.67918330266736, 45.0172792609292 ], [ 7.67870366903912, 45.016970239484998 ], [ 7.6786337107772, 45.016964747325297 ], [ 7.67779370891259, 45.016206803201399 ], [ 7.67779367204037, 45.0162067762218 ], [ 7.6777936396648, 45.016206758235299 ], [ 7.67779359200074, 45.016206737550903 ], [ 7.67779354433662, 45.016206723161801 ], [ 7.6777935092631, 45.016206715967201 ], [ 7.67779347239087, 45.016206711470602 ], [ 7.67779343551871, 45.0162067087726 ], [ 7.67779338245867, 45.016206710571304 ], [ 7.67743724643185, 45.016246425532202 ], [ 7.67729374251223, 45.016261884878098 ], [ 7.67636628877324, 45.016373268611503 ], [ 7.67541334285153, 45.016491998906702 ], [ 7.67345078472596, 45.016740128154403 ], [ 7.67316683278318, 45.016772768148797 ], [ 7.67283776994719, 45.016805061004803 ], [ 7.67169690348936, 45.016945026092102 ], [ 7.67056167847875, 45.017093598590698 ], [ 7.66861909069854, 45.016980580789202 ], [ 7.66524935167627, 45.0168066357177 ], [ 7.6648412150501, 45.016778495031602 ], [ 7.66401051037678, 45.016697741307802 ], [ 7.66396917663621, 45.016694528030101 ], [ 7.66297404711463, 45.0166171422674 ], [ 7.66109513403324, 45.0164557094635 ], [ 7.6604008097496, 45.016385403163902 ], [ 7.65927629836256, 45.016294624697302 ], [ 7.65889046042645, 45.016263469483597 ], [ 7.65873892376237, 45.015897086581298 ], [ 7.6581990778252, 45.014630454432002 ], [ 7.65795777533111, 45.014091464649397 ], [ 7.65748612588408, 45.013037758685599 ], [ 7.65707448549915, 45.012028642008303 ], [ 7.65672462674019, 45.0111638800091 ], [ 7.6564569453318, 45.010500848535401 ], [ 7.65576925534691, 45.008883404345703 ], [ 7.65574333418755, 45.0088257569032 ], [ 7.65572565981142, 45.008764095786397 ], [ 7.6555115510173, 45.008255614604998 ], [ 7.65542613520802, 45.008049048424901 ], [ 7.65511668838451, 45.007311709567801 ], [ 7.65511665960622, 45.007311666400298 ], [ 7.65511662812992, 45.007311634024703 ], [ 7.65511660025095, 45.007311610642397 ], [ 7.65511657237198, 45.007311593555201 ], [ 7.65511653100316, 45.007311571971499 ], [ 7.65511649413094, 45.007311557582398 ], [ 7.65511645905741, 45.007311547689802 ], [ 7.65511640959465, 45.0073115377973 ], [ 7.65511636822583, 45.007311532401303 ], [ 7.65511633045435, 45.007311531501998 ], [ 7.65511628818621, 45.007311533300701 ], [ 7.65511623782419, 45.007311539596003 ], [ 7.65511620185129, 45.007311547689802 ], [ 7.6551161667777, 45.007311557582398 ], [ 7.65511612990554, 45.007311571971499 ], [ 7.65511609303331, 45.007311590857299 ], [ 7.65470255867621, 45.007554184777902 ], [ 7.65456425193872, 45.007635257761002 ], [ 7.65456421866384, 45.007635280244003 ], [ 7.65446061226748, 45.007724133262201 ], [ 7.65438200702403, 45.007792097727197 ], [ 7.65426682905098, 45.007840125121703 ], [ 7.65422359144566, 45.007857643915202 ], [ 7.65418021894197, 45.007875273325297 ], [ 7.65411755238318, 45.007901788037103 ], [ 7.65403443614036, 45.007940767352601 ], [ 7.65373708879565, 45.0079531573124 ], [ 7.65361247873295, 45.007938597288501 ], [ 7.65361242747162, 45.007938595489897 ], [ 7.65361237621022, 45.007938599087097 ], [ 7.65352056712055, 45.007952845247601 ], [ 7.65347811642198, 45.007946806300097 ], [ 7.65347805976472, 45.007946803602202 ], [ 7.65347802019454, 45.007946805400799 ], [ 7.65347796533587, 45.007946813494698 ], [ 7.65342924456405, 45.007958509177897 ], [ 7.65329671147413, 45.007926051745898 ], [ 7.65329665931341, 45.007926043651999 ], [ 7.65329662334057, 45.007926041853402 ], [ 7.65329658107242, 45.007926041853402 ], [ 7.65329652531443, 45.007926048148597 ], [ 7.6525528300491, 45.008063977170899 ], [ 7.65255277788845, 45.00806399156 ], [ 7.65255273202303, 45.008064011345098 ], [ 7.65255269605012, 45.008064030230898 ], [ 7.65255266817115, 45.008064050015903 ], [ 7.65255264299014, 45.008064071599698 ], [ 7.65255261870846, 45.008064097679998 ], [ 7.65255259712472, 45.008064127357699 ], [ 7.65249658375041, 45.008162658879698 ], [ 7.65246956361949, 45.0082171344133 ], [ 7.65246955102901, 45.008217169486798 ], [ 7.65246054341941, 45.008266834546802 ], [ 7.65245301789253, 45.008320762393303 ], [ 7.6524472055741, 45.008365702415297 ], [ 7.65243900285776, 45.008428579415501 ], [ 7.65242975153188, 45.008500513487903 ], [ 7.65242196160432, 45.008558938843997 ], [ 7.65241003659395, 45.008644244036702 ], [ 7.6523978786592, 45.008708702044999 ], [ 7.65231832193308, 45.008788732713903 ], [ 7.65227907731759, 45.008828120321503 ], [ 7.65223577406175, 45.008865492548502 ], [ 7.65220163939421, 45.008881679445999 ], [ 7.6520882366828, 45.008914900402402 ], [ 7.65191994654833, 45.008890722129202 ], [ 7.65172842152947, 45.0088094135237 ], [ 7.65161184870789, 45.008762713528498 ], [ 7.65161178845335, 45.008762696441401 ], [ 7.6515444337287, 45.008751367681597 ], [ 7.6514542524119, 45.008736771684703 ], [ 7.65126337490489, 45.0087095833806 ], [ 7.65115281045388, 45.008638443409502 ], [ 7.65102636847217, 45.0085510940578 ], [ 7.65098255530074, 45.008523197987202 ], [ 7.65094200846699, 45.008495971012302 ], [ 7.65079932113179, 45.008397983580203 ], [ 7.65066325730351, 45.008308311279599 ], [ 7.65059515344365, 45.008269293293303 ], [ 7.65055279897257, 45.008248452404203 ], [ 7.65048613852451, 45.0082187828706 ], [ 7.65043868849472, 45.008199845846299 ], [ 7.65008420811978, 45.008042994188898 ], [ 7.64980801103093, 45.007918263617 ], [ 7.64980795707163, 45.007918245630599 ], [ 7.64980790041432, 45.007918234838698 ], [ 7.64980784195836, 45.007918229442801 ], [ 7.64980778620043, 45.007918231241398 ], [ 7.64904675830133, 45.0080012737399 ], [ 7.6486002440061, 45.007945339505802 ], [ 7.64827088799114, 45.007290264334301 ], [ 7.64705920801606, 45.007320243234702 ], [ 7.64665321537365, 45.007334756493897 ], [ 7.64649309018404, 45.007197647653399 ], [ 7.64649306230501, 45.007197626968903 ], [ 7.64649303082876, 45.007197608982501 ], [ 7.64621185689174, 45.007061290646099 ], [ 7.64621181192564, 45.007061273559003 ], [ 7.64621177685205, 45.007061264565799 ], [ 7.64621173728187, 45.007061257371198 ], [ 7.64621168691986, 45.007061251975202 ], [ 7.64621165094701, 45.007061251075903 ], [ 7.64621161407479, 45.007061253773898 ], [ 7.64621157360529, 45.007061258270497 ], [ 7.64621152144463, 45.007061269961703 ], [ 7.64621147378051, 45.007061286149501 ], [ 7.64593967617515, 45.007181284488802 ], [ 7.64579358490607, 45.0071316742874 ], [ 7.64562407798888, 45.007041197093599 ], [ 7.64547413582278, 45.006979892108397 ], [ 7.64547408636002, 45.006979876819898 ], [ 7.64547403509869, 45.006979867826701 ], [ 7.64536466404803, 45.006967524631598 ], [ 7.64536462717587, 45.006967521933603 ], [ 7.64536458940432, 45.006967521933603 ], [ 7.64473188037203, 45.007002105362901 ], [ 7.64473183360729, 45.007002111658203 ], [ 7.64473178954051, 45.007002121550698 ], [ 7.64458825234601, 45.0070482288927 ], [ 7.64455241346315, 45.007035967535899 ], [ 7.64439184220981, 45.006792280939102 ], [ 7.64439181343147, 45.006792248563499 ], [ 7.64439178645182, 45.006792224281803 ], [ 7.64439175947217, 45.006792205396003 ], [ 7.64439171720403, 45.006792182013697 ], [ 7.64439168033181, 45.006792166725198 ], [ 7.64439164525828, 45.006792155033999 ], [ 7.64439160928538, 45.0067921469401 ], [ 7.64439157061452, 45.006792140644798 ], [ 7.64439151845386, 45.006792137047498 ], [ 7.6443914752864, 45.006792137946903 ], [ 7.6443914213271, 45.0067921433428 ], [ 7.6438448385685, 45.006904483954798 ], [ 7.64267987567575, 45.006971398910999 ], [ 7.64238533871247, 45.006982836488802 ], [ 7.64238529824297, 45.006982840985401 ], [ 7.64238525867279, 45.0069828490793 ], [ 7.64179318101054, 45.007144137991602 ], [ 7.64116447845794, 45.007325243465303 ], [ 7.64116443259252, 45.007325261451697 ], [ 7.6411643912237, 45.007325283934698 ], [ 7.64116436154609, 45.007325304619101 ], [ 7.6411643372644, 45.007325324404199 ], [ 7.64116431388203, 45.007325349585201 ], [ 7.64100431459747, 45.007534706361596 ], [ 7.64083513413419, 45.007756087073801 ], [ 7.64064290944276, 45.008006490706997 ], [ 7.6404270640578, 45.008284695981999 ], [ 7.64006177473118, 45.008464012704103 ], [ 7.63968963616782, 45.008610194804703 ], [ 7.63903731022373, 45.008843685787497 ], [ 7.63821436040445, 45.008952813121901 ], [ 7.63799256240685, 45.0088796928436 ], [ 7.63739794775711, 45.008389796152201 ], [ 7.63734229501097, 45.008344364201101 ], [ 7.63728313850606, 45.008294285452997 ], [ 7.63714630126083, 45.008180074251101 ], [ 7.63714626169064, 45.008180049070099 ], [ 7.6371462302144, 45.008180032882301 ], [ 7.63714619693951, 45.008180020291803 ], [ 7.63714614747676, 45.008180005003297 ], [ 7.63669915833952, 45.008093620624201 ], [ 7.63669909448765, 45.008093615228198 ], [ 7.63669902973646, 45.008093616127503 ], [ 7.63662383202427, 45.008103195705999 ], [ 7.63662376637376, 45.008103210994399 ], [ 7.63636506649465, 45.008197494119102 ], [ 7.63636501793127, 45.008197518400799 ], [ 7.63636499095162, 45.008197535487902 ], [ 7.63477224574257, 45.0093769621771 ], [ 7.63472699365587, 45.009417672687498 ], [ 7.63469678902567, 45.0094432691916 ], [ 7.63466058501803, 45.009460537074197 ], [ 7.63466054724648, 45.009460558657899 ], [ 7.63449203677811, 45.009582584069101 ], [ 7.63352715865147, 45.010115190463701 ], [ 7.63247016656499, 45.010298289734401 ], [ 7.63224376493787, 45.010326479883197 ], [ 7.6315210895267, 45.010389607794203 ], [ 7.63082136571353, 45.010399228741399 ], [ 7.62959447550469, 45.0103744865933 ], [ 7.62933797806528, 45.010366018577002 ], [ 7.62901528962396, 45.010364042766398 ], [ 7.62859527115489, 45.009628520539799 ], [ 7.62859525226912, 45.009628495358797 ], [ 7.62859522978607, 45.0096284710771 ], [ 7.62848553677816, 45.009534331844002 ], [ 7.62846464642632, 45.009516403859003 ], [ 7.62799200232911, 45.0091191085601 ], [ 7.62790530858319, 45.008820108261403 ], [ 7.6279052887981, 45.0088200686913 ], [ 7.6275671661918, 45.0083328870532 ], [ 7.6275671419101, 45.008332858274898 ], [ 7.62756711582978, 45.008332833993201 ], [ 7.62756707895756, 45.008332807013502 ], [ 7.62756704478335, 45.008332788127703 ], [ 7.62756700791112, 45.008332771939898 ], [ 7.62756695844843, 45.008332756651399 ], [ 7.62651256540261, 45.008097682861802 ], [ 7.6265125249331, 45.008097676566599 ], [ 7.62651248806094, 45.008097673868598 ], [ 7.62518711129621, 45.008076652215799 ], [ 7.62415153026893, 45.008127103283201 ], [ 7.62415147990691, 45.008127109578503 ], [ 7.62392237761566, 45.008173864432401 ], [ 7.62356746826407, 45.008222645458801 ], [ 7.62350755902668, 45.008232996655501 ], [ 7.62346514070373, 45.008239990683101 ], [ 7.6233730708106, 45.008257686642999 ], [ 7.62297934851819, 45.0083126208308 ], [ 7.62297931164596, 45.008312628025401 ], [ 7.62297927567306, 45.008312637018697 ], [ 7.62270349497038, 45.008403326452402 ], [ 7.6226233536849, 45.008422860626602 ], [ 7.62257007964553, 45.008435756005397 ], [ 7.62136452765088, 45.008802768433 ], [ 7.62136448178546, 45.008802785520203 ], [ 7.62132726334255, 45.008821721645198 ], [ 7.62088659733865, 45.009006856081598 ], [ 7.62079293924279, 45.009046585431598 ], [ 7.62040347703891, 45.009213451939303 ] ] ] } },
{ "type": "Feature", "id": 2114, "properties": { "COD_AC": "AC020E00001", "FID": 2114, "RAG_SOC": "Ireti spa" }, "geometry": { "type": "Polygon", "coordinates": [ [ [ 7.59153687073007, 45.015387308577502 ], [ 7.59091418733993, 45.016041345931399 ], [ 7.590808875829, 45.016073342910502 ], [ 7.59051014802498, 45.016157778458798 ], [ 7.58976378716909, 45.016377581759997 ], [ 7.58976374040435, 45.016377600645797 ], [ 7.58976370982742, 45.016377616833601 ], [ 7.5897636819484, 45.016377634820103 ], [ 7.58976365676739, 45.016377655504499 ], [ 7.58976363428434, 45.016377677088201 ], [ 7.58976361449925, 45.016377700470599 ], [ 7.58976359291552, 45.016377738242099 ], [ 7.58976357672771, 45.016377787704798 ], [ 7.58976357313043, 45.016377817382399 ], [ 7.58976357402975, 45.016377847959397 ], [ 7.5897635875196, 45.016377897871699 ], [ 7.58976360730469, 45.016377936092901 ], [ 7.58976362439182, 45.016377960374598 ], [ 7.58976364507623, 45.016377982857598 ], [ 7.58976366935792, 45.016378003542101 ], [ 7.58976369633757, 45.0163780233271 ], [ 7.58976372511586, 45.016378040414303 ], [ 7.58976377098128, 45.016378061098699 ], [ 7.59088108779201, 45.016752309471499 ], [ 7.59154978049804, 45.016976277533203 ], [ 7.59238390889033, 45.017263273681202 ], [ 7.59227554867766, 45.017622811843403 ], [ 7.5918842401656, 45.018901007475598 ], [ 7.59183588271986, 45.019363608393903 ], [ 7.59184547848611, 45.019444023522901 ], [ 7.59184548478135, 45.019444053200601 ], [ 7.59195670933474, 45.0197350558282 ], [ 7.59195672911983, 45.019735090901797 ], [ 7.59195674710622, 45.019735113384897 ], [ 7.59195676868995, 45.019735134968599 ], [ 7.59195679207232, 45.019735154753597 ], [ 7.59195681905203, 45.019735173639397 ], [ 7.59195684783032, 45.019735189827202 ], [ 7.59195687930657, 45.019735204216403 ], [ 7.5919569260713, 45.019735220404101 ], [ 7.59268802633142, 45.0199146594341 ], [ 7.59268807759275, 45.019914666628601 ], [ 7.59268812975341, 45.019914669326603 ], [ 7.59338282006115, 45.019887315547201 ], [ 7.59338286682589, 45.019887309251999 ], [ 7.59401167280049, 45.019769824517802 ], [ 7.59413478009605, 45.019762051677397 ], [ 7.59425984251777, 45.0197541691197 ], [ 7.59444581422298, 45.019742941983203 ], [ 7.59468160117501, 45.019705835955598 ], [ 7.59630765547399, 45.019451275655904 ], [ 7.59764376654664, 45.019247127752799 ], [ 7.599384471816, 45.018964003186198 ], [ 7.60051439352446, 45.018780208739699 ], [ 7.60231352954582, 45.0216421149917 ], [ 7.60320119278089, 45.023043988988903 ], [ 7.60365732622466, 45.023796656790402 ], [ 7.60392362447573, 45.024227530076502 ], [ 7.60490463913783, 45.025814761542101 ], [ 7.60497091017942, 45.025919815846898 ], [ 7.60576023704533, 45.027171020126502 ], [ 7.60661836294713, 45.0285498822713 ], [ 7.60735161168759, 45.029782277230403 ], [ 7.60610208014691, 45.029454879938797 ], [ 7.60334224334991, 45.028750482348897 ], [ 7.60155014272493, 45.028295766236702 ], [ 7.60155009955747, 45.028295758142797 ], [ 7.60155005818871, 45.028295753646098 ], [ 7.60155001681988, 45.028295751847502 ], [ 7.60154996555849, 45.028295754545503 ], [ 7.60154992508904, 45.028295760840798 ], [ 7.60154987202901, 45.028295773431203 ], [ 7.60154982706291, 45.028295789619101 ], [ 7.60154978389545, 45.028295811202803 ], [ 7.59880152407112, 45.0300393934033 ], [ 7.59845601083629, 45.029915492006403 ], [ 7.59845597216542, 45.029915480315204 ], [ 7.59845593439388, 45.029915472221298 ], [ 7.59845589572308, 45.029915467724699 ], [ 7.59808182181865, 45.029887734431398 ], [ 7.59808174357766, 45.029887738028698 ], [ 7.59773953355267, 45.029945251472199 ], [ 7.59773948049269, 45.0299452658614 ], [ 7.59773943013062, 45.029945286545797 ], [ 7.59567648877896, 45.031081465737103 ], [ 7.59564520766025, 45.031098704841398 ], [ 7.59463045942823, 45.031645083453903 ], [ 7.59401117817339, 45.032039564774202 ], [ 7.59391182557033, 45.032102856361803 ], [ 7.59260858202049, 45.032691411379602 ], [ 7.59260855054424, 45.032691429365997 ], [ 7.59257668756413, 45.032711906929002 ], [ 7.59079431940239, 45.033491629035503 ], [ 7.58967786414217, 45.034053352780099 ], [ 7.5890305483212, 45.034332515833 ], [ 7.58881059932975, 45.034405572259402 ], [ 7.58855094886724, 45.034469517654102 ], [ 7.58840452754697, 45.034498969551898 ], [ 7.58797327025024, 45.034585732545601 ], [ 7.58797321539163, 45.034585748733399 ], [ 7.58733615903657, 45.034851664772603 ], [ 7.58662137247842, 45.035130853905898 ], [ 7.58583642531085, 45.035437440885197 ], [ 7.58579966642151, 45.035454114316003 ], [ 7.58562471590796, 45.035533487580402 ], [ 7.58427444500967, 45.036093463043002 ], [ 7.58413617154713, 45.036160059639101 ], [ 7.58350266931279, 45.036525989283 ], [ 7.58350262434669, 45.036526024356597 ], [ 7.583502600065, 45.036526048638301 ], [ 7.58350258207855, 45.0365260720206 ], [ 7.58350256768938, 45.036526097201701 ], [ 7.58350255419958, 45.036526132275199 ], [ 7.58350254700497, 45.036526175442702 ], [ 7.58350255060228, 45.036526228502701 ], [ 7.58350256948805, 45.036526279763997 ], [ 7.583502600065, 45.036526326528801 ], [ 7.58353980951466, 45.0365651475636 ], [ 7.58287185245405, 45.037296250521599 ], [ 7.58268052528604, 45.037397511485999 ], [ 7.58116831886287, 45.038225127887401 ], [ 7.58105758803731, 45.038285729602798 ], [ 7.58105754307121, 45.038285762877699 ], [ 7.58105750619899, 45.038285800649199 ], [ 7.5809815692441, 45.038392936884598 ], [ 7.58085193197115, 45.038575814921899 ], [ 7.58010574648307, 45.039627527988102 ], [ 7.57984846663345, 45.039876766100001 ], [ 7.57783445019976, 45.041827624945 ], [ 7.57783442142144, 45.041827661817202 ], [ 7.57783439983774, 45.041827701387398 ], [ 7.57783438904585, 45.041827736460903 ], [ 7.57783438544857, 45.041827765239198 ], [ 7.57783438859619, 45.041827813352903 ], [ 7.57783440073706, 45.0418278542721 ], [ 7.57783441872351, 45.041827888446299 ], [ 7.5778344430052, 45.041827919922603 ], [ 7.58030631148711, 45.044295709079798 ], [ 7.58030634746001, 45.044295736958802 ], [ 7.5803063762383, 45.044295754045898 ], [ 7.58030640681528, 45.044295769334298 ], [ 7.58030644009017, 45.0442957828242 ], [ 7.58030647516375, 45.044295793616001 ], [ 7.58030652462645, 45.044295803508597 ], [ 7.58030658038444, 45.044295809803799 ], [ 7.58030662265258, 45.044295809803799 ], [ 7.58030666042407, 45.044295808005202 ], [ 7.58030669729629, 45.044295802609298 ], [ 7.58030673416852, 45.044295795414698 ], [ 7.5803067827319, 45.044295780126198 ], [ 7.58118325300478, 45.043927231656497 ], [ 7.58122789085451, 45.043996553198397 ], [ 7.58122791873353, 45.043996584674701 ], [ 7.5812279421159, 45.043996605359098 ], [ 7.58122796819623, 45.043996625144203 ], [ 7.58122799697452, 45.043996642231299 ], [ 7.5812280275515, 45.043996656620401 ], [ 7.58122806082639, 45.043996670110303 ], [ 7.58122809500065, 45.043996680002799 ], [ 7.5812281309735, 45.043996688096698 ], [ 7.58122816784572, 45.043996693492701 ], [ 7.58122820471795, 45.043996696190597 ], [ 7.58122824248943, 45.043996696190597 ], [ 7.58122829465015, 45.043996692593304 ], [ 7.58137035965444, 45.043972311972702 ], [ 7.58137039562729, 45.043972302979498 ], [ 7.58137042980155, 45.043972293086902 ], [ 7.58164073363298, 45.043873758866901 ], [ 7.5821498002731, 45.0437131039766 ], [ 7.58214986502429, 45.043713073399701 ], [ 7.58220536938234, 45.043676131947997 ], [ 7.58220540265728, 45.043676103169702 ], [ 7.58220543053625, 45.043676071693397 ], [ 7.58223250822374, 45.043634386317898 ], [ 7.58223252351217, 45.043634353042997 ], [ 7.58223253250543, 45.043634317969499 ], [ 7.58223771709703, 45.043577176845297 ], [ 7.58223771619771, 45.043577146268298 ], [ 7.58215455588811, 45.043076016145299 ], [ 7.58218943519432, 45.043046855627999 ], [ 7.58226057066884, 45.043025692781598 ], [ 7.5822606138363, 45.043025675694402 ], [ 7.58226065340648, 45.0430256541107 ], [ 7.58248877094007, 45.042869623534301 ], [ 7.58280267660228, 45.042688232975699 ], [ 7.58300205899786, 45.042586639261998 ], [ 7.58375870180271, 45.042150977085903 ], [ 7.58392205825641, 45.042077657158202 ], [ 7.58396746862383, 45.042122974895399 ], [ 7.58568466651417, 45.043836626758903 ], [ 7.58670686203209, 45.044852206863901 ], [ 7.58670689710567, 45.044852233843599 ], [ 7.58670692408532, 45.044852250930703 ], [ 7.5867069546623, 45.044852265319797 ], [ 7.58670698613855, 45.044852278809699 ], [ 7.58670701941344, 45.044852288702202 ], [ 7.5867070535877, 45.044852297695499 ], [ 7.58670708956061, 45.044852303091403 ], [ 7.58670713003005, 45.044852306688703 ], [ 7.58670718488872, 45.044852306688703 ], [ 7.58670723525074, 45.044852302192098 ], [ 7.58670727032432, 45.044852295896803 ], [ 7.58670730899519, 45.0448522860042 ], [ 7.58670735845789, 45.044852268017799 ], [ 7.58876671331319, 45.043882963428103 ], [ 7.58958896435928, 45.0434959141052 ], [ 7.59040868831039, 45.043150044738802 ], [ 7.59183904563548, 45.042483925892498 ], [ 7.59256526167752, 45.042119600639097 ], [ 7.5925653102409, 45.042119568263502 ], [ 7.59256533542197, 45.042119545780501 ], [ 7.59256535790502, 45.0421195205994 ], [ 7.59256538128739, 45.042119484626497 ], [ 7.59256539657582, 45.042119446855096 ], [ 7.59260218874005, 45.041976774808298 ], [ 7.59261873086979, 45.041687131955698 ], [ 7.5927094787595, 45.0415846650004 ], [ 7.59307199457692, 45.041424679205598 ], [ 7.59437779669798, 45.040827317126997 ], [ 7.5952313252655, 45.0404550607525 ], [ 7.59622892252679, 45.040030649994499 ], [ 7.59672566755557, 45.0398472341626 ], [ 7.59688523516553, 45.039816239028298 ], [ 7.59816735903644, 45.039566435242797 ], [ 7.59816742198899, 45.039566415457799 ], [ 7.59865307657827, 45.039349466604698 ], [ 7.5989509886972, 45.0392206809897 ], [ 7.59903807005094, 45.039183034469502 ], [ 7.59945504161692, 45.039008001218299 ], [ 7.60002709317587, 45.0387940623961 ], [ 7.60326584774072, 45.037236709106899 ], [ 7.60445897020537, 45.036661683490003 ], [ 7.60480914372704, 45.036486080967897 ], [ 7.60515670202022, 45.036283920566497 ], [ 7.60650115340553, 45.035624490877602 ], [ 7.60653760472673, 45.035614182848299 ], [ 7.60729804446925, 45.035416221381602 ], [ 7.60729808943535, 45.035416206093103 ], [ 7.60740252500659, 45.0353695780436 ], [ 7.60766275643112, 45.035307972684798 ], [ 7.60812096551018, 45.035156774165799 ], [ 7.6085967131678, 45.0349862627059 ], [ 7.60883547867445, 45.035004969503802 ], [ 7.60895035267669, 45.035026826626797 ], [ 7.60909316951421, 45.035086217854698 ], [ 7.60918964518601, 45.035109709045898 ], [ 7.60930497064794, 45.035112973584901 ], [ 7.60935898842661, 45.035048541656899 ], [ 7.6093459581495, 45.034936799094098 ], [ 7.60936371706197, 45.034853327618997 ], [ 7.60939467622336, 45.034766298426 ], [ 7.6094996621797, 45.034636894077401 ], [ 7.61161123167307, 45.0337469123901 ], [ 7.61257509266642, 45.035684725669597 ], [ 7.61407896147495, 45.0387232389863 ], [ 7.61431029138691, 45.039226743319603 ], [ 7.61437534564573, 45.039482588750502 ], [ 7.61437535733694, 45.039482620226799 ], [ 7.61458040995802, 45.039856738197997 ], [ 7.61458502168148, 45.0398648950489 ], [ 7.6145849713194, 45.039864879760501 ], [ 7.61458492815194, 45.039864860874701 ], [ 7.61458489937365, 45.039864844686903 ], [ 7.614584872394, 45.039864826700502 ], [ 7.61458484811232, 45.039864806915404 ], [ 7.6145848274279, 45.039864785331602 ], [ 7.61458480314622, 45.039864752955999 ], [ 7.61458040995802, 45.039856738197997 ], [ 7.61444316711851, 45.039613973406198 ], [ 7.61362741457356, 45.040076933603601 ], [ 7.61372540560302, 45.040315305207201 ], [ 7.61453250307261, 45.040211013527497 ], [ 7.61487258620093, 45.040156594651201 ], [ 7.61473124784885, 45.039827471560599 ], [ 7.61473128112379, 45.039827460768798 ], [ 7.61473131349936, 45.039827448178201 ], [ 7.6154969585179, 45.039473906695498 ], [ 7.61549701157787, 45.039473872521199 ], [ 7.61549704035616, 45.039473848239503 ], [ 7.61549706463785, 45.039473821259897 ], [ 7.61549708532226, 45.039473790682997 ], [ 7.61555431008338, 45.039367039357401 ], [ 7.61560337619488, 45.039308120273603 ], [ 7.61595593381935, 45.039175282313501 ], [ 7.61622117626632, 45.039085573140802 ], [ 7.61644432324698, 45.039007945460398 ], [ 7.6165095330885, 45.039107893414602 ], [ 7.616527448483, 45.039139883199098 ], [ 7.61687407777652, 45.039841648473299 ], [ 7.61707257793716, 45.0402312401797 ], [ 7.6174004878423, 45.040874788740602 ], [ 7.61743661001157, 45.040976896866397 ], [ 7.61747074198121, 45.041087494592297 ], [ 7.61760683638641, 45.041638091924497 ], [ 7.6176190410859, 45.041687551039701 ], [ 7.61788568647529, 45.042415385861403 ], [ 7.61838907299739, 45.043756769659197 ], [ 7.61815477712133, 45.043915562952897 ], [ 7.618154751041, 45.043915584536599 ], [ 7.61815472945727, 45.043915607019699 ], [ 7.6181547105715, 45.043915630402097 ], [ 7.61815469438369, 45.043915659180399 ], [ 7.61815467729656, 45.043915705045798 ], [ 7.61815467279996, 45.0439157491126 ], [ 7.61815467999452, 45.043915802622202 ], [ 7.61815469528301, 45.043915841742802 ], [ 7.6181547105715, 45.043915867823102 ], [ 7.61858483292377, 45.044472389888902 ], [ 7.6185848545075, 45.044472412372002 ], [ 7.61858487878919, 45.044472433056399 ], [ 7.61892019730931, 45.044719809571603 ], [ 7.61892023867813, 45.044719834752598 ], [ 7.61892028454355, 45.044719855437101 ], [ 7.61935077471855, 45.044869016092299 ], [ 7.61935084036901, 45.0448690304815 ], [ 7.61935089252972, 45.044869036776703 ], [ 7.61935094199242, 45.044869036776703 ], [ 7.6193509815626, 45.044869034078701 ], [ 7.61935102113279, 45.044869027783498 ], [ 7.61935106160229, 45.044869018790202 ], [ 7.62019441164284, 45.0446242611008 ], [ 7.62034545637778, 45.044613779502399 ], [ 7.62084947961984, 45.045383239445002 ], [ 7.62119944090153, 45.045916109341 ], [ 7.62073561285831, 45.046063456962997 ], [ 7.62059217728722, 45.046099389375399 ], [ 7.62040605809318, 45.0461285498927 ], [ 7.62025901893861, 45.046148981590299 ], [ 7.62020834214132, 45.046152830688598 ], [ 7.62014913617372, 45.046156706766702 ], [ 7.62006183628478, 45.046164325823 ], [ 7.62000224900464, 45.046163779035197 ], [ 7.61990991021423, 45.046167182069802 ], [ 7.61945107160972, 45.046188900697302 ], [ 7.61940552544468, 45.046194200402098 ], [ 7.61940546968674, 45.046194212093297 ], [ 7.61901478080756, 45.046316070230503 ], [ 7.61883386149356, 45.046372496393701 ], [ 7.61864056660892, 45.046447751662498 ], [ 7.61855354640909, 45.046472543273303 ], [ 7.61840886257897, 45.046525651837399 ], [ 7.6178868888689, 45.046766774467102 ], [ 7.61788684839939, 45.0467667978495 ], [ 7.61788682052043, 45.0467668203326 ], [ 7.61788679084276, 45.046766850010201 ], [ 7.61788676656107, 45.046766881486498 ], [ 7.61788674677598, 45.0467669219559 ], [ 7.61788673598414, 45.046766960626798 ], [ 7.6178867341855, 45.046766990304398 ], [ 7.61788674048074, 45.0467670402168 ], [ 7.61788675576923, 45.046767082035302 ], [ 7.61842825106299, 45.047737956841303 ], [ 7.61875049883651, 45.048315714598601 ], [ 7.61868775853327, 45.0483381706701 ], [ 7.61792163777341, 45.048685987068701 ], [ 7.61740472005187, 45.048920644472197 ], [ 7.61734509949679, 45.048947714065797 ], [ 7.61734506802054, 45.048947732052198 ], [ 7.61734503114832, 45.048947758132599 ], [ 7.61734500506799, 45.048947782414302 ], [ 7.6173449852829, 45.048947804897402 ], [ 7.61734496190053, 45.048947842668902 ], [ 7.61734494301476, 45.048947891232302 ], [ 7.61734493851816, 45.048947921809201 ], [ 7.61734493941748, 45.048947951486802 ], [ 7.617344950659, 45.048948001399197 ], [ 7.61734496819577, 45.048948040519697 ], [ 7.6173449852829, 45.048948064801401 ], [ 7.61734501316187, 45.0489480953784 ], [ 7.61734504104083, 45.048948118760698 ], [ 7.61734506981918, 45.048948138545803 ], [ 7.61819269074016, 45.049423151457297 ], [ 7.61824259142253, 45.049459585691402 ], [ 7.61932746608971, 45.050225536479402 ], [ 7.6195359523224, 45.050411267166297 ], [ 7.61978410854982, 45.050632333115701 ], [ 7.62005260834127, 45.050916686156199 ], [ 7.62010400819349, 45.050964608329998 ], [ 7.62017641800736, 45.051032114140803 ], [ 7.62024181580722, 45.051086287502201 ], [ 7.62066142778269, 45.051387632333501 ], [ 7.62084417991503, 45.051497097812799 ], [ 7.62157855640532, 45.051860104660101 ], [ 7.62157859687477, 45.051860120847898 ], [ 7.62219445710855, 45.052052070346797 ], [ 7.62275714042971, 45.052232950090598 ], [ 7.62288415527956, 45.052498966853904 ], [ 7.62344171696174, 45.053666695161901 ], [ 7.62346943496652, 45.053719058188101 ], [ 7.62350320181139, 45.053789184623199 ], [ 7.62396742555632, 45.054749206410797 ], [ 7.62420337438624, 45.0553101270607 ], [ 7.62421671133222, 45.055341829062201 ], [ 7.62464637233228, 45.056373223745297 ], [ 7.6250228465272, 45.057277897656903 ], [ 7.62508613002092, 45.057426346049098 ], [ 7.62511402339351, 45.057483212880001 ], [ 7.62511405846709, 45.0574832587454 ], [ 7.6252466805899, 45.057606494644098 ], [ 7.62530435770998, 45.057660088842098 ], [ 7.6250757014825, 45.059657986726698 ], [ 7.62428529183279, 45.059576857086299 ], [ 7.62413618064028, 45.059561538933899 ], [ 7.62313332864028, 45.059456747231103 ], [ 7.62285113037541, 45.059442134147197 ], [ 7.62210865099348, 45.059403722303998 ], [ 7.62170025716119, 45.059387394212898 ], [ 7.6211417952577, 45.0593650730397 ], [ 7.62043680501461, 45.059369954559799 ], [ 7.62022363691136, 45.0593719924236 ], [ 7.61976204098545, 45.0592447923134 ], [ 7.61963947508178, 45.059214971693599 ], [ 7.61879588762014, 45.059017887965197 ], [ 7.61875479309924, 45.059008374037298 ], [ 7.61860204055176, 45.0589836049095 ], [ 7.61860199018975, 45.0589836013122 ], [ 7.61860193982773, 45.058983602211498 ], [ 7.61682954694607, 45.059173860984998 ], [ 7.61658008760099, 45.059206679944403 ], [ 7.61616111054684, 45.059246323858801 ], [ 7.61568258848069, 45.059251123540498 ], [ 7.61568253811868, 45.059251128037197 ], [ 7.6156824895553, 45.059251137929699 ], [ 7.61508601240962, 45.059424044284199 ], [ 7.6148484753769, 45.0594955394876 ], [ 7.61378990767815, 45.059814147704799 ], [ 7.61364707735078, 45.059869651163503 ], [ 7.61299468935346, 45.060024494634803 ], [ 7.61274467602601, 45.060106037963401 ], [ 7.61216212937882, 45.060228861972497 ], [ 7.61194859705017, 45.060252899951401 ], [ 7.61168334650927, 45.0602720366252 ], [ 7.61156612977311, 45.060280513634801 ], [ 7.61156609290089, 45.0602805181314 ], [ 7.61090345892751, 45.060398987623202 ], [ 7.61048940026563, 45.060501318780901 ], [ 7.61041082020324, 45.060513497400102 ], [ 7.61032360485052, 45.0605211839056 ], [ 7.61025186233366, 45.060503083250801 ], [ 7.61011639295719, 45.060452799457202 ], [ 7.60983423156461, 45.060160965855999 ], [ 7.60978159604389, 45.060109467977597 ], [ 7.60978155917167, 45.0601094400986 ], [ 7.60978152949406, 45.060109422112198 ], [ 7.60978149801775, 45.060109407722997 ], [ 7.60978146474287, 45.060109394233201 ], [ 7.60978142966928, 45.060109384340599 ], [ 7.60978139279706, 45.0601093762468 ], [ 7.60978135592489, 45.060109370850903 ], [ 7.60978131815335, 45.060109369052199 ], [ 7.60978127948249, 45.060109369052199 ], [ 7.60978122642251, 45.060109373548798 ], [ 7.60895231769536, 45.060263621668902 ], [ 7.60810241789233, 45.060432147425701 ], [ 7.60759944685702, 45.060541204612903 ], [ 7.6075994054882, 45.060541216304202 ], [ 7.60759936951535, 45.0605412288946 ], [ 7.60759933534109, 45.060541245981803 ], [ 7.60759929756955, 45.060541268464803 ], [ 7.60759926969058, 45.060541290048498 ], [ 7.60759923821433, 45.060541321524802 ], [ 7.6075992085367, 45.060541365142001 ], [ 7.60759918920127, 45.060541415054303 ], [ 7.60759918380532, 45.060541466765301 ], [ 7.60759919144959, 45.060541515778397 ], [ 7.60761275952126, 45.0605776091694 ], [ 7.60809082653049, 45.061776204908 ], [ 7.60842639686075, 45.062617474816697 ], [ 7.60887742755131, 45.063748152854998 ], [ 7.60890615459539, 45.063820530293299 ], [ 7.60896658454027, 45.063972668603803 ], [ 7.60936714797555, 45.064973710268603 ], [ 7.60937977175911, 45.065002506560504 ], [ 7.60937979244352, 45.065002539835397 ], [ 7.60937981132929, 45.065002562318398 ], [ 7.60937983381234, 45.065002583002901 ], [ 7.60937985809403, 45.065002602787999 ], [ 7.60937988507368, 45.065002619875102 ], [ 7.60937991475129, 45.065002635163502 ], [ 7.60937994622759, 45.065002648653397 ], [ 7.60937999389165, 45.065002663941897 ], [ 7.60976987607899, 45.0650894835928 ], [ 7.60980951459749, 45.0651968410614 ], [ 7.60996658928673, 45.065314825818596 ], [ 7.61019167520567, 45.065329855288702 ], [ 7.61046661234434, 45.065308581825697 ], [ 7.61105944723573, 45.065464852521004 ], [ 7.61127173580201, 45.065534027473497 ], [ 7.61127177807015, 45.065534037366 ], [ 7.61138045124687, 45.0655530382422 ], [ 7.61148938162972, 45.065572082285797 ], [ 7.61299382690362, 45.0658348381073 ], [ 7.61399075327069, 45.066144788551199 ], [ 7.61407479311725, 45.066179878298797 ], [ 7.61407485786844, 45.066179896285199 ], [ 7.61413176966551, 45.0661893868308 ], [ 7.61412429539996, 45.066218151646403 ], [ 7.61403426426995, 45.066249212431302 ], [ 7.61393149154515, 45.066293138917302 ], [ 7.61384133540935, 45.0663331623456 ], [ 7.6137492106576, 45.066380729287303 ], [ 7.6137491791813, 45.066380749072401 ], [ 7.61374914860437, 45.066380774253403 ], [ 7.6137491207254, 45.066380803031699 ], [ 7.61366601077782, 45.066485846544701 ], [ 7.61353519359437, 45.066585717157203 ], [ 7.61341624926053, 45.066643029152502 ], [ 7.61325210140342, 45.066727177817 ], [ 7.61318910839071, 45.066764443024702 ], [ 7.61312060343317, 45.066784890010702 ], [ 7.61312055397042, 45.066784908896501 ], [ 7.61312050900432, 45.066784934077504 ], [ 7.61306553974293, 45.066824031204099 ], [ 7.61304651458505, 45.066791432578597 ], [ 7.61304648850466, 45.066791400203002 ], [ 7.61304646602161, 45.0667913786193 ], [ 7.61304643994128, 45.066791358834202 ], [ 7.61304641206232, 45.0667913408478 ], [ 7.61304638238471, 45.066791324660002 ], [ 7.61304635000909, 45.0667913111701 ], [ 7.61304631583488, 45.066791300378299 ], [ 7.6130462807613, 45.066791291385002 ], [ 7.61304624388907, 45.066791285089799 ], [ 7.61304620701691, 45.066791281492499 ], [ 7.61304616924537, 45.066791279693902 ], [ 7.61304613147382, 45.066791281492499 ], [ 7.61304609460166, 45.066791285989098 ], [ 7.61304605772944, 45.0667912922844 ], [ 7.61304602265585, 45.066791301277597 ], [ 7.61304597589111, 45.0667913183647 ], [ 7.61284959633184, 45.066886320047701 ], [ 7.61248144266449, 45.066994701844102 ], [ 7.61240536811329, 45.067020117584399 ], [ 7.61227092486337, 45.067054690221802 ], [ 7.61163701343747, 45.067232342298801 ], [ 7.61154387514978, 45.067267459925397 ], [ 7.61144919182681, 45.0673002456099 ], [ 7.61144915405526, 45.067300262697003 ], [ 7.61137710936617, 45.067337325557197 ], [ 7.61134348911077, 45.0673504008004 ], [ 7.60977081856845, 45.067961685283599 ], [ 7.60969028248058, 45.067982113383898 ], [ 7.60957603980245, 45.068016077180303 ], [ 7.60952600602042, 45.068026900521097 ], [ 7.60952593857127, 45.068026923903503 ], [ 7.60946714269454, 45.068056608725598 ], [ 7.60946710402368, 45.0680566339066 ], [ 7.60946707074879, 45.068056662684903 ], [ 7.60936200835005, 45.068174155512899 ], [ 7.6093619813704, 45.068174197780998 ], [ 7.60934689344441, 45.068211241755499 ], [ 7.60934688624985, 45.068211273231697 ], [ 7.60933764211853, 45.068281441935 ], [ 7.60927403396954, 45.068393632360298 ], [ 7.60923329198289, 45.068492073050798 ], [ 7.60893980272976, 45.069145727293503 ], [ 7.60866430981008, 45.069834366962503 ], [ 7.608476017854, 45.0702736174336 ], [ 7.60841274515212, 45.070361796859501 ], [ 7.60794898006145, 45.070463027246902 ], [ 7.60787985277301, 45.070480510966902 ], [ 7.60777843802453, 45.070510136433697 ], [ 7.60712795479134, 45.070646827988703 ], [ 7.60705734272221, 45.070667158962301 ], [ 7.60693868617148, 45.070702334145402 ], [ 7.60659971010858, 45.070769418174201 ], [ 7.60604319253935, 45.070794593795497 ], [ 7.60521431528849, 45.070922433323702 ], [ 7.60521427481899, 45.070922442316899 ], [ 7.60521423614813, 45.070922454008098 ], [ 7.6051574178806, 45.0709448408318 ], [ 7.60505883329858, 45.070967269923599 ], [ 7.6047213429157, 45.071025932700699 ], [ 7.60438856138308, 45.071071308893899 ], [ 7.60389561059401, 45.071132362068902 ], [ 7.60352732112904, 45.0711248167569 ], [ 7.60346804951092, 45.071125031694898 ], [ 7.60346799824958, 45.071125036191503 ], [ 7.60346796227668, 45.071125042486699 ], [ 7.60346792810248, 45.071125051480003 ], [ 7.60346789482753, 45.071125062271797 ], [ 7.60346786335128, 45.071125075761699 ], [ 7.60346783367362, 45.071125091050199 ], [ 7.60346779680145, 45.071125115331903 ], [ 7.60346776262719, 45.071125145009503 ], [ 7.6034677338489, 45.071125179183703 ], [ 7.60346771136582, 45.0711252178546 ], [ 7.60346769607736, 45.071125264619297 ], [ 7.60346769248008, 45.071125294296998 ], [ 7.6034676933794, 45.0711253230753 ], [ 7.60346770552025, 45.071125370739303 ], [ 7.60346772485565, 45.071125411208797 ], [ 7.6034958727364, 45.0711662314365 ], [ 7.60363662383116, 45.071370322682299 ], [ 7.60427777300089, 45.072237725091 ], [ 7.60433004969207, 45.0723059503594 ], [ 7.60546605711289, 45.073821057995502 ], [ 7.60555605496802, 45.073944650924901 ], [ 7.60558296628091, 45.073987698773401 ], [ 7.60566933447228, 45.074089751141202 ], [ 7.60571069159516, 45.074148798828098 ], [ 7.60577256944856, 45.074239240948302 ], [ 7.60639923143941, 45.0752008212609 ], [ 7.60643255941511, 45.075250537582299 ], [ 7.60645718465139, 45.075292332675097 ], [ 7.60647530059469, 45.075320069565599 ], [ 7.60670933207007, 45.0756501243538 ], [ 7.60694700490041, 45.0759951294717 ], [ 7.60738164364801, 45.076648713567401 ], [ 7.60739933780923, 45.076677502664701 ], [ 7.60751094187651, 45.076843607446598 ], [ 7.60779516541459, 45.0772672555794 ], [ 7.60795219603705, 45.077501661172803 ], [ 7.60837092038173, 45.078136674268102 ], [ 7.60854321519724, 45.078386748749502 ], [ 7.60863711071414, 45.078536165711498 ], [ 7.60873503249581, 45.078685916322101 ], [ 7.60905099940413, 45.079153291291398 ], [ 7.60966724904438, 45.080074425494402 ], [ 7.61071852953654, 45.081649588058099 ], [ 7.61075818604149, 45.081725949492998 ], [ 7.61079518145249, 45.081785457632797 ], [ 7.61084664335795, 45.0818591139071 ], [ 7.61119015020529, 45.082365992496598 ], [ 7.61132247914912, 45.0825665566014 ], [ 7.61133155960386, 45.082606043134398 ], [ 7.61133157489229, 45.082606081805302 ], [ 7.6113315910801, 45.082606109684299 ], [ 7.61133160996587, 45.082606133066598 ], [ 7.6113316315496, 45.082606154650399 ], [ 7.61133165583129, 45.082606175334803 ], [ 7.61133169450216, 45.082606200515798 ], [ 7.61133172867636, 45.082606217602901 ], [ 7.61133176554858, 45.082606231992102 ], [ 7.61133181321264, 45.082606246381197 ], [ 7.61133185008487, 45.082606253575797 ], [ 7.61133188695709, 45.082606258072403 ], [ 7.61133192472857, 45.082606259871099 ], [ 7.61133196250012, 45.082606258971701 ], [ 7.61133199937234, 45.082606256273799 ], [ 7.61133203624451, 45.082606249978497 ], [ 7.61133207221741, 45.082606240985299 ], [ 7.61133210639167, 45.082606230193399 ], [ 7.61133215135777, 45.082606211307699 ], [ 7.61133219452523, 45.082606186126696 ], [ 7.61133222420284, 45.082606164542902 ], [ 7.61133225567909, 45.082606133966003 ], [ 7.61136735891654, 45.082560939435801 ], [ 7.61140685714082, 45.082522773107499 ], [ 7.61138186677977, 45.084042369259997 ], [ 7.61122548906513, 45.084675322008501 ], [ 7.61113224106015, 45.085601185746199 ], [ 7.61112602854342, 45.085947636973899 ], [ 7.61112603124138, 45.085947666651499 ], [ 7.61120645851128, 45.086289852394799 ], [ 7.61120646840385, 45.086289879374498 ], [ 7.61120648189365, 45.086289905454798 ], [ 7.61120651157131, 45.086289944125703 ], [ 7.61133293646588, 45.0864147538379 ], [ 7.61166144442018, 45.086739055662903 ], [ 7.61166147229915, 45.086739078146003 ], [ 7.61166150287613, 45.086739097931101 ], [ 7.61166154784223, 45.086739120414101 ], [ 7.61166159280833, 45.086739137501198 ], [ 7.61166163147914, 45.0867391473938 ], [ 7.61166168094189, 45.086739156386997 ], [ 7.61166171781406, 45.086739159084999 ], [ 7.61166175468628, 45.086739159984297 ], [ 7.6116617915585, 45.086739158185701 ], [ 7.61166182753135, 45.086739153689102 ], [ 7.61166186350425, 45.0867391473938 ], [ 7.61166191206763, 45.086739133004599 ], [ 7.61225623173976, 45.0865054459696 ], [ 7.61325362935156, 45.0861871156429 ], [ 7.6132536716197, 45.086187097656499 ], [ 7.61406391851506, 45.085765130356499 ], [ 7.61437991600036, 45.085665829914099 ], [ 7.61509216287305, 45.085471175254597 ], [ 7.61525133657994, 45.085481192802803 ], [ 7.61525140492842, 45.0854811901049 ], [ 7.61525144719656, 45.085481183809598 ], [ 7.6152514849681, 45.085481174816401 ], [ 7.61603336274953, 45.085236495368001 ], [ 7.61660353472541, 45.0850640098962 ], [ 7.61821948873847, 45.0845690194448 ], [ 7.61918786972444, 45.084274119155303 ], [ 7.61938111694502, 45.0842200905848 ], [ 7.61964848718799, 45.084153259265598 ], [ 7.61985793389658, 45.084115217943001 ], [ 7.61985798335928, 45.084115204453198 ], [ 7.6198580157349, 45.084115191862701 ], [ 7.61985804721115, 45.084115176574201 ], [ 7.61985807598944, 45.084115160386403 ], [ 7.61985811106302, 45.084115133406698 ], [ 7.61985813624403, 45.084115110024399 ], [ 7.61985815692844, 45.084115084843297 ], [ 7.61985818300877, 45.084115038977899 ], [ 7.61985819559931, 45.0841149967098 ], [ 7.61985819919659, 45.084114957139597 ], [ 7.61978362921116, 45.083046498697001 ], [ 7.61978361662068, 45.083046452831603 ], [ 7.61978360313083, 45.083046425851897 ], [ 7.61978358514438, 45.083046398872298 ], [ 7.61978355906405, 45.0830463682953 ], [ 7.61978353568168, 45.083046348510202 ], [ 7.61978351050067, 45.083046329624402 ], [ 7.6197834826217, 45.083046313436697 ], [ 7.61978345204471, 45.083046298148197 ], [ 7.61978340797793, 45.083046281061101 ], [ 7.61978336930707, 45.083046271168499 ], [ 7.61978332973695, 45.0830462630746 ], [ 7.61978327937487, 45.083046257678703 ], [ 7.61978322721421, 45.083046257678703 ], [ 7.61905490945657, 45.083106649852098 ], [ 7.61897544536055, 45.082107042605998 ], [ 7.61998819080242, 45.081831351835497 ], [ 7.61998823846648, 45.081831333849003 ], [ 7.6199882690434, 45.081831317661198 ], [ 7.61998829782175, 45.081831300574102 ], [ 7.61998832390208, 45.081831280788997 ], [ 7.61998834728445, 45.081831259205302 ], [ 7.61998836706954, 45.081831236722202 ], [ 7.61998838955259, 45.081831202548003 ], [ 7.61998840619003, 45.0818311607295 ], [ 7.61998841383428, 45.081831120709701 ], [ 7.61998841383428, 45.081831090132802 ], [ 7.61979779263407, 45.080385900289102 ], [ 7.61967409718187, 45.0797003884622 ], [ 7.61954183568724, 45.078996630290298 ], [ 7.61941662937397, 45.078332932419002 ], [ 7.62121361781425, 45.078294562843801 ], [ 7.62121366997496, 45.078294557447897 ], [ 7.62121370684713, 45.078294549353998 ], [ 7.62121374102139, 45.078294540360801 ], [ 7.6212137751956, 45.078294527770304 ], [ 7.62121381746374, 45.0782945070859 ], [ 7.62121385973188, 45.078294481005599 ], [ 7.62121388671153, 45.078294457623201 ], [ 7.62121390829526, 45.078294436039499 ], [ 7.62121392628171, 45.078294412657002 ], [ 7.62121394696612, 45.0782943757848 ], [ 7.62121396225462, 45.078294327221499 ], [ 7.62121396495257, 45.078294287651303 ], [ 7.62121395955666, 45.078294247181802 ], [ 7.62121394966408, 45.078294218403499 ], [ 7.62121393527497, 45.078294189625197 ], [ 7.62111471217429, 45.078141954187899 ], [ 7.6208476216205, 45.0776381251994 ], [ 7.62042655454189, 45.076843023786601 ], [ 7.61999715884184, 45.076078393203296 ], [ 7.61986266343121, 45.075810477971203 ], [ 7.6198166694038, 45.075655736123402 ], [ 7.61970208318462, 45.0752334846376 ], [ 7.61968763827394, 45.075153869455598 ], [ 7.61958139776334, 45.074568173382502 ], [ 7.62046373521326, 45.074604257780301 ], [ 7.62142245028588, 45.074643457429701 ], [ 7.6214224961513, 45.074643456530303 ], [ 7.62142253841944, 45.074643452933103 ], [ 7.62142257978826, 45.074643444839197 ], [ 7.62142262835164, 45.0746434322486 ], [ 7.62142266162658, 45.074643419658102 ], [ 7.62142269310283, 45.074643404369702 ], [ 7.62142273267301, 45.074643380087998 ], [ 7.62142276954523, 45.074643349511 ], [ 7.62142280102148, 45.074643316236099 ], [ 7.62142281900793, 45.0746432892565 ], [ 7.62142283609506, 45.0746432501359 ], [ 7.62142284508826, 45.074643211015399 ], [ 7.62142284598758, 45.0746431804385 ], [ 7.62142283879302, 45.074643132774398 ], [ 7.62136110752914, 45.074480757480998 ], [ 7.62098435004776, 45.073489691096398 ], [ 7.6206945579076, 45.072393100960902 ], [ 7.62155673255722, 45.072430749279697 ], [ 7.62155678741584, 45.072430746581801 ], [ 7.62155682518738, 45.072430741185798 ], [ 7.62155686116029, 45.072430733091899 ], [ 7.62155689713313, 45.072430723199403 ], [ 7.62155693040808, 45.072430710608799 ], [ 7.62155696278364, 45.072430695320399 ], [ 7.62155699246131, 45.072430677333998 ], [ 7.62155701854164, 45.072430658448198 ], [ 7.62155704282333, 45.072430636864503 ], [ 7.62155706350774, 45.072430614381403 ], [ 7.62155708689011, 45.072430580207097 ], [ 7.62155710487653, 45.072430538388701 ], [ 7.62155711386976, 45.072430494771602 ], [ 7.6215571111718, 45.072430446208202 ], [ 7.62139956164049, 45.071825350859299 ], [ 7.62117091710417, 45.070905066515699 ], [ 7.62112406872086, 45.070356479168296 ], [ 7.6211701634723, 45.070092252955099 ], [ 7.62143874690071, 45.069649942091203 ], [ 7.62164417543841, 45.069311637821897 ], [ 7.6223016347127, 45.068228908037703 ], [ 7.62279344875873, 45.067407332382501 ], [ 7.62462663221334, 45.067523371906098 ], [ 7.62462667807876, 45.067523371906098 ], [ 7.62462672124622, 45.067523368308898 ], [ 7.62462676261504, 45.067523362013603 ], [ 7.62462681657439, 45.067523347624402 ], [ 7.62462687503029, 45.067523325141401 ], [ 7.62462691909707, 45.067523299960399 ], [ 7.62462694877473, 45.067523277477299 ], [ 7.62462697485506, 45.067523253195702 ], [ 7.62462700812995, 45.067523210927497 ], [ 7.6248508107164, 45.0670973117915 ], [ 7.62515275089879, 45.067188868171797 ], [ 7.62588302827919, 45.067382208022501 ], [ 7.62704562055899, 45.067687249067298 ], [ 7.62704567361896, 45.067687258060602 ], [ 7.62704571228983, 45.067687260758497 ], [ 7.62704575006137, 45.067687260758497 ], [ 7.62704578873223, 45.067687258060602 ], [ 7.62704582650372, 45.067687252664697 ], [ 7.62704586337594, 45.067687244570699 ], [ 7.62704591283864, 45.067687228382901 ], [ 7.62735324445674, 45.067552314787598 ], [ 7.62957208868102, 45.067021805611901 ], [ 7.6296467962627, 45.066997290992198 ], [ 7.63003784666932, 45.067854122769603 ], [ 7.63003787634699, 45.067854165937 ], [ 7.63003790062868, 45.067854190218803 ], [ 7.63003792850765, 45.067854212701803 ], [ 7.63003796717851, 45.067854237882798 ], [ 7.63003799775544, 45.067854253171298 ], [ 7.63003803103038, 45.067854266661101 ], [ 7.63003807869444, 45.067854280151003 ], [ 7.63003811916394, 45.067854288244902 ], [ 7.63003815693543, 45.067854292741501 ], [ 7.63003819920357, 45.067854294540098 ], [ 7.63003825046496, 45.067854292741501 ], [ 7.63003830352494, 45.067854284647602 ], [ 7.6308762351502, 45.067651429070203 ], [ 7.63215595693191, 45.067341571256598 ], [ 7.63253409307396, 45.068200411220097 ], [ 7.63253411016109, 45.0682004399984 ], [ 7.63253412814754, 45.068200463380698 ], [ 7.63253414973127, 45.068200485863798 ], [ 7.63253418480485, 45.068200513742802 ], [ 7.6325342162811, 45.068200533527801 ], [ 7.63253424685803, 45.068200549715598 ], [ 7.63253428013297, 45.068200562306203 ], [ 7.63253432869635, 45.068200576695297 ], [ 7.63253436916585, 45.068200585688501 ], [ 7.632534411434, 45.0682005901851 ], [ 7.63253446359465, 45.068200591983803 ], [ 7.63253450136619, 45.068200589285802 ], [ 7.63253455442617, 45.068200582091301 ], [ 7.63366729101273, 45.067926439053998 ], [ 7.63493676142247, 45.067617967095501 ], [ 7.63537140556599, 45.068566384930797 ], [ 7.63537142175375, 45.068566411910403 ], [ 7.6353714397402, 45.068566435292801 ], [ 7.63537146132393, 45.068566456876503 ], [ 7.6353714847063, 45.068566476661601 ], [ 7.63537151168595, 45.068566494648103 ], [ 7.63537154046429, 45.0685665108359 ], [ 7.63537157553782, 45.068566527023698 ], [ 7.63537162589984, 45.068566544110801 ], [ 7.63537167895987, 45.068566554902702 ], [ 7.63537172842257, 45.068566561197898 ], [ 7.63537176619411, 45.068566562097203 ], [ 7.63537180306633, 45.068566560298599 ], [ 7.63537185252903, 45.068566554902702 ], [ 7.63537189299853, 45.068566545909398 ], [ 7.63537193166934, 45.068566534218199 ], [ 7.63635084191787, 45.068193661808102 ], [ 7.63765799392132, 45.067695735070203 ], [ 7.63789419905811, 45.067605760597402 ], [ 7.63822081304016, 45.068343532927798 ], [ 7.63848273159283, 45.068935149237802 ], [ 7.63848275317656, 45.068935183412101 ], [ 7.63848277296165, 45.068935205895102 ], [ 7.6384827954447, 45.068935226579498 ], [ 7.63848282422299, 45.0689352481632 ], [ 7.63848286379317, 45.068935271545598 ], [ 7.6384828943701, 45.068935286834098 ], [ 7.63848293214164, 45.068935300323901 ], [ 7.6384829798057, 45.068935312914398 ], [ 7.63848301667792, 45.0689353192097 ], [ 7.63848305355015, 45.068935322807 ], [ 7.63848309042231, 45.068935323706299 ], [ 7.63848312819386, 45.068935321907603 ], [ 7.63848316506608, 45.068935318310402 ], [ 7.63848320103892, 45.068935311115801 ], [ 7.63848325050168, 45.068935297625998 ], [ 7.64022486498556, 45.068262694667702 ], [ 7.64050258013003, 45.068155442419801 ], [ 7.64112904067275, 45.0679134969104 ], [ 7.64117694935675, 45.068078470345199 ], [ 7.64141591091561, 45.0688300526649 ], [ 7.64143203845788, 45.0689342795934 ], [ 7.64143205194768, 45.068934321411902 ], [ 7.64143207263209, 45.068934357834401 ], [ 7.64143209241718, 45.068934383914701 ], [ 7.64143212209478, 45.068934412693103 ], [ 7.64143215716837, 45.068934438773397 ], [ 7.64143218954393, 45.068934457659203 ], [ 7.64143222461752, 45.068934473846902 ], [ 7.64143226958362, 45.0689344900347 ], [ 7.6414323046572, 45.068934499028003 ], [ 7.64143235591854, 45.068934507121902 ], [ 7.64219954687167, 45.068989089674801 ], [ 7.64219959003907, 45.068989089674801 ], [ 7.64219963230721, 45.068989086077501 ], [ 7.64219968266929, 45.068989077983602 ], [ 7.64219971774281, 45.068989068990398 ], [ 7.64219975191708, 45.068989058198603 ], [ 7.64219978429264, 45.068989043809403 ], [ 7.64219981397031, 45.068989028520903 ], [ 7.64219984184928, 45.068989010534402 ], [ 7.64219986703028, 45.068988989849998 ], [ 7.64219988951333, 45.068988969165702 ], [ 7.64219990839911, 45.068988945783197 ], [ 7.64219993088216, 45.068988908911102 ], [ 7.64219994617065, 45.068988870240197 ], [ 7.64219995156657, 45.068988833368003 ], [ 7.64219064718066, 45.068328140131598 ], [ 7.64315229314388, 45.068161949014801 ], [ 7.64320274421135, 45.068918762690799 ], [ 7.64319579694853, 45.068986389010703 ], [ 7.64319580279411, 45.068986439822403 ], [ 7.64319582212954, 45.0689864901844 ], [ 7.64319584551191, 45.0689865257077 ], [ 7.64319586799496, 45.068986550888702 ], [ 7.64319590396786, 45.068986581465602 ], [ 7.64319594173935, 45.068986605747298 ], [ 7.64319597591361, 45.068986621935103 ], [ 7.64319602087971, 45.068986639921498 ], [ 7.64319605505392, 45.068986648914702 ], [ 7.64319609102682, 45.068986656109402 ], [ 7.64319612789904, 45.068986661505299 ], [ 7.64319617016719, 45.068986663303903 ], [ 7.64423080510761, 45.068975263497698 ], [ 7.64522495706615, 45.068964292667999 ], [ 7.6455504900631, 45.068960698077802 ], [ 7.6455505395258, 45.068960693581197 ], [ 7.6455505862906, 45.068960684587999 ], [ 7.64589767603695, 45.068862464231401 ], [ 7.64630215781835, 45.068747999420701 ], [ 7.64771866198669, 45.068221657703397 ], [ 7.6484634688141, 45.067944895840299 ], [ 7.64919017588596, 45.067674855510198 ], [ 7.64992791494137, 45.067400705278402 ], [ 7.65016081776758, 45.068258232231699 ], [ 7.6501608339554, 45.068258267305197 ], [ 7.65016085014315, 45.068258291586901 ], [ 7.65016086902892, 45.06825831407 ], [ 7.65016089151197, 45.068258335653702 ], [ 7.65016091579366, 45.0682583554388 ], [ 7.65016094367269, 45.068258373425202 ], [ 7.6501609733503, 45.068258389613 ], [ 7.65016100572586, 45.068258403102902 ], [ 7.65016103900081, 45.068258414794101 ], [ 7.65016107407433, 45.068258423787299 ], [ 7.65016111004724, 45.068258430082601 ], [ 7.65016114781878, 45.0682584345791 ], [ 7.65016119908012, 45.068258435478498 ], [ 7.65016124044894, 45.068258432780503 ], [ 7.65016128181776, 45.068258427384599 ], [ 7.65016134477031, 45.068258411196801 ], [ 7.65189560729647, 45.067610578265601 ], [ 7.65189564956461, 45.067610557581197 ], [ 7.65189567744363, 45.067610540494101 ], [ 7.65189570172532, 45.067610521608401 ], [ 7.65189572690633, 45.067610498226003 ], [ 7.65189575388598, 45.067610464051697 ], [ 7.65189577726835, 45.067610421783598 ], [ 7.65189578850987, 45.067610380414798 ], [ 7.65189579165752, 45.0676103381467 ], [ 7.65189578266427, 45.067610290032903 ], [ 7.65189576737583, 45.067610252711098 ], [ 7.6518957457921, 45.067610219436098 ], [ 7.65170929744619, 45.067395684363397 ], [ 7.65127722176641, 45.066898521149902 ], [ 7.65086863188191, 45.066428378966599 ], [ 7.65154908861962, 45.066179130962198 ], [ 7.65249755142094, 45.066035031691399 ], [ 7.65249761437343, 45.066035014604303 ], [ 7.65249766293687, 45.066034995718603 ], [ 7.65249770700365, 45.066034970537501 ], [ 7.65249773668126, 45.066034949853098 ], [ 7.65249776276158, 45.066034926470699 ], [ 7.65249778884191, 45.066034894994502 ], [ 7.65249781042567, 45.0660348581223 ], [ 7.65249782751278, 45.066034810458198 ], [ 7.65249783066039, 45.066034767290702 ], [ 7.65249782481481, 45.066034724123298 ], [ 7.65236180775128, 45.065589231457899 ], [ 7.65224981247889, 45.065222423176401 ], [ 7.65236034635296, 45.064754414184897 ], [ 7.65353209463052, 45.064863772644998 ], [ 7.65353214858982, 45.064863772644998 ], [ 7.65353218636136, 45.064863769047697 ], [ 7.65353223672338, 45.064863760953898 ], [ 7.65353228978341, 45.064863745665399 ], [ 7.65353233834679, 45.064863724981002 ], [ 7.653532372521, 45.064863706994501 ], [ 7.6535323995007, 45.064863688108701 ], [ 7.65353242468171, 45.064863668323703 ], [ 7.65353244626544, 45.064863645840703 ], [ 7.65353246605053, 45.064863618860997 ], [ 7.65353248673495, 45.064863581988803 ], [ 7.65353249932542, 45.0648635424186 ], [ 7.65355716862848, 45.064701813737798 ], [ 7.65355716593052, 45.0647017642751 ], [ 7.65352468781413, 45.064582890088303 ], [ 7.65352466982767, 45.064582852316803 ], [ 7.6535246527406, 45.064582827135801 ], [ 7.65352463205619, 45.064582802854197 ], [ 7.6535246077745, 45.064582780371097 ], [ 7.653524567305, 45.0645827524921 ], [ 7.65225411843289, 45.063897680433698 ], [ 7.65198512041701, 45.063717754870503 ], [ 7.65198508264552, 45.063717734186099 ], [ 7.65169767280941, 45.063596843719402 ], [ 7.65136914147274, 45.063418668236999 ], [ 7.65041803376528, 45.062902824305901 ], [ 7.64937770701562, 45.062338739841003 ], [ 7.64874849724538, 45.061997159341502 ], [ 7.64874844148744, 45.0619971377578 ], [ 7.64874838752809, 45.061997123368599 ], [ 7.64874833177015, 45.0619971152747 ], [ 7.64874826791828, 45.061997112576798 ], [ 7.64860308856174, 45.0620065500623 ], [ 7.6472008161648, 45.062096818613298 ], [ 7.64512276170615, 45.062201699349004 ], [ 7.64515431711811, 45.061458290068103 ], [ 7.64516706410876, 45.061119836511303 ], [ 7.64517561396349, 45.060935891878003 ], [ 7.6451856018341, 45.060721179638797 ], [ 7.64518559329056, 45.060721129726403 ], [ 7.64518557845173, 45.060721091505201 ], [ 7.64518556316324, 45.060721067223497 ], [ 7.64518554517684, 45.060721044740497 ], [ 7.64518551549918, 45.060721015062803 ], [ 7.64518548672089, 45.060720993479102 ], [ 7.64518545884192, 45.0607209754927 ], [ 7.64518542916426, 45.0607209602042 ], [ 7.64518539678869, 45.060720946714397 ], [ 7.64518536261443, 45.060720935922497 ], [ 7.6451853275409, 45.060720927828598 ], [ 7.645185291568, 45.060720921533303 ], [ 7.64518524929986, 45.060720917936102 ], [ 7.64518518275003, 45.060720917936102 ], [ 7.64489601473934, 45.060753739593501 ], [ 7.6447774616106, 45.060767186256697 ], [ 7.64453958733213, 45.0607941866025 ], [ 7.64437401315024, 45.060813015708199 ], [ 7.6432197611831, 45.060944283452002 ], [ 7.64201920222445, 45.061080651251103 ], [ 7.64139240443598, 45.061151306487702 ], [ 7.64101561008238, 45.0611941079218 ], [ 7.64064218368986, 45.059616926380102 ], [ 7.64064216210616, 45.059616879615298 ], [ 7.64064213692512, 45.059616845441099 ], [ 7.64064211624071, 45.059616823857397 ], [ 7.64064208296583, 45.059616796877698 ], [ 7.64064205328816, 45.0596167770926 ], [ 7.64064202361055, 45.0596167618042 ], [ 7.64064199213431, 45.059616748314298 ], [ 7.64064195436276, 45.0596167357238 ], [ 7.6406419066987, 45.059616724931999 ], [ 7.6406418707258, 45.059616719536102 ], [ 7.64064181946446, 45.0596167168381 ], [ 7.63948906217053, 45.059647241626998 ], [ 7.63940643875617, 45.058846830616801 ], [ 7.63937695178493, 45.058576666180301 ], [ 7.63937693649649, 45.058576618516199 ], [ 7.63937692030868, 45.058576589737903 ], [ 7.63937689962427, 45.058576562758198 ], [ 7.63937686994666, 45.058576532181299 ], [ 7.63937684386627, 45.058576511496902 ], [ 7.63937681508799, 45.058576493510401 ], [ 7.63937678361174, 45.058576477322603 ], [ 7.63937673774632, 45.058576459336201 ], [ 7.63937669817614, 45.058576447645002 ], [ 7.63937665590799, 45.058576439551103 ], [ 7.63937658755952, 45.058576433255801 ], [ 7.63737087636491, 45.058612297319698 ], [ 7.63730301082535, 45.058379170562297 ], [ 7.63711013142745, 45.057702335394502 ], [ 7.63705531505081, 45.057495826771103 ], [ 7.63705529706437, 45.057495788999503 ], [ 7.63705526828608, 45.0574957494293 ], [ 7.63705524490371, 45.057495726047001 ], [ 7.63705522062196, 45.057495706261903 ], [ 7.63705519364231, 45.057495687376097 ], [ 7.63705516216606, 45.057495671188299 ], [ 7.63488332280713, 45.056498145872801 ], [ 7.63481985675105, 45.055529770282703 ], [ 7.63481985045576, 45.055529741504401 ], [ 7.63481984056324, 45.055529713625397 ], [ 7.63481982347611, 45.055529680350503 ], [ 7.63481980638897, 45.055529656968098 ], [ 7.63481978660394, 45.055529635384403 ], [ 7.63481976412089, 45.055529615599298 ], [ 7.63481973893983, 45.055529596713598 ], [ 7.63481971196018, 45.055529579626501 ], [ 7.63481968228257, 45.0555295652373 ], [ 7.63481965080627, 45.055529551747398 ], [ 7.63481961753138, 45.055529540955597 ], [ 7.63481958245779, 45.055529532861698 ], [ 7.63481953389442, 45.055529525667097 ], [ 7.63481949342491, 45.055529522969202 ], [ 7.63481945205609, 45.055529522969202 ], [ 7.63481938820428, 45.055529530163803 ], [ 7.63456067393599, 45.055584673893598 ], [ 7.63434671173138, 45.055630327077999 ], [ 7.63333300761224, 45.055820603837802 ], [ 7.63326031091469, 45.055833073837299 ], [ 7.63022089018199, 45.056354436907803 ], [ 7.63010376247871, 45.056374529560998 ], [ 7.62915294165498, 45.056571822831401 ], [ 7.62921350290088, 45.056402656757299 ], [ 7.62924954952712, 45.0562777247372 ], [ 7.629409468772, 45.055672535858903 ], [ 7.6297984192617, 45.054194904771101 ], [ 7.62983042073739, 45.0540084573245 ], [ 7.62988825793678, 45.053746752810497 ], [ 7.62988826153406, 45.053746716837601 ], [ 7.62978483949877, 45.052444528192503 ], [ 7.62971419865141, 45.051554914327902 ], [ 7.62963365626825, 45.050540743460601 ], [ 7.62959113632195, 45.0500077512568 ], [ 7.62955789018452, 45.049590982038197 ], [ 7.62952358014917, 45.049159499911099 ], [ 7.63075711814656, 45.0487341835358 ], [ 7.63196279964353, 45.048311040822 ], [ 7.6341022319325, 45.0475590115392 ], [ 7.63435595766134, 45.047477808154397 ], [ 7.63461221048516, 45.047391220528503 ], [ 7.63461225185398, 45.0473912034414 ], [ 7.63470230816506, 45.047342821713897 ], [ 7.63623102434235, 45.046806089229698 ], [ 7.63744031481872, 45.046381491412802 ], [ 7.63838306962299, 45.046050463558103 ], [ 7.64051714465057, 45.045301081879501 ], [ 7.64236080250907, 45.044653799333403 ], [ 7.64278639587553, 45.044504379673398 ], [ 7.64383930414061, 45.044134682769403 ], [ 7.64495548061097, 45.043742765416397 ], [ 7.64495552557707, 45.043742744732 ], [ 7.6449555534561, 45.043742727644798 ], [ 7.64495557953643, 45.043742708759098 ], [ 7.6449556029188, 45.043742688074602 ], [ 7.64495562360321, 45.043742665591601 ], [ 7.64495564743524, 45.043742629169103 ], [ 7.64495566722033, 45.0437425779077 ], [ 7.64495567261625, 45.043742525297297 ], [ 7.64495566677067, 45.0437424821299 ], [ 7.6449556523815, 45.043742443459102 ], [ 7.64458523601985, 45.043060410209797 ], [ 7.64458521173816, 45.043060376934903 ], [ 7.64458519015443, 45.043060355351102 ], [ 7.64458516587274, 45.043060334666798 ], [ 7.64458513889309, 45.043060316680297 ], [ 7.64458510921548, 45.043060300492499 ], [ 7.64458507773918, 45.043060286103398 ], [ 7.64458503187376, 45.043060270814898 ], [ 7.64458497791446, 45.043060258224401 ], [ 7.64458493744496, 45.043060252828496 ], [ 7.64458489967342, 45.0430602510298 ], [ 7.64458486280125, 45.043060251929099 ], [ 7.64458482592903, 45.0430602546271 ], [ 7.64458478456021, 45.043060261821701 ], [ 7.64458473150023, 45.043060275311497 ], [ 7.64373351059311, 45.043361759537603 ], [ 7.64338222191208, 45.043486178044802 ], [ 7.64321077335853, 45.043243155147501 ], [ 7.6429036827588, 45.042807850002298 ], [ 7.64334493781865, 45.042653359065298 ], [ 7.64334497379156, 45.042653343776898 ], [ 7.64334500706644, 45.042653324891099 ], [ 7.64334504303935, 45.042653298810798 ], [ 7.64334506642172, 45.042653278126402 ], [ 7.64334509340136, 45.042653247549403 ], [ 7.64334511723342, 45.0426532079792 ], [ 7.64334513117291, 45.042653169308402 ], [ 7.64334513656883, 45.042653139630701 ], [ 7.64334513566951, 45.042653100060598 ], [ 7.64334512352869, 45.042653050597899 ], [ 7.64334510329394, 45.042653010128397 ], [ 7.64259670997023, 45.041589785740101 ], [ 7.6425966883865, 45.041589760559098 ], [ 7.64259666590345, 45.041589739874702 ], [ 7.64259663712517, 45.041589719190299 ], [ 7.64259659755498, 45.0415896958079 ], [ 7.64259655438752, 45.041589676922101 ], [ 7.6425965175153, 45.041589664331603 ], [ 7.64259648244177, 45.041589656237697 ], [ 7.64259644646887, 45.041589649942502 ], [ 7.64259640959665, 45.041589646345102 ], [ 7.64259635923463, 45.041589645445796 ], [ 7.64259631786581, 45.041589648143798 ], [ 7.64259628189296, 45.041589653539702 ], [ 7.64259624681938, 45.041589661633601 ], [ 7.642596198256, 45.041589676022802 ], [ 7.64154284122918, 45.042038673346198 ], [ 7.64119798270082, 45.041532004298602 ], [ 7.64107141841129, 45.041345443537502 ], [ 7.64092581187674, 45.040676053856799 ], [ 7.64092580198422, 45.040676024179199 ], [ 7.64092578040049, 45.040675987306997 ], [ 7.64092575072289, 45.040675950434803 ], [ 7.64092571834726, 45.040675921656501 ], [ 7.6409256814751, 45.040675896475499 ], [ 7.64092564730083, 45.040675878488997 ], [ 7.64092561132793, 45.040675864099903 ], [ 7.64092556366387, 45.040675849710702 ], [ 7.64092552769102, 45.040675841616903 ], [ 7.64092549171812, 45.040675837120297 ], [ 7.64092545394658, 45.040675834422302 ], [ 7.64092540268524, 45.040675835321601 ], [ 7.64092534782657, 45.040675842516201 ], [ 7.64092529296795, 45.040675855106699 ], [ 7.63981878780686, 45.041053713358203 ], [ 7.63970899407485, 45.040327685274498 ], [ 7.63961198510509, 45.039686243825102 ], [ 7.6395026868995, 45.038963478481797 ], [ 7.63935274473346, 45.0379719975097 ], [ 7.6393527312436, 45.0379719561409 ], [ 7.63935271145851, 45.037971920167998 ], [ 7.63935269437138, 45.037971896785699 ], [ 7.63935267458629, 45.037971875201897 ], [ 7.63935264760664, 45.037971852718897 ], [ 7.6393526116338, 45.0379718284372 ], [ 7.63935258195613, 45.037971812249403 ], [ 7.6393525513792, 45.0379717987595 ], [ 7.63935251810426, 45.037971787967699 ], [ 7.63935248393005, 45.037971778974502 ], [ 7.63935244885647, 45.037971771779901 ], [ 7.63935241198425, 45.037971767283302 ], [ 7.6393523760114, 45.037971766383997 ], [ 7.63935233913918, 45.037971766383997 ], [ 7.63935230316633, 45.037971769981297 ], [ 7.63935226719343, 45.037971775377201 ], [ 7.63935223211985, 45.0379717834711 ], [ 7.63935218535511, 45.037971799658898 ], [ 7.639205535607, 45.038036647973001 ], [ 7.63665432084031, 45.038983831938403 ], [ 7.63623686274104, 45.038723842431402 ], [ 7.637743645353, 45.037840591270303 ], [ 7.6377436813259, 45.037840565190002 ], [ 7.63774370290963, 45.037840543606301 ], [ 7.63774372359404, 45.037840518425199 ], [ 7.63774374607709, 45.037840482452303 ], [ 7.63774376226485, 45.037840435238003 ], [ 7.6377437667615, 45.037840393419501 ], [ 7.63774376406349, 45.037840357446598 ], [ 7.63774375596961, 45.037840328668302 ], [ 7.63774373438588, 45.037840284601501 ], [ 7.63694425327469, 45.036732757810597 ], [ 7.63623891139667, 45.035767949831097 ], [ 7.6361328246702, 45.035622144546402 ], [ 7.63559738361244, 45.034886176256101 ], [ 7.63487480352939, 45.033883681286902 ], [ 7.63482879151559, 45.0338198456095 ], [ 7.63482875104609, 45.033819806039297 ], [ 7.63482872136842, 45.033819783556197 ], [ 7.63482868809354, 45.033819764670397 ], [ 7.63482864312743, 45.033819743986001 ], [ 7.63482859546338, 45.0338197295969 ], [ 7.63482853970538, 45.0338197179057 ], [ 7.63482849653792, 45.033819713409102 ], [ 7.63482845876644, 45.033819712509803 ], [ 7.63482842009557, 45.0338197143084 ], [ 7.63482838232403, 45.033819718804999 ], [ 7.63482833016337, 45.0338197295969 ], [ 7.63403432592344, 45.034068881373898 ], [ 7.63399712636635, 45.033053139390901 ], [ 7.63399711377582, 45.033053089928202 ], [ 7.63378311649768, 45.032612900564999 ], [ 7.63378309851123, 45.032612872686002 ], [ 7.63378307962546, 45.032612849303597 ], [ 7.63378305714241, 45.032612827719902 ], [ 7.63378302836412, 45.0326128061362 ], [ 7.63378298969326, 45.032612781854397 ], [ 7.63378295821701, 45.032612766565997 ], [ 7.63378292494207, 45.032612753975499 ], [ 7.63378287727801, 45.032612740485703 ], [ 7.63378283590919, 45.032612733291003 ], [ 7.63378279364105, 45.032612728794398 ], [ 7.63378272799054, 45.032612728794398 ], [ 7.63378268572239, 45.032612733291003 ], [ 7.63378264974955, 45.032612739586298 ], [ 7.63378260928005, 45.032612750378199 ], [ 7.63157492744102, 45.0333614081026 ], [ 7.63050414245225, 45.033724503083398 ], [ 7.62963384152863, 45.034019609317603 ], [ 7.62784614848101, 45.0346257550746 ], [ 7.62576477282607, 45.035331426104499 ], [ 7.62486352353284, 45.035636967172401 ], [ 7.62469662285093, 45.035467010594097 ], [ 7.62469658507939, 45.035466980916503 ], [ 7.62469653831465, 45.035466953037499 ], [ 7.62409448447295, 45.035207693780102 ], [ 7.62402048285907, 45.035174901800303 ], [ 7.62156034243589, 45.034084615013001 ], [ 7.61898674174478, 45.032935839017803 ], [ 7.61903301815931, 45.0328248222078 ], [ 7.61910367519448, 45.032655286512302 ], [ 7.61910368508706, 45.032655237049603 ], [ 7.61910368418773, 45.032655205573299 ], [ 7.61910367879182, 45.032655176794997 ], [ 7.61904053379362, 45.032463588823603 ], [ 7.61907622968431, 45.032392335537899 ], [ 7.61912926900061, 45.032358159501499 ], [ 7.61916180827086, 45.032347236336001 ], [ 7.61925216315683, 45.032326036617299 ], [ 7.61934256660623, 45.032304828804897 ], [ 7.61934260437772, 45.032304818013003 ], [ 7.6193426394513, 45.032304803623902 ], [ 7.61934267992081, 45.032304782939399 ], [ 7.61934270600113, 45.032304764952997 ], [ 7.61934273028282, 45.032304746067197 ], [ 7.61934275366519, 45.032304722684799 ], [ 7.61934277974552, 45.032304689409997 ], [ 7.61934279683265, 45.032304660631603 ], [ 7.6194845785505, 45.031983405709603 ], [ 7.61972836317346, 45.031925256445497 ], [ 7.61977337514122, 45.032011667804298 ], [ 7.61978605558204, 45.032069153368802 ], [ 7.61978606997121, 45.032069191140302 ], [ 7.61978608525965, 45.032069219019299 ], [ 7.6197861032461, 45.032069241502398 ], [ 7.61978612393051, 45.0320692630861 ], [ 7.61978615630613, 45.032069290965097 ], [ 7.61978618688306, 45.032069310750202 ], [ 7.61978621656067, 45.032069326038602 ], [ 7.61978624803697, 45.032069339528398 ], [ 7.61978628131186, 45.032069351219697 ], [ 7.61978631638544, 45.032069360212901 ], [ 7.61978635235835, 45.032069366508097 ], [ 7.61978639282779, 45.032069371004702 ], [ 7.61978644318987, 45.032069371904001 ], [ 7.61978649535053, 45.032069367407402 ], [ 7.62001461917936, 45.032031089563198 ], [ 7.62011755378211, 45.032011299981498 ], [ 7.62036619114684, 45.031944685398997 ], [ 7.62059367555776, 45.031868380621397 ], [ 7.62336294624305, 45.030791931702403 ], [ 7.62382016516852, 45.030611799295201 ], [ 7.62382021103394, 45.030611775013497 ], [ 7.62382025060413, 45.0306117471345 ], [ 7.62382028118105, 45.030611718356198 ], [ 7.62382030636212, 45.030611685980602 ], [ 7.62382032614721, 45.030611649108401 ], [ 7.62382033783837, 45.030611611336802 ], [ 7.62382034188531, 45.030611568169398 ], [ 7.62382033514041, 45.030611518706699 ], [ 7.62382032524783, 45.030611490827702 ], [ 7.6238203054628, 45.030611455754098 ], [ 7.62182732597034, 45.028023635882199 ], [ 7.63508831517368, 45.022852642935199 ], [ 7.63598016115554, 45.023408446442701 ], [ 7.63618253019968, 45.023571262403898 ], [ 7.63664453621641, 45.023994296299797 ], [ 7.63700664374164, 45.024313603290203 ], [ 7.63761845612692, 45.024882911916897 ], [ 7.63891318759357, 45.026002219826601 ], [ 7.63972305227708, 45.026744726188198 ], [ 7.64040595337212, 45.027352613932102 ], [ 7.64040600103618, 45.027352646307598 ], [ 7.6404060469016, 45.0273526678914 ], [ 7.64040609726362, 45.027352684978503 ], [ 7.6404061368338, 45.027352694870999 ], [ 7.64040617280671, 45.027352700266903 ], [ 7.64040620967887, 45.027352702964897 ], [ 7.64040624655109, 45.027352703864302 ], [ 7.64040628342332, 45.027352702065599 ], [ 7.64040632029548, 45.027352697569 ], [ 7.64040635986566, 45.027352689475101 ], [ 7.64040640213381, 45.027352676884597 ], [ 7.64056714605698, 45.027295483599701 ], [ 7.64194313396848, 45.026805847711699 ], [ 7.64241228060234, 45.027478736654402 ], [ 7.64289918704787, 45.028177078209602 ], [ 7.64289921582622, 45.028177108786601 ], [ 7.64289924010791, 45.028177129470997 ], [ 7.64289926618824, 45.028177147457399 ], [ 7.64289929586584, 45.028177163645204 ], [ 7.64289932734215, 45.028177178034397 ], [ 7.64289935971772, 45.028177190624902 ], [ 7.6428993947913, 45.028177199618099 ], [ 7.64289942986483, 45.028177207711998 ], [ 7.64289946673705, 45.028177212208597 ], [ 7.64289950360927, 45.0281772140073 ], [ 7.64289954138076, 45.0281772140073 ], [ 7.64289957825298, 45.028177211309298 ], [ 7.64289961422588, 45.028177205913401 ], [ 7.64289966368858, 45.028177193322797 ], [ 7.64430828080259, 45.027692083722698 ], [ 7.6449332286856, 45.028588100760302 ], [ 7.64493325116865, 45.028588126840603 ], [ 7.6449332736517, 45.028588147525099 ], [ 7.64493330242999, 45.028588169108801 ], [ 7.64493334200017, 45.028588192491199 ], [ 7.64493337347648, 45.028588206880301 ], [ 7.64493340675136, 45.0285882185715 ], [ 7.64493344182495, 45.028588228464002 ], [ 7.64493347779779, 45.028588235658603 ], [ 7.64493351467002, 45.028588240155202 ], [ 7.64493356593135, 45.028588241953898 ], [ 7.64493360730017, 45.0285882410545 ], [ 7.644933648669, 45.028588235658603 ], [ 7.64493371252087, 45.028588220370096 ], [ 7.6473423802467, 45.0277423279462 ], [ 7.64759360496095, 45.028102972274397 ], [ 7.64759363373923, 45.028103002851402 ], [ 7.6475936571216, 45.028103023535799 ], [ 7.64759368410131, 45.028103041522201 ], [ 7.64759372457075, 45.028103063105902 ], [ 7.64759376054366, 45.028103078394402 ], [ 7.6475937983152, 45.028103090984899 ], [ 7.64759386036843, 45.028103103575397 ], [ 7.64759390173719, 45.028103108072102 ], [ 7.64759394400534, 45.028103108971401 ], [ 7.64759399436741, 45.028103105374001 ], [ 7.64759403034026, 45.028103099978097 ], [ 7.64759408070233, 45.028103088286997 ], [ 7.6492916086209, 45.0275259870347 ], [ 7.64937919809159, 45.027496209582502 ], [ 7.64949016274085, 45.027458638605403 ], [ 7.64954547014736, 45.027542627190499 ], [ 7.65036742801442, 45.028830754935399 ], [ 7.65036744959815, 45.028830781015799 ], [ 7.65036747118188, 45.028830802599501 ], [ 7.65036749546357, 45.028830822384599 ], [ 7.6503675233426, 45.028830840371 ], [ 7.65036755212088, 45.028830856558798 ], [ 7.65036758449645, 45.028830870947999 ], [ 7.65036761777139, 45.028830882639198 ], [ 7.65036766633477, 45.028830894330397 ], [ 7.65036772119345, 45.028830902424303 ], [ 7.65036777695138, 45.0288309042229 ], [ 7.65036781832021, 45.028830902424303 ], [ 7.65036785519243, 45.028830897927698 ], [ 7.65036790555445, 45.028830886236399 ], [ 7.65206508633469, 45.028287125550399 ], [ 7.65274769515008, 45.029373367187198 ], [ 7.65274771583449, 45.029373393267498 ], [ 7.65274773741822, 45.0293734148512 ], [ 7.65274776619651, 45.0293734373343 ], [ 7.65274780756533, 45.0293734634147 ], [ 7.65274785522939, 45.029373484998402 ], [ 7.65274790199413, 45.029373500286901 ], [ 7.65274793796704, 45.0293735083808 ], [ 7.65274797393988, 45.029373514676003 ], [ 7.65274801171142, 45.029373517373998 ], [ 7.65274806297276, 45.029373517373998 ], [ 7.65274810434158, 45.029373513776697 ], [ 7.65274814571041, 45.029373506582097 ], [ 7.65274818797855, 45.029373495790303 ], [ 7.6543448461378, 45.028861047699301 ], [ 7.65506068130543, 45.030146829112901 ], [ 7.6550607001912, 45.0301468560926 ], [ 7.65506071997629, 45.030146877676302 ], [ 7.6550607451573, 45.030146900159401 ], [ 7.65506078023088, 45.030146925340397 ], [ 7.65506080900917, 45.030146941528201 ], [ 7.6550608395861, 45.030146955017997 ], [ 7.65506087196172, 45.030146966709196 ], [ 7.65506090613593, 45.030146976601699 ], [ 7.65506095469937, 45.030146985595003 ], [ 7.65506099516887, 45.030146990091602 ], [ 7.65506103114171, 45.030146991890199 ], [ 7.65506107251053, 45.030146990091602 ], [ 7.65506112197323, 45.0301469837963 ], [ 7.65506117053661, 45.030146972105101 ], [ 7.65550446615822, 45.030001120055701 ], [ 7.65685991445355, 45.029590700050797 ], [ 7.65702285811847, 45.0298897228325 ], [ 7.65705283522021, 45.029942967194202 ], [ 7.65749842860964, 45.030724006807503 ], [ 7.65827314958625, 45.032012953834801 ], [ 7.65836465470511, 45.032147018470198 ], [ 7.65832766738799, 45.032162538970098 ], [ 7.65832762511985, 45.032162562352397 ], [ 7.65832759903952, 45.032162581238197 ], [ 7.65832757475783, 45.032162601023302 ], [ 7.65832755407342, 45.032162623506302 ], [ 7.65832753608697, 45.0321626468887 ], [ 7.65832752079848, 45.032162674767697 ], [ 7.65832750640936, 45.032162709841302 ], [ 7.65832750101339, 45.032162739518903 ], [ 7.65832750101339, 45.032162788981601 ], [ 7.65832751000664, 45.032162828551698 ], [ 7.65832752709377, 45.032162863625302 ], [ 7.65885091903476, 45.032950746180099 ], [ 7.65897238866484, 45.033172909302401 ], [ 7.6592224991191, 45.033769646352098 ], [ 7.65904448461532, 45.033814862466002 ], [ 7.6590444432465, 45.0338148750565 ], [ 7.6590444072736, 45.033814890344999 ], [ 7.65904437759599, 45.033814905633399 ], [ 7.65904434971702, 45.0338149236199 ], [ 7.65904432183805, 45.033814946103 ], [ 7.65904429036175, 45.033814978478503 ], [ 7.65904426248278, 45.033815019847303 ], [ 7.65904424629497, 45.0338150607665 ], [ 7.65904423820109, 45.033815112927201 ], [ 7.65904424179837, 45.033815152047701 ], [ 7.65904425259021, 45.033815188919903 ], [ 7.65934622964483, 45.034431093220398 ], [ 7.65952570374827, 45.034797134380298 ], [ 7.66213879007313, 45.039336135054697 ], [ 7.66213881075754, 45.039336162933601 ], [ 7.66213883324059, 45.039336187215298 ], [ 7.66213886561621, 45.039336215094302 ], [ 7.66213889529382, 45.0393362348794 ], [ 7.66213892497149, 45.039336251067198 ], [ 7.66213895644773, 45.039336264557001 ], [ 7.6621389888233, 45.0393362762482 ], [ 7.66213902389688, 45.039336285241397 ], [ 7.66213905897047, 45.039336292435998 ], [ 7.66213910933249, 45.039336297831902 ], [ 7.66213915070131, 45.0393362987313 ], [ 7.66213919207013, 45.039336296033298 ], [ 7.66213924153283, 45.039336288838697 ], [ 7.66213929099553, 45.0393362762482 ], [ 7.6626035372235, 45.0391721553708 ], [ 7.66316509549279, 45.0390093412082 ], [ 7.66316514225758, 45.0390093223224 ], [ 7.66316517373383, 45.039009306134602 ], [ 7.6631652016128, 45.039009287248902 ], [ 7.66316522769313, 45.039009266564499 ], [ 7.66316525017618, 45.039009244980697 ], [ 7.66316526906195, 45.039009220699 ], [ 7.66316528524976, 45.039009196417297 ], [ 7.66316530188723, 45.0390091568472 ], [ 7.66316531088043, 45.0390091024382 ], [ 7.66316530773281, 45.039009061519003 ], [ 7.66316529604165, 45.039009023747496 ], [ 7.66269423654984, 45.038061378429902 ], [ 7.66247555650176, 45.037672479201603 ], [ 7.66227675596758, 45.037393307155497 ], [ 7.6618715043665, 45.036633439381802 ], [ 7.65945367614631, 45.032608705227602 ], [ 7.65819581148753, 45.030002220825899 ], [ 7.65794442759329, 45.029261058950702 ], [ 7.65782654985543, 45.0288510202585 ], [ 7.65771733079021, 45.028482414232101 ], [ 7.65764348385972, 45.028124394125498 ], [ 7.65758374459421, 45.027655462429699 ], [ 7.65754488758654, 45.027249997689303 ], [ 7.65754435698653, 45.026850335374696 ], [ 7.65754387494991, 45.026479544895203 ], [ 7.65761982629402, 45.023646275755098 ], [ 7.65763170543892, 45.023286889578301 ], [ 7.65762768097272, 45.023212969802799 ], [ 7.65762767108021, 45.023212929333297 ], [ 7.6576276503958, 45.023212886165801 ], [ 7.65762763151002, 45.023212860085501 ], [ 7.65762761172493, 45.0232128376025 ], [ 7.65762758834256, 45.023212817817402 ], [ 7.65762756316155, 45.023212798931603 ], [ 7.65762753438327, 45.0232127818444 ], [ 7.6576275047056, 45.023212766556 ], [ 7.65762747233003, 45.023212753965502 ], [ 7.65762743815577, 45.023212743173602 ], [ 7.65762740308224, 45.023212735079703 ], [ 7.65762736710934, 45.023212729683799 ], [ 7.65762733113649, 45.023212726086498 ], [ 7.65762729336495, 45.0232127251872 ], [ 7.65762725739205, 45.023212726985797 ], [ 7.65762720523139, 45.023212734180397 ], [ 7.65664138369294, 45.023439178075598 ], [ 7.65664131624379, 45.023439202357302 ], [ 7.65635617179993, 45.023589092362798 ], [ 7.65609610495136, 45.023152244880201 ], [ 7.65546299392207, 45.022015767113999 ], [ 7.65650520475145, 45.021646410153799 ], [ 7.65650525061687, 45.021646388569998 ], [ 7.65650528029448, 45.021646370583603 ], [ 7.65650530637481, 45.0216463498992 ], [ 7.65650532975724, 45.021646328315498 ], [ 7.65650535044159, 45.0216463049331 ], [ 7.6565053666294, 45.021646279752098 ], [ 7.65650538371654, 45.021646242879903 ], [ 7.65686510039413, 45.020297172126803 ], [ 7.65686510354175, 45.020297131207698 ], [ 7.65685235565172, 45.020140921666297 ], [ 7.65685234935648, 45.020140891988603 ], [ 7.65685233856465, 45.020140862311003 ], [ 7.6566418063743, 45.019740101924199 ], [ 7.65664178209261, 45.019740068649298 ], [ 7.6566417614082, 45.019740047065604 ], [ 7.65664173802583, 45.019740027280498 ], [ 7.65664170834822, 45.019740006596102 ], [ 7.65664166787872, 45.019739985012301 ], [ 7.65664163190581, 45.019739970623199 ], [ 7.65664158604039, 45.019739956233998 ], [ 7.65664155006755, 45.019739948140199 ], [ 7.65664151409465, 45.019739942744202 ], [ 7.65664147722242, 45.0197399400462 ], [ 7.65664144035026, 45.0197399400462 ], [ 7.65664140437735, 45.019739942744202 ], [ 7.65664135311602, 45.019739950838101 ], [ 7.65646466421293, 45.019783703755003 ], [ 7.65459628578998, 45.020446233407 ], [ 7.6540664106364, 45.0194866289049 ], [ 7.65374119599943, 45.018897655702297 ], [ 7.6547248924399, 45.018719815666998 ], [ 7.6547249419026, 45.018719802177202 ], [ 7.65472497877482, 45.018719787788001 ], [ 7.65472502104291, 45.018719766204299 ], [ 7.65472504892193, 45.018719748217798 ], [ 7.65472507410294, 45.018719727533401 ], [ 7.65472510288123, 45.018719697855801 ], [ 7.65472512896156, 45.018719661882898 ], [ 7.65472514694801, 45.0187196209638 ], [ 7.65472515729024, 45.018719567903801 ], [ 7.6547251518943, 45.018719514843802 ], [ 7.65472513795481, 45.018719472126001 ], [ 7.65403857482045, 45.017435297800802 ], [ 7.6538989730592, 45.017182409340798 ], [ 7.65349064307878, 45.016122776844703 ], [ 7.65306817485646, 45.015026409741097 ], [ 7.65306815417205, 45.015026374667499 ], [ 7.6530681361856, 45.015026352184499 ], [ 7.65306811460187, 45.015026329701399 ], [ 7.65306809032017, 45.015026309916301 ], [ 7.65306806334053, 45.0150262919299 ], [ 7.6530680309649, 45.015026273943398 ], [ 7.65306798240152, 45.015026253259002 ], [ 7.65306793563678, 45.015026239769199 ], [ 7.65306789966388, 45.015026232574598 ], [ 7.65306786279166, 45.015026227178701 ], [ 7.65306782591949, 45.015026225379998 ], [ 7.65306778814795, 45.015026226279403 ], [ 7.65306773598729, 45.0150262316753 ], [ 7.65153297007055, 45.015319802766697 ], [ 7.64969339243618, 45.015671652624803 ], [ 7.64833048696244, 45.015932310327898 ], [ 7.64833044649293, 45.015932320220401 ], [ 7.64833039792956, 45.015932338206902 ], [ 7.64833035296346, 45.015932359790597 ], [ 7.64833032238653, 45.015932379575702 ], [ 7.64833029540688, 45.015932401159397 ], [ 7.64833026662853, 45.015932429937699 ], [ 7.64833024414548, 45.015932461414003 ], [ 7.64833022975637, 45.015932488393702 ], [ 7.64833021896448, 45.015932516272599 ], [ 7.64801703995448, 45.017275124047799 ], [ 7.64801703725652, 45.017275155524104 ], [ 7.64801703995448, 45.017275186101003 ], [ 7.64807896727058, 45.017538620910699 ], [ 7.64792235303423, 45.017542254171801 ], [ 7.6479222954776, 45.017542260467003 ], [ 7.64690918850829, 45.017752186514301 ], [ 7.64563316833607, 45.018016568310003 ], [ 7.64475447134185, 45.018198623467804 ], [ 7.64360455230832, 45.0184823469828 ], [ 7.64360450374488, 45.018482364969202 ], [ 7.64360446867136, 45.018482382056298 ], [ 7.64343535475786, 45.018584693428899 ], [ 7.64179081039765, 45.019840746852999 ], [ 7.6409948231526, 45.020448668771103 ], [ 7.64037121615877, 45.020924935337597 ], [ 7.64014356807127, 45.021098792275502 ], [ 7.6400049070009, 45.021147268431697 ], [ 7.63989177138819, 45.020733820409497 ], [ 7.63967840633342, 45.0201483051002 ], [ 7.63916654370109, 45.018743645902603 ], [ 7.63907391892627, 45.0184894543249 ], [ 7.63907389914118, 45.018489419251402 ], [ 7.63907387306085, 45.0184893868757 ], [ 7.63907384787984, 45.018489362594003 ], [ 7.63907381820218, 45.018489341010302 ], [ 7.63907377773273, 45.018489316728598 ], [ 7.63907373366595, 45.018489297842798 ], [ 7.63907369499509, 45.0184892852524 ], [ 7.63907365362627, 45.018489276259103 ], [ 7.63907360236493, 45.018489269064602 ], [ 7.63907356459339, 45.018489267265899 ], [ 7.63907352682185, 45.018489268165197 ], [ 7.63907347376187, 45.018489273561201 ], [ 7.63615925484578, 45.0190822064787 ], [ 7.63615919279255, 45.019082227163103 ], [ 7.6361591568197, 45.019082243350901 ], [ 7.63615912624272, 45.019082260437997 ], [ 7.63615909656511, 45.019082282021799 ], [ 7.63615906418948, 45.0190823116994 ], [ 7.63615904260575, 45.019082338678999 ], [ 7.6361590201227, 45.019082376450598 ], [ 7.63615900483427, 45.019082425913297 ], [ 7.63615900123699, 45.019082466382798 ], [ 7.63615900663291, 45.019082505053603 ], [ 7.6361832775363, 45.019158534638699 ], [ 7.63622196277339, 45.019254344812197 ], [ 7.6362623477292, 45.019354370108097 ], [ 7.63651840000421, 45.019956290850203 ], [ 7.63663424617357, 45.020232246021401 ], [ 7.63648242982032, 45.020288481528297 ], [ 7.63619056654147, 45.020374359589098 ], [ 7.63554250788047, 45.020636850110598 ], [ 7.63404850463485, 45.021242875358404 ], [ 7.63384135209679, 45.021306032047796 ], [ 7.63364369280225, 45.021366289322799 ], [ 7.63233827738963, 45.020180126711502 ], [ 7.63173053533598, 45.019630181387797 ], [ 7.63109679747924, 45.019068598836803 ], [ 7.62994992714749, 45.018032873018697 ], [ 7.62924554664471, 45.017404449255999 ], [ 7.62784480849115, 45.016162945963202 ], [ 7.62695192109436, 45.015366593593498 ], [ 7.62744413713727, 45.014536010328598 ], [ 7.62744415062707, 45.014535977953102 ], [ 7.62744415782169, 45.014535945577499 ], [ 7.62745033346619, 45.014444803784698 ], [ 7.62749484001489, 45.0142885474785 ], [ 7.62841294799921, 45.0140225918691 ], [ 7.62849199121246, 45.014006103698797 ], [ 7.62849204067521, 45.014006087511 ], [ 7.6284920739501, 45.014006074021196 ], [ 7.62849210452703, 45.014006057833299 ], [ 7.62849213240605, 45.014006039846898 ], [ 7.62849215848638, 45.014006019162501 ], [ 7.62849218096943, 45.014005997578799 ], [ 7.62849220615044, 45.014005965203197 ], [ 7.62849222773417, 45.014005923384701 ], [ 7.6284922403247, 45.014005884264201 ], [ 7.62849224302266, 45.014005853687202 ], [ 7.62849224122402, 45.014005820412301 ], [ 7.62844196912164, 45.013719232556603 ], [ 7.62830050396514, 45.013305542616799 ], [ 7.62791997922369, 45.012342660984999 ], [ 7.62791994954608, 45.012342616018898 ], [ 7.62787694576446, 45.012295723568897 ], [ 7.62787691338889, 45.012295695689801 ], [ 7.62787688640924, 45.012295678602797 ], [ 7.62787684683906, 45.012295657019003 ], [ 7.62787681176548, 45.012295642629901 ], [ 7.62787677849059, 45.012295631838001 ], [ 7.62787673981973, 45.012295622844803 ], [ 7.62787669035703, 45.012295615650203 ], [ 7.62787664988753, 45.012295613851599 ], [ 7.62787659592823, 45.012295615650203 ], [ 7.62787655276077, 45.012295620146801 ], [ 7.62515490567438, 45.012779672144198 ], [ 7.62515485351372, 45.0127796865333 ], [ 7.62515480495034, 45.012779707217803 ], [ 7.62448123522086, 45.013154254165599 ], [ 7.62424386456274, 45.012941845989502 ], [ 7.62017591528632, 45.009315086122399 ], [ 7.62017588470934, 45.009315062740001 ], [ 7.62017585323309, 45.009315043854301 ], [ 7.62017582265617, 45.009315028565801 ], [ 7.62017579028054, 45.009315015975197 ], [ 7.62017575610633, 45.009315005183403 ], [ 7.6201757075429, 45.0093149952909 ], [ 7.6201756670734, 45.009314989894897 ], [ 7.62017563020123, 45.0093149880963 ], [ 7.62017559332901, 45.0093149880963 ], [ 7.62017555645679, 45.0093149916936 ], [ 7.62017550699409, 45.009315000686797 ], [ 7.62017545573275, 45.009315015075899 ], [ 7.62017541796121, 45.0093150294651 ], [ 7.61996960181574, 45.009411319876598 ], [ 7.61882368746325, 45.009969298844098 ], [ 7.61813715580513, 45.010247223530598 ], [ 7.61745835112208, 45.010370641991599 ], [ 7.61739773861478, 45.010386834285001 ], [ 7.6171912812527, 45.010416542489502 ], [ 7.61719124168252, 45.0104165505834 ], [ 7.61625481630676, 45.010678508706299 ], [ 7.61564217025, 45.010735066170398 ], [ 7.61564212258594, 45.010735073364998 ], [ 7.61546542558898, 45.010778557384597 ], [ 7.61529779195956, 45.010830168577499 ], [ 7.61522107619175, 45.010839343461001 ], [ 7.61522103842026, 45.010839350655502 ], [ 7.61522100334668, 45.010839359648799 ], [ 7.61522096647445, 45.010839372239303 ], [ 7.61462538865084, 45.011081092918197 ], [ 7.61436480739002, 45.011181900624301 ], [ 7.61393748462729, 45.011091728300698 ], [ 7.61341363313272, 45.010830906021603 ], [ 7.6134136007571, 45.010830891632402 ], [ 7.61216391453309, 45.010397026301803 ], [ 7.61173400442084, 45.010249633713698 ], [ 7.6117339711459, 45.010249623821203 ], [ 7.61166514063376, 45.010234106019297 ], [ 7.61132149079424, 45.010114287544397 ], [ 7.61090511188144, 45.009962195099298 ], [ 7.6105666889016, 45.009845394749199 ], [ 7.610476622698, 45.009817060708798 ], [ 7.61047654895361, 45.009817047219002 ], [ 7.61004586632373, 45.009789902082403 ], [ 7.61004581236438, 45.009789902981701 ], [ 7.61004577459289, 45.0097899074783 ], [ 7.6100457233315, 45.009789918270101 ], [ 7.60919914652345, 45.010051287337099 ], [ 7.60919910515463, 45.010051303524897 ], [ 7.60907885680382, 45.010111065273499 ], [ 7.6090788064418, 45.010111100346997 ], [ 7.60882738477602, 45.010342222515597 ], [ 7.60852226279224, 45.010631823100198 ], [ 7.60834404684033, 45.010810215319196 ], [ 7.60829457783257, 45.0108407140278 ], [ 7.60829454545694, 45.010840738309497 ], [ 7.60802500335126, 45.011086793720601 ], [ 7.60751873000544, 45.011072807464103 ], [ 7.60738314281781, 45.0110618609162 ], [ 7.60738309065715, 45.011061861815499 ], [ 7.60738303849649, 45.011061867211502 ], [ 7.60718604559958, 45.011101872653299 ], [ 7.60708414072059, 45.011129326257397 ], [ 7.60656291794436, 45.011227745364202 ], [ 7.60656287297826, 45.011227756156103 ], [ 7.60656283340808, 45.011227770545197 ], [ 7.60656279743517, 45.011227787632301 ], [ 7.6065627443752, 45.011227820008003 ], [ 7.60642738381677, 45.011343152664402 ], [ 7.60610677191005, 45.011620559341402 ], [ 7.60607901613372, 45.011640040455603 ], [ 7.60590462589783, 45.011787307138498 ], [ 7.60460907155147, 45.012326149432297 ], [ 7.60453709431152, 45.012356538423496 ], [ 7.60337360091103, 45.012816559636597 ], [ 7.6033735640388, 45.012816578522298 ], [ 7.60260222900973, 45.013276194141099 ], [ 7.60108931751802, 45.013509028618799 ], [ 7.59961545818692, 45.0130599161822 ], [ 7.5994498111599, 45.012980523132697 ], [ 7.59916096330784, 45.012776512825802 ], [ 7.59883472344376, 45.0125755916903 ], [ 7.5982422563751, 45.012096937423799 ], [ 7.59824220421439, 45.012096905947502 ], [ 7.59824214216115, 45.012096880766499 ], [ 7.59824209269846, 45.012096867276703 ], [ 7.59824204413508, 45.012096860082103 ], [ 7.5982420045649, 45.012096856484803 ], [ 7.59824196409539, 45.012096856484803 ], [ 7.59665909883842, 45.012196272939697 ], [ 7.59665902689261, 45.0121962864295 ], [ 7.5964015788698, 45.012274881780399 ], [ 7.59640153120574, 45.012274901565497 ], [ 7.59640150062882, 45.012274918652601 ], [ 7.59640147274979, 45.0122749375384 ], [ 7.59640143767626, 45.0122749681153 ], [ 7.59615937705365, 45.012556572827599 ], [ 7.59615934917468, 45.012556621840702 ], [ 7.59615933478551, 45.012556675350297 ], [ 7.59615933388619, 45.012556719417098 ], [ 7.59615934198007, 45.012556758088003 ], [ 7.59638374531363, 45.013144154778999 ], [ 7.59687544514571, 45.014104979661099 ], [ 7.596685609953, 45.014458313400503 ], [ 7.59663251038211, 45.014550659385499 ], [ 7.5960918874307, 45.014756286673297 ], [ 7.59547071220368, 45.014988379210401 ], [ 7.59535182452714, 45.014973418988198 ], [ 7.59492640472985, 45.014927700153301 ], [ 7.5948745138478, 45.0148270030638 ], [ 7.59475514593328, 45.014601088869199 ], [ 7.5946727419535, 45.014450518976297 ], [ 7.59467271407453, 45.014450483902699 ], [ 7.59467267900101, 45.014450451527203 ], [ 7.59413596090593, 45.014075700433303 ], [ 7.59413591683915, 45.014075677050897 ], [ 7.59413588356421, 45.014075663561101 ], [ 7.59413584849068, 45.014075651869902 ], [ 7.59413581161846, 45.014075643776003 ], [ 7.59413575765916, 45.014075636581403 ], [ 7.59311534010089, 45.014028333141098 ], [ 7.59311529603411, 45.014028334040503 ], [ 7.59311524207482, 45.0140283394364 ], [ 7.59311518991416, 45.014028349328903 ], [ 7.59311515214262, 45.014028361020102 ], [ 7.59311511706903, 45.014028375409197 ], [ 7.59311506580769, 45.0140284032883 ], [ 7.59297064997554, 45.014132097818099 ], [ 7.59239220423689, 45.014547432618002 ], [ 7.59239218085452, 45.0145474524031 ], [ 7.59189984160446, 45.015030749869297 ], [ 7.59153690310564, 45.015387276201899 ], [ 7.59153687073007, 45.015387308577502 ] ] ] } },
{ "type": "Feature", "id": 2115, "properties": { "COD_AC": "AC020E00002", "FID": 2115, "RAG_SOC": "Ireti spa" }, "geometry": { "type": "Polygon", "coordinates": [ [ [ 7.63508820172281, 45.022852062109401 ], [ 7.62182660471408, 45.028023290927898 ], [ 7.62182655396662, 45.028023317457901 ], [ 7.62182650983561, 45.028023348998403 ], [ 7.62182647099613, 45.028023388062699 ], [ 7.621826439014, 45.028023437581602 ], [ 7.62182642091514, 45.0280234904168 ], [ 7.62182641787992, 45.028023544994397 ], [ 7.6218264301332, 45.028023598785097 ], [ 7.62182645503316, 45.028023647910601 ], [ 7.62381942952311, 45.0306114620494 ], [ 7.62336257212507, 45.030791451464403 ], [ 7.62059332392283, 45.0318678913901 ], [ 7.62036588897462, 45.031944179980002 ], [ 7.62011731546181, 45.032010777475499 ], [ 7.62001442852312, 45.032030557164603 ], [ 7.61978675165733, 45.032068761264398 ], [ 7.61977412939136, 45.0320115404378 ], [ 7.61977411674463, 45.032011507050498 ], [ 7.61972895222941, 45.031924805997598 ], [ 7.61972891978959, 45.031924763616999 ], [ 7.61972887925585, 45.031924726873299 ], [ 7.61972883381868, 45.031924697441902 ], [ 7.61972878660426, 45.031924674808899 ], [ 7.6197287354928, 45.031924657646897 ], [ 7.61972868115876, 45.031924645655899 ], [ 7.61972862532585, 45.0319246392108 ], [ 7.61972856859361, 45.031924638611301 ], [ 7.61972851216116, 45.031924644082103 ], [ 7.6197284724411, 45.031924650976897 ], [ 7.61948413133051, 45.031982933694103 ], [ 7.61948408040104, 45.0319829508026 ], [ 7.61948403067067, 45.031982974420501 ], [ 7.61948398287812, 45.031983005961003 ], [ 7.61948394356491, 45.031983042190802 ], [ 7.61948390873545, 45.0319830901825 ], [ 7.61934211964314, 45.032304355761497 ], [ 7.61925192033988, 45.032325515909903 ], [ 7.61916152003817, 45.032346726195499 ], [ 7.6191288739734, 45.032357685408897 ], [ 7.6191288283328, 45.032357705119097 ], [ 7.61912879528272, 45.0323577233303 ], [ 7.61907562191123, 45.032391986095099 ], [ 7.61907558067355, 45.032392021074998 ], [ 7.61907554422103, 45.032392067135198 ], [ 7.61903976048911, 45.032463494619599 ], [ 7.61903974671825, 45.032463544307198 ], [ 7.61903974609996, 45.032463597254797 ], [ 7.61903975273245, 45.032463632215901 ], [ 7.61910289818024, 45.032655217264498 ], [ 7.6190322762186, 45.032824666625103 ], [ 7.61898591161433, 45.032935895394097 ], [ 7.6189859018342, 45.032935948172998 ], [ 7.61898590661184, 45.0329360034251 ], [ 7.61898592690281, 45.032936056934801 ], [ 7.61898595626192, 45.032936100795503 ], [ 7.61898598991156, 45.032936134894797 ], [ 7.61898603038104, 45.032936165171897 ], [ 7.61898607279906, 45.032936189153901 ], [ 7.62155993077126, 45.034085079962601 ], [ 7.62402007276819, 45.035175367649202 ], [ 7.6240940783728, 45.035208161202704 ], [ 7.62469604548613, 45.035467382913502 ], [ 7.62486308668716, 45.035637482483899 ], [ 7.62486313157831, 45.035637516583201 ], [ 7.62486317841799, 45.035637542288796 ], [ 7.62486322997913, 45.0356375629732 ], [ 7.62486328566214, 45.035637577512198 ], [ 7.62486334359349, 45.035637586355598 ], [ 7.62486340279885, 45.035637588603898 ], [ 7.62486346162949, 45.035637584856701 ], [ 7.62486351926106, 45.035637574514503 ], [ 7.62486355905605, 45.035637563535303 ], [ 7.62576510647455, 45.035331921630899 ], [ 7.6278464830288, 45.034626249701702 ], [ 7.62963417607642, 45.034020104843997 ], [ 7.63050447610073, 45.033724998609799 ], [ 7.6315752610895, 45.033361903629 ], [ 7.63378253283764, 45.0326133844002 ], [ 7.63399635564735, 45.033053213135297 ], [ 7.63403356824463, 45.034069314397399 ], [ 7.63403358139721, 45.034069365883603 ], [ 7.63403360697971, 45.0340694137725 ], [ 7.63403364147513, 45.034069454691597 ], [ 7.63403368208381, 45.0340694884162 ], [ 7.63403372585081, 45.0340695150961 ], [ 7.63403377456409, 45.034069537054499 ], [ 7.63403382739927, 45.034069553617101 ], [ 7.63403388300733, 45.034069564558799 ], [ 7.63403394048901, 45.034069569655003 ], [ 7.63403399819551, 45.034069568605801 ], [ 7.63403405507763, 45.034069561561097 ], [ 7.63403410611415, 45.034069550094699 ], [ 7.63482828249931, 45.033820343833803 ], [ 7.63487411374939, 45.033883931298398 ], [ 7.63559669428204, 45.034886427616598 ], [ 7.63613213668879, 45.035622396356601 ], [ 7.63623822401487, 45.035768202240803 ], [ 7.63694356529334, 45.036733009620797 ], [ 7.63774289262045, 45.037840321473702 ], [ 7.6362360081603, 45.038723631708997 ], [ 7.63623596271241, 45.038723667256299 ], [ 7.63623592738191, 45.038723706441097 ], [ 7.63623590029786, 45.038723753061298 ], [ 7.63623588484075, 45.038723805334399 ], [ 7.63623588360419, 45.0387238586192 ], [ 7.63623589698161, 45.038723911341997 ], [ 7.6362359241861, 45.038723961254398 ], [ 7.63623595832287, 45.038724001236702 ], [ 7.63623599967294, 45.038724034830203 ], [ 7.63665402059519, 45.038984375385802 ], [ 7.63665406579255, 45.038984397342098 ], [ 7.63665411459576, 45.038984414699001 ], [ 7.63665417050362, 45.038984427739202 ], [ 7.63665422880966, 45.038984434783899 ], [ 7.63665428786514, 45.038984435683197 ], [ 7.63665434632108, 45.038984430212402 ], [ 7.63665440312824, 45.038984418521103 ], [ 7.63665444236117, 45.038984406605202 ], [ 7.63920592040444, 45.038037124613702 ], [ 7.63935204416157, 45.0379725083246 ], [ 7.63950191707988, 45.0389635369377 ], [ 7.63961121528541, 45.039686302281098 ], [ 7.63970822425517, 45.040327743730401 ], [ 7.63981807902868, 45.041054168864797 ], [ 7.63981809909479, 45.041054220632098 ], [ 7.63981812852887, 45.041054264942403 ], [ 7.63981816247826, 45.041054299566298 ], [ 7.6398182035473, 45.041054329843497 ], [ 7.63981825031206, 45.041054355624098 ], [ 7.63981830217296, 45.041054375858799 ], [ 7.63981835763116, 45.041054390847499 ], [ 7.6398184157873, 45.041054399241197 ], [ 7.63981847506763, 45.0410544016394 ], [ 7.63981853404816, 45.041054397592397 ], [ 7.63981859152982, 45.041054387100303 ], [ 7.63981863154966, 45.041054376158598 ], [ 7.64092513019068, 45.0406765188064 ], [ 7.64107066635323, 45.041345582595099 ], [ 7.64107068731866, 45.041345630596403 ], [ 7.64119728572621, 45.041532242618899 ], [ 7.64154233648469, 45.042039192479798 ], [ 7.64154237185801, 45.042039230026496 ], [ 7.64154241082864, 45.0420392601538 ], [ 7.64154245564486, 45.042039285934401 ], [ 7.64154250518252, 45.042039306768601 ], [ 7.64154255854228, 45.042039322281902 ], [ 7.64154261437521, 45.042039331799799 ], [ 7.64154267178192, 45.042039335846702 ], [ 7.64154272933853, 45.042039333748299 ], [ 7.641542785771, 45.0420393256544 ], [ 7.64154284010503, 45.042039311714902 ], [ 7.64154287720207, 45.042039298599803 ], [ 7.64259621354449, 45.041590310044903 ], [ 7.64334422825357, 45.042652995739203 ], [ 7.64290298466007, 45.042807482479397 ], [ 7.64290293931924, 45.042807502938999 ], [ 7.64290289517752, 45.042807529618798 ], [ 7.64290285695633, 45.042807560495604 ], [ 7.6429028213207, 45.042807601395999 ], [ 7.64290279304826, 45.042807652376297 ], [ 7.64290277967084, 45.042807706223201 ], [ 7.64290278118844, 45.042807760969403 ], [ 7.64290279782591, 45.042807814479097 ], [ 7.64290281648685, 45.042807848653297 ], [ 7.64321008088058, 45.043243401561803 ], [ 7.64338171064747, 45.043486678686101 ], [ 7.64338174707003, 45.043486716363901 ], [ 7.64338178686502, 45.043486745966597 ], [ 7.64338183235572, 45.043486771447398 ], [ 7.64338188256787, 45.043486791682099 ], [ 7.6433819365272, 45.043486806521003 ], [ 7.6433819928847, 45.043486815664103 ], [ 7.64338205044133, 45.043486818661798 ], [ 7.64338210814783, 45.0434868158139 ], [ 7.64338216458027, 45.043486806970598 ], [ 7.64338221471749, 45.043486793480803 ], [ 7.64373385683206, 45.043362251466803 ], [ 7.6445846784402, 45.043060907534901 ], [ 7.6449549346663, 45.043742646256199 ], [ 7.64495496559923, 45.043742685976198 ], [ 7.64495500112245, 45.043742718201898 ], [ 7.6449550427161, 45.043742746530597 ], [ 7.64495508963073, 45.043742770212702 ], [ 7.64495514119187, 45.0437427886488 ], [ 7.64495519582567, 45.043742801464198 ], [ 7.64495525255791, 45.043742808733697 ], [ 7.64495531018947, 45.043742809932802 ], [ 7.64495536744629, 45.043742805136397 ], [ 7.64495542305439, 45.043742794344503 ], [ 7.6449554615004, 45.043742783402799 ], [ 7.64591793776265, 45.043404819077203 ], [ 7.64654740833629, 45.044570648916398 ], [ 7.64661181334082, 45.044689941231603 ], [ 7.64661184700918, 45.0446899836844 ], [ 7.64661188876341, 45.044690020363902 ], [ 7.64661193551746, 45.044690049656097 ], [ 7.64661198370614, 45.044690071614603 ], [ 7.64661203586681, 45.044690088476898 ], [ 7.64661209087535, 45.044690099868298 ], [ 7.64661214768251, 45.044690105264202 ], [ 7.64661220501431, 45.044690104814599 ], [ 7.64661226167158, 45.044690098444299 ], [ 7.64661232224468, 45.044690084673498 ], [ 7.64742120627372, 45.044413577374698 ], [ 7.64824049270464, 45.044129480191401 ], [ 7.64832638965123, 45.044255153252799 ], [ 7.64882072876867, 45.044978409625998 ], [ 7.64882076444176, 45.044978447397497 ], [ 7.64882080371216, 45.044978477599699 ], [ 7.64882084882816, 45.044978503305302 ], [ 7.64882089889043, 45.044978524139601 ], [ 7.64882095247502, 45.044978539428101 ], [ 7.64882100868266, 45.0449785491708 ], [ 7.64882106631421, 45.044978552543199 ], [ 7.64882112409564, 45.044978550220002 ], [ 7.64882118075295, 45.044978541901301 ], [ 7.64882123118991, 45.044978528786103 ], [ 7.64974687871552, 45.044660072104698 ], [ 7.65006353900117, 45.044551130930003 ], [ 7.65058294154954, 45.045295002462503 ], [ 7.65274500078124, 45.048391184805403 ], [ 7.6538173379998, 45.049926690021003 ], [ 7.65381737322323, 45.049926726837001 ], [ 7.65381741166926, 45.049926756439703 ], [ 7.65381745596087, 45.049926781770601 ], [ 7.65381750474909, 45.0499268020803 ], [ 7.65381755705966, 45.049926817443698 ], [ 7.65381761199326, 45.049926826961503 ], [ 7.65381766850065, 45.049926831008499 ], [ 7.65381772515795, 45.0499268295845 ], [ 7.65381778076601, 45.049926822015301 ], [ 7.65381783435063, 45.0499268087503 ], [ 7.6538178847876, 45.049926790464099 ], [ 7.6538179309528, 45.049926767231597 ], [ 7.65381796111756, 45.049926747858699 ], [ 7.65413750384278, 45.049687755385698 ], [ 7.65819723061776, 45.048297737150897 ], [ 7.65907142110922, 45.0482458417723 ], [ 7.65898201217169, 45.048399695504997 ], [ 7.65890960924114, 45.048542066762998 ], [ 7.65879967296659, 45.048808192482603 ], [ 7.65875758130505, 45.0489310728031 ], [ 7.65870910213092, 45.049118174489202 ], [ 7.65866487898103, 45.049356202439299 ], [ 7.65863685981576, 45.050550254521902 ], [ 7.65863686689795, 45.050550295834498 ], [ 7.65865742629921, 45.050614400634103 ], [ 7.65871278766508, 45.050787062373097 ], [ 7.65842565302154, 45.050947648914899 ], [ 7.65806373705187, 45.0510660068908 ], [ 7.6577363393856, 45.0511851208217 ], [ 7.65773629546871, 45.051185141281302 ], [ 7.65773625245114, 45.051185167586503 ], [ 7.65773621250626, 45.051185201171897 ], [ 7.65773617846049, 45.051185241577102 ], [ 7.65773615315099, 45.051185288695201 ], [ 7.65773613971739, 45.051185341867601 ], [ 7.65773614101016, 45.051185395489703 ], [ 7.65773615674829, 45.051185448268598 ], [ 7.65773617536423, 45.051185482903797 ], [ 7.65787386318828, 45.051386599911702 ], [ 7.65795544406354, 45.051524512184002 ], [ 7.65864917412011, 45.052489522173701 ], [ 7.6590952666333, 45.053124089205397 ], [ 7.65944806797398, 45.0536259378867 ], [ 7.66004806056958, 45.054479396307201 ], [ 7.65875243729662, 45.054990273282499 ], [ 7.65875238961114, 45.054990297864002 ], [ 7.65875234505187, 45.054990329425898 ], [ 7.65875230567441, 45.054990368482201 ], [ 7.65875227638222, 45.054990411649698 ], [ 7.65875225722343, 45.054990461015997 ], [ 7.65875225120923, 45.054990515818503 ], [ 7.65875226025865, 45.054990569890201 ], [ 7.6587522841469, 45.054990621938401 ], [ 7.65875231609156, 45.054990663962997 ], [ 7.65875234097281, 45.054990687870003 ], [ 7.65986305945769, 45.055911180631497 ], [ 7.66089176044644, 45.056751366953499 ], [ 7.66089180533759, 45.056751395635501 ], [ 7.66089185037864, 45.056751416724602 ], [ 7.66089189961652, 45.056751433481899 ], [ 7.66089195604897, 45.0567514459226 ], [ 7.66089201435504, 45.056751452367699 ], [ 7.66089207371028, 45.056751452367699 ], [ 7.66089213239104, 45.056751446372203 ], [ 7.66089218859868, 45.056751433931602 ], [ 7.66089223828621, 45.056751417369099 ], [ 7.66104817143599, 45.056683545609197 ], [ 7.6614842153743, 45.056521471888502 ], [ 7.66263896871351, 45.056075640778303 ], [ 7.66324893580229, 45.0569383668809 ], [ 7.66324897331152, 45.0569384050834 ], [ 7.66324901430561, 45.056938435510403 ], [ 7.66324906122025, 45.056938461066203 ], [ 7.6632491130062, 45.056938481300897 ], [ 7.66324916823958, 45.056938495765003 ], [ 7.66324922624584, 45.056938504308597 ], [ 7.66324928530132, 45.056938506481899 ], [ 7.66324934413198, 45.056938502359998 ], [ 7.66324940146375, 45.056938492017899 ], [ 7.66324945167591, 45.056938477478802 ], [ 7.66455510383503, 45.056434043995999 ], [ 7.66506252370406, 45.057170650186698 ], [ 7.66506255933968, 45.057170687827004 ], [ 7.66506259823537, 45.0571707176545 ], [ 7.66506264312652, 45.057170743360203 ], [ 7.66506269281407, 45.057170763894703 ], [ 7.66506274602395, 45.057170779258101 ], [ 7.66506280185688, 45.057170788551097 ], [ 7.66506285926359, 45.057170792598001 ], [ 7.66506291652043, 45.057170790349701 ], [ 7.66506297265312, 45.057170782405699 ], [ 7.66506302338986, 45.057170769665298 ], [ 7.6652529264814, 45.057106687423797 ], [ 7.66653498560118, 45.056674076647397 ], [ 7.66691194172028, 45.057211925246499 ], [ 7.6669119781803, 45.057211963261501 ], [ 7.66691201835001, 45.057211993313899 ], [ 7.6669120639906, 45.057212018794701 ], [ 7.66691211442758, 45.0572120391044 ], [ 7.66691216883658, 45.0572120540931 ], [ 7.66691222534397, 45.057212063161202 ], [ 7.66691228372496, 45.057212066159003 ], [ 7.66691234120664, 45.0572120632362 ], [ 7.66691239823863, 45.057212053943204 ], [ 7.66691244867562, 45.057212040603197 ], [ 7.66817334262572, 45.056759217264101 ], [ 7.66839351644768, 45.056680143473898 ], [ 7.66877005809175, 45.057211787593999 ], [ 7.66913767284037, 45.0577301579455 ], [ 7.66913771053696, 45.057730196616298 ], [ 7.66913775153106, 45.057730226593698 ], [ 7.66913779837075, 45.057730252149497 ], [ 7.66913785000683, 45.057730272234302 ], [ 7.66913790524018, 45.057730286773399 ], [ 7.66913796302163, 45.057730295242003 ], [ 7.66913802207711, 45.057730297415397 ], [ 7.66913808090775, 45.057730293368401 ], [ 7.6691381381646, 45.057730282951198 ], [ 7.66913818912618, 45.057730268262297 ], [ 7.66936360884353, 45.057643340767598 ], [ 7.67021050131365, 45.057316767255003 ], [ 7.67086460701603, 45.0570645388974 ], [ 7.67149495442862, 45.056821451249 ], [ 7.67221068437563, 45.057812330630902 ], [ 7.67221072132278, 45.057812367971501 ], [ 7.67221076216699, 45.057812397649101 ], [ 7.67221080810736, 45.057812422605302 ], [ 7.67221085921882, 45.0578124426901 ], [ 7.67221091362782, 45.057812456779502 ], [ 7.67221097088464, 45.057812465472999 ], [ 7.67221102881598, 45.057812468020998 ], [ 7.67221108682225, 45.057812464423797 ], [ 7.67221114355447, 45.057812454606101 ], [ 7.67221119391652, 45.057812440441801 ], [ 7.67349407179403, 45.057334739831397 ], [ 7.67349411586081, 45.057334718547501 ], [ 7.67349415887837, 45.057334691642801 ], [ 7.67349419575058, 45.057334660691097 ], [ 7.67349423001849, 45.057334619528397 ], [ 7.6734942566047, 45.057334568885302 ], [ 7.67349426885799, 45.057334515207003 ], [ 7.67349426638484, 45.057334461360099 ], [ 7.67349424901667, 45.057334408356297 ], [ 7.67349423018712, 45.057334374744102 ], [ 7.6727728649349, 45.056333526648302 ], [ 7.67152625083588, 45.055107391093301 ], [ 7.67168877361803, 45.055008990872302 ], [ 7.67262740503077, 45.054690413232002 ], [ 7.67331243077413, 45.054457901610903 ], [ 7.67359141980825, 45.054363211093303 ], [ 7.67359362623866, 45.0543659607143 ], [ 7.67360590032152, 45.054362197874802 ], [ 7.66983925937438, 45.048118060699998 ], [ 7.67870670335174, 45.046370282262799 ], [ 7.68363781908014, 45.053520434370597 ], [ 7.68387359608195, 45.053407757239199 ], [ 7.68387364434701, 45.053407726048299 ], [ 7.68410278581496, 45.053211598636402 ], [ 7.68422906861667, 45.053145721497899 ], [ 7.68447059414268, 45.053105196247898 ], [ 7.68473711407661, 45.053084203710597 ], [ 7.68473716807051, 45.053084194795197 ], [ 7.68495935212369, 45.053025368488498 ], [ 7.68522842186048, 45.052930839174401 ], [ 7.68522845654058, 45.052930823998402 ], [ 7.68552353028675, 45.0527792288784 ], [ 7.68552357158061, 45.052779202048598 ], [ 7.68568415493736, 45.052649516231 ], [ 7.68568419248404, 45.052649475424303 ], [ 7.68568421283122, 45.052649444566299 ], [ 7.68574965267439, 45.052523443983098 ], [ 7.68574966711974, 45.052523393845902 ], [ 7.68576681668532, 45.052295444035799 ], [ 7.68574901319217, 45.051902351919203 ], [ 7.68571947030235, 45.051695580774002 ], [ 7.68567921088845, 45.051555675569404 ], [ 7.68554960073351, 45.0512503975878 ], [ 7.68553056388447, 45.051178304335302 ], [ 7.68552842619596, 45.051010674303299 ], [ 7.68555401820345, 45.050850742467802 ], [ 7.68561638468844, 45.050523172906203 ], [ 7.68561638298347, 45.050523120401998 ], [ 7.68561637057767, 45.050523075636598 ], [ 7.68552633666615, 45.050333319956799 ], [ 7.68552632043341, 45.050333294820703 ], [ 7.68524520337849, 45.049961052666802 ], [ 7.68494774564198, 45.049644357700998 ], [ 7.68564959275456, 45.049452092989803 ], [ 7.68564964049356, 45.049452075752797 ], [ 7.68564968770797, 45.049452052145597 ], [ 7.68564972952645, 45.049452023891803 ], [ 7.68564976760845, 45.049451988604197 ], [ 7.68564979927744, 45.049451946914203 ], [ 7.68564982146339, 45.049451898342703 ], [ 7.68564983096248, 45.049451844046203 ], [ 7.68564982415011, 45.049451784747099 ], [ 7.68557801121631, 45.049265584838899 ], [ 7.68555288146035, 45.049152858417798 ], [ 7.68554394801021, 45.048924766756897 ], [ 7.68552614506561, 45.048799908419099 ], [ 7.68534578853452, 45.047883655106702 ], [ 7.68526696899545, 45.047553013960403 ], [ 7.68526466493239, 45.047503324450197 ], [ 7.68523412238188, 45.047380068260601 ], [ 7.68513503772062, 45.047131254684999 ], [ 7.68513500935182, 45.047131209759002 ], [ 7.68513497183724, 45.047131170445802 ], [ 7.68513493195659, 45.047131139815299 ], [ 7.6850066332496, 45.047053544885202 ], [ 7.68499747185586, 45.047022922070298 ], [ 7.68505141105632, 45.0469636890668 ], [ 7.68505144135223, 45.046963640390999 ], [ 7.68505145501067, 45.046963605261197 ], [ 7.68506282817454, 45.046917517086101 ], [ 7.6850670914669, 45.046878969838602 ], [ 7.68506708607097, 45.046878918633503 ], [ 7.6850670753353, 45.046878883728503 ], [ 7.68501545380019, 45.046763926314199 ], [ 7.68494490153603, 45.046537212003997 ], [ 7.68484763311181, 45.0463543516721 ], [ 7.68480027355381, 45.046228624111798 ], [ 7.68476061538514, 45.046126498145703 ], [ 7.68461668361311, 45.045859878330802 ], [ 7.68451724467513, 45.045655387785999 ], [ 7.68448591932102, 45.045558337391199 ], [ 7.68448589310952, 45.045558290832503 ], [ 7.6844858622328, 45.045558254784702 ], [ 7.68445866205016, 45.045533471979702 ], [ 7.68445861869534, 45.045533441739998 ], [ 7.68445857402901, 45.045533418732298 ], [ 7.68445852546563, 45.045533400371198 ], [ 7.6844584778765, 45.045533387705703 ], [ 7.68430572300576, 45.045505042648699 ], [ 7.68430566762251, 45.045505037027901 ], [ 7.68430560699322, 45.045505037027901 ], [ 7.68430554711335, 45.045505043622903 ], [ 7.68430548367368, 45.045505058517897 ], [ 7.68423453829337, 45.045530232734102 ], [ 7.68423093830722, 45.045495102517002 ], [ 7.68433175287064, 45.045367656048803 ], [ 7.68433177864586, 45.045367606272897 ], [ 7.68433179077955, 45.045367550671997 ], [ 7.68432890775296, 45.045253918733401 ], [ 7.684578795334, 45.0451752906366 ], [ 7.68389910076293, 45.044064712216802 ], [ 7.6801743312804, 45.042995799316699 ], [ 7.67774421922041, 45.039983193669499 ], [ 7.67809608745025, 45.033272145892902 ], [ 7.67405085736124, 45.029028288324902 ], [ 7.67399168721664, 45.0252629499252 ], [ 7.67375253582591, 45.025289911200503 ], [ 7.67375248329051, 45.025289921317899 ], [ 7.67375242925625, 45.025289938030298 ], [ 7.673752379194, 45.025289959988697 ], [ 7.67375233445272, 45.025289987193197 ], [ 7.67375229608165, 45.025290018594497 ], [ 7.67375226246413, 45.025290057104797 ], [ 7.67375223462798, 45.025290106703103 ], [ 7.67373683298848, 45.025340341283801 ], [ 7.67371206644625, 45.0253800278036 ], [ 7.67371204857223, 45.025380072095203 ], [ 7.67370151498173, 45.0254311462242 ], [ 7.6736929074018, 45.025535102063401 ], [ 7.67368312187864, 45.025564336325097 ], [ 7.67363856759086, 45.025542739705699 ], [ 7.67363852022658, 45.025542721494404 ], [ 7.6736384656677, 45.025542707330096 ], [ 7.67363840871065, 45.025542699086301 ], [ 7.67363835077931, 45.025542696838002 ], [ 7.67363829299787, 45.025542700285399 ], [ 7.67363823649048, 45.025542710327898 ], [ 7.67363818268104, 45.025542725691302 ], [ 7.67363813261877, 45.025542746825401 ], [ 7.67363808750278, 45.025542772755799 ], [ 7.67363804838227, 45.025542803107903 ], [ 7.67363801355495, 45.025542840601098 ], [ 7.67363798618987, 45.025542884218197 ], [ 7.6736379691108, 45.025542934315297 ], [ 7.67363796422075, 45.025542970794 ], [ 7.67363800941168, 45.025611971783903 ], [ 7.67363802054076, 45.025612022595602 ], [ 7.67363804392314, 45.0256120713276 ], [ 7.67366430086685, 45.025647552392698 ], [ 7.67366723355605, 45.025679382997197 ], [ 7.67367193656068, 45.025740614238003 ], [ 7.67368146712607, 45.025830227183299 ], [ 7.67367952279182, 45.025902339321497 ], [ 7.67366307599019, 45.025979932827703 ], [ 7.67362057414273, 45.026085107697902 ], [ 7.6736205659364, 45.026085141703497 ], [ 7.67360874389848, 45.026189705540503 ], [ 7.67360354266941, 45.026316486903902 ], [ 7.67360185733992, 45.026369694 ], [ 7.67360334729169, 45.026400865232802 ], [ 7.67361698303739, 45.026494112113603 ], [ 7.67362000925607, 45.026535574457199 ], [ 7.67361897953231, 45.026583450765699 ], [ 7.67360143690684, 45.026724743140001 ], [ 7.67357032620964, 45.0269927957997 ], [ 7.67355619246433, 45.027135378195197 ], [ 7.67350665690674, 45.027497119696399 ], [ 7.67346007045093, 45.027742648217199 ], [ 7.67345589017725, 45.027824093407197 ], [ 7.67344983234392, 45.027860778552203 ], [ 7.67342567385583, 45.027907960583903 ], [ 7.67338228606371, 45.027935127304303 ], [ 7.67332026162083, 45.027949522902198 ], [ 7.67332021478113, 45.027949537741002 ], [ 7.67332016741684, 45.027949558575301 ], [ 7.67332012477399, 45.027949583531502 ], [ 7.67332008471133, 45.027949615446701 ], [ 7.67332004983048, 45.0279496537322 ], [ 7.6733200267479, 45.027949689951299 ], [ 7.67326416966825, 45.028071884341301 ], [ 7.67326415808945, 45.028071935827498 ], [ 7.67326416022536, 45.028071990461299 ], [ 7.67326417725628, 45.028072043408898 ], [ 7.67326420642803, 45.028072090262 ], [ 7.67326424381413, 45.028072129703602 ], [ 7.67326428661758, 45.028072161950803 ], [ 7.67326431884329, 45.028072180611701 ], [ 7.67329384493502, 45.028086851027403 ], [ 7.67334834834765, 45.0281178983224 ], [ 7.67338113223349, 45.028154467454797 ], [ 7.67341057693665, 45.028214204921703 ], [ 7.67341993348322, 45.028241125227801 ], [ 7.67342404338495, 45.028268363893901 ], [ 7.67342005399234, 45.0282942922478 ], [ 7.67339366158825, 45.028325893525199 ], [ 7.67332225092122, 45.028331514287999 ], [ 7.67326512043901, 45.028324451012701 ], [ 7.67326506310722, 45.028324448464602 ], [ 7.67322791451169, 45.028325953929702 ], [ 7.67322786010272, 45.028325960299902 ], [ 7.67322780337047, 45.028325973265098 ], [ 7.6732277501606, 45.028325992001001 ], [ 7.67322770152226, 45.028326016282698 ], [ 7.67322765842974, 45.028326045585601 ], [ 7.67322762230697, 45.0283260789355 ], [ 7.67322759532731, 45.028326113034701 ], [ 7.67321174897309, 45.028352522113799 ], [ 7.67321173098665, 45.028352572812999 ], [ 7.67321172660247, 45.0283526274468 ], [ 7.67321173694465, 45.028352681462401 ], [ 7.6732117622943, 45.028352733117202 ], [ 7.67321179536311, 45.028352774785802 ], [ 7.67321183156083, 45.028352806636804 ], [ 7.67321187390391, 45.028352834590699 ], [ 7.67321191782081, 45.028352856024497 ], [ 7.67326214083518, 45.028372356099403 ], [ 7.6732621884243, 45.028372370338701 ], [ 7.67326224208386, 45.028372380680899 ], [ 7.67326229731721, 45.028372385477297 ], [ 7.67326233752441, 45.028372385777097 ], [ 7.67338368900607, 45.028366689471198 ], [ 7.67340306849684, 45.028397972388603 ], [ 7.67340759478469, 45.028457197241899 ], [ 7.67340165082806, 45.028490445178001 ], [ 7.67339838842491, 45.028523915246502 ], [ 7.67339310490792, 45.028644352454897 ], [ 7.67338590448597, 45.028736748296097 ], [ 7.67338590853291, 45.0287367871356 ], [ 7.67339219479402, 45.028762969435498 ], [ 7.67339574351882, 45.028789413101002 ], [ 7.67339466708653, 45.028826734235203 ], [ 7.6734030923289, 45.028876512441101 ], [ 7.67342670447886, 45.0289706966404 ], [ 7.67342487786589, 45.029000956084303 ], [ 7.67342488110344, 45.029000986031697 ], [ 7.673432258467, 45.029036844306198 ], [ 7.6734322722941, 45.029036879998102 ], [ 7.67345039262159, 45.029071102349498 ], [ 7.67346462439298, 45.029107032063898 ], [ 7.67346727761783, 45.0291685618797 ], [ 7.67346729020832, 45.029168611117598 ], [ 7.67349597475948, 45.029228970240901 ], [ 7.67350911941913, 45.029301713478297 ], [ 7.67353236492676, 45.029368587290598 ], [ 7.67353747982089, 45.029397207765001 ], [ 7.6735374910624, 45.029397240365398 ], [ 7.67356380657446, 45.0294537084594 ], [ 7.67360682249694, 45.029519858654602 ], [ 7.67363756402239, 45.029583295033099 ], [ 7.67365805957184, 45.029636958478903 ], [ 7.67367036719875, 45.029703217964197 ], [ 7.67367038283195, 45.029703258598602 ], [ 7.67370844858608, 45.029770523259799 ], [ 7.67370846837116, 45.0297705500709 ], [ 7.67377069493667, 45.029841406474503 ], [ 7.67383294803216, 45.0299028898066 ], [ 7.67386196465799, 45.029936610786002 ], [ 7.67387301946183, 45.029990699779802 ], [ 7.67387304059589, 45.029990749073903 ], [ 7.67389491907779, 45.030023096676103 ], [ 7.67391343555664, 45.030049657365801 ], [ 7.67340100815005, 45.0301949014736 ], [ 7.6722940893008, 45.0305074158846 ], [ 7.67170208150466, 45.029177739966997 ], [ 7.67170205143358, 45.029177696293701 ], [ 7.67170201553564, 45.029177660620597 ], [ 7.67170196717834, 45.029177626427597 ], [ 7.67167211727445, 45.029161970748397 ], [ 7.67163599060854, 45.029128843321502 ], [ 7.67159632381759, 45.029000589262097 ], [ 7.67159629936727, 45.029000543284297 ], [ 7.67159626193299, 45.029000499161299 ], [ 7.67159622086395, 45.029000464874599 ], [ 7.67159618279266, 45.029000441492201 ], [ 7.67047363754835, 45.028437195420302 ], [ 7.66998092920156, 45.028189976661203 ], [ 7.66998088116279, 45.028189957775403 ], [ 7.66998082570458, 45.028189942786703 ], [ 7.66998076777326, 45.0281899340183 ], [ 7.66998070856791, 45.028189931470202 ], [ 7.66998064943746, 45.028189934767802 ], [ 7.66998058575423, 45.028189946496397 ], [ 7.66983076108081, 45.028233760379798 ], [ 7.66983071409123, 45.028233778665999 ], [ 7.66983066777615, 45.028233803022601 ], [ 7.66983062678204, 45.028233832025798 ], [ 7.6698305873243, 45.028233870790302 ], [ 7.669830554218, 45.028233919972003 ], [ 7.66983053561327, 45.028233972919601 ], [ 7.66983053156631, 45.028234027553403 ], [ 7.66983054190854, 45.028234079320598 ], [ 7.67029862678026, 45.029335538104597 ], [ 7.66941547094728, 45.029507188106301 ], [ 7.66842648649322, 45.029699391214002 ], [ 7.6670908466653, 45.029958959838197 ], [ 7.66643804497983, 45.030085819105302 ], [ 7.66614157087685, 45.029289205032903 ], [ 7.66555002111664, 45.027699705477097 ], [ 7.66529640117052, 45.027018200523301 ], [ 7.66529637278567, 45.027018153870998 ], [ 7.66529633386591, 45.027018112253302 ], [ 7.66529628896404, 45.0270180786572 ], [ 7.6652962403043, 45.0270180522663 ], [ 7.66529619099148, 45.0270180330808 ], [ 7.66529613830618, 45.027018019066396 ], [ 7.66529608329766, 45.027018010822601 ], [ 7.66529602701508, 45.027018007749902 ], [ 7.66529597103229, 45.027018010822601 ], [ 7.66529591617364, 45.027018019066396 ], [ 7.66529587765268, 45.027018028471801 ], [ 7.6639195997098, 45.027438387671502 ], [ 7.66166078241923, 45.028128245921899 ], [ 7.65794388702581, 45.029260865296798 ], [ 7.65794383966152, 45.029260884332402 ], [ 7.65794379297172, 45.029260910113003 ], [ 7.65794375212751, 45.029260940240199 ], [ 7.65794371577991, 45.029260977562103 ], [ 7.65794368674466, 45.029261021243499 ], [ 7.65794366783481, 45.029261071934698 ], [ 7.65794366294476, 45.029261127411701 ], [ 7.65794367006437, 45.029261172789901 ], [ 7.65819506797307, 45.030002373935503 ], [ 7.65945295337241, 45.032608901729503 ], [ 7.66187078580816, 45.0366336435279 ], [ 7.66227604673971, 45.0373935282201 ], [ 7.66247485053395, 45.037672704931403 ], [ 7.66269351169626, 45.038061570884899 ], [ 7.66316443449108, 45.039008940110499 ], [ 7.66260321745831, 45.0391716551228 ], [ 7.66213934495488, 45.039335644924101 ], [ 7.65952642860185, 45.034796940126697 ], [ 7.65934696079364, 45.034430913355997 ], [ 7.65904511863738, 45.033815284248 ], [ 7.6592231131312, 45.033770073755001 ], [ 7.65922316266888, 45.033770056742803 ], [ 7.65922321190675, 45.033770032910702 ], [ 7.65922325559882, 45.033770003982497 ], [ 7.6592232926209, 45.0337699710823 ], [ 7.65922332418283, 45.033769931116097 ], [ 7.65922334730825, 45.033769884993703 ], [ 7.65922335909581, 45.033769832792899 ], [ 7.65922335622922, 45.0337697766414 ], [ 7.65922334628044, 45.033769739881599 ], [ 7.6589731214999, 45.033172732135903 ], [ 7.65885163039848, 45.032950529499601 ], [ 7.65832838774497, 45.032162874417203 ], [ 7.65836536247155, 45.032147359463103 ], [ 7.65836540593878, 45.032147336455502 ], [ 7.65836544730759, 45.0321473073774 ], [ 7.65836548477935, 45.032147270986997 ], [ 7.6583655153563, 45.032147228140701 ], [ 7.65836553581588, 45.032147178493297 ], [ 7.65836554306665, 45.032147123465997 ], [ 7.65836553497276, 45.032147068832202 ], [ 7.65836551355765, 45.032147018132903 ], [ 7.65827385375542, 45.032012726306299 ], [ 7.65749914357065, 45.030723795466798 ], [ 7.65705355377855, 45.029942762148799 ], [ 7.65702357847539, 45.029889522283703 ], [ 7.65686048490475, 45.029590226782602 ], [ 7.65686045292262, 45.029590186238202 ], [ 7.65686041620029, 45.029590153412897 ], [ 7.65686037288295, 45.0295901247095 ], [ 7.65686032409473, 45.029590100952397 ], [ 7.65686027095979, 45.029590082741201 ], [ 7.65686021445238, 45.029590070375498 ], [ 7.65686015599646, 45.029590064380002 ], [ 7.65686009686602, 45.029590064380002 ], [ 7.65686003841009, 45.029590070675297 ], [ 7.65685998602459, 45.029590082066697 ], [ 7.65550415066482, 45.030000618908502 ], [ 7.65506124338174, 45.030146344378302 ], [ 7.65434541023755, 45.028860567742299 ], [ 7.65434537733733, 45.028860526991799 ], [ 7.65434534001548, 45.028860494016598 ], [ 7.65434529572387, 45.028860465687998 ], [ 7.65434524618622, 45.028860442155697 ], [ 7.65434519222688, 45.028860424319198 ], [ 7.65434513497006, 45.028860412478103 ], [ 7.65434507576468, 45.028860406932303 ], [ 7.65434501633448, 45.028860407681698 ], [ 7.65434495750384, 45.028860415026202 ], [ 7.65434490504338, 45.0288604270172 ], [ 7.65274823564261, 45.029372877956 ], [ 7.65206562727692, 45.028286639972798 ], [ 7.65206559302775, 45.028286601320602 ], [ 7.65206555510633, 45.0282865699943 ], [ 7.6520655111145, 45.028286543314401 ], [ 7.65206546195156, 45.028286521355902 ], [ 7.65206540866672, 45.028286505018201 ], [ 7.65206535290876, 45.0282864942264 ], [ 7.65206529505238, 45.028286489280099 ], [ 7.65206523719598, 45.028286490554201 ], [ 7.65206518008904, 45.028286497898598 ], [ 7.65206512897756, 45.028286509739701 ], [ 7.65036796580904, 45.028830265704201 ], [ 7.6495461740917, 45.027542397526197 ], [ 7.64949069109258, 45.027458145776897 ], [ 7.64949065594406, 45.027458107180998 ], [ 7.64949061704838, 45.027458076753902 ], [ 7.64949057230711, 45.027458050448701 ], [ 7.64949052231981, 45.027458029314701 ], [ 7.64949046866025, 45.027458013426603 ], [ 7.6494904122278, 45.027458003459202 ], [ 7.64949035444635, 45.027457999487197 ], [ 7.64949029636513, 45.0274580015856 ], [ 7.64949023933314, 45.027458009679499 ], [ 7.64949018867131, 45.027458022269997 ], [ 7.64937886384352, 45.027495714655501 ], [ 7.64929127317379, 45.0275254915083 ], [ 7.64759411667518, 45.028102467754799 ], [ 7.64734289426547, 45.027741828709999 ], [ 7.64734285801154, 45.0277417910509 ], [ 7.64734281844136, 45.0277417610735 ], [ 7.64734277317549, 45.0277417358175 ], [ 7.64734272296334, 45.027741715208002 ], [ 7.64734266907896, 45.027741700219302 ], [ 7.6473426127964, 45.027741691076301 ], [ 7.6473425550899, 45.027741687628897 ], [ 7.64734249738339, 45.027741690326799 ], [ 7.647342440876, 45.027741699020197 ], [ 7.64734239058889, 45.027741712360204 ], [ 7.64493374219848, 45.0285875989386 ], [ 7.64430879611409, 45.027691585779401 ], [ 7.64430876014122, 45.027691548326302 ], [ 7.64430872079588, 45.027691518573803 ], [ 7.64430867590472, 45.027691493017997 ], [ 7.64430862599234, 45.027691472558502 ], [ 7.64430857248269, 45.027691457569802 ], [ 7.64430851657482, 45.027691448051897 ], [ 7.64430845901822, 45.0276914446045 ], [ 7.64430840176138, 45.027691447227603 ], [ 7.64430834540387, 45.0276914556962 ], [ 7.64430829526667, 45.027691468286697 ], [ 7.64289969696347, 45.028176572790599 ], [ 7.64241297397962, 45.027478492938101 ], [ 7.64194364720035, 45.026805347014196 ], [ 7.64194361105886, 45.026805309092801 ], [ 7.64194357133879, 45.026805279190299 ], [ 7.64194352577314, 45.026805253859401 ], [ 7.64194347541112, 45.026805233174997 ], [ 7.64194342130189, 45.0268052183362 ], [ 7.64194336464462, 45.026805209043196 ], [ 7.64194330686316, 45.026805205895599 ], [ 7.64194324893184, 45.026805208743497 ], [ 7.64194319227455, 45.026805217886597 ], [ 7.64194314206241, 45.026805231301402 ], [ 7.64056679891866, 45.0272949925699 ], [ 7.64040634547649, 45.027352083331998 ], [ 7.63972366111813, 45.0267443871438 ], [ 7.63891379283732, 45.0260018779719 ], [ 7.63761906316927, 45.024882571073903 ], [ 7.63700725291994, 45.024313264920302 ], [ 7.63664514415814, 45.023993956356001 ], [ 7.63618312723708, 45.023570913017302 ], [ 7.63598070794336, 45.023408057879401 ], [ 7.63508860224346, 45.022852092860198 ], [ 7.63508854927218, 45.022852069017802 ], [ 7.63508849848547, 45.022852053029901 ], [ 7.63508844793608, 45.022852042665797 ], [ 7.63508839320713, 45.022852037414701 ], [ 7.6350883331601, 45.022852037631502 ], [ 7.63508827610936, 45.022852043930499 ], [ 7.63508823828161, 45.022852051541001 ], [ 7.63508820172281, 45.022852062109401 ] ] ] } },
{ "type": "Feature", "id": 2116, "properties": { "COD_AC": "AC020E00003", "FID": 2116, "RAG_SOC": "Ireti spa" }, "geometry": { "type": "Polygon", "coordinates": [ [ [ 7.61777885971915, 45.090698078491101 ], [ 7.61777889712131, 45.090698118880297 ], [ 7.61777894219447, 45.090698152647697 ], [ 7.61777897651859, 45.090698172357797 ], [ 7.61786916143268, 45.0907415540795 ], [ 7.61790783677731, 45.090771811769699 ], [ 7.61790901848644, 45.090772736272797 ], [ 7.61796260548988, 45.090830929603797 ], [ 7.61798085149764, 45.0908564955309 ], [ 7.61802281150358, 45.090903958151202 ], [ 7.61804817688193, 45.090938530788598 ], [ 7.61809764858765, 45.091006469173301 ], [ 7.61823093620876, 45.091197728892197 ], [ 7.61827916246595, 45.091309529910902 ], [ 7.61829445442555, 45.0913431177907 ], [ 7.61834790293341, 45.091495439562898 ], [ 7.61836838589232, 45.091657174539002 ], [ 7.61837509303615, 45.0917629824757 ], [ 7.61836129001658, 45.091846632578601 ], [ 7.6183667065583, 45.092021444833897 ], [ 7.61836671752148, 45.092021490413799 ], [ 7.6189454637622, 45.093324967723099 ], [ 7.61898200411622, 45.093394427310997 ], [ 7.61921281296099, 45.094020773190202 ], [ 7.61921283715276, 45.094020816657398 ], [ 7.61921285918615, 45.094020845135901 ], [ 7.6194399712777, 45.094260624628198 ], [ 7.61946889561059, 45.094309990888398 ], [ 7.61949745864086, 45.094345085742901 ], [ 7.61949748993726, 45.094345115394802 ], [ 7.61954294814859, 45.094380300110799 ], [ 7.61956519827533, 45.094400869854297 ], [ 7.61956522952677, 45.094400893236703 ], [ 7.61959688318967, 45.094420844246599 ], [ 7.61963469158781, 45.094466436277102 ], [ 7.6196072615909, 45.094507225927799 ], [ 7.61960724090649, 45.094507275502899 ], [ 7.61960723393676, 45.094507329349803 ], [ 7.61960724180581, 45.094507382747103 ], [ 7.61960726485095, 45.094507434008399 ], [ 7.61960729888064, 45.094507478508802 ], [ 7.61960734076336, 45.094507514867097 ], [ 7.61960738727115, 45.094507543838098 ], [ 7.61960743553477, 45.094507565721599 ], [ 7.61960748784533, 45.094507581909397 ], [ 7.61960754330353, 45.094507592401499 ], [ 7.61960759996081, 45.094507597048 ], [ 7.61960766302578, 45.094507594874699 ], [ 7.61968146352876, 45.094497709301898 ], [ 7.61973648944746, 45.094510639754297 ], [ 7.6197875799329, 45.0945242932616 ], [ 7.61983793342394, 45.0945422711589 ], [ 7.61989337168183, 45.094559880334302 ], [ 7.62002769026324, 45.094611179799699 ], [ 7.62007095990692, 45.094623357631903 ], [ 7.62014828901238, 45.0946379077633 ], [ 7.62026562322249, 45.094656259104099 ], [ 7.6203123498601, 45.094662127180499 ], [ 7.62035579183638, 45.094665003324799 ], [ 7.62039936747438, 45.094664782541201 ], [ 7.62044057632158, 45.094663083159801 ], [ 7.62051231715226, 45.094658158134997 ], [ 7.62060763708283, 45.094644128823496 ], [ 7.62071667538431, 45.094625090775402 ], [ 7.62071670641092, 45.094625083430898 ], [ 7.62079630540523, 45.094602412871097 ], [ 7.62088845443867, 45.094576816367002 ], [ 7.6209434790084, 45.094560183855499 ], [ 7.62098010434838, 45.0945473680666 ], [ 7.62101289925097, 45.094533878573202 ], [ 7.62105882189467, 45.094514748644301 ], [ 7.62109831348643, 45.094494878910602 ], [ 7.62113159964366, 45.0944757748372 ], [ 7.62120934513523, 45.094437200329097 ], [ 7.62137807616234, 45.0943485049171 ], [ 7.62146954058687, 45.0942976721999 ], [ 7.62153204864018, 45.0942662990131 ], [ 7.62156689557084, 45.094246689857897 ], [ 7.62171871552136, 45.0941401608898 ], [ 7.62174832277692, 45.094113584461901 ], [ 7.62178375291792, 45.094070160022397 ], [ 7.62178378023482, 45.094070108311399 ], [ 7.62178379091428, 45.094070070427499 ], [ 7.62179454927906, 45.093990728414497 ], [ 7.62179898563471, 45.093952710249397 ], [ 7.6218154648119, 45.093862974996298 ], [ 7.62182211338736, 45.093833115031302 ], [ 7.62182211462392, 45.093833075236297 ], [ 7.62181748637546, 45.093791846491598 ], [ 7.62180406680431, 45.093737596013298 ], [ 7.62180600394396, 45.093699537603598 ], [ 7.62182838199926, 45.093652012705299 ], [ 7.6218665097317, 45.093555241081603 ], [ 7.6218665175258, 45.0935551809632 ], [ 7.62186057356917, 45.0935165972882 ], [ 7.621831996487, 45.093427840047802 ], [ 7.62180599045416, 45.093370027804603 ], [ 7.62179605114687, 45.093334592717298 ], [ 7.62179087937064, 45.093261682880403 ], [ 7.62177704757272, 45.093174712143302 ], [ 7.62176984580179, 45.093099107937498 ], [ 7.62177032783842, 45.093000359678904 ], [ 7.62178550749525, 45.092927376097599 ], [ 7.62180646619549, 45.0928941677317 ], [ 7.6218683366295, 45.0928292928876 ], [ 7.62190789713179, 45.092786702344497 ], [ 7.62194029666991, 45.092767196498997 ], [ 7.62198178363246, 45.092735913131897 ], [ 7.62203551979488, 45.092697506170701 ], [ 7.62203555175935, 45.092697477186903 ], [ 7.62206846388852, 45.092660617393598 ], [ 7.62214283962038, 45.092612411933302 ], [ 7.62218464460571, 45.092589283056498 ], [ 7.62218467743097, 45.0925892609107 ], [ 7.6222347449376, 45.092548536685698 ], [ 7.62233368924842, 45.092471338881197 ], [ 7.62238532202502, 45.092431838858303 ], [ 7.62241753956285, 45.092416292278102 ], [ 7.62245174685069, 45.0923947166429 ], [ 7.6224517858213, 45.092394685466402 ], [ 7.62247322895638, 45.092372535764 ], [ 7.62252153750151, 45.092340579704 ], [ 7.62266553638546, 45.092233147142103 ], [ 7.62287065016045, 45.0921242967989 ], [ 7.62313442761177, 45.092024491836902 ], [ 7.62326805517665, 45.091977105658898 ], [ 7.62353313574568, 45.091904885601998 ], [ 7.62368970805112, 45.0918734062952 ], [ 7.6237702015336, 45.091855779920401 ], [ 7.62391203631148, 45.091829802103703 ], [ 7.6241083176198, 45.091799347911603 ], [ 7.6242174820512, 45.091781053602801 ], [ 7.62421753541098, 45.091781039813199 ], [ 7.62431902270481, 45.091744871928398 ], [ 7.62448582895789, 45.091719960257997 ], [ 7.62470393411432, 45.091668939694898 ], [ 7.62483419428019, 45.091633722018699 ], [ 7.62503847775609, 45.091567324734797 ], [ 7.6256095800806, 45.091313045698101 ], [ 7.6257728442414, 45.091225394736199 ], [ 7.62594171297722, 45.0911390204745 ], [ 7.62648305594831, 45.090772883761602 ], [ 7.62666825097655, 45.090675532824598 ], [ 7.62673625692278, 45.090636592067597 ], [ 7.6267705268259, 45.090615322988803 ], [ 7.6269840868087, 45.090478021018903 ], [ 7.62704276802187, 45.090430917902601 ], [ 7.62733973708924, 45.0901551749714 ], [ 7.62757761192982, 45.089917344085201 ], [ 7.6277777969703, 45.089713187638601 ], [ 7.62802401909325, 45.0894541371363 ], [ 7.62816051459612, 45.089292348762903 ], [ 7.62825867750852, 45.089179544325603 ], [ 7.62829797394738, 45.089128359861 ], [ 7.62833236514659, 45.089075426102603 ], [ 7.62838635369732, 45.0889834761565 ], [ 7.62841847433316, 45.088924775158297 ], [ 7.62845226635903, 45.088866571934801 ], [ 7.62848426783472, 45.088818941141298 ], [ 7.6285916700446, 45.088664651989703 ], [ 7.62866576204033, 45.088543173253903 ], [ 7.62866578002679, 45.088543123678797 ], [ 7.62867315334341, 45.088489029345297 ], [ 7.62869026834124, 45.088410991574101 ], [ 7.62870923301973, 45.088378531669001 ], [ 7.62870925033167, 45.088378480070297 ], [ 7.62871303288023, 45.088340267989103 ], [ 7.62875266645244, 45.088276780349197 ], [ 7.62875268477613, 45.088276731336101 ], [ 7.62875269017209, 45.088276678501003 ], [ 7.62875268072917, 45.0882766257782 ], [ 7.62875265700956, 45.088276575528603 ], [ 7.6287526253834, 45.088276534984097 ], [ 7.62875259060962, 45.088276503507899 ], [ 7.62875254969046, 45.088276476228501 ], [ 7.62875250352527, 45.088276453595498 ], [ 7.62875246770227, 45.088276440405501 ], [ 7.62860287941942, 45.088230253023802 ], [ 7.62865853666216, 45.088117814385697 ], [ 7.62891616275078, 45.0881952442152 ], [ 7.62901133890222, 45.088235059000901 ], [ 7.62913191640484, 45.088299121307401 ], [ 7.6292252795231, 45.088361009952699 ], [ 7.62929791776475, 45.088419887667698 ], [ 7.62938041707264, 45.088500525378997 ], [ 7.62945346360652, 45.088597158432201 ], [ 7.6301491494637, 45.089813797269002 ], [ 7.63207183794503, 45.093132471586401 ], [ 7.63238575675982, 45.0936670401518 ], [ 7.63238578932276, 45.093667078972601 ], [ 7.63238582619497, 45.093667110149099 ], [ 7.63238586966221, 45.093667137128698 ], [ 7.6323859182256, 45.093667159461901 ], [ 7.63238597053616, 45.093667175949498 ], [ 7.63238602599435, 45.0936671867413 ], [ 7.63238608280152, 45.093667191387802 ], [ 7.63238614095769, 45.093667190188697 ], [ 7.63238619716531, 45.093667182694404 ], [ 7.63238624797701, 45.093667170403599 ], [ 7.63416943197376, 45.093077133003398 ], [ 7.63616846390352, 45.092416009890997 ], [ 7.63743102583373, 45.094439193901202 ], [ 7.63743106113211, 45.0944392338086 ], [ 7.63743110553614, 45.094439268994599 ], [ 7.63784272905878, 45.0946836648193 ], [ 7.63825435415515, 45.094928050189402 ], [ 7.63864439822044, 45.095159625616297 ], [ 7.63947913365513, 45.0964465392764 ], [ 7.63954562143334, 45.096549039506598 ], [ 7.63968793914711, 45.096768468690001 ], [ 7.63820769792698, 45.096941009919703 ], [ 7.63820764756493, 45.096941019662403 ], [ 7.63820759630358, 45.096941035250602 ], [ 7.63820754878939, 45.096941056084901 ], [ 7.63820750637137, 45.096941081565703 ], [ 7.63820746671555, 45.096941113855699 ], [ 7.63820743279827, 45.096941152783501 ], [ 7.63820740729606, 45.096941198889802 ], [ 7.6382073935814, 45.096941250488399 ], [ 7.63820739403106, 45.096941302986302 ], [ 7.63820740920712, 45.096941354584899 ], [ 7.63820743764818, 45.096941402810998 ], [ 7.63820747647963, 45.096941444035302 ], [ 7.6382075263563, 45.096941480065297 ], [ 7.64091905128752, 45.098355978174503 ], [ 7.64091909609946, 45.098355996572003 ], [ 7.64091914430311, 45.098356010271701 ], [ 7.64091919961143, 45.098356019714601 ], [ 7.64091925551927, 45.0983560236117 ], [ 7.6409193118768, 45.098356021213498 ], [ 7.64091936673543, 45.098356013119499 ], [ 7.64091941979544, 45.0983559991801 ], [ 7.64091946925815, 45.098355980144397 ], [ 7.64091951422426, 45.098355955862701 ], [ 7.64091955754159, 45.098355923974303 ], [ 7.64106812689261, 45.098209972212501 ], [ 7.64178331904498, 45.097507372367403 ], [ 7.64234164425153, 45.0974886997437 ], [ 7.6427031690161, 45.097591502146102 ], [ 7.64272639985351, 45.097749609032299 ], [ 7.64272641873929, 45.0977496588322 ], [ 7.64272644736769, 45.097749701587503 ], [ 7.64272648004306, 45.097749735162203 ], [ 7.64272651946336, 45.097749764390201 ], [ 7.64272656472923, 45.097749789571203 ], [ 7.64272661494137, 45.097749809506197 ], [ 7.64272666860092, 45.097749823745403 ], [ 7.64272672510832, 45.097749832288997 ], [ 7.64272677831821, 45.097749834986899 ], [ 7.64393179851373, 45.0977132064994 ], [ 7.64450099090304, 45.098423705989298 ], [ 7.64484170333199, 45.098834588920198 ], [ 7.64484174440103, 45.098834625117902 ], [ 7.64484178771838, 45.098834652996899 ], [ 7.64484183688131, 45.098834675629803 ], [ 7.64484188619414, 45.098834691667697 ], [ 7.64499278564572, 45.098870062646199 ], [ 7.64561877468674, 45.098995827695298 ], [ 7.64587558419089, 45.099063929756603 ], [ 7.64599220775995, 45.0991205070058 ], [ 7.64599226425664, 45.099120527465402 ], [ 7.64599229191077, 45.099120534884797 ], [ 7.64621938657798, 45.099172171596003 ], [ 7.64648025685841, 45.099209806237603 ], [ 7.64648028923401, 45.099209808785702 ], [ 7.64656498817123, 45.099213252739503 ], [ 7.64695325528857, 45.099205582871399 ], [ 7.6472611570768, 45.099215733519301 ], [ 7.64760164579934, 45.099639442806101 ], [ 7.6476407739526, 45.099709610610098 ], [ 7.64764081003791, 45.099709654227198 ], [ 7.64764085219362, 45.099709689600601 ], [ 7.64764089506131, 45.099709715231199 ], [ 7.64764094227572, 45.099709736065499 ], [ 7.64764099368695, 45.099709751803701 ], [ 7.64764104794606, 45.099709761996003 ], [ 7.64764110310446, 45.099709766792401 ], [ 7.64764115901233, 45.099709765593303 ], [ 7.64764121447052, 45.099709758548599 ], [ 7.64764125351608, 45.099709750004997 ], [ 7.64888511595541, 45.099363431877002 ], [ 7.64942600780407, 45.099213714091697 ], [ 7.6497392569612, 45.099124754503897 ], [ 7.65033258108377, 45.0989546513362 ], [ 7.65204123631406, 45.098472827559 ], [ 7.65344246729609, 45.098071662777002 ], [ 7.6546811503149, 45.097721810313402 ], [ 7.65581948967775, 45.097400708875703 ], [ 7.6558195352434, 45.097400691938397 ], [ 7.65581958110883, 45.097400668556098 ], [ 7.65581962097877, 45.097400641126697 ], [ 7.65581966009928, 45.097400603729902 ], [ 7.65581969269971, 45.097400556290701 ], [ 7.65581971169788, 45.0974005052542 ], [ 7.65581971641931, 45.097400452868698 ], [ 7.65581970641437, 45.097400400145901 ], [ 7.65581968370648, 45.097400351919802 ], [ 7.6557639196692, 45.097323943045602 ], [ 7.65519106861297, 45.096539118185802 ], [ 7.65605165371088, 45.096275024173103 ], [ 7.65703215081316, 45.0959741174402 ], [ 7.6572396217112, 45.095903105943599 ], [ 7.65738488335573, 45.096118758199196 ], [ 7.65738491752996, 45.0961187946967 ], [ 7.6573849553015, 45.096118823924598 ], [ 7.65738499846896, 45.096118848955797 ], [ 7.65738504658268, 45.096118869190498 ], [ 7.6573850982937, 45.096118884329101 ], [ 7.65738515255279, 45.096118893921897 ], [ 7.65738520816088, 45.0961188979688 ], [ 7.65738526406872, 45.096118895870397 ], [ 7.65738531877749, 45.096118888076298 ], [ 7.65738536749077, 45.096118876235202 ], [ 7.65760083081375, 45.096046605366602 ], [ 7.65871076733808, 45.095733096305402 ], [ 7.65982896002424, 45.095417225753003 ], [ 7.65982900940131, 45.095417206738801 ], [ 7.65982905727951, 45.095417180658401 ], [ 7.65982910198866, 45.0954171468696 ], [ 7.65982913719068, 45.095417108969599 ], [ 7.65982916445942, 45.095417063521701 ], [ 7.65982918053481, 45.095417012372799 ], [ 7.65982918222105, 45.095416959874903 ], [ 7.65982916940569, 45.095416908276199 ], [ 7.65982914939577, 45.095416867994103 ], [ 7.65962219380924, 45.095124126677099 ], [ 7.65979936744691, 45.095137350308498 ], [ 7.66239546602798, 45.0953614020071 ], [ 7.66239552328482, 45.0953614020071 ], [ 7.6624555411903, 45.0953563783942 ], [ 7.66294021986531, 45.095315782247603 ], [ 7.66294027052712, 45.095315773853898 ], [ 7.66294032298757, 45.095315759614699 ], [ 7.66294037170084, 45.095315740279197 ], [ 7.6629404160674, 45.0953157162973 ], [ 7.66294045473824, 45.095315687518998 ], [ 7.66294049217252, 45.095315649222897 ], [ 7.66294052241223, 45.095315601109199 ], [ 7.6629405390497, 45.095315549398101 ], [ 7.66294054287181, 45.0953155147742 ], [ 7.66293187070931, 45.095017861884898 ], [ 7.66289755617731, 45.093840723070997 ], [ 7.66284871039971, 45.092164622399501 ], [ 7.66286855753793, 45.091963239911699 ], [ 7.66289101810605, 45.091735224001503 ], [ 7.66304625626726, 45.091731318020997 ], [ 7.66304629415121, 45.091731314648499 ], [ 7.66318304865882, 45.091712327262101 ], [ 7.66469971032342, 45.091501714132797 ], [ 7.66646926404536, 45.091259313566503 ], [ 7.66740399509837, 45.091134666631604 ], [ 7.66780699689546, 45.0910809276427 ], [ 7.66929482304057, 45.090878286232602 ], [ 7.67034047013663, 45.090682421106898 ], [ 7.67034051810048, 45.090682408216601 ], [ 7.67034056606432, 45.090682389630601 ], [ 7.6703406101311, 45.090682366248302 ], [ 7.67034065479743, 45.090682333273101 ], [ 7.67034069571658, 45.090682289993197 ], [ 7.6703407238204, 45.090682241767098 ], [ 7.6703407385468, 45.090682191067799 ], [ 7.67034074113235, 45.0906821558819 ], [ 7.67030577379248, 45.090061410805497 ], [ 7.67030575994577, 45.090061362384901 ], [ 7.67030573445962, 45.090061317338503 ], [ 7.67030569802102, 45.090061275921499 ], [ 7.67030565485357, 45.090061242646598 ], [ 7.67030560836719, 45.090061216352098 ], [ 7.670305560853, 45.090061196866799 ], [ 7.67030550989142, 45.090061182627501 ], [ 7.67030545668152, 45.090061173634297 ], [ 7.67030540182289, 45.090061170336803 ], [ 7.67030534726401, 45.090061172435199 ], [ 7.67030529345458, 45.090061180079402 ], [ 7.67030524174356, 45.090061193119602 ], [ 7.67030519677745, 45.090061209457303 ], [ 7.67021180083401, 45.090104900620702 ], [ 7.6701653934557, 45.089906765697201 ], [ 7.67016537187196, 45.089906718145599 ], [ 7.6701653392876, 45.089906675267201 ], [ 7.67016529946048, 45.0899066399367 ], [ 7.67016525582195, 45.089906611501 ], [ 7.67016520995652, 45.089906590067102 ], [ 7.67016516049381, 45.089906573429701 ], [ 7.67016510818325, 45.089906561888398 ], [ 7.67016505392416, 45.089906555742999 ], [ 7.67016499876573, 45.089906555143401 ], [ 7.67016494465652, 45.089906560389501 ], [ 7.67016490591074, 45.089906567284302 ], [ 7.66949477406462, 45.090066719132402 ], [ 7.66929406696767, 45.090121459837597 ], [ 7.66918416981366, 45.090147189441304 ], [ 7.66907326631821, 45.090170650954803 ], [ 7.66881901358664, 45.090220922157897 ], [ 7.6686940554863, 45.090244777574497 ], [ 7.66856845616934, 45.090266770495099 ], [ 7.66816072423808, 45.090331500098699 ], [ 7.66735420728091, 45.090456064295999 ], [ 7.66690427691088, 45.090526436246101 ], [ 7.66679876035454, 45.090541172537101 ], [ 7.66625670478317, 45.090604822954298 ], [ 7.66614475537619, 45.090617259678801 ], [ 7.66603246602551, 45.090628011073903 ], [ 7.66564961676145, 45.090659537707602 ], [ 7.66564958078858, 45.090659542878598 ], [ 7.66465501851434, 45.090853572734297 ], [ 7.66367011068712, 45.090887403430997 ], [ 7.6635067263544, 45.090887862984502 ], [ 7.66330969748458, 45.090821116201603 ], [ 7.66313119554828, 45.0907440720528 ], [ 7.6631311445867, 45.090744055543801 ], [ 7.66313109137681, 45.090744044601998 ], [ 7.66313104194409, 45.090744039625797 ], [ 7.66313099170194, 45.090744039206101 ], [ 7.6631309369932, 45.090744044002498 ], [ 7.66313088393319, 45.090744054344697 ], [ 7.66313083402082, 45.090744070232702 ], [ 7.66313078755584, 45.090744090617299 ], [ 7.66313074558749, 45.090744115948198 ], [ 7.66313070644557, 45.0907441475958 ], [ 7.6631306729137, 45.090744186138203 ], [ 7.66313064570278, 45.0907442357679 ], [ 7.66309094818877, 45.090887423216103 ], [ 7.66297504716073, 45.090882453562401 ], [ 7.66301220265109, 45.090691461841502 ], [ 7.66303821284328, 45.090557821686197 ], [ 7.66570437580634, 45.087344142805499 ], [ 7.66570440188669, 45.087344095928302 ], [ 7.66570441582616, 45.087344044217303 ], [ 7.6657044153765, 45.087343991607 ], [ 7.66570440076254, 45.087343940120803 ], [ 7.66570437198423, 45.087343891669803 ], [ 7.66570433653594, 45.087343853036401 ], [ 7.66570429921409, 45.087343823808503 ], [ 7.66570425589674, 45.087343798927201 ], [ 7.6657042079329, 45.0873437783927 ], [ 7.66570415622189, 45.087343763404 ], [ 7.66570410271222, 45.087343754110996 ], [ 7.66570406261745, 45.0873437503638 ], [ 7.66444636950439, 45.087299056306399 ], [ 7.66434176845789, 45.0872651075737 ], [ 7.66398768648259, 45.0871756896207 ], [ 7.66390150553009, 45.087156217705299 ], [ 7.66377133657795, 45.087128941447503 ], [ 7.66370689026081, 45.087114031587397 ], [ 7.66364347726471, 45.087096973246801 ], [ 7.66355558292383, 45.087069782244697 ], [ 7.66342573790752, 45.087026111166097 ], [ 7.66285657047439, 45.0868291857184 ], [ 7.66251037240582, 45.086708480736803 ], [ 7.6624509680253, 45.086688920032699 ], [ 7.66232761071821, 45.086659050287501 ], [ 7.66222147194344, 45.086640099660897 ], [ 7.66217441221937, 45.086630069522101 ], [ 7.6619171219152, 45.086530781557897 ], [ 7.66179231696193, 45.0864953954462 ], [ 7.66166702803098, 45.086460845351802 ], [ 7.66155155541001, 45.086430685927503 ], [ 7.66143343845246, 45.086402654658798 ], [ 7.66136657319457, 45.086388446098503 ], [ 7.6613161595132, 45.086379679378801 ], [ 7.66127820924702, 45.086374613722498 ], [ 7.66122116131509, 45.086370100250001 ], [ 7.6611639654447, 45.086370140831903 ], [ 7.66110238449608, 45.086374191201699 ], [ 7.66100999161785, 45.086382695704899 ], [ 7.66091742439966, 45.0863900350721 ], [ 7.66048287348589, 45.086414618040202 ], [ 7.6603214756699, 45.086424356541698 ], [ 7.66026942835399, 45.086428852059903 ], [ 7.66019210498171, 45.086439362286796 ], [ 7.66010482409091, 45.086454630227102 ], [ 7.66005847651753, 45.086467516933801 ], [ 7.66000560987106, 45.086484977399799 ], [ 7.6599646610403, 45.086494417583403 ], [ 7.65969653536689, 45.086520329749497 ], [ 7.65922595341504, 45.086564719386303 ], [ 7.65899639529602, 45.086571170351903 ], [ 7.65842088549051, 45.086614653456103 ], [ 7.65793718535287, 45.086686208801602 ], [ 7.65774103961735, 45.086716641859603 ], [ 7.6576152393019, 45.086734190480598 ], [ 7.65761518849019, 45.086734201841999 ], [ 7.65761514640193, 45.086734215511697 ], [ 7.65755569743754, 45.086758566454698 ], [ 7.65746007753489, 45.086779539929601 ], [ 7.65737883843413, 45.086801571649602 ], [ 7.65733657222506, 45.086815028590799 ], [ 7.65729348300789, 45.086827499489601 ], [ 7.65725150085615, 45.086833703012999 ], [ 7.65707386329677, 45.086842497611798 ], [ 7.65703475356357, 45.0868464256096 ], [ 7.65682158519805, 45.086885396344002 ], [ 7.65682153588523, 45.086885409534098 ], [ 7.656821481139, 45.086885431342601 ], [ 7.65671851787035, 45.086940742121598 ], [ 7.65671847357874, 45.086940773897702 ], [ 7.65671843569481, 45.086940812606002 ], [ 7.65671840444336, 45.086940861731399 ], [ 7.65671838769347, 45.086940914229402 ], [ 7.65671838589483, 45.086940967963898 ], [ 7.65671839927226, 45.0869410203494 ], [ 7.65671842670158, 45.086941070486603 ], [ 7.65671846807039, 45.086941115452703 ], [ 7.65671849156519, 45.086941135575003 ], [ 7.65688158721554, 45.087059273666597 ], [ 7.65679382096383, 45.087110733901902 ], [ 7.65658003643961, 45.087256069612003 ], [ 7.65630500577146, 45.087036294189701 ], [ 7.65625368865688, 45.086845700868501 ], [ 7.65614066815738, 45.086316628809399 ], [ 7.65610385890602, 45.086076546695303 ], [ 7.65607758341378, 45.085848224790801 ], [ 7.65607756610184, 45.085848174541198 ], [ 7.65607753383866, 45.085848125415701 ], [ 7.65607749558001, 45.085848086819801 ], [ 7.65607745496063, 45.085848058191402 ], [ 7.65607740849565, 45.085848033909699 ], [ 7.65607735783384, 45.085848015023899 ], [ 7.65607730372464, 45.085848001683999 ], [ 7.65607724721723, 45.085847994489399 ], [ 7.65607718996039, 45.085847993290301 ], [ 7.65607713300334, 45.085847997936803 ], [ 7.65607707181196, 45.0858480104149 ], [ 7.65573461860067, 45.085956428103898 ], [ 7.65525226388092, 45.086123796176302 ], [ 7.65505081394394, 45.086186855738802 ], [ 7.65483526803325, 45.085988273440101 ], [ 7.65425037460514, 45.085493800848297 ], [ 7.65371431807387, 45.085048916237 ], [ 7.65371427378226, 45.0850488879084 ], [ 7.65332818414845, 45.084858961771701 ], [ 7.65324859144937, 45.0848181928054 ], [ 7.65316604627606, 45.084764196610401 ], [ 7.65308546342345, 45.084695376890203 ], [ 7.65299893605209, 45.084610265951099 ], [ 7.65289583777275, 45.0845008805113 ], [ 7.65262734911042, 45.084177889785302 ], [ 7.65262730905312, 45.084177854224698 ], [ 7.65262726603555, 45.084177826645401 ], [ 7.65262721792182, 45.084177804162401 ], [ 7.65262716516158, 45.084177786925402 ], [ 7.65262710940363, 45.084177775833702 ], [ 7.65262705229667, 45.084177770737597 ], [ 7.65262699459018, 45.084177771786798 ], [ 7.65262694197984, 45.084177777932197 ], [ 7.65239408554366, 45.084224969969 ], [ 7.64987464719724, 45.0849135740023 ], [ 7.64978911627475, 45.084786623903597 ], [ 7.64975871217486, 45.084739051745899 ], [ 7.64946768103871, 45.0843086917927 ], [ 7.64916292462931, 45.083861993136502 ], [ 7.64873290569909, 45.083227160804903 ], [ 7.64866769645706, 45.083123243243101 ], [ 7.64861042553074, 45.083036057568101 ], [ 7.64811209784508, 45.082295095792098 ], [ 7.64811206531961, 45.082295060268898 ], [ 7.64811202919683, 45.082295031640498 ], [ 7.64811198752825, 45.0822950066093 ], [ 7.64811194241226, 45.082294986824202 ], [ 7.64811189279967, 45.0822949710861 ], [ 7.64811184063898, 45.082294960893798 ], [ 7.64811178697944, 45.082294955647797 ], [ 7.64811173691716, 45.0822949557977 ], [ 7.64783796155274, 45.082315264438002 ], [ 7.64712939590495, 45.082367834158298 ], [ 7.64674603889864, 45.0824011550893 ], [ 7.64621390195009, 45.082444844154303 ], [ 7.64609759612721, 45.081717784448202 ], [ 7.64609757708442, 45.081717736498703 ], [ 7.64609754843459, 45.0817176948729 ], [ 7.64609751092001, 45.081717658000699 ], [ 7.64609746837351, 45.081717627766402 ], [ 7.64609742370719, 45.0817176045339 ], [ 7.64609737469415, 45.081717586397602 ], [ 7.64609732223368, 45.081717573207499 ], [ 7.6460972678247, 45.081717565563302 ], [ 7.64609720659586, 45.081717563764599 ], [ 7.64494314011387, 45.081797357462101 ], [ 7.6448967117139, 45.081048348102897 ], [ 7.64481549011781, 45.079727368910497 ], [ 7.64481547629075, 45.079727319447798 ], [ 7.64481545064401, 45.079727273951697 ], [ 7.64481541672671, 45.0797272348955 ], [ 7.64481537702808, 45.0797272026483 ], [ 7.64481533431027, 45.079727177317402 ], [ 7.64481528724575, 45.079727156632998 ], [ 7.64481523613429, 45.079727140894903 ], [ 7.64481518262462, 45.079727130852397 ], [ 7.64481512117096, 45.079727126430797 ], [ 7.6437835875426, 45.079749719873803 ], [ 7.64277155526309, 45.079771736176703 ], [ 7.64198921612945, 45.079787657774297 ], [ 7.64197623621436, 45.079470773557397 ], [ 7.64191465513727, 45.0779785950362 ], [ 7.64191779197256, 45.0779065737294 ], [ 7.64282001553135, 45.0779057156264 ], [ 7.64282006619314, 45.077905711879097 ], [ 7.64282012000259, 45.077905702436297 ], [ 7.64282017111405, 45.0779056875975 ], [ 7.64282021862823, 45.077905667662499 ], [ 7.64282026149592, 45.077905643081003 ], [ 7.64282030185834, 45.077905611583297 ], [ 7.64282033680343, 45.077905573426399 ], [ 7.64282036371885, 45.0779055281551 ], [ 7.6428203799966, 45.077905472599497 ], [ 7.64286851746817, 45.076167789861699 ], [ 7.64287968435002, 45.075703700565398 ], [ 7.6428837852585, 45.075532902221703 ], [ 7.64331927812224, 45.075540547118599 ], [ 7.64331933446591, 45.075540543276901 ], [ 7.64331938872172, 45.0755405338044 ], [ 7.64331943304544, 45.075540521477897 ], [ 7.64382847900117, 45.075356826656297 ], [ 7.64427480084146, 45.075195757178498 ], [ 7.64611472831211, 45.074531740561703 ], [ 7.64611477777482, 45.074531716793899 ], [ 7.64611482428262, 45.0745316857031 ], [ 7.64611486218263, 45.074531650115603 ], [ 7.6461148932253, 45.074531606948199 ], [ 7.64611491379728, 45.0745315574854 ], [ 7.64611492054222, 45.074531523536002 ], [ 7.64612875728639, 45.074331402122603 ], [ 7.64601998990564, 45.072722345797203 ], [ 7.64601997517926, 45.072722295772401 ], [ 7.64601994824778, 45.072722248975502 ], [ 7.64601991278879, 45.072722209919299 ], [ 7.64601987141997, 45.072722177436603 ], [ 7.64601982705343, 45.072722152105698 ], [ 7.64601977789049, 45.0727221317211 ], [ 7.64601972528014, 45.072722117182003 ], [ 7.64601966982196, 45.072722108038903 ], [ 7.64601962927752, 45.072722104891298 ], [ 7.64552812302452, 45.072711692090998 ], [ 7.64638954224364, 45.070830445268903 ], [ 7.64647724412958, 45.070638919350699 ], [ 7.64662316157256, 45.070651904147802 ], [ 7.64662322172435, 45.070651902922997 ], [ 7.64662328066849, 45.070651895283099 ], [ 7.64662333339248, 45.070651882040302 ], [ 7.64662338592931, 45.070651862224999 ], [ 7.6469805892828, 45.070461703444899 ], [ 7.64891653287176, 45.069703875783297 ], [ 7.64891657633898, 45.069703854049699 ], [ 7.64891661785767, 45.069703826470501 ], [ 7.64891665582191, 45.069703791696703 ], [ 7.64891668704124, 45.069703750327903 ], [ 7.6489167086892, 45.069703702214099 ], [ 7.64891671734515, 45.069703648704497 ], [ 7.6489167154341, 45.0697036125068 ], [ 7.64889301335191, 45.069579486841398 ], [ 7.64846366149384, 45.067944592319101 ], [ 7.64846363788663, 45.067944544542598 ], [ 7.64846360294153, 45.067944501294903 ], [ 7.64846356080188, 45.067944466221299 ], [ 7.64846351452962, 45.067944437935502 ], [ 7.64846346671566, 45.067944417101202 ], [ 7.64846341515453, 45.0679444013631 ], [ 7.64846336074556, 45.067944391620401 ], [ 7.6484633046878, 45.067944387123802 ], [ 7.64846324892985, 45.067944389072302 ], [ 7.64846319377142, 45.067944396266903 ], [ 7.64846313505319, 45.0679444112182 ], [ 7.6477183076538, 45.0682211792641 ], [ 7.64630183945837, 45.068747508390899 ], [ 7.6458973927505, 45.068861962409699 ], [ 7.64555038843974, 45.068960160283197 ], [ 7.64522494537499, 45.068963753074797 ], [ 7.64423079341645, 45.068974723904397 ], [ 7.64319658745262, 45.068986119214102 ], [ 7.64320350593709, 45.068918768986101 ], [ 7.64315303036311, 45.068161581192101 ], [ 7.64315301619879, 45.068161531504501 ], [ 7.64315298775773, 45.0681614828287 ], [ 7.64315295279658, 45.068161443895598 ], [ 7.64315291532482, 45.068161414517697 ], [ 7.64315287230726, 45.068161389486598 ], [ 7.64315282449331, 45.068161368802201 ], [ 7.64315277308205, 45.068161353663598 ], [ 7.64315271897286, 45.068161343621199 ], [ 7.64315266336477, 45.068161339574203 ], [ 7.64315260760681, 45.068161341522803 ], [ 7.64315256788674, 45.068161345794501 ], [ 7.64219015974812, 45.068327668886901 ], [ 7.64219011238382, 45.0683276808778 ], [ 7.64219006382044, 45.068327698714398 ], [ 7.642190019304, 45.068327721497198 ], [ 7.64218997680033, 45.068327750725203 ], [ 7.64218993915728, 45.068327786826501 ], [ 7.64218990872485, 45.068327830202797 ], [ 7.64218988882736, 45.068327879777897 ], [ 7.64218988215741, 45.068327922046002 ], [ 7.64219918624349, 45.068988521303297 ], [ 7.64143276061344, 45.068933993609001 ], [ 7.64141666308608, 45.068829964081601 ], [ 7.64117769399542, 45.068078357030601 ], [ 7.64112967784241, 45.067913016222803 ], [ 7.64112965266139, 45.067912968896003 ], [ 7.64112961688122, 45.067912926097897 ], [ 7.64112957409918, 45.067912891666701 ], [ 7.64112952720597, 45.067912864087504 ], [ 7.64112947879246, 45.067912844002599 ], [ 7.64112942678166, 45.067912829013899 ], [ 7.64112937237269, 45.067912819570999 ], [ 7.64112931631494, 45.067912816123602 ], [ 7.64112926070687, 45.067912818371902 ], [ 7.64112920569833, 45.067912826315897 ], [ 7.64112914746723, 45.067912841979101 ], [ 7.64050221590458, 45.068154967577797 ], [ 7.64022450076016, 45.068262220724897 ], [ 7.63848331255485, 45.068934659107299 ], [ 7.6382215405917, 45.068343371049799 ], [ 7.63789478058221, 45.067605272378003 ], [ 7.63789475149877, 45.067605229740501 ], [ 7.63789471385572, 45.067605192482802 ], [ 7.63789467105227, 45.067605162398401 ], [ 7.63789462593629, 45.067605138866099 ], [ 7.63789457677335, 45.067605120430002 ], [ 7.63789452416301, 45.067605107239999 ], [ 7.63789446915448, 45.067605099895502 ], [ 7.63789441354639, 45.067605098096799 ], [ 7.63789435808821, 45.067605102143801 ], [ 7.63789430397899, 45.067605111736597 ], [ 7.63789425601516, 45.067605125676103 ], [ 7.6376576332932, 45.067695259328801 ], [ 7.63635048128975, 45.0681931860668 ], [ 7.63537198472937, 45.068565901095504 ], [ 7.63493735879712, 45.0676175247415 ], [ 7.63493732876619, 45.067617481847101 ], [ 7.63493728983839, 45.067617444589402 ], [ 7.63493724555749, 45.067617414012503 ], [ 7.63493719939228, 45.067617391229703 ], [ 7.63493714858059, 45.067617372943502 ], [ 7.63493709477117, 45.067617360802601 ], [ 7.63493703886329, 45.067617354057703 ], [ 7.63493698220602, 45.067617353458097 ], [ 7.63493692644803, 45.067617358704197 ], [ 7.63493688687788, 45.067617365898798 ], [ 7.63366704369918, 45.067925928238999 ], [ 7.63253470011637, 45.068199976847502 ], [ 7.63215656015218, 45.067341131038397 ], [ 7.63215653044244, 45.067341087678301 ], [ 7.63215649164311, 45.067341049649798 ], [ 7.63215644736221, 45.067341018922903 ], [ 7.632156401197, 45.067340995390701 ], [ 7.63215635038532, 45.0673409771045 ], [ 7.63215629612621, 45.067340964513903 ], [ 7.63215624036825, 45.067340957768998 ], [ 7.6321561831114, 45.0673409568697 ], [ 7.6321561267539, 45.067340961965897 ], [ 7.63215608688395, 45.067340969160398 ], [ 7.63087598873597, 45.067650918255303 ], [ 7.63003844471848, 45.0678536812025 ], [ 7.62964738093443, 45.066996820421998 ], [ 7.62964735075896, 45.0669967772224 ], [ 7.62964731157422, 45.066996739707797 ], [ 7.62964726735755, 45.066996709130898 ], [ 7.6296472207427, 45.066996686347998 ], [ 7.629647169931, 45.066996668061797 ], [ 7.62964711597166, 45.066996655921002 ], [ 7.62964706021371, 45.066996649326001 ], [ 7.62964700355641, 45.066996648876298 ], [ 7.62964694704902, 45.066996654272202 ], [ 7.62964688664455, 45.066996667200002 ], [ 7.62957180629388, 45.067021303790199 ], [ 7.62735293163464, 45.0675518209177 ], [ 7.6273528928218, 45.067551834459699 ], [ 7.62704568890746, 45.067686692386999 ], [ 7.62588329447851, 45.067381702603498 ], [ 7.62515303418525, 45.0671883672494 ], [ 7.62485072962752, 45.067096700252598 ], [ 7.62485067866594, 45.067096689310802 ], [ 7.62485062155898, 45.067096683315299 ], [ 7.6248505638525, 45.067096683315299 ], [ 7.6248505070453, 45.067096689310802 ], [ 7.62485045158712, 45.067096701451703 ], [ 7.62485040002598, 45.067096719737897 ], [ 7.62485035251181, 45.067096743270099 ], [ 7.62485031069334, 45.067096771298999 ], [ 7.62485027532, 45.067096803524699 ], [ 7.62485024481799, 45.067096843357199 ], [ 7.62462640378556, 45.0675228152258 ], [ 7.62279322722571, 45.067406776151799 ], [ 7.62279317611423, 45.067406776751398 ], [ 7.62279312170526, 45.067406782596997 ], [ 7.62279306879513, 45.0674067941383 ], [ 7.62279301888276, 45.067406810925597 ], [ 7.62279297271757, 45.067406832809098 ], [ 7.6227929319483, 45.067406858889498 ], [ 7.6227928916287, 45.067406894412699 ], [ 7.62279286150141, 45.067406931584699 ], [ 7.62230093414087, 45.0682286957977 ], [ 7.62164347576584, 45.069311424682603 ], [ 7.62143804722814, 45.069649728951902 ], [ 7.6211694345718, 45.070092088491599 ], [ 7.62116941725984, 45.070092133570199 ], [ 7.62112330579597, 45.070356461931198 ], [ 7.62117016032468, 45.070905129580602 ], [ 7.62139881149348, 45.0718254467495 ], [ 7.62155627030569, 45.0724301881028 ], [ 7.62069410345016, 45.0723925405334 ], [ 7.62069405293824, 45.072392541882401 ], [ 7.6206939991288, 45.072392548627299 ], [ 7.62069394756767, 45.072392560768101 ], [ 7.62069389855462, 45.0723925783049 ], [ 7.62069385388829, 45.0723926004882 ], [ 7.62069381082789, 45.072392629459202 ], [ 7.62069377267095, 45.072392664789703 ], [ 7.62069374121074, 45.072392707844799 ], [ 7.62069372018908, 45.072392757194997 ], [ 7.62069371288208, 45.0723928085688 ], [ 7.62069371674166, 45.072392850649599 ], [ 7.62098360642083, 45.073489811043501 ], [ 7.62136037188372, 45.074480897775302 ], [ 7.62142196015537, 45.074642896252698 ], [ 7.62046377928004, 45.074603718187099 ], [ 7.61958097013571, 45.074567615802899 ], [ 7.61958091857458, 45.074567617301803 ], [ 7.61958086401572, 45.0745676246462 ], [ 7.61958081140537, 45.074567637536497 ], [ 7.61958076209254, 45.074567655822698 ], [ 7.61958071697655, 45.074567678605497 ], [ 7.61958067710662, 45.074567706484501 ], [ 7.61958063828587, 45.074567743169403 ], [ 7.61958060568546, 45.074567790383803 ], [ 7.61958058646244, 45.074567841195503 ], [ 7.61958058171852, 45.074567898369899 ], [ 7.61968688194412, 45.075153938703401 ], [ 7.61970133022724, 45.075233569736 ], [ 7.61981592251684, 45.075655842805503 ], [ 7.61986192924719, 45.075810624897997 ], [ 7.61999644601672, 45.076078583634803 ], [ 7.62042584407749, 45.076843218040203 ], [ 7.62084690845813, 45.077638314956303 ], [ 7.62111400890444, 45.078142162605801 ], [ 7.62121299638272, 45.078294036740402 ], [ 7.61941617101953, 45.078332402718303 ], [ 7.61941611945839, 45.078332407664497 ], [ 7.61941606549907, 45.078332418606301 ], [ 7.6194160143876, 45.078332434944002 ], [ 7.61941596687342, 45.078332456377801 ], [ 7.61941592490506, 45.078332482757901 ], [ 7.61941588576313, 45.078332516032802 ], [ 7.6194158526167, 45.078332555602998 ], [ 7.61941582841529, 45.078332602255301 ], [ 7.61941581627446, 45.078332654753297 ], [ 7.61941581698644, 45.078332698295398 ], [ 7.61954107935736, 45.078996701336699 ], [ 7.61967334085205, 45.079700458609402 ], [ 7.61979703450561, 45.080385959644403 ], [ 7.61998762782679, 45.081830927355398 ], [ 7.61897489992175, 45.082106612430302 ], [ 7.61897485420621, 45.082106629067702 ], [ 7.61897480894033, 45.082106651400899 ], [ 7.61897476560158, 45.0821066810785 ], [ 7.61897472693072, 45.082106717179897 ], [ 7.61897469555081, 45.082106760893403 ], [ 7.61897467497881, 45.082106811030599 ], [ 7.61897466834631, 45.0821068608305 ], [ 7.61905417401096, 45.083106984999397 ], [ 7.61905418897112, 45.083107033348703 ], [ 7.6190542156296, 45.0831070781542 ], [ 7.61905425269451, 45.0831071189127 ], [ 7.61905429624739, 45.083107151416797 ], [ 7.61905434333333, 45.083107177304399 ], [ 7.61905439114727, 45.083107196190198 ], [ 7.61905444225876, 45.083107209829897 ], [ 7.6190544959183, 45.083107218373499 ], [ 7.61905455032728, 45.083107221371201 ], [ 7.61905458974756, 45.083107220247001 ], [ 7.61978288996846, 45.083046828748202 ], [ 7.61985742308167, 45.084114753892798 ], [ 7.61964826595476, 45.084152742604999 ], [ 7.61938085018363, 45.084219584491301 ], [ 7.61918757906357, 45.0842736198517 ], [ 7.61821918746557, 45.0845685239183 ], [ 7.61660323345251, 45.085063513470402 ], [ 7.61603305934074, 45.085236000291196 ], [ 7.61525128351997, 45.085480648713002 ], [ 7.61509212523001, 45.085470631036301 ], [ 7.61509207234132, 45.085470632064101 ], [ 7.61509201679748, 45.085470638873197 ], [ 7.61509197626374, 45.0854706471277 ], [ 7.61437962462003, 45.085665331240101 ], [ 7.61406355848647, 45.085764653566002 ], [ 7.61406351307072, 45.085764672301799 ], [ 7.61325325793155, 45.0861866425996 ], [ 7.61225588988497, 45.086504963033697 ], [ 7.61166154604357, 45.086738660988999 ], [ 7.61166149606696, 45.086738686940897 ], [ 7.61166145311362, 45.086738718267299 ], [ 7.61166141564186, 45.086738756750798 ], [ 7.61166138506492, 45.086738805538999 ], [ 7.61166136865229, 45.0867388576997 ], [ 7.61166136685363, 45.0867389108721 ], [ 7.61166138011865, 45.086738963482397 ], [ 7.61166140549238, 45.086739010439899 ], [ 7.6116614401311, 45.086739051235497 ], [ 7.61234181392365, 45.087389832974402 ], [ 7.6125782043207, 45.087644910384398 ], [ 7.61259804066708, 45.087667894357899 ], [ 7.61297298061862, 45.088145224822298 ], [ 7.61324589877925, 45.088673040678302 ], [ 7.61324592515936, 45.088673077850302 ], [ 7.6133322788866, 45.088763959064501 ], [ 7.61333232048025, 45.088763991964697 ], [ 7.61333236409737, 45.088764016995803 ], [ 7.61333241816912, 45.088764039104198 ], [ 7.61353204896494, 45.088821687820698 ], [ 7.61353210487279, 45.088821698612499 ], [ 7.6137745415619, 45.088847133238701 ], [ 7.61377459881873, 45.088847134437799 ], [ 7.61443798792283, 45.088805689630902 ], [ 7.6145936929446, 45.088803078898998 ], [ 7.61476528718828, 45.088800648031501 ], [ 7.61491901100362, 45.088811520835101 ], [ 7.61539905831995, 45.088956823398703 ], [ 7.61550671706141, 45.089048057821699 ], [ 7.61552970103492, 45.089067534439202 ], [ 7.61578392306108, 45.089322291305002 ], [ 7.61578395772352, 45.089322318850002 ], [ 7.6167593732965, 45.089949983405099 ], [ 7.61730373248133, 45.090298621784001 ], [ 7.61753393734136, 45.090467942541601 ], [ 7.61770018803828, 45.090607668858901 ], [ 7.61775264436909, 45.090658947752303 ], [ 7.61777885971915, 45.090698078491101 ] ] ] } },
{ "type": "Feature", "id": 2117, "properties": { "COD_AC": "AC020E00004", "FID": 2117, "RAG_SOC": "Ireti spa" }, "geometry": { "type": "Polygon", "coordinates": [ [ [ 7.62982966594923, 45.054008383194699 ], [ 7.62979766652916, 45.0541948229328 ], [ 7.62940872053605, 45.055672436933499 ], [ 7.62924880129117, 45.056277620415898 ], [ 7.62921276006085, 45.0564025362481 ], [ 7.62915203446387, 45.056572163449601 ], [ 7.6291520279438, 45.056572214935798 ], [ 7.62915203570044, 45.056572268670301 ], [ 7.62915205829591, 45.056572320044097 ], [ 7.62915208939745, 45.056572361975 ], [ 7.62915212417124, 45.0565723939009 ], [ 7.62915216524028, 45.0565724219298 ], [ 7.62915221185514, 45.056572445462002 ], [ 7.6291522629666, 45.056572463748303 ], [ 7.6291523173756, 45.056572476488697 ], [ 7.6291523737331, 45.056572482933802 ], [ 7.62915243069018, 45.056572483833101 ], [ 7.62915249356777, 45.056572477312997 ], [ 7.63010395853092, 45.056375051167699 ], [ 7.63022106914707, 45.056354961212499 ], [ 7.63326048987977, 45.055833599041399 ], [ 7.63333319433401, 45.055821127693001 ], [ 7.63434691902515, 45.055630846773703 ], [ 7.63456089337058, 45.0555851910038 ], [ 7.63481911930694, 45.055530150696001 ], [ 7.63488257337211, 45.056498327835598 ], [ 7.63488258862311, 45.056498379022003 ], [ 7.6348826145268, 45.0564984231209 ], [ 7.63488264882951, 45.056498461149403 ], [ 7.6348826908407, 45.056498494038898 ], [ 7.63488273315166, 45.056498518641803 ], [ 7.63705460188839, 45.0574960569975 ], [ 7.63710938364122, 45.057702438816499 ], [ 7.63730226438804, 45.058379278031303 ], [ 7.63737020041197, 45.058612642771799 ], [ 7.63737022384252, 45.058612687882402 ], [ 7.63737025698895, 45.058612727966498 ], [ 7.63737029615229, 45.058612761819603 ], [ 7.63737033872021, 45.058612788199703 ], [ 7.63737038653415, 45.058612810083197 ], [ 7.63737043824518, 45.058612826570702 ], [ 7.63737049295393, 45.058612837362602 ], [ 7.63737055564417, 45.058612842533698 ], [ 7.63937622243475, 45.058576979144298 ], [ 7.63940567882906, 45.058846871086303 ], [ 7.63948833203344, 45.0596475553779 ], [ 7.63948834754675, 45.059647603716499 ], [ 7.63948837666231, 45.059647651043299 ], [ 7.63948841478714, 45.059647691416401 ], [ 7.63948845872544, 45.059647723663602 ], [ 7.6394885063895, 45.059647749144403 ], [ 7.639488554803, 45.059647767280701 ], [ 7.63948860621426, 45.059647780320901 ], [ 7.63948865972392, 45.059647788115001 ], [ 7.63948871038572, 45.059647790513097 ], [ 7.64064149211123, 45.059617264525201 ], [ 7.64101492614797, 45.061194476194203 ], [ 7.64101494874344, 45.0611945241955 ], [ 7.64101498209866, 45.061194567603799 ], [ 7.64101502282509, 45.061194603191304 ], [ 7.64101506794108, 45.0611946317769 ], [ 7.64101511455595, 45.061194653060802 ], [ 7.64101516536763, 45.061194669548399 ], [ 7.64101521887729, 45.0611946803403 ], [ 7.64101527418561, 45.061194685736197 ], [ 7.641015336014, 45.061194684836899 ], [ 7.6413925249451, 45.061151838886303 ], [ 7.64201932183431, 45.061081184549103 ], [ 7.64321988169223, 45.060944816750002 ], [ 7.64437413365937, 45.060813549006099 ], [ 7.64453970784132, 45.0607947199005 ], [ 7.64477758211979, 45.060767719554697 ], [ 7.64489613524847, 45.060754272891401 ], [ 7.64518482571918, 45.060721505193399 ], [ 7.64517485313701, 45.060935873891502 ], [ 7.64516630238302, 45.061119820435898 ], [ 7.64515355539231, 45.061458274779604 ], [ 7.64512198772712, 45.062201997024601 ], [ 7.64512199638307, 45.062202047498999 ], [ 7.64512201942821, 45.062202097748703 ], [ 7.64512205342578, 45.062202141558501 ], [ 7.64512209440918, 45.062202177145998 ], [ 7.64512213997483, 45.062202205817201 ], [ 7.64512218733913, 45.062202227250999 ], [ 7.64512223845059, 45.062202243438797 ], [ 7.64512229255981, 45.062202254080802 ], [ 7.64512234816788, 45.062202259176999 ], [ 7.64512238871232, 45.062202259401801 ], [ 7.64720087776834, 45.062097357307302 ], [ 7.64860315780953, 45.062007087856898 ], [ 7.64874816899288, 45.061997661163197 ], [ 7.64937724386476, 45.062339167918303 ], [ 7.65041757151374, 45.0629032523833 ], [ 7.65136867832189, 45.063419097213597 ], [ 7.65169724574384, 45.063597291019697 ], [ 7.65198463748106, 45.063718173954598 ], [ 7.65225362537956, 45.063898092660402 ], [ 7.65352410364023, 45.064583179284597 ], [ 7.65352414912024, 45.0645831983759 ], [ 7.65352419753374, 45.0645832127951 ], [ 7.65352425299194, 45.064583222687602 ], [ 7.65352430964921, 45.064583227034397 ], [ 7.65352436630652, 45.064583224936001 ], [ 7.65352442221436, 45.064583216842003 ], [ 7.65352447587391, 45.064583203052401 ], [ 7.65352452578629, 45.064583183716998 ], [ 7.65352457135194, 45.064583159435301 ], [ 7.65352461394126, 45.064583127637903 ], [ 7.65352465132736, 45.064583088966998 ], [ 7.65352467994507, 45.064583042748303 ], [ 7.65352469680737, 45.064582990362801 ], [ 7.65352469849361, 45.0645829368531 ], [ 7.65352468931299, 45.064582892936201 ], [ 7.65307991730441, 45.063470712903197 ], [ 7.65301864649336, 45.063317493607499 ], [ 7.65354990210636, 45.063111523677897 ], [ 7.65478445723699, 45.062632833438499 ], [ 7.6559847910653, 45.062167468004297 ], [ 7.65598483468242, 45.062167446120803 ], [ 7.65598487695055, 45.062167418391702 ], [ 7.65598491495762, 45.062167383275302 ], [ 7.65598494630542, 45.062167341392602 ], [ 7.65598496763221, 45.062167294884802 ], [ 7.65639139104991, 45.060392198641097 ], [ 7.65658809256649, 45.059532982760999 ], [ 7.65666447648442, 45.059500037896498 ], [ 7.6568717917998, 45.059410633593899 ], [ 7.65711409434004, 45.0593081297664 ], [ 7.65779333204668, 45.059046165348299 ], [ 7.65866607559325, 45.058709056149503 ], [ 7.65866612402816, 45.058709031353899 ], [ 7.65866616963664, 45.058708998978297 ], [ 7.65866620599495, 45.058708962491501 ], [ 7.65866623527109, 45.058708918456901 ], [ 7.65866625370717, 45.0587088685445 ], [ 7.65866625854106, 45.058708816945902 ], [ 7.65866624909816, 45.058708765572099 ], [ 7.65866622773927, 45.058708718695001 ], [ 7.65805687612396, 45.057844555082198 ], [ 7.6589136980088, 45.0575138006215 ], [ 7.65916043510606, 45.057418552524197 ], [ 7.65940465590017, 45.057324470847703 ], [ 7.66089224248305, 45.056751405238899 ], [ 7.66089229245966, 45.056751379158598 ], [ 7.66089233571277, 45.056751348346097 ], [ 7.66089237378407, 45.056751309974999 ], [ 7.66089240469827, 45.056751261411598 ], [ 7.66089242189778, 45.056751209363398 ], [ 7.66089242437091, 45.056751155741303 ], [ 7.66089241155559, 45.0567511032434 ], [ 7.66089238457593, 45.056751053106197 ], [ 7.66089234612992, 45.056751010051102 ], [ 7.65986364649012, 45.055910822926201 ], [ 7.65875323647271, 45.054990585347298 ], [ 7.66004878373693, 45.054479738723998 ], [ 7.66004883188813, 45.054479713018402 ], [ 7.66004887304281, 45.054479682933902 ], [ 7.66004890927265, 45.054479646190202 ], [ 7.66004893785824, 45.054479602476697 ], [ 7.66004895595711, 45.054479552676803 ], [ 7.66004896067854, 45.054479501640202 ], [ 7.66004895112324, 45.054479450716101 ], [ 7.66004892998917, 45.054479403951397 ], [ 7.65944876135131, 45.053625693271201 ], [ 7.65909596001058, 45.0531238436905 ], [ 7.65864986614847, 45.0524892748602 ], [ 7.65795614665888, 45.051524280720997 ], [ 7.65787456881885, 45.051386374406697 ], [ 7.65773703673489, 45.0511854836232 ], [ 7.65806407609631, 45.051066500618603 ], [ 7.65842603433406, 45.050948128403498 ], [ 7.65842608304735, 45.050948107269399 ], [ 7.65871349134105, 45.050787365589699 ], [ 7.6587135373558, 45.0507873273028 ], [ 7.65871357457186, 45.050787280683501 ], [ 7.65871359816584, 45.0507872294883 ], [ 7.65871360689456, 45.050787177592099 ], [ 7.65871360315467, 45.050787133106702 ], [ 7.65865818172978, 45.050614279225698 ], [ 7.65863763401967, 45.050550211523102 ], [ 7.65866565149866, 45.049356242796399 ], [ 7.65870986756636, 45.049118259700002 ], [ 7.65875833922604, 45.048931186325298 ], [ 7.6588004212025, 45.048808335336403 ], [ 7.65891034533621, 45.048542236734903 ], [ 7.65898273446567, 45.048399893840099 ], [ 7.65907238967909, 45.048245614243797 ], [ 7.65907240631654, 45.048245565455503 ], [ 7.65907241013865, 45.04824551307 ], [ 7.6590723993468, 45.048245461134201 ], [ 7.65907237484027, 45.048245411783903 ], [ 7.65907233983095, 45.0482453692427 ], [ 7.65907229807672, 45.048245334426099 ], [ 7.65907225193293, 45.0482453065257 ], [ 7.65907220486841, 45.048245286290999 ], [ 7.65907215360706, 45.048245270852597 ], [ 7.6590720999475, 45.048245260660302 ], [ 7.6590720446392, 45.048245256463503 ], [ 7.65907200454443, 45.048245256538401 ], [ 7.65819707657673, 45.0482971953736 ], [ 7.65819702056181, 45.048297203467499 ], [ 7.65819697071368, 45.048297216293498 ], [ 7.65413708442146, 45.049687290211303 ], [ 7.65413703298345, 45.049687314460897 ], [ 7.65413699770434, 45.0496873361217 ], [ 7.65381777866759, 45.049926085620399 ], [ 7.65274569505783, 45.048390941089103 ], [ 7.65058363582619, 45.045294758746202 ], [ 7.65006404891678, 45.044550625848302 ], [ 7.65006401101678, 45.044550586840202 ], [ 7.65006396579372, 45.044550554079201 ], [ 7.65006391686632, 45.044550528983798 ], [ 7.65006386725372, 45.044550510697597 ], [ 7.65006381464338, 45.044550497957196 ], [ 7.6500637600845, 45.044550490912499 ], [ 7.65006370432655, 45.044550489413602 ], [ 7.65006364901823, 45.044550493910201 ], [ 7.65006359505892, 45.044550503802803 ], [ 7.65006355743728, 45.044550513995098 ], [ 7.64974654057045, 45.044659578376901 ], [ 7.64882124880165, 45.044977913200199 ], [ 7.64832708662578, 45.044254913133798 ], [ 7.64824100689199, 45.044128974884799 ], [ 7.64824097219316, 45.044128938199997 ], [ 7.64824093427175, 45.044128908822103 ], [ 7.64824089035486, 45.044128884090803 ], [ 7.64824084194136, 45.044128863856002 ], [ 7.64824078978067, 45.044128849167102 ], [ 7.64824073537169, 45.044128839874098 ], [ 7.64824067931394, 45.044128836426701 ], [ 7.64824062325621, 45.0441288389748 ], [ 7.64824056869733, 45.044128847368498 ], [ 7.64824051968428, 45.0441288595093 ], [ 7.64742086857825, 45.044413083197298 ], [ 7.64661237985752, 45.044689456553201 ], [ 7.64654813229055, 45.0445704528641 ], [ 7.64591849792789, 45.043404322538997 ], [ 7.64591846527928, 45.043404281154103 ], [ 7.6459184242959, 45.0434042456952 ], [ 7.64591837888013, 45.043404217130998 ], [ 7.64591833166572, 45.043404195847003 ], [ 7.64591828085403, 45.043404179659198 ], [ 7.64591822704458, 45.043404168867397 ], [ 7.64591817173629, 45.043404163921103 ], [ 7.64591811582843, 45.043404164520602 ], [ 7.64591806067002, 45.0434041712655 ], [ 7.64591800195177, 45.043404185167603 ], [ 7.64495512358013, 45.043742289675002 ], [ 7.64383896599554, 45.044134198934202 ], [ 7.6427860577304, 45.044503895838098 ], [ 7.642360464364, 45.044653314598897 ], [ 7.64051680650544, 45.0453005980442 ], [ 7.63838273147792, 45.046049979722902 ], [ 7.63743997667365, 45.046381007577502 ], [ 7.63623068619728, 45.046805605394397 ], [ 7.63470191943308, 45.047342356539602 ], [ 7.63470188143673, 45.047342373401797 ], [ 7.63461184176316, 45.047390747485103 ], [ 7.63435563750272, 45.047477318023901 ], [ 7.63410190604068, 45.0475585232073 ], [ 7.63196246149846, 45.048310556986699 ], [ 7.63075678269939, 45.0487336988012 ], [ 7.62952300355525, 45.0491590989419 ], [ 7.62952295242236, 45.049159122709703 ], [ 7.62952290745627, 45.049159151573598 ], [ 7.62952286994169, 45.049159185405301 ], [ 7.62952283846542, 45.049159225489298 ], [ 7.62952281595024, 45.049159272270103 ], [ 7.6295228055631, 45.0491593293996 ], [ 7.62955712935809, 45.049591011715798 ], [ 7.62959037549547, 45.050007780934401 ], [ 7.62963289544183, 45.050540774037501 ], [ 7.62971343782493, 45.0515549449049 ], [ 7.62978407957166, 45.052444558769402 ], [ 7.62988749800968, 45.0537467024484 ], [ 7.62982966594923, 45.054008383194699 ] ] ] } },
{ "type": "Feature", "id": 2118, "properties": { "COD_AC": "AC020E00005", "FID": 2118, "RAG_SOC": "Ireti spa" }, "geometry": { "type": "Polygon", "coordinates": [ [ [ 7.67399167170774, 45.025262950548303 ], [ 7.67405083269413, 45.029028293720799 ], [ 7.67809606278314, 45.033272151288799 ], [ 7.6777441942963, 45.039983198166098 ], [ 7.68017431396846, 45.042995813143797 ], [ 7.68389908217694, 45.044064725406798 ], [ 7.68457846512411, 45.0451747873866 ], [ 7.68432833735792, 45.045253488407802 ], [ 7.68432829119274, 45.0452535070688 ], [ 7.68432824592685, 45.045253532174797 ], [ 7.68432820613185, 45.0452535617775 ], [ 7.68432817050157, 45.045253597996599 ], [ 7.68432814178751, 45.045253640650202 ], [ 7.68432812264479, 45.045253689855997 ], [ 7.68432811649943, 45.0452537341476 ], [ 7.68433100317333, 45.045367464437 ], [ 7.68423018366359, 45.045494916750798 ], [ 7.68423015814533, 45.045494965258001 ], [ 7.68423014510518, 45.045495018711399 ], [ 7.68423014420586, 45.045495054628098 ], [ 7.68423379876958, 45.045530704821999 ], [ 7.68423381523844, 45.045530755689903 ], [ 7.68423384401674, 45.045530802839998 ], [ 7.6842338811459, 45.045530842345997 ], [ 7.68423392398146, 45.045530875074903 ], [ 7.68423396939722, 45.045530900180999 ], [ 7.6842340196843, 45.0455309204157 ], [ 7.68423407371858, 45.045530935329502 ], [ 7.68423413000114, 45.045530944247702 ], [ 7.68423418763271, 45.045530947395299 ], [ 7.68423424541415, 45.045530944547501 ], [ 7.68423430177165, 45.045530935554297 ], [ 7.68423435190887, 45.045530922514097 ], [ 7.68430568186176, 45.045505611095102 ], [ 7.68445813673367, 45.045533901068701 ], [ 7.68448517844826, 45.045558539794797 ], [ 7.68451648767082, 45.045655540670701 ], [ 7.68461594358346, 45.045860069099497 ], [ 7.68475986737405, 45.046126672108301 ], [ 7.68479951398643, 45.0462287703415 ], [ 7.68484688330206, 45.046354522711901 ], [ 7.68494414655515, 45.046537370903003 ], [ 7.68501469364826, 45.046764071554698 ], [ 7.68506629967004, 45.046878996368697 ], [ 7.68506204677607, 45.046917446882702 ], [ 7.6850506946339, 45.046963448104698 ], [ 7.68499671091701, 45.047022729840201 ], [ 7.68499668107077, 45.047022777335599 ], [ 7.68499666336538, 45.047022830339401 ], [ 7.68499666066742, 45.047022884636 ], [ 7.684996666513, 45.047022920608903 ], [ 7.68500589681723, 45.047053768479202 ], [ 7.68500592132376, 45.047053815131498 ], [ 7.68500595631702, 45.047053857592402 ], [ 7.68500600207538, 45.047053895271098 ], [ 7.68513431989299, 45.0471315026168 ], [ 7.68523335503534, 45.047380192142199 ], [ 7.68526388162286, 45.0475033821754 ], [ 7.68526618579839, 45.047553069437399 ], [ 7.68534501036396, 45.047883739642899 ], [ 7.68552536310506, 45.048799974339403 ], [ 7.68554316248702, 45.048924801138703 ], [ 7.68555209736397, 45.049152909847699 ], [ 7.6855772411718, 45.049265702200401 ], [ 7.68564896502778, 45.049451667160803 ], [ 7.68494699133563, 45.049643966795699 ], [ 7.68494694329685, 45.0496439842575 ], [ 7.68494689563278, 45.049644008314402 ], [ 7.68494685336464, 45.0496440370177 ], [ 7.68494681497215, 45.049644073129798 ], [ 7.68494678362436, 45.049644115783401 ], [ 7.68494676195231, 45.049644165358501 ], [ 7.68494675335251, 45.049644220498202 ], [ 7.6849467604347, 45.049644275637903 ], [ 7.68494678274912, 45.049644328473001 ], [ 7.68494681124639, 45.049644369092398 ], [ 7.68524452731316, 45.049961339943899 ], [ 7.68552561041861, 45.050333536963201 ], [ 7.68561559028728, 45.050523180600301 ], [ 7.68555323714222, 45.050850673276301 ], [ 7.68552763940156, 45.051010645581101 ], [ 7.68552977982552, 45.0511783581073 ], [ 7.68554883563532, 45.051250529732002 ], [ 7.68567844660305, 45.051555810952003 ], [ 7.68571869126464, 45.0516956645234 ], [ 7.68574822769858, 45.051902388084798 ], [ 7.68576602977851, 45.0522954376843 ], [ 7.68574888690165, 45.052523306105698 ], [ 7.68568350169232, 45.052649198601699 ], [ 7.68552301947182, 45.052778802599697 ], [ 7.68522802565292, 45.052930356350899 ], [ 7.68495903842893, 45.053024856212197 ], [ 7.68473695984289, 45.053083654786903 ], [ 7.68447045975022, 45.053104646199998 ], [ 7.68422879574738, 45.053145194345298 ], [ 7.68422874418624, 45.0531452073105 ], [ 7.68422868617998, 45.053145229343897 ], [ 7.68410226645649, 45.053211177229102 ], [ 7.68410222194003, 45.053211206756799 ], [ 7.68387308907182, 45.053407327985802 ], [ 7.68363748917881, 45.0535199240053 ], [ 7.67870671498296, 45.046370264336304 ], [ 7.66983923234474, 45.0481180516568 ], [ 7.67360587281286, 45.054362190362802 ], [ 7.67359433900759, 45.054365725597798 ], [ 7.67359191078185, 45.054362695557003 ], [ 7.67359187074329, 45.0543626587597 ], [ 7.67359182780066, 45.054362630206299 ], [ 7.67359177931222, 45.054362606449203 ], [ 7.6735917264021, 45.054362588013099 ], [ 7.67359167004459, 45.054362575422601 ], [ 7.67359161173853, 45.054362569127299 ], [ 7.67359155283296, 45.054362569127299 ], [ 7.67359149437701, 45.054362575122802 ], [ 7.67359143189286, 45.054362588987303 ], [ 7.67331209307866, 45.054457397990603 ], [ 7.67262706508706, 45.054689909611703 ], [ 7.67168836914797, 45.055008509959798 ], [ 7.67168831681866, 45.055008533904299 ], [ 7.67152545024652, 45.055107143008897 ], [ 7.6715254074645, 45.055107176990397 ], [ 7.67152536854472, 45.055107220840398 ], [ 7.67152534055332, 45.055107272439002 ], [ 7.67152532768179, 45.055107326735502 ], [ 7.67152532970526, 45.055107381875203 ], [ 7.67152534735444, 45.0551074357221 ], [ 7.67152537933658, 45.055107485690698 ], [ 7.67152539917788, 45.055107508230002 ], [ 7.6727721931822, 45.0563338190506 ], [ 7.6734933487391, 45.057334378678704 ], [ 7.67221119249257, 45.057811810766502 ], [ 7.67149545917316, 45.0568209285181 ], [ 7.6714954217014, 45.056820890896503 ], [ 7.67149538078225, 45.056820860994002 ], [ 7.67149533379268, 45.056820835887898 ], [ 7.67149528223153, 45.056820815728102 ], [ 7.67149522714807, 45.0568208016387 ], [ 7.6714951695165, 45.056820793245102 ], [ 7.67149511083575, 45.056820791296502 ], [ 7.67149505230487, 45.056820795343498 ], [ 7.6714949953478, 45.056820805610698 ], [ 7.67149494491083, 45.056820820224701 ], [ 7.67086423109942, 45.057064048766897 ], [ 7.67021012539703, 45.057316277124499 ], [ 7.66936323292691, 45.057642850637102 ], [ 7.6691381820815, 45.057729636113898 ], [ 7.6687707613616, 45.057211536683099 ], [ 7.66839403215267, 45.056679628612002 ], [ 7.66839399541161, 45.056679591290198 ], [ 7.66839395561661, 45.056679561312798 ], [ 7.66839390975119, 45.056679536281599 ], [ 7.66839385938915, 45.056679515971901 ], [ 7.66839380527994, 45.056679501058198 ], [ 7.66839374862264, 45.056679492214798 ], [ 7.66839369084122, 45.0566794890672 ], [ 7.66839363298481, 45.056679492214798 ], [ 7.66839357647742, 45.056679501283 ], [ 7.66839352634022, 45.056679514697898 ], [ 7.6681729864942, 45.056758719039699 ], [ 7.66691245984219, 45.0572114116774 ], [ 7.66653550777003, 45.056673568923898 ], [ 7.66653547205944, 45.056673531733203 ], [ 7.66653543293892, 45.056673502130501 ], [ 7.66653538819765, 45.056673476649699 ], [ 7.66653533873495, 45.056673456414899 ], [ 7.6665352856, 45.056673441276303 ], [ 7.6665352297671, 45.056673431683599 ], [ 7.66653517295991, 45.056673428386098 ], [ 7.66653511562814, 45.056673430484501 ], [ 7.66653505979522, 45.056673438653299 ], [ 7.66653500980791, 45.056673451318801 ], [ 7.66525258833633, 45.057106183803398 ], [ 7.66506304902054, 45.057170142688001 ], [ 7.66455561970864, 45.056433522276798 ], [ 7.66455558257413, 45.056433483643403 ], [ 7.66455554180486, 45.056433452766697 ], [ 7.66455549481528, 45.056433426911198 ], [ 7.66455544295437, 45.056433406151797 ], [ 7.66455538727136, 45.056433391537901 ], [ 7.66455532904025, 45.0564333826945 ], [ 7.66455526961005, 45.056433380446201 ], [ 7.66455521040469, 45.056433384493097 ], [ 7.66455515277312, 45.056433394685499 ], [ 7.6645551017366, 45.056433409449298 ], [ 7.66324944560546, 45.056937844206203 ], [ 7.66263947829184, 45.056075118665603 ], [ 7.66263944100744, 45.056075080500598 ], [ 7.66263940001335, 45.056075050373302 ], [ 7.6626393532486, 45.056075024592801 ], [ 7.66263930146265, 45.056075004358 ], [ 7.66263924607938, 45.056074990118702 ], [ 7.66263918799818, 45.056074981500203 ], [ 7.66263912901765, 45.056074979176998 ], [ 7.66263907018698, 45.056074983223901 ], [ 7.66263901293016, 45.056074993566099 ], [ 7.66263896241823, 45.056075008479901 ], [ 7.66148384440396, 45.056520979659503 ], [ 7.66104778191715, 45.056683060762197 ], [ 7.66089184768066, 45.056750932709399 ], [ 7.65940428627886, 45.057323988811099 ], [ 7.65916006548469, 45.057418069588302 ], [ 7.65891332748811, 45.057513318584803 ], [ 7.65805617105551, 45.0578442026979 ], [ 7.65805612773815, 45.057844223681997 ], [ 7.65805608591968, 45.057844250511799 ], [ 7.65805604720599, 45.057844284643203 ], [ 7.65805601476617, 45.0578443248558 ], [ 7.65805599085385, 45.057844372126397 ], [ 7.65805597882543, 45.057844424680503 ], [ 7.65805598112994, 45.057844478077698 ], [ 7.65805599782359, 45.057844530238398 ], [ 7.65805601614726, 45.057844563400899 ], [ 7.65866535652106, 45.058708709139701 ], [ 7.65779296197564, 45.059045683311702 ], [ 7.65711371077918, 45.059307652900898 ], [ 7.65687139216357, 45.059410162911199 ], [ 7.65666407448748, 45.059499569349697 ], [ 7.65658752458035, 45.0595325853891 ], [ 7.6565874764024, 45.059532612689999 ], [ 7.65658743188595, 45.0595326475066 ], [ 7.65658739661968, 45.059532686627101 ], [ 7.65658736945533, 45.059532733086698 ], [ 7.65658735692102, 45.059532767485798 ], [ 7.65639062662615, 45.0603921105076 ], [ 7.65598423828203, 45.062167056564498 ], [ 7.65478408491765, 45.062632351401902 ], [ 7.65354952978703, 45.063111042540598 ], [ 7.65301799262203, 45.063317121609401 ], [ 7.65301794238847, 45.063317147432699 ], [ 7.65301789878205, 45.0633171782452 ], [ 7.65301786003626, 45.063317216391503 ], [ 7.65301782749205, 45.063317264673799 ], [ 7.6530178087749, 45.063317316384797 ], [ 7.65301780422207, 45.063317369669697 ], [ 7.65301781304669, 45.063317420650002 ], [ 7.65307917176642, 45.063470863089897 ], [ 7.6535239359809, 45.064583021389403 ], [ 7.65355639071493, 45.064701811939102 ], [ 7.65353177447184, 45.064863189884399 ], [ 7.6523600689121, 45.064753835021499 ], [ 7.65236001675143, 45.064753833972297 ], [ 7.65235996024401, 45.064753838319 ], [ 7.65235990553526, 45.064753848511401 ], [ 7.65235985337459, 45.064753863949697 ], [ 7.65235980481119, 45.064753884334401 ], [ 7.65235976096925, 45.064753909890101 ], [ 7.65235971991091, 45.064753942362003 ], [ 7.65235968425921, 45.064753981354102 ], [ 7.65235965691019, 45.064754027588897 ], [ 7.65235964398244, 45.064754061987898 ], [ 7.65224903299152, 45.0652224115601 ], [ 7.65224903529603, 45.0652224657536 ], [ 7.65236105052213, 45.0655893474704 ], [ 7.65249698215007, 45.066034557748701 ], [ 7.65154886025603, 45.066178604601802 ], [ 7.65154880053677, 45.066178619297901 ], [ 7.65086789520867, 45.066428031571299 ], [ 7.65086784388308, 45.066428056752301 ], [ 7.65086779888486, 45.066428087061603 ], [ 7.65086776153088, 45.066428122017399 ], [ 7.65086773024732, 45.066428163386199 ], [ 7.65086770850299, 45.066428211692703 ], [ 7.65086769894771, 45.066428264752702 ], [ 7.6508677041188, 45.066428318711999 ], [ 7.65086772367905, 45.066428370704003 ], [ 7.65086774964698, 45.066428410817601 ], [ 7.65127656256334, 45.066898808932898 ], [ 7.6517086373438, 45.067395973045798 ], [ 7.65189507579714, 45.067610493729397 ], [ 7.65249622671956, 45.068302167710897 ], [ 7.65328578201326, 45.069210611580502 ], [ 7.6540272901836, 45.070062308847298 ], [ 7.65402732954767, 45.070062342927798 ], [ 7.65402737151603, 45.070062369532799 ], [ 7.65402741790606, 45.0700623917161 ], [ 7.6540274686428, 45.0700624086533 ], [ 7.65402752222742, 45.070062420794201 ], [ 7.65402757761066, 45.070062426939501 ], [ 7.65402763985125, 45.070062427501597 ], [ 7.6545097395329, 45.070019802671801 ], [ 7.65531338270648, 45.069948749934902 ], [ 7.65543167233386, 45.070658865414401 ], [ 7.65550660384673, 45.071111419556402 ], [ 7.65565980965255, 45.072049685619497 ], [ 7.65581249002945, 45.072961892365001 ], [ 7.65581250936486, 45.072961941602898 ], [ 7.65581253984547, 45.072961986906201 ], [ 7.6558125778097, 45.0729620246778 ], [ 7.65581262103069, 45.072962055479501 ], [ 7.65581266652139, 45.072962079236603 ], [ 7.65581271613398, 45.072962098422202 ], [ 7.65581276934388, 45.072962112211698 ], [ 7.6558128245023, 45.072962120305696 ], [ 7.6558128810097, 45.072962122703899 ], [ 7.65581293721732, 45.072962119556202 ], [ 7.65581299237575, 45.072962110712901 ], [ 7.6558130412389, 45.072962097822597 ], [ 7.656792283637, 45.0726149430253 ], [ 7.6582160831058, 45.072110162553997 ], [ 7.65881199907454, 45.072960648714997 ], [ 7.65944595996314, 45.073865403565499 ], [ 7.66000889959111, 45.074668778741199 ], [ 7.66002198821174, 45.074743442818203 ], [ 7.66002200727415, 45.074743491204899 ], [ 7.66002203720873, 45.074743535079001 ], [ 7.66002207443423, 45.074743572283097 ], [ 7.66002211602787, 45.074743602185499 ], [ 7.66002216324229, 45.074743627366601 ], [ 7.6600222154779, 45.0747436471516 ], [ 7.66002227131082, 45.074743661091098 ], [ 7.66002232946697, 45.074743669184997 ], [ 7.66002238874729, 45.0747436709837 ], [ 7.66002244765289, 45.074743666187302 ], [ 7.66002250483478, 45.074743655395402 ], [ 7.66002254455483, 45.074743644153898 ], [ 7.66135899961819, 45.074271710970699 ], [ 7.66127564865229, 45.075169470276101 ], [ 7.66127565522861, 45.075169522942701 ], [ 7.6612756766437, 45.075169575496801 ], [ 7.66127570673353, 45.075169618608101 ], [ 7.66127574098271, 45.075169652182801 ], [ 7.66127578167703, 45.0751696816356 ], [ 7.66127582806706, 45.075169706591701 ], [ 7.66127587925348, 45.075169726151998 ], [ 7.66127593388728, 45.075169740466201 ], [ 7.66127599730823, 45.075169749515602 ], [ 7.66239124865723, 45.075214101549598 ], [ 7.66230116401758, 45.076150022124601 ], [ 7.6623050897831, 45.076304725638899 ], [ 7.6623051029919, 45.076304777799599 ], [ 7.66230512893575, 45.0763048268849 ], [ 7.6623051640093, 45.076304868189403 ], [ 7.66230520557083, 45.076304902674202 ], [ 7.66230525038705, 45.076304929578903 ], [ 7.6623053004493, 45.076304951462397 ], [ 7.66230535448356, 45.0763049680249 ], [ 7.66230541144063, 45.076304978591899 ], [ 7.66230545355889, 45.076304982563897 ], [ 7.66308891662027, 45.0763358394275 ], [ 7.66358908806603, 45.076355527385701 ], [ 7.66451858828727, 45.076392366989197 ], [ 7.66451864119739, 45.0763923648908 ], [ 7.66451869703028, 45.076392357471398 ], [ 7.66451875083973, 45.076392344431198 ], [ 7.66451880172636, 45.076392325995101 ], [ 7.66451884804145, 45.0763923024628 ], [ 7.66451888903556, 45.076392274433999 ], [ 7.66451892655013, 45.076392239510298 ], [ 7.66451895783369, 45.076392198141498 ], [ 7.66451897964224, 45.076392150083997 ], [ 7.66451898936618, 45.076392096518099 ], [ 7.66451898441988, 45.076392042896003 ], [ 7.66451896485964, 45.076391990960197 ], [ 7.66451894490593, 45.076391958134899 ], [ 7.66425088207262, 45.076045236998098 ], [ 7.66500548521503, 45.075776294740301 ], [ 7.66566066201, 45.075543274102898 ], [ 7.66632533024983, 45.075308380177702 ], [ 7.66720363154241, 45.074997976475501 ], [ 7.66723469772319, 45.075033874713597 ], [ 7.66735532558783, 45.075210985398698 ], [ 7.66745094173264, 45.075364023930597 ], [ 7.66763983331168, 45.075624464897203 ], [ 7.66746296596816, 45.075686494735997 ], [ 7.66746292077722, 45.075686514970698 ], [ 7.66746287678538, 45.075686541650597 ], [ 7.66746283568422, 45.075686575482301 ], [ 7.66746280099609, 45.075686616144502 ], [ 7.66746277484349, 45.075686664033398 ], [ 7.66746276124122, 45.075686717767901 ], [ 7.667462762534, 45.0756867724579 ], [ 7.66746277889044, 45.0756868257427 ], [ 7.6674627970455, 45.075686859523501 ], [ 7.66798221279464, 45.076430379115898 ], [ 7.66798225236482, 45.076430419842303 ], [ 7.66798227626111, 45.076430439113601 ], [ 7.66813100524174, 45.076535628466502 ], [ 7.66813104975819, 45.076535653347797 ], [ 7.66813110296808, 45.0765356751563 ], [ 7.66813116014997, 45.076535690894502 ], [ 7.668131226756, 45.076535700431002 ], [ 7.66824132327849, 45.0765400574777 ], [ 7.66831621005011, 45.076637423534599 ], [ 7.66831624902072, 45.076637460725301 ], [ 7.66831629091414, 45.0766374896535 ], [ 7.6683163387281, 45.076637513935196 ], [ 7.66831639103865, 45.076637533045798 ], [ 7.66831644679664, 45.076637546235801 ], [ 7.66831650465302, 45.0766375535053 ], [ 7.66831656333377, 45.076637554479603 ], [ 7.66831662156489, 45.076637549308501 ], [ 7.66831667822217, 45.076637538141902 ], [ 7.66831673173184, 45.076637521054799 ], [ 7.66831678119454, 45.076637498421903 ], [ 7.66831682518638, 45.076637470992601 ], [ 7.66831686310779, 45.076637439066602 ], [ 7.6683168918861, 45.076637406316301 ], [ 7.66853117647267, 45.076322860062 ], [ 7.66853119805639, 45.076322807901299 ], [ 7.66853120526098, 45.076322750154901 ], [ 7.66848011616948, 45.075930473522597 ], [ 7.66848009472064, 45.075930418034403 ], [ 7.66840078926504, 45.075811801773298 ], [ 7.66828346011363, 45.075392938033701 ], [ 7.66808746006825, 45.074673688140301 ], [ 7.66849992962813, 45.074529391917999 ], [ 7.66905481335398, 45.074338111402298 ], [ 7.66974029550327, 45.074095863383398 ], [ 7.66974034039445, 45.074095842848898 ], [ 7.66974038416145, 45.074095816543803 ], [ 7.66974042497354, 45.074095782701399 ], [ 7.66974045959744, 45.074095742360399 ], [ 7.66974048554127, 45.074095694648101 ], [ 7.66974049919973, 45.074095641250899 ], [ 7.66974049801938, 45.074095586841899 ], [ 7.66974048200019, 45.0740955336695 ], [ 7.66974046378891, 45.074095500057297 ], [ 7.66919736736469, 45.073309617145199 ], [ 7.67023623721263, 45.072940184641901 ], [ 7.67039628056392, 45.0728832755428 ], [ 7.67116050780126, 45.072611813384498 ], [ 7.67149760383143, 45.072491386068698 ], [ 7.67221416385263, 45.072235394048299 ], [ 7.67302835337586, 45.071944515527001 ], [ 7.67323812473973, 45.071869575020898 ], [ 7.67390201056941, 45.071632385126499 ], [ 7.67481101111929, 45.071307614754701 ], [ 7.67601269423051, 45.070879912477999 ], [ 7.67696938942584, 45.070540707987298 ], [ 7.67788627433214, 45.070215751455798 ], [ 7.67879528837193, 45.069892345355498 ], [ 7.67962031652445, 45.069597873143401 ], [ 7.68054205507184, 45.069268865166102 ], [ 7.6817543352694, 45.068836142424097 ], [ 7.68175438023551, 45.0688361217397 ], [ 7.6817544241524, 45.068836095059801 ], [ 7.68175446184899, 45.068836063883303 ], [ 7.68175449490978, 45.068836026090402 ], [ 7.68175452073317, 45.068835982216299 ], [ 7.68175453589317, 45.068835932038901 ], [ 7.68175453769182, 45.0688358775175 ], [ 7.68175452459543, 45.068835823726801 ], [ 7.68175450329274, 45.068835781346301 ], [ 7.68085094071841, 45.067564930477197 ], [ 7.68174241707891, 45.067237594339602 ], [ 7.68209807376712, 45.067108573102203 ], [ 7.68245418101572, 45.066979250591999 ], [ 7.68326938857149, 45.066682189231699 ], [ 7.68458507334253, 45.066204472958098 ], [ 7.6857012300278, 45.065799294202101 ], [ 7.68659245446573, 45.0671229991272 ], [ 7.68713554976586, 45.067909538094703 ], [ 7.68764606341512, 45.068648862654896 ], [ 7.68820544021019, 45.069458937442597 ], [ 7.68820547597698, 45.069458975251599 ], [ 7.68820551524738, 45.069459005154002 ], [ 7.68820556043831, 45.069459030634803 ], [ 7.68820561012586, 45.069459051394198 ], [ 7.6882056637854, 45.069459066532801 ], [ 7.68820572006798, 45.069459076125497 ], [ 7.68820577747469, 45.069459079722797 ], [ 7.68820583510626, 45.069459077174699 ], [ 7.68820589161365, 45.069459068706102 ], [ 7.68820594572288, 45.069459054541802 ], [ 7.68820599653456, 45.069459034981499 ], [ 7.6882060393273, 45.069459012498498 ], [ 7.68917501251684, 45.068825124379998 ], [ 7.68960231851366, 45.069439798921898 ], [ 7.68960234760031, 45.069439830693703 ], [ 7.68964607560594, 45.069478536705198 ], [ 7.68956799010642, 45.069508566224499 ], [ 7.68956794006557, 45.069508591790999 ], [ 7.68956789634139, 45.069508622250197 ], [ 7.68956785996168, 45.0695086571845 ], [ 7.68956782996287, 45.069508698232198 ], [ 7.68956780912589, 45.069508745832003 ], [ 7.6895678001889, 45.069508798723398 ], [ 7.68956780558481, 45.069508851614799 ], [ 7.68956782766316, 45.069508907350198 ], [ 7.68983113809662, 45.0698906285497 ], [ 7.68984778050071, 45.069918726630497 ], [ 7.68995661932132, 45.0700699735442 ], [ 7.68997696136773, 45.070095566057603 ], [ 7.6900825637531, 45.070248268074401 ], [ 7.69008260000704, 45.070248306014598 ], [ 7.69008263995192, 45.070248336291698 ], [ 7.69008268566746, 45.070248361922403 ], [ 7.69008273640421, 45.070248382681797 ], [ 7.69008279066331, 45.070248397595499 ], [ 7.69008284769531, 45.070248406813597 ], [ 7.69008290585146, 45.0702484100361 ], [ 7.69008296408258, 45.070248406888503 ], [ 7.69008302103963, 45.070248397745402 ], [ 7.69008307147662, 45.070248384255599 ], [ 7.69043744393292, 45.070120959314899 ], [ 7.69054724345432, 45.0702723679942 ], [ 7.69054727948341, 45.070272404772702 ], [ 7.69054731875381, 45.0702724337009 ], [ 7.69054736379485, 45.070272458357302 ], [ 7.69054741303273, 45.070272478592102 ], [ 7.69054746594284, 45.070272492981204 ], [ 7.69054752140104, 45.0702725022742 ], [ 7.69054757805834, 45.070272505721597 ], [ 7.69054763471561, 45.070272503173598 ], [ 7.6905476903237, 45.0702724947799 ], [ 7.69054773986134, 45.0702724825641 ], [ 7.69071203213463, 45.0702167380121 ], [ 7.69083168535904, 45.070383241924397 ], [ 7.69083172417978, 45.070383280688901 ], [ 7.69083176307545, 45.070383309167397 ], [ 7.69112112833744, 45.070552066424803 ], [ 7.69164506629539, 45.070982449259297 ], [ 7.691645107176, 45.070982475750696 ], [ 7.6916451529515, 45.070982497769101 ], [ 7.6916452070607, 45.070982516205198 ], [ 7.69164526446744, 45.070982528870701 ], [ 7.69164532382268, 45.070982534866097 ], [ 7.69164538385242, 45.070982534866097 ], [ 7.69164544313275, 45.070982527971303 ], [ 7.69164550627265, 45.070982513095103 ], [ 7.69207189340318, 45.070830925506897 ], [ 7.69266309827343, 45.071669845711902 ], [ 7.6926631347709, 45.0716698832586 ], [ 7.69266317471579, 45.071669913236001 ], [ 7.69266322035638, 45.0716699382671 ], [ 7.69266327079337, 45.071669958576798 ], [ 7.69266332497751, 45.071669973490501 ], [ 7.69266338155987, 45.071669982633701 ], [ 7.6926634393413, 45.071669985781298 ], [ 7.69266349727262, 45.071669982633701 ], [ 7.69266355378004, 45.071669973715402 ], [ 7.69266360796418, 45.0716699588016 ], [ 7.69266365832623, 45.071669938491901 ], [ 7.69266370404176, 45.071669913236001 ], [ 7.69266374786497, 45.0716698796613 ], [ 7.69385950731044, 45.070462078462199 ], [ 7.69424028453655, 45.071016938018801 ], [ 7.69424032005978, 45.071016975453098 ], [ 7.69424035933016, 45.071017005505503 ], [ 7.69424040414639, 45.071017031361002 ], [ 7.69424045383392, 45.071017051895502 ], [ 7.69424050726865, 45.071017067108997 ], [ 7.69424056317649, 45.071017076926601 ], [ 7.69424062058323, 45.071017080523902 ], [ 7.69424067813983, 45.071017078275602 ], [ 7.6942407345723, 45.071017070181703 ], [ 7.6942407886815, 45.071017056242198 ], [ 7.69424083956815, 45.071017036981701 ], [ 7.69424088243583, 45.0710170144987 ], [ 7.6949316444861, 45.070570948084601 ], [ 7.69493168519916, 45.070570913217097 ], [ 7.694931718905, 45.070570871867098 ], [ 7.69493174476051, 45.070570820661899 ], [ 7.69493175600202, 45.070570766927403 ], [ 7.69493175223612, 45.070570712687001 ], [ 7.69493173374382, 45.070570659795699 ], [ 7.69493170365667, 45.070570613400299 ], [ 7.69493166800498, 45.0705705766566 ], [ 7.69443647336459, 45.070180217892798 ], [ 7.69443643057186, 45.070180190988097 ], [ 7.69423579084912, 45.070080811780102 ], [ 7.69439820571267, 45.069916313187399 ], [ 7.69459884696641, 45.0700156821067 ], [ 7.69459890446592, 45.070015703611901 ], [ 7.69545987075149, 45.070229649803501 ], [ 7.6954599226124, 45.0702296587218 ], [ 7.69545998024393, 45.0702296623191 ], [ 7.69546003772561, 45.070229660070801 ], [ 7.695460094233, 45.070229651976902 ], [ 7.69546014856706, 45.070229637962498 ], [ 7.69546019915391, 45.070229618627103 ], [ 7.69546024217148, 45.070229596368797 ], [ 7.69584937065196, 45.069978297160702 ], [ 7.6965157269193, 45.069547974259699 ], [ 7.69733444812636, 45.069019224157898 ], [ 7.69803756238366, 45.068569050521297 ], [ 7.69876460400332, 45.068103542544499 ], [ 7.69974683005222, 45.067474640342397 ], [ 7.70049056308909, 45.0669984124468 ], [ 7.70092103887487, 45.066722764843803 ], [ 7.70106120366791, 45.066633015707403 ], [ 7.70106124742154, 45.066632978265098 ], [ 7.70106128031102, 45.066632937602897 ], [ 7.70106130439198, 45.066632889577498 ], [ 7.70106131602694, 45.066632836236501 ], [ 7.70106131304794, 45.066632782277097 ], [ 7.70106129551118, 45.066632729554399 ], [ 7.70106126617882, 45.066632683094802 ], [ 7.70106122872848, 45.066632644167001 ], [ 7.70106118592504, 45.066632612080397 ], [ 7.70106114410656, 45.066632588847902 ], [ 7.7003249826119, 45.066306053181798 ], [ 7.69951426806904, 45.0659072793975 ], [ 7.69892238093461, 45.065600214299899 ], [ 7.69892233212498, 45.0656001947183 ], [ 7.69892228537522, 45.065600181513197 ], [ 7.69892224009435, 45.065600172909697 ], [ 7.69868605002125, 45.065572530148202 ], [ 7.69882589639803, 45.065429616183899 ], [ 7.69905291878222, 45.065451744761603 ], [ 7.69905297083049, 45.065451744864703 ], [ 7.69905302402988, 45.065451739830003 ], [ 7.69905307751257, 45.065451729239001 ], [ 7.69905313182076, 45.065451712061403 ], [ 7.6990531877648, 45.0654516861361 ], [ 7.69905323390813, 45.065451656076803 ], [ 7.69905325910067, 45.0654516354846 ], [ 7.69952350298233, 45.065007545237101 ], [ 7.70004233198807, 45.064514453479298 ], [ 7.70007961574422, 45.0645569493688 ], [ 7.70017382546172, 45.064647577423798 ], [ 7.70041956925778, 45.064890490828503 ], [ 7.70047542322725, 45.064944165515897 ], [ 7.70052993653239, 45.064988116958098 ], [ 7.70052997036938, 45.064988139216297 ], [ 7.70059369464332, 45.065023332161097 ], [ 7.70064421046197, 45.0650555998361 ], [ 7.70066884002625, 45.065076704338999 ], [ 7.70066887223323, 45.065076726709599 ], [ 7.70070612968419, 45.065098762797703 ], [ 7.70075855476354, 45.0651489972972 ], [ 7.70075858590257, 45.065149020960597 ], [ 7.7008974316712, 45.065240132626101 ], [ 7.70107214369577, 45.065357891428597 ], [ 7.70124363288738, 45.065461818208398 ], [ 7.7013580387363, 45.065527914444203 ], [ 7.70148851378394, 45.065588833957598 ], [ 7.70159953138082, 45.065641149881699 ], [ 7.7016533649109, 45.0656615261586 ], [ 7.70179304255242, 45.065734218865401 ], [ 7.70188219740555, 45.065776241880101 ], [ 7.70197380234915, 45.065826281563901 ], [ 7.70200712639032, 45.065840257028498 ], [ 7.70211031943575, 45.065878171040801 ], [ 7.70225550947173, 45.065945712712001 ], [ 7.70234600746233, 45.0659772619411 ], [ 7.70246808767591, 45.066032675130401 ], [ 7.70253147981898, 45.066059197149301 ], [ 7.70253151309389, 45.066059208615698 ], [ 7.70258606169745, 45.066074751148903 ], [ 7.70268751961339, 45.066109107949003 ], [ 7.7028466447569, 45.066183085281203 ], [ 7.7028928303961, 45.066226102608802 ], [ 7.70289287777913, 45.066226135771402 ], [ 7.70294040121609, 45.066251397559 ], [ 7.70294043954971, 45.0662514139716 ], [ 7.70304751732908, 45.066289166611803 ], [ 7.7030858419381, 45.066303951466203 ], [ 7.70327077543224, 45.066389812777203 ], [ 7.70336224227371, 45.066421755853199 ], [ 7.70341456303169, 45.066437450428097 ], [ 7.70350367505461, 45.066475677910297 ], [ 7.70355229324754, 45.0664989725434 ], [ 7.70359031753918, 45.0665131985253 ], [ 7.70373257353699, 45.066573091125299 ], [ 7.70377876238001, 45.066588809026399 ], [ 7.70393852941466, 45.066660436430098 ], [ 7.70399728223634, 45.066680879481602 ], [ 7.70404705622673, 45.066693599829797 ], [ 7.70412419137838, 45.066722354153399 ], [ 7.70412422210521, 45.066722363296499 ], [ 7.70420762388278, 45.066743562565399 ], [ 7.70424598131703, 45.0667609197057 ], [ 7.70430035123652, 45.066783586050001 ], [ 7.70440234526082, 45.066817450752303 ], [ 7.70447026998704, 45.066835208877798 ], [ 7.7045188531626, 45.066849642996701 ], [ 7.70462399297794, 45.066897545385501 ], [ 7.70462403659505, 45.0668975612735 ], [ 7.70472342194842, 45.066925411778399 ], [ 7.70476694986615, 45.066938932635701 ], [ 7.70480783231568, 45.066949031572598 ], [ 7.70488630923709, 45.066980952109297 ], [ 7.70500114029669, 45.067018655511603 ], [ 7.70511190748857, 45.067050590212602 ], [ 7.70517744917999, 45.067069536567402 ], [ 7.70534575775056, 45.0671142916663 ], [ 7.70538363192769, 45.067123243357301 ], [ 7.70538368403484, 45.067123251237099 ], [ 7.70538373714837, 45.067123254406198 ], [ 7.70542379507213, 45.067122288662702 ], [ 7.70547485323819, 45.067136851834299 ], [ 7.70552554616705, 45.067148740422098 ], [ 7.70560669008423, 45.067172472631597 ], [ 7.7057555584036, 45.067211267586003 ], [ 7.70579873682232, 45.0672208282787 ], [ 7.70584318587062, 45.067234715665897 ], [ 7.7059658996566, 45.067263044029303 ], [ 7.7060766300325, 45.067287210836199 ], [ 7.70613441996131, 45.067307135597098 ], [ 7.70625522903938, 45.067335741176599 ], [ 7.70631846312659, 45.067349584215997 ], [ 7.70635426789947, 45.067366380339998 ], [ 7.70635432739035, 45.0673664008388 ], [ 7.70640705459194, 45.067378258050198 ], [ 7.70640710113186, 45.067378265019897 ], [ 7.70649431026425, 45.067385543607998 ], [ 7.70656754655505, 45.067399703433601 ], [ 7.70662251446751, 45.067417088115697 ], [ 7.70666850579696, 45.067430798617501 ], [ 7.70671790690591, 45.0674440624936 ], [ 7.70675896062009, 45.0674573601503 ], [ 7.7067590005275, 45.0674573702115 ], [ 7.70680803173407, 45.0674664454951 ], [ 7.70686951731443, 45.067472027811903 ], [ 7.70698959659268, 45.067504853066602 ], [ 7.70706834668314, 45.067527854801703 ], [ 7.70714773883337, 45.0675461869196 ], [ 7.70714777564939, 45.067546192652699 ], [ 7.707207323809, 45.067553061562101 ], [ 7.70728939818724, 45.067560163171002 ], [ 7.70733377793158, 45.067570333604102 ], [ 7.70738987668527, 45.067594578820596 ], [ 7.70745574068993, 45.067616609419098 ], [ 7.70745578827904, 45.0676166215599 ], [ 7.70753706608281, 45.067630689804602 ], [ 7.70760513846642, 45.067643132824401 ], [ 7.70766405473988, 45.067656840740703 ], [ 7.70770334713183, 45.0676654423063 ], [ 7.70779019233856, 45.0677006377243 ], [ 7.70779024151647, 45.067700652922902 ], [ 7.70779029124899, 45.067700663175103 ], [ 7.70779033135875, 45.067700667851597 ], [ 7.70786856466828, 45.067705737072998 ], [ 7.70786862693563, 45.067705735631201 ], [ 7.70791975189508, 45.067699491538299 ], [ 7.70795883985987, 45.067701953657298 ], [ 7.70800686922168, 45.067701601347899 ], [ 7.70807214021716, 45.0677003360017 ], [ 7.70812125517309, 45.067769394829298 ], [ 7.708121294762, 45.067769434361999 ], [ 7.70812133830417, 45.067769465763298 ], [ 7.70812138836642, 45.067769491394003 ], [ 7.7081214389533, 45.067769510429599 ], [ 7.7082673479598, 45.067809493013698 ], [ 7.7080270971666, 45.068216647411603 ], [ 7.70802707934877, 45.068216699741001 ], [ 7.70802707608874, 45.06821675578 ], [ 7.70802708851062, 45.068216811256903 ], [ 7.70802711424569, 45.068216860848104 ], [ 7.70802714964044, 45.068216902859298 ], [ 7.70802719157668, 45.068216937761498 ], [ 7.70802723706738, 45.068216965115901 ], [ 7.70802728772919, 45.0682169873741 ], [ 7.70802732666234, 45.068217000114501 ], [ 7.70824348220099, 45.068273080488297 ], [ 7.70824353286281, 45.0682730894816 ], [ 7.7082435888456, 45.068273094128003 ], [ 7.70824364505323, 45.068273092779101 ], [ 7.70824370058636, 45.068273085584501 ], [ 7.70824375417097, 45.068273073443599 ], [ 7.70824380460795, 45.068273055532103 ], [ 7.70824385092304, 45.068273032749303 ], [ 7.70824389214195, 45.068273005619801 ], [ 7.70824393032031, 45.068272971798798 ], [ 7.7082439609615, 45.068272933898797 ], [ 7.70848014509269, 45.067868547558 ], [ 7.70871319675666, 45.067458484921197 ], [ 7.70875442887382, 45.067408427756803 ], [ 7.70896301650505, 45.067202331022798 ], [ 7.70896305045447, 45.067202283021501 ], [ 7.70896307153232, 45.067202228837303 ], [ 7.70896307675962, 45.0672021727421 ], [ 7.70896306608019, 45.067202117040402 ], [ 7.70896304184667, 45.067202066943302 ], [ 7.70896300799361, 45.067202024482498 ], [ 7.70896296719223, 45.067201988830803 ], [ 7.70896292275072, 45.067201960801903 ], [ 7.70896287681037, 45.067201939293099 ], [ 7.70869999380972, 45.0671060594971 ], [ 7.70766696955508, 45.066712631282897 ], [ 7.70595013319212, 45.066058745914503 ], [ 7.70522455476942, 45.065782386048298 ], [ 7.70417512058537, 45.065382655385299 ], [ 7.70498426041536, 45.064310636526699 ], [ 7.70603096613123, 45.064700632403301 ], [ 7.70603101596866, 45.064700646267902 ], [ 7.70603107202641, 45.064700656160397 ], [ 7.70603112973289, 45.064700659757698 ], [ 7.70603118751434, 45.064700657509398 ], [ 7.70603124424658, 45.064700649415499 ], [ 7.70603129858061, 45.064700635326098 ], [ 7.70603134931736, 45.064700615541 ], [ 7.70603139555751, 45.064700590959603 ], [ 7.70603143625183, 45.0647005616567 ], [ 7.70603147361116, 45.064700524671998 ], [ 7.70659636263207, 45.063938251549096 ], [ 7.70704760646191, 45.063328513000499 ], [ 7.70780275227025, 45.063618240014797 ], [ 7.70780280188284, 45.063618254329 ], [ 7.70780285779071, 45.0636182645963 ], [ 7.7078029154972, 45.063618268867998 ], [ 7.70780297335359, 45.063618266769602 ], [ 7.70780303016076, 45.063618258975502 ], [ 7.70780308486952, 45.063618245485699 ], [ 7.70780313598099, 45.0636182263002 ], [ 7.70780318274574, 45.063618202018503 ], [ 7.70780322388973, 45.063618172940402 ], [ 7.70780326192354, 45.063618136293002 ], [ 7.70838901634011, 45.062848719293001 ], [ 7.70874577829505, 45.062390623528501 ], [ 7.7093317874071, 45.0626629791632 ], [ 7.70933183507118, 45.062662996475197 ], [ 7.70933189000476, 45.062663009890102 ], [ 7.70933194696184, 45.062663017684201 ], [ 7.7093320049681, 45.062663018883299 ], [ 7.7093320626746, 45.0626630146864 ], [ 7.70933211865741, 45.062663004044403 ], [ 7.70933217216706, 45.062662987931603 ], [ 7.70933222140494, 45.062662966572702 ], [ 7.70933226599633, 45.062662939892803 ], [ 7.70933230826447, 45.062662905587402 ], [ 7.70968505002509, 45.062277636303897 ], [ 7.70977256305338, 45.062193703476702 ], [ 7.70984580114288, 45.0621263910202 ], [ 7.70998750461967, 45.061996168288601 ], [ 7.71002395234359, 45.061980487709398 ], [ 7.71006221939598, 45.061982263870398 ], [ 7.71010214030156, 45.061990480976 ], [ 7.71020921358439, 45.062019377991902 ], [ 7.71030932701387, 45.0620569984318 ], [ 7.71038272877996, 45.062088179725798 ], [ 7.71044839937417, 45.062121865556698 ], [ 7.71044844711319, 45.062121884667299 ], [ 7.71044848608382, 45.062121896658297 ], [ 7.71048827918936, 45.062131424525703 ], [ 7.71048833636054, 45.062131433005 ], [ 7.71048836651993, 45.062131435317497 ], [ 7.71055284731111, 45.0621338334347 ], [ 7.71055290276929, 45.062133831111503 ], [ 7.71055294537468, 45.0621338259404 ], [ 7.7106099083849, 45.062123413621798 ], [ 7.71060995950708, 45.062123399725202 ], [ 7.71061001026523, 45.062123379511803 ], [ 7.71061004546728, 45.062123361429002 ], [ 7.71075957619354, 45.062032255384302 ], [ 7.71080766204403, 45.0620161125536 ], [ 7.71100207388668, 45.061984315224002 ], [ 7.71121356295561, 45.062084269473502 ], [ 7.71152094133842, 45.062373224457303 ], [ 7.71152099080113, 45.062373259025001 ], [ 7.71157761586432, 45.062402790156703 ], [ 7.71157766390312, 45.062402809791898 ], [ 7.71157770362318, 45.0624028219327 ], [ 7.71177986514869, 45.062451713575797 ], [ 7.7121238873076, 45.062534913455501 ], [ 7.71248146629668, 45.062691136786597 ], [ 7.71316518382622, 45.062987204246099 ], [ 7.71316521432824, 45.062987214888103 ], [ 7.7132275901812, 45.063006231277598 ], [ 7.71322764151749, 45.063006242444203 ], [ 7.71329504817797, 45.063015494369701 ], [ 7.71329509539239, 45.063015497367402 ], [ 7.71337923399308, 45.063015634107103 ], [ 7.71337929446892, 45.0630156288683 ], [ 7.71346688140579, 45.062999523009601 ], [ 7.71346694264534, 45.062999505272998 ], [ 7.71371128694636, 45.062897596546897 ], [ 7.71377917317034, 45.0628776963487 ], [ 7.71384758100112, 45.0628707994479 ], [ 7.71389743851603, 45.062874308602503 ], [ 7.71396795705562, 45.062885135540597 ], [ 7.71403935603149, 45.06291721166 ], [ 7.71408711452875, 45.062953721437196 ], [ 7.71412910657307, 45.062991507352201 ], [ 7.71418435462431, 45.063060578882599 ], [ 7.71419281634547, 45.063085929871797 ], [ 7.7143441581939, 45.063539547012503 ], [ 7.71434418451512, 45.063539593456099 ], [ 7.714344220488, 45.063539634439501 ], [ 7.71434426255272, 45.063539668271098 ], [ 7.71434430804343, 45.063539694950997 ], [ 7.71434435840547, 45.063539716309897 ], [ 7.7143444127395, 45.063539732122997 ], [ 7.71434446984646, 45.063539742315299 ], [ 7.71434452837733, 45.0635397459126 ], [ 7.71434458698315, 45.063539743514397 ], [ 7.71434465079755, 45.063539733678098 ], [ 7.71475662921511, 45.063430723948798 ], [ 7.71475667665436, 45.063430707086503 ], [ 7.71525254130303, 45.063206188508602 ], [ 7.71535154851021, 45.063149553028197 ], [ 7.71542016858097, 45.063099172445199 ], [ 7.71542020781389, 45.063099134223997 ], [ 7.71546698185329, 45.063036939190901 ], [ 7.71550781321006, 45.062953577470701 ], [ 7.71555487358985, 45.062749220662603 ], [ 7.71559226706328, 45.062558202074399 ], [ 7.7155922649836, 45.062558146147801 ], [ 7.71559225497862, 45.062558107758001 ], [ 7.71556673581625, 45.062495783953302 ], [ 7.71555999719618, 45.062318142668197 ], [ 7.71557116407803, 45.062124684106998 ], [ 7.71557999766881, 45.062037622650699 ], [ 7.71560748773292, 45.061686383882098 ], [ 7.71558641388196, 45.061561232764703 ], [ 7.7155946273902, 45.061472831206203 ], [ 7.71561586577963, 45.061401966427603 ], [ 7.71563618416263, 45.0613603538973 ], [ 7.71565749809508, 45.061320929417398 ], [ 7.71591525458535, 45.060909990503703 ], [ 7.71595429415538, 45.060863040496997 ], [ 7.71601030123446, 45.060831200899301 ], [ 7.71639083564361, 45.060670103842298 ], [ 7.71639087633792, 45.0606700824084 ], [ 7.71645870573598, 45.0606261264696 ], [ 7.71663682203177, 45.060487548361699 ], [ 7.71694375182149, 45.060314433870303 ], [ 7.71694378121807, 45.060314414029001 ], [ 7.71703359898395, 45.060243774530598 ], [ 7.71712567697096, 45.060154953888102 ], [ 7.71721502495349, 45.060038219638201 ], [ 7.71725380551875, 45.0599665960004 ], [ 7.7173133694165, 45.059820526596098 ], [ 7.71736940257591, 45.059683105690901 ], [ 7.71773275206493, 45.059308206208797 ], [ 7.71786210440264, 45.059188852158897 ], [ 7.71786213393039, 45.059188817160198 ], [ 7.71794699485798, 45.059055813275201 ], [ 7.71800278879772, 45.059000722605298 ], [ 7.7180649247565, 45.0589549848847 ], [ 7.71812675044924, 45.058922414138202 ], [ 7.71836429557584, 45.058845332346301 ], [ 7.71855216260226, 45.058792096865297 ], [ 7.71874329236908, 45.058731346874197 ], [ 7.7191139974131, 45.0587487955206 ], [ 7.71919509280434, 45.058753791254503 ], [ 7.71919514024358, 45.058753790954697 ], [ 7.71927811660435, 45.058747742414397 ], [ 7.71927815325173, 45.058747737692997 ], [ 7.71934381391592, 45.058735596770397 ], [ 7.71934386113034, 45.058735584030003 ], [ 7.719401236378, 45.0587156120787 ], [ 7.71940129173627, 45.058715585755699 ], [ 7.71944062915675, 45.058690251454003 ], [ 7.71944067103144, 45.058690216043203 ], [ 7.71947918933193, 45.0586468431461 ], [ 7.71952910104973, 45.058581265163298 ], [ 7.71955578650165, 45.058525727680198 ], [ 7.71957661706726, 45.058460677580797 ], [ 7.71957985342755, 45.058399479895897 ], [ 7.71957773282617, 45.058154277098303 ], [ 7.7195949332596, 45.058097925578899 ], [ 7.71961582181279, 45.058046993374099 ], [ 7.71964261351587, 45.058003138833797 ], [ 7.71968724327172, 45.057951746176201 ], [ 7.71973037205908, 45.057916347061798 ], [ 7.71982052279895, 45.057853575282302 ], [ 7.71993858040122, 45.0577771059287 ], [ 7.72010533057517, 45.057679942404 ], [ 7.72010536471086, 45.057679918083799 ], [ 7.72014438187651, 45.057646147551701 ], [ 7.72018360968587, 45.0576017857938 ], [ 7.72025674075604, 45.057527167244999 ], [ 7.7204652440758, 45.0573456211036 ], [ 7.72058414614151, 45.057249980002602 ], [ 7.72061880241586, 45.057225323290098 ], [ 7.72078808360322, 45.057104851008098 ], [ 7.7209038318027, 45.057057852887702 ], [ 7.72099820575888, 45.057006768809899 ], [ 7.7210671813429, 45.056959828808097 ], [ 7.72114381474245, 45.056894455900199 ], [ 7.72114384353361, 45.056894424578097 ], [ 7.72117673731663, 45.056849564955499 ], [ 7.7212966467354, 45.056695200935302 ], [ 7.72133100156827, 45.056643363450497 ], [ 7.72136121558518, 45.056581291343598 ], [ 7.72138335509532, 45.056511185817598 ], [ 7.72149355138634, 45.056027898468798 ], [ 7.72157092714413, 45.055845239022901 ], [ 7.72157093624975, 45.055845199621302 ], [ 7.72157642368806, 45.055783028851302 ], [ 7.72151125274218, 45.055403392152897 ], [ 7.7215222838264, 45.0553313429672 ], [ 7.72157284820844, 45.055262355972999 ], [ 7.7216143905917, 45.055221819931099 ], [ 7.72183885058251, 45.0550410624951 ], [ 7.72195850628009, 45.054951100612897 ], [ 7.72219611345992, 45.054797909196203 ], [ 7.72232088517576, 45.054728445729999 ], [ 7.72249696804818, 45.0545989313269 ], [ 7.72255826370295, 45.0545430871938 ], [ 7.72283479893687, 45.054265255755702 ], [ 7.72283483181834, 45.054265208485099 ], [ 7.72283484794991, 45.054265173524001 ], [ 7.72286198218229, 45.054178339146603 ], [ 7.72287095235761, 45.054120707442202 ], [ 7.72287095213278, 45.054120671806601 ], [ 7.72286567288755, 45.054081399349698 ], [ 7.72285257482401, 45.054048562816 ], [ 7.72273359845186, 45.053807731116997 ], [ 7.72265389682241, 45.053664226129399 ], [ 7.72260174772253, 45.053580083404199 ], [ 7.72260171752031, 45.0535800469817 ], [ 7.72255944501866, 45.053540869890298 ], [ 7.72248806311117, 45.053491002932503 ], [ 7.72241559512509, 45.053453483056103 ], [ 7.72241554857875, 45.053453464106099 ], [ 7.72241551431458, 45.0534534537639 ], [ 7.72171952763415, 45.053280902191901 ], [ 7.72165651611037, 45.053263264163398 ], [ 7.72165646424947, 45.053263254046001 ], [ 7.72159484601109, 45.0532561435991 ], [ 7.72159480344747, 45.053256141337897 ], [ 7.7215142997202, 45.053256815949297 ], [ 7.7215142507821, 45.053256819996299 ], [ 7.72143742081911, 45.053268306568398 ], [ 7.72126953380574, 45.0533059141367 ], [ 7.72103775277138, 45.053361930321401 ], [ 7.72081208920662, 45.0534180065358 ], [ 7.72073886460697, 45.053427053715602 ], [ 7.72068232512925, 45.053429811036999 ], [ 7.72062895935903, 45.053427057312902 ], [ 7.72056810403484, 45.053409745363503 ], [ 7.7205293738316, 45.053393294065302 ], [ 7.72044463790974, 45.053342062386299 ], [ 7.72043588930489, 45.053302435558997 ], [ 7.72045838494654, 45.053266394328702 ], [ 7.72048410375845, 45.0532420442849 ], [ 7.72065453338007, 45.053127376227501 ], [ 7.72105654877075, 45.052882641470802 ], [ 7.72135919986721, 45.052682739716701 ], [ 7.72154065068054, 45.052578805967201 ], [ 7.72162926009482, 45.052533795460803 ], [ 7.72162928932278, 45.052533777586802 ], [ 7.72167465483649, 45.052502017916296 ], [ 7.72167469620531, 45.052501979301702 ], [ 7.72170159318528, 45.052467605358302 ], [ 7.72170161904079, 45.052467554546602 ], [ 7.72170163101301, 45.052467499013403 ], [ 7.72170163078818, 45.052467461466698 ], [ 7.72169146249104, 45.052395873071099 ], [ 7.72177764901932, 45.052371979882999 ], [ 7.72184106958474, 45.052359719125803 ], [ 7.72184111972194, 45.052359705411099 ], [ 7.72184117030881, 45.052359685251297 ], [ 7.72184121624917, 45.052359659770502 ], [ 7.72184125649385, 45.052359630018003 ], [ 7.72184129237036, 45.052359593006599 ], [ 7.72184132102019, 45.052359549967598 ], [ 7.72184133990595, 45.052359499990999 ], [ 7.72184134563911, 45.052359447661701 ], [ 7.72180101790269, 45.051989486525699 ], [ 7.72201480533904, 45.052003213327701 ], [ 7.72201485997285, 45.052003212728202 ], [ 7.72201491820396, 45.052003205833302 ], [ 7.72201497441159, 45.052003193092901 ], [ 7.7220150273217, 45.052003174507 ], [ 7.7220150757352, 45.052003150525003 ], [ 7.72201511860289, 45.052003121746701 ], [ 7.72201515457577, 45.052003088546797 ], [ 7.7220151871762, 45.052003045491702 ], [ 7.7220152107834, 45.052002992375499 ], [ 7.7220152194956, 45.052002936898603 ], [ 7.72201521201996, 45.0520028813092 ], [ 7.7220151908859, 45.052002830160298 ], [ 7.72181908449571, 45.051710512217902 ], [ 7.72159770951671, 45.051411602750797 ], [ 7.72156160308555, 45.051366563915799 ], [ 7.72184459435973, 45.051221155810303 ], [ 7.72184464061058, 45.0512211246552 ], [ 7.72184468178668, 45.051221085984402 ], [ 7.72184471262057, 45.051221043523498 ], [ 7.72184473372253, 45.051220994028697 ], [ 7.72184474159158, 45.051220939170101 ], [ 7.72184473450944, 45.0512208845362 ], [ 7.72184471185777, 45.051220831813502 ], [ 7.72184467723386, 45.051220785217403 ], [ 7.72162618423678, 45.051012268929703 ], [ 7.72162614419125, 45.051012239303503 ], [ 7.72162611325456, 45.051012221137199 ], [ 7.72154920053523, 45.050973812329097 ], [ 7.72143298354541, 45.050928796726602 ], [ 7.72143293430751, 45.050928782187597 ], [ 7.72143287832473, 45.050928771995302 ], [ 7.72143282106788, 45.050928767798403 ], [ 7.7214327633614, 45.050928769147397 ], [ 7.72143270662916, 45.050928776716702 ], [ 7.72143264637457, 45.050928791930303 ], [ 7.7213944712779, 45.0509428501325 ], [ 7.72107455184914, 45.050856946890597 ], [ 7.72074921220644, 45.050768998590399 ], [ 7.72072374430542, 45.050749968936003 ], [ 7.72082725987019, 45.050623180715299 ], [ 7.72093091123264, 45.050496233314597 ], [ 7.72102250931891, 45.050406396887801 ], [ 7.72112916728354, 45.050298757032103 ], [ 7.72112918847382, 45.050298730502 ], [ 7.72116505534807, 45.050244310276803 ], [ 7.72116507625732, 45.050244257722603 ], [ 7.72117280002852, 45.050197064055801 ], [ 7.72117649989559, 45.050090388160903 ], [ 7.72123773434026, 45.050005815690902 ], [ 7.72123775834093, 45.050005762462298 ], [ 7.72127930139868, 45.049803919915 ], [ 7.7213033536544, 45.049749989145703 ], [ 7.7214778867701, 45.049297380201203 ], [ 7.72148890335274, 45.0492357881636 ], [ 7.72148890391482, 45.0492357527528 ], [ 7.72147934816842, 45.049149892397402 ], [ 7.72147005832158, 45.049102544946599 ], [ 7.7214324019838, 45.049015803536598 ], [ 7.72139477884599, 45.048929117884498 ], [ 7.72139266993582, 45.0488962278787 ], [ 7.7213905610256, 45.048863335174801 ], [ 7.7213987997149, 45.048830701475801 ], [ 7.72140704290075, 45.0487980533875 ], [ 7.72144129268156, 45.048697005562403 ], [ 7.72147549120103, 45.0485960692532 ], [ 7.72157336082199, 45.048342400181703 ], [ 7.72175189423456, 45.048108152868998 ], [ 7.72180531643725, 45.048040337354202 ], [ 7.72205028029623, 45.0475575096714 ], [ 7.72217861894814, 45.047311624232101 ], [ 7.72239524404534, 45.047014581757601 ], [ 7.72265539267604, 45.046733042976797 ], [ 7.72268257597764, 45.046691445510099 ], [ 7.72268259666206, 45.046691393293202 ], [ 7.72268693888115, 45.046664823857597 ], [ 7.72268693735231, 45.046664780255497 ], [ 7.72267933021197, 45.046627456891699 ], [ 7.72263949727129, 45.0465219836152 ], [ 7.72262521238372, 45.046491980320702 ], [ 7.72263541429299, 45.046453646718497 ], [ 7.72272878438094, 45.0462812197026 ], [ 7.72272879989424, 45.046281169228102 ], [ 7.72272880191771, 45.046281114987799 ], [ 7.72272879017033, 45.046281063895101 ], [ 7.72271515024119, 45.046251320327897 ], [ 7.72271512390389, 45.046251281181704 ], [ 7.72271510097119, 45.046251255641003 ], [ 7.72259156514866, 45.046136363202699 ], [ 7.72245660748649, 45.046002934388 ], [ 7.72241702292729, 45.045923504466202 ], [ 7.72241804006057, 45.045864704992198 ], [ 7.72243553097502, 45.045783347823303 ], [ 7.72245302278884, 45.045701987956399 ], [ 7.72249814807111, 45.0455531393659 ], [ 7.72256216541166, 45.045361072955203 ], [ 7.72262906895765, 45.045176343213697 ], [ 7.72270088662416, 45.044970117483203 ], [ 7.72270089325669, 45.044970082353501 ], [ 7.72270252013023, 45.0449400418495 ], [ 7.72270251158669, 45.044939990026101 ], [ 7.72270249843409, 45.044939955064898 ], [ 7.72260390036227, 45.044750154215002 ], [ 7.72251518752591, 45.044586077685402 ], [ 7.722512685612, 45.044514540213903 ], [ 7.7225440814505, 45.044475309706598 ], [ 7.72256695879815, 45.044436468268401 ], [ 7.72259531318571, 45.0443921722173 ], [ 7.7225953279121, 45.044392141134502 ], [ 7.72260931586727, 45.044350957580697 ], [ 7.72260932151304, 45.044350903271599 ], [ 7.72260931133569, 45.044350845704997 ], [ 7.7225813509299, 45.044287973673597 ], [ 7.72258132069019, 45.0442879291572 ], [ 7.72247916967797, 45.044181176819897 ], [ 7.72244913951624, 45.0441052497575 ], [ 7.72242000857659, 45.043974696525098 ], [ 7.72241998624966, 45.043974647680699 ], [ 7.72241995523109, 45.043974606271703 ], [ 7.72241993043548, 45.043974581411803 ], [ 7.72239029035467, 45.043949564146097 ], [ 7.72239024508878, 45.0439495343186 ], [ 7.7223902058184, 45.043949514495999 ], [ 7.72234363619277, 45.043930073257201 ], [ 7.72234357574547, 45.043930054978098 ], [ 7.7222765277646, 45.043917586727297 ], [ 7.72227647777729, 45.043917581706097 ], [ 7.72227642704052, 45.043917580581898 ], [ 7.72216796333089, 45.043924001741303 ], [ 7.72209965487519, 45.043929645436798 ], [ 7.72200927480821, 45.043929623853103 ], [ 7.7219395458734, 45.0439122570451 ], [ 7.72168475371721, 45.043818410428898 ], [ 7.72163005363412, 45.043803961808401 ], [ 7.72163001406395, 45.043803954164197 ], [ 7.72159044816569, 45.043798576143402 ], [ 7.72159039712918, 45.043798572995797 ], [ 7.72159033580665, 45.043798575319002 ], [ 7.72142218388672, 45.043821075682203 ], [ 7.72137690032372, 45.043819858899397 ], [ 7.72132997549801, 45.043804865402301 ], [ 7.72129389829484, 45.043769835909302 ], [ 7.72126657689108, 45.043732423212802 ], [ 7.72120742308414, 45.043447893905203 ], [ 7.72117920865361, 45.043218921116399 ], [ 7.72117549085624, 45.043178445328998 ], [ 7.72123895961033, 45.042293717481101 ], [ 7.72125780310517, 45.042242073013298 ], [ 7.72129521040569, 45.0422120743278 ], [ 7.72162317067284, 45.042062145651499 ], [ 7.72173995290798, 45.042011597328802 ], [ 7.72173999026838, 45.042011577132598 ], [ 7.72193355189194, 45.041886706806103 ], [ 7.72198389054415, 45.041869147543203 ], [ 7.72204341846901, 45.0418659162791 ], [ 7.72209171745885, 45.041875627158497 ], [ 7.72240001225083, 45.041982835339702 ], [ 7.72255809732838, 45.042037809603499 ], [ 7.72261317413373, 45.042051126708202 ], [ 7.72261322532015, 45.042051134891999 ], [ 7.72261327604191, 45.042051137949699 ], [ 7.72261331581442, 45.042051137724897 ], [ 7.72267025672702, 45.042047415374697 ], [ 7.72267031563261, 45.042047406212902 ], [ 7.72284549592297, 45.042002996341203 ], [ 7.72289310153548, 45.041999642769298 ], [ 7.72296031956313, 45.042019850535702 ], [ 7.72301438050931, 45.042061870459001 ], [ 7.72311420095251, 45.0421792125221 ], [ 7.72311423691256, 45.042179245026198 ], [ 7.72311427907576, 45.042179272905202 ], [ 7.72311432651501, 45.042179296737203 ], [ 7.72315897313315, 45.0421964041658 ], [ 7.7231590233453, 45.042196418929599 ], [ 7.72321431682302, 45.042207619985703 ], [ 7.7232143684484, 45.042207626430901 ], [ 7.72321442075895, 45.042207627822698 ], [ 7.72326172674734, 45.042205219545302 ], [ 7.72326178003218, 45.042205212500598 ], [ 7.72326183571519, 45.042205199310601 ], [ 7.72326188802576, 45.0422051804997 ], [ 7.72326192339909, 45.042205163712403 ], [ 7.72331076642253, 45.0421777813796 ], [ 7.72339284940051, 45.042128483242898 ], [ 7.72342534999996, 45.042115370228203 ], [ 7.72348828995268, 45.042111382634197 ], [ 7.72366334561195, 45.0421190489051 ], [ 7.72366339972117, 45.0421190469565 ], [ 7.72366345727778, 45.042119039312198 ], [ 7.72366351251114, 45.042119025747503 ], [ 7.72366355050751, 45.042119012370101 ], [ 7.72371497231817, 45.042097411216602 ], [ 7.72371501983234, 45.042097385286198 ], [ 7.7237822987329, 45.042050796938 ], [ 7.7237823399893, 45.042050758997902 ], [ 7.72378236354028, 45.042050729769898 ], [ 7.72380362132136, 45.042018524878799 ], [ 7.7238036363288, 45.042018493458798 ], [ 7.72381561552329, 45.0419848145226 ], [ 7.72381562204336, 45.041984779224201 ], [ 7.72382084755412, 45.041893648673003 ], [ 7.72383187414175, 45.041828670856503 ], [ 7.72384820942739, 45.041790436179703 ], [ 7.72388225056545, 45.041742974458799 ], [ 7.72416176435399, 45.041450306286698 ], [ 7.72452381443504, 45.041115024526299 ], [ 7.72452383995331, 45.041114994511503 ], [ 7.72462274564949, 45.040970559343897 ], [ 7.72467744910506, 45.0408613456746 ], [ 7.72472646845182, 45.040783608277003 ], [ 7.72478137476071, 45.040738886790201 ], [ 7.72482492263214, 45.040709642635903 ], [ 7.72488172201389, 45.040684744005802 ], [ 7.72519076998809, 45.040637152482702 ], [ 7.72519082739481, 45.040637138243397 ], [ 7.72540834600593, 45.040561550937397 ], [ 7.72563183085061, 45.040481410888397 ], [ 7.72576528670118, 45.040422193454503 ], [ 7.72591672117979, 45.040352998716997 ], [ 7.72597893594167, 45.040320973015803 ], [ 7.72605675860632, 45.0402782074421 ], [ 7.72605678699119, 45.040278188275302 ], [ 7.72615597937999, 45.040202799839399 ], [ 7.72615600109862, 45.040202779334798 ], [ 7.72623228266251, 45.040122124142997 ], [ 7.72623231290222, 45.040122078952102 ], [ 7.72623233212523, 45.040122028533801 ], [ 7.72623233791462, 45.040121978790097 ], [ 7.72622910968572, 45.040087047491802 ], [ 7.72622909304826, 45.0400869957246 ], [ 7.72621146330094, 45.040055613544503 ], [ 7.72621142878945, 45.040055571163997 ], [ 7.72617433462164, 45.0400222549357 ], [ 7.72605799017166, 45.039930932660198 ], [ 7.72605795464843, 45.039930910233402 ], [ 7.72599284699237, 45.0398964324744 ], [ 7.72595438298845, 45.039871791050402 ], [ 7.72592205236089, 45.039845496672399 ], [ 7.72589353845609, 45.039814095943797 ], [ 7.72588834936789, 45.039780305716597 ], [ 7.72589196913913, 45.039720716637802 ], [ 7.72590457223828, 45.039592788976101 ], [ 7.7259530180424, 45.039378465806102 ], [ 7.72595302051553, 45.0393784324188 ], [ 7.72595017585997, 45.039318841591303 ], [ 7.72595016067143, 45.039318788131602 ], [ 7.72595012910522, 45.039318734701901 ], [ 7.72590447780948, 45.039268898141202 ], [ 7.72584185981401, 45.039025846465698 ], [ 7.72597098717137, 45.038963200976703 ], [ 7.72597103502815, 45.038963170528199 ], [ 7.72597107787442, 45.038963132242799 ], [ 7.72597111025001, 45.038963089846199 ], [ 7.72597113314258, 45.038963040287101 ], [ 7.72597114286649, 45.038962987452003 ], [ 7.72595953790238, 45.038666756165902 ], [ 7.72596812485411, 45.038581908390903 ], [ 7.72596294363501, 45.038508169716302 ], [ 7.72596125740614, 45.038430871187799 ], [ 7.72596224755972, 45.0383862495258 ], [ 7.72598179882101, 45.038347879950798 ], [ 7.72600818942647, 45.038308353847498 ], [ 7.72604131865199, 45.038272511367403 ], [ 7.7260813618654, 45.038231914171597 ], [ 7.72612957092303, 45.0381906101086 ], [ 7.72618727322413, 45.038153785568802 ], [ 7.72629755618732, 45.038112815154399 ], [ 7.72650149814569, 45.038050575773497 ], [ 7.72665042604513, 45.038019196235197 ], [ 7.72665046229903, 45.038019185836802 ], [ 7.72682698797519, 45.037959094936397 ], [ 7.72701808491672, 45.037984782271998 ], [ 7.72711254520785, 45.038033153432302 ], [ 7.72711259646921, 45.038033173592098 ], [ 7.72717582540406, 45.038051656983399 ], [ 7.72717588116203, 45.038051668000101 ], [ 7.72742042091574, 45.038079564520302 ], [ 7.72782823955665, 45.038231078101802 ], [ 7.72782828399816, 45.038231091142002 ], [ 7.72848385754403, 45.038370043517801 ], [ 7.72848390835574, 45.038370050337598 ], [ 7.72848396396381, 45.038370052436001 ], [ 7.7284840195719, 45.038370048838701 ], [ 7.72848407383099, 45.0383700396956 ], [ 7.72848412591673, 45.038370025456402 ], [ 7.72848417955754, 45.038370003441699 ], [ 7.72894588064793, 45.038117805492398 ], [ 7.72908437354505, 45.038097244292402 ], [ 7.7293998071554, 45.038123851634502 ], [ 7.72955229889953, 45.038282336460703 ], [ 7.72959618401671, 45.038481983257 ], [ 7.72962300809541, 45.038762175302999 ], [ 7.72962301832518, 45.038762213243103 ], [ 7.72970781045464, 45.0389637592951 ], [ 7.72970783889571, 45.038963803137101 ], [ 7.72975050678053, 45.0390106551177 ], [ 7.72982076631536, 45.039131964668499 ], [ 7.72967980112572, 45.0391680234356 ], [ 7.72916909058114, 45.039328949471503 ], [ 7.72899946915022, 45.039358798569701 ], [ 7.728999417739, 45.0393588119097 ], [ 7.72899937963022, 45.039358825399503 ], [ 7.7288633750448, 45.039417196346598 ], [ 7.72877831896432, 45.039430269791197 ], [ 7.72870792168328, 45.0394223728443 ], [ 7.72870787199575, 45.039422371045603 ], [ 7.72870781856102, 45.039422373443799 ], [ 7.72870776992271, 45.0394223803386 ], [ 7.728555041507, 45.039455639815998 ], [ 7.7285549915197, 45.039455655179403 ], [ 7.72855494115765, 45.039455676987998 ], [ 7.72855489596672, 45.039455703817701 ], [ 7.72855485714599, 45.0394557352191 ], [ 7.72855482291822, 45.039455773729301 ], [ 7.72855479632398, 45.039455818374201 ], [ 7.72855478066614, 45.0394558693867 ], [ 7.72855477909233, 45.039455925088397 ], [ 7.72855478572481, 45.039455961848198 ], [ 7.72857251810728, 45.039510099011899 ], [ 7.72838620720774, 45.039572185358097 ], [ 7.72838615796987, 45.039572207091702 ], [ 7.72829946534809, 45.039620927563803 ], [ 7.728299424354, 45.039620956866699 ], [ 7.72829938733192, 45.039620992389899 ], [ 7.72829936027731, 45.039621028812498 ], [ 7.72819146636311, 45.039818846162902 ], [ 7.7274640608178, 45.039922094179403 ], [ 7.72746401038081, 45.039922105196098 ], [ 7.72746395866981, 45.039922122657899 ], [ 7.72746391115562, 45.039922144766201 ], [ 7.72746386858771, 45.039922171970701 ], [ 7.72746382926379, 45.0399222058238 ], [ 7.72746379618158, 45.039922246550198 ], [ 7.72746377166702, 45.0399222941099 ], [ 7.72746376126862, 45.039922329239602 ], [ 7.72743004006435, 45.040132098017999 ], [ 7.72737962856706, 45.0401743274833 ], [ 7.7273383649736, 45.040185720994302 ], [ 7.72719971079806, 45.040184176408602 ], [ 7.72719965863737, 45.040184179706202 ], [ 7.72719959778327, 45.040184190123298 ], [ 7.72711615058995, 45.040207007047798 ], [ 7.72704452228692, 45.0401781508385 ], [ 7.72697346250535, 45.040150312586903 ], [ 7.72697341280281, 45.040150297957901 ], [ 7.72697336217098, 45.040150288425103 ], [ 7.72697332183638, 45.040150283658697 ], [ 7.72686668112749, 45.040144773362698 ], [ 7.72686662491985, 45.040144775311198 ], [ 7.72686658163997, 45.040144779920197 ], [ 7.72673035222402, 45.040168134751703 ], [ 7.72667689742093, 45.040177249380598 ], [ 7.72657386299344, 45.040152331789699 ], [ 7.72657381203184, 45.040152323620902 ], [ 7.72657375567434, 45.040152320173497 ], [ 7.7265736994667, 45.040152322271901 ], [ 7.72657364400851, 45.040152330215903 ], [ 7.72657359079862, 45.040152343555903 ], [ 7.72657354088625, 45.040152362216801 ], [ 7.72657349517072, 45.040152385898899 ], [ 7.72657345485111, 45.040152413852901 ], [ 7.72657341574933, 45.0401524513059 ], [ 7.72657338213717, 45.040152499194797 ], [ 7.72657336099188, 45.040152555436102 ], [ 7.72656954223815, 45.040187170476599 ], [ 7.72657739069656, 45.040245700997097 ], [ 7.72657740182569, 45.040245736801403 ], [ 7.72659630332679, 45.040288149784601 ], [ 7.72665082219649, 45.0403742184455 ], [ 7.72680214813817, 45.040564111363501 ], [ 7.72693296419747, 45.040707533276098 ], [ 7.72704017046755, 45.040823218916501 ], [ 7.7271004081074, 45.040921608645398 ], [ 7.72722019669852, 45.041054282179402 ], [ 7.72722023610006, 45.041054315154597 ], [ 7.72722027731899, 45.041054340710303 ], [ 7.72722032325936, 45.041054362293998 ], [ 7.72722037287196, 45.0410543788566 ], [ 7.7272204103437, 45.041054387962198 ], [ 7.72740481413716, 45.041088509702 ], [ 7.72740485522495, 45.041088514198599 ], [ 7.72764563528788, 45.041103412892198 ], [ 7.72764568879755, 45.0411034119929 ], [ 7.72764574605439, 45.041103405547801 ], [ 7.72764580136268, 45.041103393332001 ], [ 7.72764585903172, 45.041103372797501 ], [ 7.72778081056726, 45.041037677940302 ], [ 7.72778084524736, 45.0410376568624 ], [ 7.72789447514998, 45.040956545208502 ], [ 7.72799746461135, 45.040954651236198 ], [ 7.72808556040036, 45.041053208838498 ], [ 7.72816066475167, 45.041160920752397 ], [ 7.72816070010628, 45.041160958283101 ], [ 7.72816074682105, 45.041160992885601 ], [ 7.72842022224676, 45.041304367452597 ], [ 7.72895247447718, 45.041569851367598 ], [ 7.72921527481514, 45.041755995614203 ], [ 7.729215317443, 45.041756019484801 ], [ 7.72921536414778, 45.041756038910101 ], [ 7.72921541840689, 45.041756054423402 ], [ 7.72921547551383, 45.041756064241 ], [ 7.72921553381988, 45.0417560678383 ], [ 7.72921559227582, 45.041756065440097 ], [ 7.72921564968253, 45.041756056671701 ], [ 7.72921570454119, 45.041756042207602 ], [ 7.72921575557771, 45.041756021972901 ], [ 7.72921580211763, 45.041755996417201 ], [ 7.72921584266205, 45.041755966289898 ], [ 7.72921587896683, 45.041755929385502 ], [ 7.72921590800209, 45.041755885768403 ], [ 7.72921592648638, 45.041755835438501 ], [ 7.72921593176989, 45.0417557802988 ], [ 7.7292159198089, 45.041755720415203 ], [ 7.72911298367728, 45.041543207153303 ], [ 7.72899561855303, 45.041284961431899 ], [ 7.72894375757342, 45.041167052554997 ], [ 7.72891443315461, 45.041110459679999 ], [ 7.72888513414165, 45.041053889625303 ], [ 7.72886732756518, 45.040997369932697 ], [ 7.72886334626645, 45.040962433969199 ], [ 7.72886710902992, 45.040935488481999 ], [ 7.72888621602607, 45.0409056813522 ], [ 7.72892027425132, 45.04086984157 ], [ 7.72896906247229, 45.040843246818397 ], [ 7.72902648418494, 45.040829265058598 ], [ 7.72908369545621, 45.0408242666267 ], [ 7.72914068474484, 45.040831664749597 ], [ 7.72914073780486, 45.040831667747298 ], [ 7.7291407949118, 45.040831665049303 ], [ 7.72914085111943, 45.040831656655698 ], [ 7.72914090492887, 45.040831642641201 ], [ 7.72914095529091, 45.040831623006 ], [ 7.72914100115633, 45.040831598424603 ], [ 7.72914104147593, 45.040831569571303 ], [ 7.72914107785566, 45.0408315335984 ], [ 7.7291411074048, 45.040831491137602 ], [ 7.729141124963, 45.040831452209801 ], [ 7.7291529396565, 45.040788551850298 ], [ 7.72925254856631, 45.040711376528897 ], [ 7.72935354063344, 45.040720536573602 ], [ 7.72942996307239, 45.040725766281099 ], [ 7.72943001493329, 45.040725766131303 ], [ 7.72943007054137, 45.040725760585403 ], [ 7.72943012052868, 45.040725750393101 ], [ 7.72958407554472, 45.040682115287403 ], [ 7.72963740084543, 45.0406721454032 ], [ 7.72997323377774, 45.040723819548703 ], [ 7.72996509519431, 45.0407568034775 ], [ 7.72996509373291, 45.040756855244702 ], [ 7.72996510621098, 45.0407569081923 ], [ 7.72996513296581, 45.040756958610601 ], [ 7.72996516708384, 45.040756999136299 ], [ 7.72996520365627, 45.040757030162901 ], [ 7.72996524637407, 45.040757057067601 ], [ 7.72996529403815, 45.040757079100999 ], [ 7.72996534574916, 45.040757096337998 ], [ 7.72996539633603, 45.0407571073547 ], [ 7.73006768057905, 45.040771357712103 ], [ 7.73013579942765, 45.040789015750498 ], [ 7.73013585241272, 45.040789025043502 ], [ 7.73013591101852, 45.040789029090398 ], [ 7.73013597007401, 45.040789026992002 ], [ 7.73013602770556, 45.040789018898202 ], [ 7.73013608338858, 45.0407890042842 ], [ 7.73013613494972, 45.040788984424097 ], [ 7.7301361819393, 45.040788958943402 ], [ 7.73013622293339, 45.040788928890997 ], [ 7.73013625966641, 45.040788891794001 ], [ 7.73013628895862, 45.040788847919899 ], [ 7.73013630334776, 45.040788815688799 ], [ 7.73022550327941, 45.040504735480198 ], [ 7.73029895293439, 45.040240438445601 ], [ 7.73033350436278, 45.040246324358399 ], [ 7.73033355787245, 45.040246329154797 ], [ 7.73033361617849, 45.040246328855098 ], [ 7.73033367358522, 45.040246321960197 ], [ 7.73033372926824, 45.040246309744397 ], [ 7.73033378150387, 45.040246291533201 ], [ 7.7303338294677, 45.040246267851003 ], [ 7.73033387196066, 45.0402462396723 ], [ 7.73033391080282, 45.040246204127598 ], [ 7.73033394279299, 45.040246161923697 ], [ 7.73033396256736, 45.040246122610498 ], [ 7.73035491055072, 45.040180831380297 ], [ 7.73131879582581, 45.0398674743046 ], [ 7.73174378158779, 45.040166068559301 ], [ 7.73184008784983, 45.040230949698604 ], [ 7.73223330677887, 45.040510238592397 ], [ 7.7322333486102, 45.0405102623088 ], [ 7.73223339465549, 45.040510281524298 ], [ 7.73223344801526, 45.0405102972625 ], [ 7.73223350399806, 45.040510307229901 ], [ 7.73223356170455, 45.040510311276897 ], [ 7.73223361941107, 45.040510309403302 ], [ 7.73223367614328, 45.040510301309403 ], [ 7.73223373062722, 45.040510287669697 ], [ 7.73223378166374, 45.040510268334302 ], [ 7.73223382820365, 45.040510243902702 ], [ 7.73223386912281, 45.040510214974503 ], [ 7.73223390681939, 45.040510178121004 ], [ 7.73227773393035, 45.040452164935502 ], [ 7.73231960366684, 45.0404212633307 ], [ 7.73237560624926, 45.040389087386501 ], [ 7.73244679388449, 45.040364212138698 ], [ 7.73253000103377, 45.040337839744602 ], [ 7.73253004839806, 45.040337820034402 ], [ 7.73253009471315, 45.040337793954102 ], [ 7.73253013495781, 45.040337763077403 ], [ 7.73253016823273, 45.040337728528399 ], [ 7.73253019712345, 45.040337683993201 ], [ 7.73253021623405, 45.040337629865299 ], [ 7.73253021999996, 45.040337574107298 ], [ 7.73253020763427, 45.040337518855203 ], [ 7.73253018236493, 45.040337469641401 ], [ 7.73253014748408, 45.040337427566001 ], [ 7.7325301179831, 45.040337401100203 ], [ 7.73225221746588, 45.040129297529099 ], [ 7.73256707230634, 45.039923748988102 ], [ 7.73256711313182, 45.039923714008196 ], [ 7.73256714621937, 45.0399236723771 ], [ 7.73256717173763, 45.039923620834699 ], [ 7.73256718252952, 45.039923566875402 ], [ 7.7325671781453, 45.039923512466402 ], [ 7.73256715892229, 45.039923459575 ], [ 7.73256712805628, 45.039923413227797 ], [ 7.73256709156949, 45.039923376548401 ], [ 7.7318995150506, 45.0394077831427 ], [ 7.73184956400621, 45.039358616307098 ], [ 7.73185029785299, 45.039321946450698 ], [ 7.7318758368005, 45.039302889816597 ], [ 7.73210343531283, 45.039174171650799 ], [ 7.73229028396946, 45.039059262574902 ], [ 7.73253705220575, 45.038928475855997 ], [ 7.73258951657423, 45.038894598507 ], [ 7.73258956092204, 45.038894560061003 ], [ 7.73258959532111, 45.038894516781099 ], [ 7.73260232893438, 45.038870958028298 ], [ 7.7327281512832, 45.038976749777198 ], [ 7.73276451598842, 45.039017129786799 ], [ 7.73288247494634, 45.039131943084797 ], [ 7.73290675709121, 45.039157380858498 ], [ 7.7329067987598, 45.039157413983503 ], [ 7.73290684230197, 45.0391574390896 ], [ 7.73290689071548, 45.039157459923899 ], [ 7.73290694265133, 45.039157475587103 ], [ 7.73290699728516, 45.039157485779398 ], [ 7.7329070490711, 45.039157490275997 ], [ 7.73327482577264, 45.039162126131302 ], [ 7.73373195491583, 45.039176798570502 ], [ 7.73373200385394, 45.039176797071597 ], [ 7.73373204155052, 45.039176792949696 ], [ 7.7337755152279, 45.039169754349501 ], [ 7.73377554962697, 45.039169746536601 ], [ 7.73391281644836, 45.039131781506597 ], [ 7.73391286426232, 45.039131763669999 ], [ 7.73391291646048, 45.039131736802801 ], [ 7.73395041178213, 45.039106083978702 ], [ 7.73399515305393, 45.039091743239403 ], [ 7.73399519951889, 45.039091723754098 ], [ 7.7339952450096, 45.0390916981234 ], [ 7.73399528472966, 45.0390916678463 ], [ 7.73399532013511, 45.039091630845597 ], [ 7.73399534827103, 45.039091587485402 ], [ 7.73399536630567, 45.039091537388302 ], [ 7.73399537091468, 45.039091482417298 ], [ 7.73399536012282, 45.039091427895897 ], [ 7.73399533466077, 45.039091376128702 ], [ 7.73399530384025, 45.039091336820803 ], [ 7.73383456291481, 45.038935688531197 ], [ 7.73272679870286, 45.037862996080399 ], [ 7.73262423044536, 45.037758539503599 ], [ 7.73262419487074, 45.0377585106868 ], [ 7.73177207781919, 45.037202408064701 ], [ 7.73065733816566, 45.036470313154503 ], [ 7.72888621063015, 45.035307086852598 ], [ 7.72713907509577, 45.034157900879002 ], [ 7.72534947379921, 45.032994665471499 ], [ 7.72401870200156, 45.032124699994903 ], [ 7.72262471364538, 45.0312133690446 ], [ 7.72262466642027, 45.0312133450199 ], [ 7.7226246147842, 45.031213325941401 ], [ 7.72255828034042, 45.031195845112201 ], [ 7.72244937333994, 45.031163545960901 ], [ 7.71964068626869, 45.030330778242899 ], [ 7.71860284974178, 45.030023777575302 ], [ 7.7181856623385, 45.029900369006903 ], [ 7.71682395858387, 45.029475525899898 ], [ 7.7158321800486, 45.029185148413397 ], [ 7.71472535203093, 45.028866604610201 ], [ 7.7139146920657, 45.028641337028098 ], [ 7.71320789772636, 45.028453257312002 ], [ 7.7130877276166, 45.028421020213997 ], [ 7.71042246470628, 45.027706192680398 ], [ 7.71042242440541, 45.027706184867597 ], [ 7.71037215545067, 45.027699296285597 ], [ 7.71032695822259, 45.027690224824099 ], [ 7.71023941309974, 45.027651616141704 ], [ 7.70819006620099, 45.0269704863342 ], [ 7.7081107849848, 45.026946736402799 ], [ 7.70799497388896, 45.026196780057397 ], [ 7.70777011369984, 45.0247314498965 ], [ 7.7076773891003, 45.024127278151397 ], [ 7.70764764852021, 45.023933412197302 ], [ 7.70764542354125, 45.0239038007823 ], [ 7.70764540859004, 45.0239037499706 ], [ 7.70764538152205, 45.023903702772301 ], [ 7.70764534574188, 45.0239036628167 ], [ 7.70764530421247, 45.023903629873701 ], [ 7.7076452599958, 45.023903603943197 ], [ 7.70764521090781, 45.023903583033999 ], [ 7.70764515792275, 45.023903567295903 ], [ 7.70764510223973, 45.023903557103502 ], [ 7.70764504528266, 45.023903553056599 ], [ 7.70764498787595, 45.023903554405599 ], [ 7.70764493151843, 45.023903562199699 ], [ 7.70764487733427, 45.023903575389703 ], [ 7.70764483993747, 45.023903588429903 ], [ 7.70753317584044, 45.0239499083117 ], [ 7.70753313177366, 45.023949931544202 ], [ 7.70753310063464, 45.023949952528298 ], [ 7.70742713385522, 45.024032396078297 ], [ 7.70737135700256, 45.024060572737298 ], [ 7.70728414884445, 45.0240640746973 ], [ 7.70714476202119, 45.024058000676199 ], [ 7.70708157863325, 45.024036766389997 ], [ 7.70708151939041, 45.024036752731497 ], [ 7.70699365343438, 45.024025213193099 ], [ 7.70695348881253, 45.024012633476303 ], [ 7.70692335264316, 45.023985088309999 ], [ 7.70692331063733, 45.023985058613597 ], [ 7.70692326769469, 45.023985035905703 ], [ 7.70692323438232, 45.023985022153603 ], [ 7.70687866911535, 45.023969482205899 ], [ 7.70687861917298, 45.023969469255697 ], [ 7.70687856863108, 45.023969461521503 ], [ 7.70687850412721, 45.023969458373799 ], [ 7.70667037503785, 45.023980615812803 ], [ 7.70653380309261, 45.023988064897303 ], [ 7.70645476887256, 45.023978176851401 ], [ 7.70636544005682, 45.023964220722299 ], [ 7.70636537940878, 45.023964216787697 ], [ 7.7062614308204, 45.023966966802099 ], [ 7.70617427752094, 45.023940668505702 ], [ 7.70617422446094, 45.023940657435404 ], [ 7.70617417571768, 45.023940651919602 ], [ 7.70617412958246, 45.023940650840402 ], [ 7.70612065476944, 45.023942883632202 ], [ 7.70603329530036, 45.02395087883 ], [ 7.70597877480065, 45.023935107419298 ], [ 7.70591922856817, 45.023909733047802 ], [ 7.70591918122528, 45.023909717759302 ], [ 7.70591913168763, 45.023909706817598 ], [ 7.70591907630437, 45.023909700672199 ], [ 7.70591902024664, 45.023909699772901 ], [ 7.70591896448866, 45.023909704719202 ], [ 7.70591892536817, 45.023909711801302 ], [ 7.70582127877903, 45.0239323542948 ], [ 7.70582123186441, 45.023932369058599 ], [ 7.7057072676763, 45.023978696659597 ], [ 7.70564825656184, 45.023976500215298 ], [ 7.70564820125354, 45.023976502538602 ], [ 7.70564814249782, 45.023976511007199 ], [ 7.70564808636514, 45.023976525771097 ], [ 7.70564802860244, 45.023976548966097 ], [ 7.70559530208158, 45.0240055279328 ], [ 7.70547371014365, 45.024041954522602 ], [ 7.70547365871368, 45.024041975431899 ], [ 7.70538396949462, 45.024090075896297 ], [ 7.70533453016446, 45.024113987070898 ], [ 7.70526284430486, 45.024108851642197 ], [ 7.70526279223413, 45.024108851762101 ], [ 7.70526274726803, 45.024108855719099 ], [ 7.70520913679229, 45.024117079839399 ], [ 7.70512158217034, 45.024129597952602 ], [ 7.70504037631235, 45.024142171823797 ], [ 7.704981500396, 45.024150503143197 ], [ 7.70491631393679, 45.024158770610804 ], [ 7.70487826796775, 45.024158339835601 ], [ 7.7048782182802, 45.024158342533603 ], [ 7.70487816574481, 45.024158350627403 ], [ 7.70487811890511, 45.024158362318602 ], [ 7.70478715600251, 45.024188780088203 ], [ 7.70471547921105, 45.024162675916799 ], [ 7.70471543004812, 45.024162662277099 ], [ 7.70471537444002, 45.0241626528342 ], [ 7.7047153177078, 45.024162649536699 ], [ 7.7047152610505, 45.024162651784998 ], [ 7.70471520499278, 45.024162659878897 ], [ 7.70471514582486, 45.024162675579603 ], [ 7.70465073154605, 45.024187226959 ], [ 7.70461016972361, 45.024171294944402 ], [ 7.70461012168482, 45.0241712803304 ], [ 7.70454229039443, 45.024156509715198 ], [ 7.70454223463646, 45.024156502220798 ], [ 7.70454217824898, 45.024156500722 ], [ 7.70454212788695, 45.0241565037797 ], [ 7.7045420727585, 45.024156513162602 ], [ 7.70454200986216, 45.024156531523801 ], [ 7.70448412224448, 45.024180892134503 ], [ 7.70434888796585, 45.024199595934697 ], [ 7.70434883603, 45.024199607326103 ], [ 7.70434878282012, 45.024199625162602 ], [ 7.7043487340319, 45.024199648395097 ], [ 7.7043486907895, 45.0241996765739 ], [ 7.70434864893355, 45.024199714663901 ], [ 7.70434862881122, 45.024199737427999 ], [ 7.70432417422131, 45.024233060007802 ], [ 7.70423471206236, 45.024231417995601 ], [ 7.70423466005156, 45.024231420993303 ], [ 7.70423460489315, 45.024231429237098 ], [ 7.70423455617987, 45.024231441827602 ], [ 7.70418181154141, 45.024249604000403 ], [ 7.70418176252837, 45.024249626569102 ], [ 7.70418171839736, 45.024249653977002 ], [ 7.70413752982318, 45.0242848834407 ], [ 7.70409892372641, 45.024268525671999 ], [ 7.70408225990716, 45.024242737050201 ], [ 7.70408222344448, 45.0242426968858 ], [ 7.70408217931346, 45.024242662583198 ], [ 7.70408213488268, 45.0242426370381 ], [ 7.70405073265522, 45.024228478861303 ], [ 7.70402133831416, 45.024211244778201 ], [ 7.70402129139952, 45.024211223044603 ], [ 7.70402125231649, 45.024211209180002 ], [ 7.70392986287294, 45.024185133337298 ], [ 7.70386691823088, 45.024166498613603 ], [ 7.70386686731212, 45.024166487993099 ], [ 7.70386681552616, 45.0241664824472 ], [ 7.70386677255357, 45.024166481397998 ], [ 7.70380407469833, 45.024168633475703 ], [ 7.70377491469489, 45.024138881846802 ], [ 7.70377487685914, 45.024138851976502 ], [ 7.70377483369166, 45.024138826195902 ], [ 7.70377478565289, 45.024138804986897 ], [ 7.70373340777059, 45.024124841888003 ], [ 7.7036899920995, 45.0241070290162 ], [ 7.70366277321847, 45.024066822126201 ], [ 7.70363654471582, 45.024026122969701 ], [ 7.70363650611991, 45.0240260814885 ], [ 7.70363646677456, 45.024026050911601 ], [ 7.70360080940488, 45.024004140203999 ], [ 7.70360076159092, 45.024004117046402 ], [ 7.70360070974501, 45.024004099269803 ], [ 7.70360065447524, 45.024004086704998 ], [ 7.70353756952825, 45.023995827995101 ], [ 7.70353751969084, 45.023995825297199 ], [ 7.70353746550667, 45.023995826871001 ], [ 7.70353741214691, 45.023995833990597 ], [ 7.7035373727516, 45.023995842734003 ], [ 7.7033688414989, 45.024042163615 ], [ 7.70326846734094, 45.024003010280801 ], [ 7.70326841600464, 45.024002995292101 ], [ 7.70326835777355, 45.024002984725001 ], [ 7.70326829796862, 45.024002980752996 ], [ 7.70326825457633, 45.024002981502399 ], [ 7.70314426189822, 45.024012625382397 ], [ 7.70307232392867, 45.0239829564483 ], [ 7.70307227274223, 45.023982940785103 ], [ 7.70307220810347, 45.0239829284195 ], [ 7.70297655379372, 45.023974925071499 ], [ 7.70297651585358, 45.023974924003603 ], [ 7.70286252717768, 45.023977925490897 ], [ 7.70269893201015, 45.023985065658302 ], [ 7.70239429116367, 45.023990597388199 ], [ 7.70231201775422, 45.0239644798394 ], [ 7.70231195991656, 45.023964467361303 ], [ 7.70217497619427, 45.023947977617098 ], [ 7.70187817204004, 45.023882280343003 ], [ 7.70160510061995, 45.023711492941104 ], [ 7.70160505475451, 45.023711470158297 ], [ 7.70160500057038, 45.023711450822901 ], [ 7.70160494736048, 45.023711438232297 ], [ 7.70149188594183, 45.023694482864101 ], [ 7.70149183363126, 45.023694478817198 ], [ 7.70149177697399, 45.023694480166199 ], [ 7.70149172084128, 45.0236944873607 ], [ 7.70149166703186, 45.023694500250997 ], [ 7.70149162004228, 45.023694516738601 ], [ 7.70132017688468, 45.023771339975397 ], [ 7.70115291274819, 45.0237477555117 ], [ 7.7011528626945, 45.023747752376899 ], [ 7.70115281260226, 45.023747753755899 ], [ 7.70115275931744, 45.023747760350901 ], [ 7.70115272177074, 45.023747768070102 ], [ 7.70104482837047, 45.023776209161902 ], [ 7.70104477659521, 45.023776228047701 ], [ 7.70104473267833, 45.023776249674199 ], [ 7.70096032204878, 45.023828349517501 ], [ 7.70096027736371, 45.023828386389702 ], [ 7.70096025145198, 45.023828414549698 ], [ 7.70087714476449, 45.023938934933902 ], [ 7.70072566745564, 45.023958603781601 ], [ 7.70072562908457, 45.023958611101101 ], [ 7.70065833161675, 45.023975370067298 ], [ 7.70057512963857, 45.0239661703026 ], [ 7.70057507710318, 45.023966168354001 ], [ 7.70057502037093, 45.023966171951301 ], [ 7.70057496888476, 45.023966180419997 ], [ 7.7003697769437, 45.024015822097603 ], [ 7.70036972550247, 45.024015839469499 ], [ 7.70036968413366, 45.024015858535101 ], [ 7.70031967453648, 45.024044034412398 ], [ 7.70031961779617, 45.024044060599998 ], [ 7.70031957071666, 45.024044090562398 ], [ 7.70031953257042, 45.024044123462602 ], [ 7.70029194691585, 45.0240747820257 ], [ 7.70023880327818, 45.024109878068501 ], [ 7.70017830228687, 45.024123828352103 ], [ 7.70011433620772, 45.024128707174199 ], [ 7.70006883051218, 45.0241193776072 ], [ 7.70002588942616, 45.024096641461199 ], [ 7.70002584014545, 45.024096621312097 ], [ 7.70002579309593, 45.024096607672398 ], [ 7.70002574736539, 45.0240965989789 ], [ 7.69991005231425, 45.024082785092503 ], [ 7.69991000996903, 45.024082782574403 ], [ 7.69981227641546, 45.0240831735996 ], [ 7.69975920382427, 45.024071813363499 ], [ 7.69970025416347, 45.024049190018196 ], [ 7.6996528272912, 45.0240253830151 ], [ 7.69965279738872, 45.024025370574499 ], [ 7.69942340416682, 45.023942718718999 ], [ 7.69938781776861, 45.023933176724803 ], [ 7.69938776898041, 45.023933167581703 ], [ 7.69933642720941, 45.023927304751403 ], [ 7.69933637377468, 45.023927302652901 ], [ 7.69933631584334, 45.023927306325199 ], [ 7.69933626360773, 45.023927314643899 ], [ 7.69929400049278, 45.023937674009503 ], [ 7.69929394983097, 45.0239376910217 ], [ 7.69929391258404, 45.023937707584203 ], [ 7.69925625903792, 45.023957685911 ], [ 7.69916484368264, 45.0240193406201 ], [ 7.69909978132989, 45.024053300819197 ], [ 7.69904770698616, 45.024070749465601 ], [ 7.69900904153411, 45.0240774404216 ], [ 7.69894058783791, 45.024076859459598 ], [ 7.69890319964799, 45.024073058699699 ], [ 7.69885453973028, 45.024070919887102 ], [ 7.69885448457186, 45.024070921835701 ], [ 7.69885444222878, 45.024070926856901 ], [ 7.69880331037452, 45.024079871289103 ], [ 7.69872684506788, 45.024096473673403 ], [ 7.69853741614388, 45.024134809074198 ], [ 7.69853738354348, 45.024134817617799 ], [ 7.69842466735206, 45.024170848505896 ], [ 7.69834116788564, 45.024200081306297 ], [ 7.69824275574864, 45.024245819588899 ], [ 7.69811513610472, 45.024314707657702 ], [ 7.69795747955408, 45.024365230670902 ], [ 7.69767794221456, 45.024444295018199 ], [ 7.69755059748212, 45.024487714736303 ], [ 7.69750362049575, 45.024495372463498 ], [ 7.69746409978842, 45.024493530652002 ], [ 7.69739387291021, 45.024474763206101 ], [ 7.6973002114419, 45.024457126713799 ], [ 7.69719718128619, 45.024441752747201 ], [ 7.69711593857475, 45.024432137832903 ], [ 7.69711589181002, 45.0244321357345 ], [ 7.69701157506704, 45.024433737555597 ], [ 7.69701151828127, 45.024433743208398 ], [ 7.69701146358322, 45.024433754514199 ], [ 7.6970114287345, 45.024433764406801 ], [ 7.69696976816531, 45.0244486451139 ], [ 7.69696972110079, 45.024448666622703 ], [ 7.69688798419315, 45.024496583850301 ], [ 7.69683041319308, 45.0245238036307 ], [ 7.69678900420922, 45.024530298234701 ], [ 7.69678894980025, 45.024530311574701 ], [ 7.69673737847728, 45.0245478733857 ], [ 7.6967373495491, 45.0245478847771 ], [ 7.69667971829443, 45.024575133335802 ], [ 7.69658459340434, 45.0246089127712 ], [ 7.69652152754651, 45.024617958152298 ], [ 7.69644866897096, 45.024622704774103 ], [ 7.69621925371564, 45.024628133981302 ], [ 7.69612903192933, 45.024625745381897 ], [ 7.69603480854533, 45.024628758367697 ], [ 7.69603475502498, 45.024628764555899 ], [ 7.69603470313195, 45.0246287756475 ], [ 7.69597470929402, 45.024647175583901 ], [ 7.69597465940306, 45.024647196386098 ], [ 7.69597461435131, 45.024647221899002 ], [ 7.69593553801346, 45.024675421065098 ], [ 7.69593549906158, 45.024675458106003 ], [ 7.69593547669095, 45.024675485984901 ], [ 7.69587178085806, 45.024774231545599 ], [ 7.69582252678822, 45.024829518267701 ], [ 7.69578522560772, 45.0248658652675 ], [ 7.69573238245603, 45.024908877311603 ], [ 7.69573234513418, 45.024908918286997 ], [ 7.69573232501183, 45.024908948976403 ], [ 7.69571624670747, 45.0249401332606 ], [ 7.69571623681492, 45.024940160959702 ], [ 7.69570564370053, 45.024983639583397 ], [ 7.69569141732512, 45.025018866027899 ], [ 7.69566571020442, 45.025053930594503 ], [ 7.69562294744111, 45.025076901078201 ], [ 7.69555178858423, 45.0250906840878 ], [ 7.69547014093433, 45.025094517897699 ], [ 7.6953013740842, 45.025083735176302 ], [ 7.69530134223319, 45.025083735026399 ], [ 7.69521868554395, 45.025086202916 ], [ 7.69521863503203, 45.025086208162001 ], [ 7.69516460646147, 45.025095813221299 ], [ 7.69516455197754, 45.025095827985098 ], [ 7.69516449704396, 45.025095849868599 ], [ 7.69516445117853, 45.025095875574301 ], [ 7.69512056918755, 45.025126704441099 ], [ 7.69512052509221, 45.0251267464023 ], [ 7.6950702043265, 45.025195357979399 ], [ 7.69502351692182, 45.0252324397254 ], [ 7.69498596572976, 45.0252462299296 ], [ 7.6948978294713, 45.025271126761098 ], [ 7.69478506842621, 45.025292521576397 ], [ 7.69470351490534, 45.025311516363402 ], [ 7.69470346889002, 45.025311531052402 ], [ 7.69466487943069, 45.025327142552399 ], [ 7.69462466841876, 45.025346996491699 ], [ 7.69462462367749, 45.025347024595597 ], [ 7.69449483775411, 45.025451251130598 ], [ 7.69444286728205, 45.025504395218 ], [ 7.69444283462542, 45.025504443163101 ], [ 7.69444281905588, 45.0255044785739 ], [ 7.69443467428957, 45.025531990465304 ], [ 7.69442835188698, 45.025586154777301 ], [ 7.69441209124505, 45.025629321336197 ], [ 7.69439273783462, 45.0256603803223 ], [ 7.69434784727537, 45.025694769498003 ], [ 7.69430315726493, 45.025719544921103 ], [ 7.69422981165028, 45.025749109739898 ], [ 7.69408344608797, 45.025821302086499 ], [ 7.6940010635233, 45.025870807629197 ], [ 7.69392249222929, 45.025920354990397 ], [ 7.69388631514513, 45.0259469781831 ], [ 7.69384344682391, 45.0259888491561 ], [ 7.69384342597089, 45.025988874337102 ], [ 7.69380536362668, 45.026043394218597 ], [ 7.69380534743888, 45.026043425413803 ], [ 7.69379320220705, 45.0260748323252 ], [ 7.69379319422559, 45.026074886621799 ], [ 7.69379742890828, 45.026130276091401 ], [ 7.69379218676005, 45.0261624745186 ], [ 7.69376762267768, 45.0261988170219 ], [ 7.69370827012062, 45.026263399136603 ], [ 7.69368404418333, 45.026284370427398 ], [ 7.69364518357838, 45.026311788058599 ], [ 7.69358226431012, 45.026351403194802 ], [ 7.69351526391836, 45.026388773623097 ], [ 7.69343897043843, 45.0264245837838 ], [ 7.69343893856871, 45.0264246020513 ], [ 7.69339378349636, 45.026454543798501 ], [ 7.69339374058585, 45.026454582027696 ], [ 7.69339370859568, 45.026454623203797 ], [ 7.69339368421121, 45.026454676437197 ], [ 7.693386643966, 45.026490955493301 ], [ 7.69339123032108, 45.026561800486803 ], [ 7.69338247811891, 45.026604059629697 ], [ 7.69336998024045, 45.026630354906999 ], [ 7.69334052834273, 45.026669976338397 ], [ 7.69330507886633, 45.026694883062497 ], [ 7.69323926035238, 45.026725685854302 ], [ 7.69316938465943, 45.026760379787703 ], [ 7.69312536824123, 45.0267762096544 ], [ 7.69302697296648, 45.026806087894997 ], [ 7.69302692048462, 45.026806110056903 ], [ 7.6930268734415, 45.026806136768798 ], [ 7.69302683305766, 45.026806168512799 ], [ 7.69302680479325, 45.026806197997701 ], [ 7.6930067917301, 45.026831845763098 ], [ 7.69300676688633, 45.026831892977498 ], [ 7.69300675620687, 45.026831927264197 ], [ 7.69300013530803, 45.026868678846498 ], [ 7.69300013584763, 45.026868721189601 ], [ 7.69300786686961, 45.0269126677792 ], [ 7.69302741408393, 45.026978277425599 ], [ 7.693001460549, 45.027001915206299 ], [ 7.69296120239761, 45.027007101596503 ], [ 7.69292212415678, 45.027003565462202 ], [ 7.6928845972464, 45.0269959338153 ], [ 7.69285305262633, 45.026980656132402 ], [ 7.69282954704602, 45.026961349486697 ], [ 7.69278620062272, 45.026918582226898 ], [ 7.69275362627887, 45.026880552033397 ], [ 7.69275359750057, 45.026880525503401 ], [ 7.69271180338206, 45.0268480621884 ], [ 7.69271175834102, 45.026848034609202 ], [ 7.69271169741194, 45.026848008154097 ], [ 7.69266797445376, 45.026835118620902 ], [ 7.69266793954882, 45.026835110527003 ], [ 7.69261181825587, 45.0268251808874 ], [ 7.69261176789383, 45.026825175791302 ], [ 7.69255398637742, 45.026823482817598 ], [ 7.69255393031968, 45.026823485815299 ], [ 7.69249630910744, 45.0268310833629 ], [ 7.69243720596234, 45.026840205710997 ], [ 7.69243715027931, 45.026840219350703 ], [ 7.6923428843167, 45.026872473985499 ], [ 7.69224242105094, 45.026901522987004 ], [ 7.69214514857981, 45.026919153296298 ], [ 7.6920508879382, 45.026933695333803 ], [ 7.69192594962294, 45.0269416336495 ], [ 7.69181287336545, 45.026944505184801 ], [ 7.69173520701423, 45.026941538321402 ], [ 7.69167840043787, 45.026926332584303 ], [ 7.69163785630206, 45.026905067215097 ], [ 7.69158879794722, 45.026868056909102 ], [ 7.69158876669578, 45.026868037292601 ], [ 7.6915350754834, 45.026839290688301 ], [ 7.69153502309789, 45.026839269441801 ], [ 7.69153497221125, 45.026839255427298 ], [ 7.69153491349301, 45.026839246059403 ], [ 7.69147770937883, 45.026835464784902 ], [ 7.69147765946645, 45.026835464934798 ], [ 7.69130998428088, 45.026848128438402 ], [ 7.69112900673583, 45.026864807714801 ], [ 7.69095371987582, 45.0268888437827 ], [ 7.6908902700075, 45.026899814949502 ], [ 7.69081916836998, 45.026916099873198 ], [ 7.69077547992325, 45.026928155791097 ], [ 7.69077544614246, 45.026928167201199 ], [ 7.69071054769118, 45.026954793148001 ], [ 7.69059528844184, 45.027005915390802 ], [ 7.69052555231247, 45.027034747655499 ], [ 7.69046086407764, 45.027054520150003 ], [ 7.69036388388616, 45.027079625624197 ], [ 7.69023517111629, 45.027110538920297 ], [ 7.69015973238578, 45.027119404437002 ], [ 7.69009675466157, 45.027108947120297 ], [ 7.6900473486063, 45.0270919796112 ], [ 7.6899863269075, 45.027066169068497 ], [ 7.68995032524737, 45.0270474182038 ], [ 7.68992668836603, 45.027027979357797 ], [ 7.68988155588915, 45.0269754157829 ], [ 7.68983178251705, 45.0269052416836 ], [ 7.68983174615072, 45.026905204024501 ], [ 7.68979978124209, 45.0268801372372 ], [ 7.68979973970627, 45.026880111567898 ], [ 7.68979969360103, 45.026880090269003 ], [ 7.68979963956675, 45.026880072657299 ], [ 7.68979957593973, 45.026880060216698 ], [ 7.6897556460063, 45.0268760436945 ], [ 7.68975559396554, 45.0268760428551 ], [ 7.68975554378336, 45.026876046452401 ], [ 7.68975548877484, 45.026876056434901 ], [ 7.6897554320426, 45.026876073222198 ], [ 7.68975537420496, 45.026876098759303 ], [ 7.68968943551909, 45.026915962501697 ], [ 7.68963287895423, 45.026933176424997 ], [ 7.68957386184428, 45.026934794305397 ], [ 7.68946682993032, 45.026923210138101 ], [ 7.68933796247705, 45.0269072318833 ], [ 7.68924971380329, 45.026892440733597 ], [ 7.68909539733477, 45.026862673173902 ], [ 7.6889966826883, 45.026827532726998 ], [ 7.68890540779588, 45.0267980249589 ], [ 7.68880777525866, 45.026772602099001 ], [ 7.68880772429709, 45.026772593030799 ], [ 7.68880766756486, 45.026772588384297 ], [ 7.68880761030801, 45.026772589883201 ], [ 7.68880755447511, 45.026772597227598 ], [ 7.68880750036589, 45.026772610117902 ], [ 7.68880744962914, 45.026772628329198 ], [ 7.68880740308923, 45.026772651786501 ], [ 7.68880736164548, 45.026772679815402 ], [ 7.68880732399172, 45.026772714632003 ], [ 7.6888072939929, 45.026772753431302 ], [ 7.68879271937107, 45.0267990958829 ], [ 7.68857257994815, 45.027254328992903 ], [ 7.68857256696419, 45.027254378680396 ], [ 7.68857256657074, 45.027254429267302 ], [ 7.68858284379824, 45.027304704573503 ], [ 7.6885828649002, 45.027304753104801 ], [ 7.68858289644071, 45.027304796914599 ], [ 7.68858293545416, 45.0273048337761 ], [ 7.68858297854667, 45.027304863154001 ], [ 7.68858302748478, 45.027304887585601 ], [ 7.68858308717729, 45.027304908269997 ], [ 7.68906087595872, 45.027413272304699 ], [ 7.68889842107532, 45.0278312887705 ], [ 7.68889841253179, 45.027831338795302 ], [ 7.68889841365594, 45.0278313738688 ], [ 7.68893364487811, 45.028058662845801 ], [ 7.68895340652452, 45.0281295871483 ], [ 7.68898763151777, 45.028234742233401 ], [ 7.68907563563215, 45.028462148009801 ], [ 7.68908571883088, 45.028499048992003 ], [ 7.68914187609675, 45.028732459035801 ], [ 7.68914646893444, 45.028780830870701 ], [ 7.68911524896958, 45.028834813575799 ], [ 7.68903065077254, 45.028911490480098 ], [ 7.68903061342212, 45.028911537537503 ], [ 7.6889895201503, 45.028993100551197 ], [ 7.68875424026603, 45.0289848807477 ], [ 7.68875419185251, 45.0289848823965 ], [ 7.68856827140866, 45.029004095662501 ], [ 7.68843718842556, 45.028807605186898 ], [ 7.68843715635688, 45.0288075698992 ], [ 7.68840148713272, 45.028776985088598 ], [ 7.68840143738898, 45.028776952994001 ], [ 7.68814969657628, 45.028655081816602 ], [ 7.6881496450901, 45.028655062556197 ], [ 7.68807353194299, 45.028634314372198 ], [ 7.68807347865817, 45.028634304479603 ], [ 7.68807341304512, 45.028634299383498 ], [ 7.68770105156233, 45.028644182483099 ], [ 7.68733044814172, 45.028647610698698 ], [ 7.68716605297101, 45.0286259954934 ], [ 7.68695170405795, 45.028590768149499 ], [ 7.68691717189, 45.0285751568181 ], [ 7.68688266040652, 45.028559558077198 ], [ 7.68678294807466, 45.028459221615798 ], [ 7.68662093773738, 45.028266222495702 ], [ 7.68662089226542, 45.0282661831504 ], [ 7.6865862564506, 45.028244032735998 ], [ 7.68647381151726, 45.028160448845703 ], [ 7.68613785357911, 45.027889277168498 ], [ 7.68576693770031, 45.027588549778102 ], [ 7.68576690976514, 45.027588530836098 ], [ 7.6857066752729, 45.027552974640102 ], [ 7.68570662708422, 45.027552952456801 ], [ 7.68570658706439, 45.027552938142598 ], [ 7.68559150014767, 45.027520539841099 ], [ 7.68544201258886, 45.027453223187699 ], [ 7.6854419613275, 45.027453205501097 ], [ 7.68492483361422, 45.027324251113299 ], [ 7.68472772920137, 45.027236339685402 ], [ 7.68460222071599, 45.0271611770468 ], [ 7.68399910117762, 45.026775786972998 ], [ 7.68390802486676, 45.026717587852701 ], [ 7.68270609550996, 45.026068855093598 ], [ 7.68254964225224, 45.025971036733999 ], [ 7.68251210904663, 45.025947573421803 ], [ 7.68232140173633, 45.025788398365997 ], [ 7.68208767400699, 45.025597924204902 ], [ 7.68207112704341, 45.025517412848401 ], [ 7.68197433750823, 45.025170584242602 ], [ 7.68184151573591, 45.024770440003799 ], [ 7.68180526406423, 45.024696513933002 ], [ 7.68173661161788, 45.024568748823803 ], [ 7.68166572244518, 45.024462020093701 ], [ 7.68147340287527, 45.0242051882189 ], [ 7.68121915627035, 45.023608540932699 ], [ 7.68121912663287, 45.023608496328002 ], [ 7.68121908770507, 45.023608457143197 ], [ 7.68121904342416, 45.023608425313597 ], [ 7.68121901041156, 45.0236084068775 ], [ 7.6811567416903, 45.023579111686701 ], [ 7.68104507214116, 45.0234500021472 ], [ 7.68104503322675, 45.023449968141598 ], [ 7.68104499545523, 45.023449943260303 ], [ 7.6810088701383, 45.023430737188797 ], [ 7.68100881970131, 45.023430716429502 ], [ 7.68100875403207, 45.023430698705297 ], [ 7.68092710610112, 45.023418120899599 ], [ 7.68075874874231, 45.023395614616 ], [ 7.68075869875499, 45.023395611618199 ], [ 7.68075864464579, 45.023395613416902 ], [ 7.68075859136095, 45.0233956201618 ], [ 7.6807585341978, 45.023395634026301 ], [ 7.68061870518914, 45.0234445670703 ], [ 7.68061865508406, 45.023444590452698 ], [ 7.68061861076033, 45.023444618449403 ], [ 7.68061857068429, 45.023444653485498 ], [ 7.68061853622901, 45.023444696653002 ], [ 7.68043783263994, 45.023775262818198 ], [ 7.680286258935, 45.023971672111301 ], [ 7.68028623538401, 45.0239717162343 ], [ 7.6802538507409, 45.024073139020501 ], [ 7.68024376523761, 45.024154542897897 ], [ 7.68023293470225, 45.024204675605397 ], [ 7.68021776403862, 45.024235739987503 ], [ 7.68018517092144, 45.024290911259101 ], [ 7.68006519371625, 45.0245269427705 ], [ 7.68002343594535, 45.0246348352795 ], [ 7.67999144200152, 45.024723937409803 ], [ 7.67990429184965, 45.0249780179212 ], [ 7.67986408765756, 45.025063940048803 ], [ 7.67982880343159, 45.025106720573802 ], [ 7.67982877577743, 45.025106771329199 ], [ 7.67982876206276, 45.0251068248389 ], [ 7.67982325764977, 45.025315293422402 ], [ 7.67982326338293, 45.025315331587301 ], [ 7.67985702239622, 45.025431381752902 ], [ 7.6799163260714, 45.025545946538301 ], [ 7.6799163622691, 45.025545992853303 ], [ 7.68006460342376, 45.025680603714399 ], [ 7.68006463490003, 45.025680626984403 ], [ 7.68024017199639, 45.025790335337 ], [ 7.6802402052713, 45.025790352592701 ], [ 7.68035244684548, 45.025839599580401 ], [ 7.68048954545623, 45.025888284716601 ], [ 7.68056187972701, 45.025926555366297 ], [ 7.6806799292354, 45.026000360928002 ], [ 7.68078120189102, 45.026069058340397 ], [ 7.68086268676365, 45.026134978646397 ], [ 7.68091676479691, 45.026182264100299 ], [ 7.6811190852776, 45.026390715259403 ], [ 7.68121624893081, 45.026499031405301 ], [ 7.6812560106564, 45.026545922955997 ], [ 7.68128481324356, 45.0266003112554 ], [ 7.68131308702937, 45.026673856913 ], [ 7.68133562359023, 45.026743807081097 ], [ 7.68135053277591, 45.026783563916602 ], [ 7.68137119171289, 45.026826943237502 ], [ 7.68137121632861, 45.026826979531499 ], [ 7.68140530452373, 45.026865786682997 ], [ 7.6814485743173, 45.0269035122124 ], [ 7.68144861306309, 45.026903539341902 ], [ 7.6815519033477, 45.026961647724399 ], [ 7.68186647855521, 45.027133680275199 ], [ 7.68193892968166, 45.027175081015201 ], [ 7.68202303961913, 45.027217799880397 ], [ 7.68205643678642, 45.027233128656 ], [ 7.68212626442186, 45.027259751399001 ], [ 7.68256856578671, 45.027401510071698 ], [ 7.682609549691, 45.0274216512883 ], [ 7.68264241631454, 45.027444194593997 ], [ 7.68267549607731, 45.027472534030302 ], [ 7.68285207706174, 45.027646818146202 ], [ 7.68296594472264, 45.027779210042603 ], [ 7.68258655278973, 45.027494978129504 ], [ 7.68255237364318, 45.027472246846798 ], [ 7.68255232725314, 45.027472222565102 ], [ 7.68249954177047, 45.027450664316703 ], [ 7.68249949095879, 45.027450648428697 ], [ 7.68212424973439, 45.027367909751298 ], [ 7.68212419682427, 45.027367902481799 ], [ 7.68207355661815, 45.027364786930399 ], [ 7.68188876465479, 45.027360125969103 ], [ 7.68181013782765, 45.027351470893699 ], [ 7.68176566545316, 45.027345570441803 ], [ 7.68172601974004, 45.027335687791798 ], [ 7.68167224118105, 45.027320247331602 ], [ 7.68150092145542, 45.027262234202297 ], [ 7.68130122182397, 45.027207333739 ], [ 7.68103238950822, 45.027150456453498 ], [ 7.68067242229449, 45.0271077499727 ], [ 7.6806723716327, 45.027107747874297 ], [ 7.68067231085351, 45.027107751134402 ], [ 7.68046241111142, 45.027139074408801 ], [ 7.68037662298281, 45.027148397680399 ], [ 7.68025192028995, 45.027157639113803 ], [ 7.68021308936261, 45.027158314504703 ], [ 7.68008885071993, 45.027149573993697 ], [ 7.67987208367977, 45.027093338936503 ], [ 7.67987203121931, 45.0270933298683 ], [ 7.67987196667422, 45.027093325221799 ], [ 7.67978279889336, 45.027096229582398 ], [ 7.67966590420817, 45.027107457843002 ], [ 7.67966585062356, 45.027107467285802 ], [ 7.67966581064119, 45.027107477740401 ], [ 7.67942178398818, 45.027188455283003 ], [ 7.67931057472327, 45.027211203634202 ], [ 7.67921139838739, 45.027226281667602 ], [ 7.67915426625643, 45.027231221643603 ], [ 7.67908904382438, 45.0272225845547 ], [ 7.67902602023469, 45.027205835580901 ], [ 7.67894227896306, 45.0271779485035 ], [ 7.6788886209132, 45.027152021948297 ], [ 7.67884532575124, 45.027119116653999 ], [ 7.67875009474113, 45.027028366066297 ], [ 7.67865286628055, 45.026929941900796 ], [ 7.67860264094293, 45.026889755020697 ], [ 7.6784603673521, 45.026785004124697 ], [ 7.6783791883614, 45.026720722720697 ], [ 7.67837914373255, 45.0267206952539 ], [ 7.67837909891633, 45.026720675019199 ], [ 7.67837906414255, 45.0267206630282 ], [ 7.67831536319474, 45.026702170774897 ], [ 7.67796557565083, 45.026609343146703 ], [ 7.67789267570646, 45.026584658555201 ], [ 7.67784939583299, 45.026564193582701 ], [ 7.67773372323279, 45.026495192199398 ], [ 7.67755086318186, 45.026319219156697 ], [ 7.67745781752432, 45.026208221457303 ], [ 7.67736263327896, 45.026103141746702 ], [ 7.67724265022815, 45.025927572499498 ], [ 7.67718720342674, 45.025837116889498 ], [ 7.67715121795442, 45.025765270051203 ], [ 7.6770987757879, 45.025638444958297 ], [ 7.67705699958094, 45.025521392798098 ], [ 7.67700506277722, 45.0253347621708 ], [ 7.67700503870163, 45.025334714900197 ], [ 7.67700500977343, 45.0253346784027 ], [ 7.6769667011274, 45.025297316143302 ], [ 7.67696666965114, 45.025297291187101 ], [ 7.6768651589, 45.025230260668003 ], [ 7.67678458144332, 45.025160149521398 ], [ 7.67672524687271, 45.025104632572798 ], [ 7.67652025135857, 45.0248936066547 ], [ 7.6764514823938, 45.024841221819997 ], [ 7.67635086970406, 45.024768562347901 ], [ 7.67635083239506, 45.024768540276 ], [ 7.67632026602376, 45.0247538086726 ], [ 7.67627558112822, 45.024736031492701 ], [ 7.6762375157488, 45.024724507515799 ], [ 7.67623746763507, 45.024724497237798 ], [ 7.67623741817236, 45.024724491242303 ], [ 7.67623736421304, 45.024724490043198 ], [ 7.67623732509253, 45.024724492066703 ], [ 7.67618815046281, 45.024729726196 ], [ 7.67618809800237, 45.0247297359386 ], [ 7.67618804404304, 45.024729752051499 ], [ 7.67618799398079, 45.024729773785097 ], [ 7.67618794916457, 45.0247298003151 ], [ 7.67618791019395, 45.024729831341702 ], [ 7.6761878759983, 45.024729869338103 ], [ 7.67618784940406, 45.024729913661801 ], [ 7.67618783495068, 45.024729954473898 ], [ 7.67614450516481, 45.024966412170201 ], [ 7.6760344078367, 45.024995090201301 ], [ 7.67603436009768, 45.024995107063603 ], [ 7.67603431235868, 45.024995129996299 ], [ 7.67603426994065, 45.024995157650501 ], [ 7.67603423119485, 45.024995192274403 ], [ 7.67603419849808, 45.024995233578899 ], [ 7.67603417521207, 45.024995281869302 ], [ 7.67603416408297, 45.024995335716198 ], [ 7.67603416576919, 45.024995380232703 ], [ 7.67605753853089, 45.025105431620403 ], [ 7.67615818587662, 45.025499719586399 ], [ 7.67639709932172, 45.026245169429103 ], [ 7.67756702669698, 45.028835904453501 ], [ 7.67728993478272, 45.028892747901999 ], [ 7.676975238231, 45.028731699750999 ], [ 7.67697519625836, 45.028731682561101 ], [ 7.67689223973512, 45.0287047812757 ], [ 7.67689218937309, 45.028704769359699 ], [ 7.67689213301557, 45.028704761865299 ], [ 7.67689208010547, 45.028704759916799 ], [ 7.67682148130137, 45.0287076522864 ], [ 7.67682142914069, 45.028707658581702 ], [ 7.67545138327478, 45.028975489127603 ], [ 7.67487889644394, 45.029087569835603 ], [ 7.67469472083475, 45.029108332708397 ], [ 7.67469468785961, 45.029108338329202 ], [ 7.67449686443877, 45.029151737362803 ], [ 7.67448662655664, 45.029110077168397 ], [ 7.67445444791451, 45.0289436198522 ], [ 7.67445401961236, 45.028798291826497 ], [ 7.67443715305222, 45.0286372810857 ], [ 7.67445164427801, 45.028596931765499 ], [ 7.67445982541065, 45.028547410035003 ], [ 7.67445967117692, 45.028483756919897 ], [ 7.67446930291606, 45.0283304998528 ], [ 7.67448588978702, 45.0281717461854 ], [ 7.67448352029828, 45.028132516802302 ], [ 7.67448471077584, 45.028019908923 ], [ 7.6744732464432, 45.027874432059399 ], [ 7.67448552522438, 45.027825644737803 ], [ 7.67450449698498, 45.027690060248098 ], [ 7.67453389042674, 45.027587397690297 ], [ 7.67458216045837, 45.027402429583503 ], [ 7.67458216303642, 45.027402386535996 ], [ 7.67457680157816, 45.027349927657099 ], [ 7.67463359623854, 45.027052737356499 ], [ 7.67464047807567, 45.026914144072499 ], [ 7.67465919746405, 45.026800843883898 ], [ 7.67471613664045, 45.026642589184199 ], [ 7.67471614330684, 45.026642542133999 ], [ 7.67471381688921, 45.026588325990502 ], [ 7.67472688044126, 45.026451238733699 ], [ 7.67473595819797, 45.026387864408498 ], [ 7.67474684685204, 45.026328593464903 ], [ 7.67476227056238, 45.026174635713403 ], [ 7.67473603913692, 45.025902628003898 ], [ 7.67471494284041, 45.025547373312698 ], [ 7.67470352864497, 45.0251828220484 ], [ 7.67470351521136, 45.025182769269399 ], [ 7.67470348862514, 45.025182720449102 ], [ 7.67470345297345, 45.025182678951801 ], [ 7.67470341075885, 45.025182644413597 ], [ 7.6747033651932, 45.025182617733698 ], [ 7.67470331475622, 45.025182595850197 ], [ 7.67470326019734, 45.025182579662399 ], [ 7.67470320279063, 45.025182569470097 ], [ 7.67470314395997, 45.0251825660226 ], [ 7.67470308925121, 45.025182567671401 ], [ 7.67417092314963, 45.025242736063497 ], [ 7.67399167170774, 45.025262950548303 ] ] ] } },
{ "type": "Feature", "id": 2119, "properties": { "COD_AC": "AC020E00006", "FID": 2119, "RAG_SOC": "Ireti spa" }, "geometry": { "type": "MultiPolygon", "coordinates": [ [ [ [ 7.71992660143155, 45.0889941065928 ], [ 7.72069285214347, 45.088941486660303 ], [ 7.72069290205583, 45.088941479315899 ], [ 7.72069295391675, 45.088941466425602 ], [ 7.72069300248013, 45.088941448588997 ], [ 7.72069304699657, 45.088941425656301 ], [ 7.72069308626697, 45.088941398976402 ], [ 7.72069312463805, 45.088941362478899 ], [ 7.72069315723846, 45.088941316163897 ], [ 7.72069317691114, 45.088941266363904 ], [ 7.72069318275673, 45.088941214765299 ], [ 7.72069317927186, 45.088941180141397 ], [ 7.72066637205546, 45.088823806473499 ], [ 7.72066148154221, 45.088767464846697 ], [ 7.72064037355443, 45.0882148350466 ], [ 7.72063706135134, 45.0880473120339 ], [ 7.72067803581277, 45.0877072205868 ], [ 7.72069165649481, 45.087394800829401 ], [ 7.72070092220986, 45.087299565322702 ], [ 7.72083551744521, 45.086859864291299 ], [ 7.72091036262316, 45.086630857328302 ], [ 7.72096208173474, 45.086509533388302 ], [ 7.72099656361557, 45.086462109139099 ], [ 7.72101470691324, 45.0864214231202 ], [ 7.72101471695568, 45.086421382141097 ], [ 7.72101780193009, 45.086380139831697 ], [ 7.72109733437452, 45.086237612800602 ], [ 7.72112602904303, 45.086172172507801 ], [ 7.72115829019798, 45.086107572931198 ], [ 7.72120164224202, 45.085948124406499 ], [ 7.72123356929883, 45.085907971925401 ], [ 7.72136075142259, 45.085729026848199 ], [ 7.72154727778468, 45.085426491539401 ], [ 7.72195222361626, 45.084848296711598 ], [ 7.72302751982923, 45.083416053283301 ], [ 7.72302754264951, 45.083416007305402 ], [ 7.72302755220484, 45.0834159739181 ], [ 7.72304442775817, 45.083309130412097 ], [ 7.72310999013399, 45.083166540203699 ], [ 7.72324863591586, 45.082930774385801 ], [ 7.72334754155583, 45.082666708701701 ], [ 7.72349277577103, 45.0824487912788 ], [ 7.72360214592237, 45.082322895185499 ], [ 7.72363351011594, 45.082303153492802 ], [ 7.7236667780619, 45.082277468742802 ], [ 7.72368942434001, 45.082254665308099 ], [ 7.72370734756609, 45.082229794669303 ], [ 7.72372644122231, 45.0821861505705 ], [ 7.72374544749448, 45.082158933488003 ], [ 7.72381994519687, 45.082077771022398 ], [ 7.72381996486953, 45.082077744042699 ], [ 7.7238416929398, 45.082040931643697 ], [ 7.72387474302502, 45.0820119303064 ], [ 7.72404126239439, 45.081977098664197 ], [ 7.72415980293261, 45.081981787729397 ], [ 7.72490602079625, 45.082094264139002 ], [ 7.72477653550874, 45.082514373439601 ], [ 7.72456751238082, 45.083144431270497 ], [ 7.72449217257576, 45.083348607951997 ], [ 7.72443714845571, 45.083465007204403 ], [ 7.7242915796927, 45.0837264104455 ], [ 7.72413478559196, 45.083961075943002 ], [ 7.72406615742727, 45.084057728781197 ], [ 7.72386085434501, 45.084340728566801 ], [ 7.72375338907019, 45.084511752303101 ], [ 7.72356724952897, 45.084864838841298 ], [ 7.72352351819586, 45.084935606493097 ], [ 7.72346804171678, 45.085020956651903 ], [ 7.7233545068051, 45.085160655539902 ], [ 7.72327624352887, 45.085249733838197 ], [ 7.72318341370862, 45.085362882491097 ], [ 7.72294546130154, 45.0857688616437 ], [ 7.72292599401446, 45.085815739704699 ], [ 7.72286993365057, 45.0860240473095 ], [ 7.72280196693725, 45.086328846211799 ], [ 7.7227903406143, 45.086482676484401 ], [ 7.72279377400101, 45.086580702474997 ], [ 7.72285986394164, 45.086963951824998 ], [ 7.72289719929634, 45.087156083436597 ], [ 7.72295088072863, 45.087363493405597 ], [ 7.72301378096127, 45.087581278253403 ], [ 7.72309899333641, 45.087730613864302 ], [ 7.72309902752672, 45.087730655088599 ], [ 7.72309906940944, 45.087730690033702 ], [ 7.72309911583158, 45.087730717998298 ], [ 7.72309916364552, 45.087730738682701 ], [ 7.72309921535656, 45.087730754121097 ], [ 7.72309926961564, 45.087730764313399 ], [ 7.72309932552351, 45.087730768360302 ], [ 7.72309938143135, 45.087730766711601 ], [ 7.7230994364399, 45.087730759217202 ], [ 7.72309948949988, 45.087730746177002 ], [ 7.7230995389626, 45.087730727591101 ], [ 7.72309958452826, 45.087730704058799 ], [ 7.72309962409843, 45.087730676329699 ], [ 7.72309966288169, 45.087730638708102 ], [ 7.72309968637647, 45.087730607906302 ], [ 7.72313726027642, 45.087667496857499 ], [ 7.72320966930334, 45.0876112693322 ], [ 7.72320969459678, 45.087611245387698 ], [ 7.72341249149332, 45.0873836654239 ], [ 7.7235063951041, 45.087283771429 ], [ 7.72355170654606, 45.087247499072902 ], [ 7.72360777118172, 45.087214154009999 ], [ 7.72370383946065, 45.087164172388697 ], [ 7.723857666698, 45.087093942531503 ], [ 7.72423753549641, 45.086947313243002 ], [ 7.7255036940403, 45.086450183529202 ], [ 7.72607908073505, 45.086229166705202 ], [ 7.72691015075792, 45.085896153484697 ], [ 7.72763233311574, 45.085605156702698 ], [ 7.72815697725024, 45.085389354710003 ], [ 7.72815700726512, 45.085389339646397 ], [ 7.72833513575796, 45.085287350231098 ], [ 7.72868022361348, 45.085155943092303 ], [ 7.72854347000521, 45.085743775954498 ], [ 7.7284986513917, 45.0858684255874 ], [ 7.72842956547214, 45.086026070446799 ], [ 7.72833036800213, 45.086213749514997 ], [ 7.72801865027804, 45.086814652561699 ], [ 7.72801863622612, 45.086814705172102 ], [ 7.72801863701303, 45.086814760705202 ], [ 7.72801865376292, 45.086814815114202 ], [ 7.72801867309833, 45.086814849625704 ], [ 7.72816477448481, 45.087016270784297 ], [ 7.7280281925346, 45.087321711015697 ], [ 7.72802818163033, 45.087321760928099 ], [ 7.72802818410347, 45.087321813313601 ], [ 7.72802820119058, 45.087321864462503 ], [ 7.7280282315427, 45.0873219124638 ], [ 7.72802827257427, 45.087321953720199 ], [ 7.7281968953455, 45.087445876588497 ], [ 7.7281969247983, 45.087445894462498 ], [ 7.72848630864628, 45.087598590802401 ], [ 7.72907981038497, 45.0878953540374 ], [ 7.72984698649928, 45.088273255568801 ], [ 7.72990872553588, 45.088296899468098 ], [ 7.72990878596175, 45.088296915570197 ], [ 7.72999971649948, 45.088310948934001 ], [ 7.72999977007337, 45.088310952638402 ], [ 7.72999982298349, 45.088310951139498 ], [ 7.72999987514417, 45.0883109443946 ], [ 7.72999992938186, 45.088310931204603 ], [ 7.72999998557342, 45.088310910407699 ], [ 7.73091543639833, 45.087846238912803 ], [ 7.73185103169982, 45.088306587479103 ], [ 7.73212523735237, 45.088455585806699 ], [ 7.73212528816407, 45.088455606715897 ], [ 7.73233125460876, 45.088517357989701 ], [ 7.73233131047915, 45.088517369006397 ], [ 7.73248022977884, 45.088533399196997 ], [ 7.73255353127051, 45.088627158803902 ], [ 7.73255357013406, 45.088627195403099 ], [ 7.73255360474511, 45.088627219530601 ], [ 7.73282926161119, 45.088787518266898 ], [ 7.73316956765897, 45.088959224588599 ], [ 7.73346414700283, 45.089094644052601 ], [ 7.73346418297572, 45.089094657092801 ], [ 7.7335703142187, 45.089126864513197 ], [ 7.73352584993808, 45.089209480732997 ], [ 7.73264948668452, 45.089915866499098 ], [ 7.73185701219143, 45.090594238833098 ], [ 7.73166193215252, 45.090737592565901 ], [ 7.7314633382054, 45.090835594258699 ], [ 7.73146329311083, 45.090835623551001 ], [ 7.73146325021638, 45.090835662173603 ], [ 7.73146321637938, 45.0908357089384 ], [ 7.73146319614465, 45.090835759525199 ], [ 7.73146318973699, 45.090835811573498 ], [ 7.73146319472072, 45.090835854591099 ], [ 7.73148138066125, 45.090897064847702 ], [ 7.73116847144786, 45.091126037636599 ], [ 7.73110534364924, 45.091170012798401 ], [ 7.73110530093144, 45.091170053492696 ], [ 7.73108650903521, 45.091195278239503 ], [ 7.73104928969303, 45.0912303724838 ], [ 7.73096848335886, 45.091290202243599 ], [ 7.73081231023997, 45.0914211231864 ], [ 7.73076787293905, 45.0914536741478 ], [ 7.73064073488206, 45.091541842781901 ], [ 7.73060002796899, 45.091560969563098 ], [ 7.7305517374103, 45.091576867778301 ], [ 7.73055168446271, 45.091576891722703 ], [ 7.73055165073814, 45.091576911620201 ], [ 7.72951128621696, 45.092307841233897 ], [ 7.7294441895977, 45.092345023703999 ], [ 7.72932350507574, 45.092383435547198 ], [ 7.72909377235976, 45.0924519638871 ], [ 7.72899796167235, 45.092480546011899 ], [ 7.7289979088693, 45.092480567467099 ], [ 7.72899786191185, 45.092480594703702 ], [ 7.72899782202049, 45.092480626693899 ], [ 7.72899778733235, 45.0924806656217 ], [ 7.72899776118778, 45.092480711390799 ], [ 7.72899774702346, 45.092480763101797 ], [ 7.72899774702346, 45.0924808155997 ], [ 7.72899776343608, 45.092480871694903 ], [ 7.72941407220173, 45.093196634916801 ], [ 7.72928538808168, 45.093239212933703 ], [ 7.72928533746269, 45.093239236059098 ], [ 7.72928529243235, 45.093239263831002 ], [ 7.72928525185045, 45.093239299091898 ], [ 7.7292852162148, 45.093239344507701 ], [ 7.72928519361933, 45.093239393745598 ], [ 7.72928518473854, 45.093239445344203 ], [ 7.72928519002205, 45.093239497167602 ], [ 7.72928520115117, 45.093239531229401 ], [ 7.72933763780929, 45.093354174780401 ], [ 7.72949584665605, 45.093604831797599 ], [ 7.72965335369439, 45.093856606896999 ], [ 7.72975310851922, 45.094006294554902 ], [ 7.72965680461789, 45.094049341503897 ], [ 7.72881411917632, 45.094313473288203 ], [ 7.72860134902309, 45.094379694529799 ], [ 7.72860129956038, 45.094379715663898 ], [ 7.72856697322478, 45.094398663817302 ], [ 7.72856692972007, 45.094398694956404 ], [ 7.72853975220784, 45.094424498192097 ], [ 7.72849693863285, 45.0944390433772 ], [ 7.72849689051914, 45.094439064960902 ], [ 7.7284093244308, 45.094489449028899 ], [ 7.72804329900909, 45.094644284968297 ], [ 7.72804326978112, 45.0946442996947 ], [ 7.72767229314184, 45.094860282675903 ], [ 7.72666022961094, 45.094964315688202 ], [ 7.72564120757573, 45.095132791645099 ], [ 7.72394353396697, 45.095172758416098 ], [ 7.72394349754441, 45.095172761563802 ], [ 7.72389281861124, 45.0951795137861 ], [ 7.72382744917749, 45.095189191428098 ], [ 7.72382739911523, 45.095189202819498 ], [ 7.72382734800376, 45.095189220805999 ], [ 7.72382730108912, 45.095189243738702 ], [ 7.72382725972031, 45.095189271317899 ], [ 7.72382721981288, 45.095189308414902 ], [ 7.72382720081472, 45.095189331122803 ], [ 7.72379110337675, 45.095240015114697 ], [ 7.72375854522073, 45.095280074515898 ], [ 7.72370137441894, 45.095302791952797 ], [ 7.72370132469928, 45.095302818755798 ], [ 7.72370127909081, 45.095302853044302 ], [ 7.72366315694169, 45.095342027912302 ], [ 7.72359407630563, 45.095417287677698 ], [ 7.72355836152923, 45.095450804511103 ], [ 7.72352291744875, 45.095477112378902 ], [ 7.72343359948108, 45.095521361159399 ], [ 7.72338345867973, 45.095554937010803 ], [ 7.7230720378443, 45.095720982437399 ], [ 7.72297641255644, 45.0957703780755 ], [ 7.72294212594091, 45.0957943226 ], [ 7.72279580343363, 45.0958979193286 ], [ 7.72271351681539, 45.095960726663399 ], [ 7.72271348587872, 45.0959607568035 ], [ 7.72265410490308, 45.096032887108102 ], [ 7.72244042148831, 45.096194981026102 ], [ 7.72244039585763, 45.096195004970603 ], [ 7.72234906925416, 45.0962950781554 ], [ 7.72227572200951, 45.096357872417897 ], [ 7.7222756850249, 45.096357916372298 ], [ 7.72227566613914, 45.096357949309997 ], [ 7.72224276129447, 45.096434823808103 ], [ 7.72215530986971, 45.096539617197102 ], [ 7.72211555680006, 45.096601625564603 ], [ 7.72207999569531, 45.096664063695599 ], [ 7.72196303796386, 45.096806782057399 ], [ 7.72143604873469, 45.097452296086701 ], [ 7.72096784211727, 45.097775511305898 ], [ 7.72096779973672, 45.097775551325697 ], [ 7.72096776691146, 45.097775598202901 ], [ 7.72096774757604, 45.097775648677299 ], [ 7.72096774240492, 45.097775700725599 ], [ 7.72096775151059, 45.097775752436597 ], [ 7.72096777433087, 45.097775802124097 ], [ 7.720967810641, 45.097775847764701 ], [ 7.72096784054347, 45.097775875306397 ], [ 7.72153302982554, 45.098202470068003 ], [ 7.72144276127449, 45.0982695666872 ], [ 7.71978585033679, 45.097053572664301 ], [ 7.71917725392717, 45.096607034087398 ], [ 7.71852657733973, 45.096129613690799 ], [ 7.71813469146286, 45.095842073452999 ], [ 7.7178949564871, 45.095666175953298 ], [ 7.71757217091903, 45.0954265677819 ], [ 7.71678584444836, 45.094842836470598 ], [ 7.71678579952507, 45.094842810647201 ], [ 7.71678575515851, 45.094842791401803 ], [ 7.71678570689491, 45.094842776772801 ], [ 7.71678565173648, 45.094842766430602 ], [ 7.71678559492932, 45.0948427623836 ], [ 7.71678553797224, 45.094842763582697 ], [ 7.7167854820644, 45.094842771376896 ], [ 7.71678542825495, 45.0948427848667 ], [ 7.71678537804281, 45.094842803902303 ], [ 7.71678534439317, 45.094842820764597 ], [ 7.71628596142801, 45.095134553416997 ], [ 7.71417875746876, 45.096365493272998 ], [ 7.7138196705414, 45.096576587539502 ], [ 7.71329856197912, 45.096876336074097 ], [ 7.71232039513267, 45.095809237069197 ], [ 7.71232035440089, 45.095809203831699 ], [ 7.71232031168309, 45.095809178051198 ], [ 7.71232026386914, 45.095809157366801 ], [ 7.71232021245789, 45.095809141778503 ], [ 7.71232015834867, 45.095809131736097 ], [ 7.7123201027406, 45.095809127089602 ], [ 7.71232004698263, 45.095809128438603 ], [ 7.71231999212399, 45.095809135633203 ], [ 7.71231993876421, 45.095809148523401 ], [ 7.71231989274891, 45.095809165010998 ], [ 7.71009077646823, 45.096829501180601 ], [ 7.70951615442205, 45.096180130408698 ], [ 7.70951611372772, 45.096180096084602 ], [ 7.70951607086003, 45.096180069704502 ], [ 7.70951602289619, 45.0961800484205 ], [ 7.70951597073551, 45.096180032232802 ], [ 7.70951591587687, 45.096180021590797 ], [ 7.70951585921958, 45.096180016944302 ], [ 7.70951580256228, 45.096180018593103 ], [ 7.7095157471041, 45.0961800256377 ], [ 7.70951569344455, 45.096180038827796 ], [ 7.70951564652991, 45.096180055764997 ], [ 7.7082990643504, 45.0967461646039 ], [ 7.70713007991431, 45.097276176229599 ], [ 7.70614037757639, 45.097731578749404 ], [ 7.70593592750112, 45.097765589310498 ], [ 7.705978635743, 45.097674478319597 ], [ 7.70597864754657, 45.097674428519603 ], [ 7.70597864608518, 45.0976743760217 ], [ 7.70597863000982, 45.097674324760298 ], [ 7.705978601906, 45.097674278220403 ], [ 7.70590452587322, 45.097590310544398 ], [ 7.7058674531205, 45.097049628237798 ], [ 7.70589996777184, 45.0969916163451 ], [ 7.7058999837348, 45.096991566207898 ], [ 7.70589998609552, 45.096991512810597 ], [ 7.70589997305537, 45.096991459862998 ], [ 7.70589994585087, 45.096991409950697 ], [ 7.70589991100213, 45.096991370155699 ], [ 7.70589987353039, 45.0969913395787 ], [ 7.70589983021304, 45.0969913134984 ], [ 7.70589978194943, 45.096991292364301 ], [ 7.70589972948899, 45.096991276476302 ], [ 7.70589967448043, 45.096991266433797 ], [ 7.70589961782316, 45.096991262386901 ], [ 7.70589956116586, 45.096991263735902 ], [ 7.7058995054079, 45.096991271679897 ], [ 7.70589945204812, 45.0969912851697 ], [ 7.70589941502602, 45.0969912982099 ], [ 7.70467079182362, 45.097515624546503 ], [ 7.70383657799573, 45.097867924964802 ], [ 7.70341381029914, 45.097950670686899 ], [ 7.70338299672796, 45.097528303788202 ], [ 7.70338297954092, 45.097528250228599 ], [ 7.70338295500941, 45.097528208759897 ], [ 7.70316768597748, 45.097263322669299 ], [ 7.70316764711926, 45.097263287520697 ], [ 7.70316760590034, 45.097263260241299 ], [ 7.7031675589857, 45.097263237458499 ], [ 7.703167508174, 45.097263220071603 ], [ 7.7031674542147, 45.097263207930702 ], [ 7.70316739830683, 45.097263201785402 ], [ 7.70316734164955, 45.097263201485603 ], [ 7.70316728529203, 45.097263207031403 ], [ 7.70316723118283, 45.097263218722603 ], [ 7.70316718336886, 45.097263234160998 ], [ 7.70039666397491, 45.098439228287802 ], [ 7.69977292837797, 45.097494761174303 ], [ 7.69957569794764, 45.0971961181314 ], [ 7.6995756641856, 45.0971960811843 ], [ 7.69957562656396, 45.097196051656503 ], [ 7.69957558369628, 45.097196026175702 ], [ 7.69957553588232, 45.097196005791098 ], [ 7.69957548402142, 45.097195990352702 ], [ 7.69957542991222, 45.097195980909802 ], [ 7.69957537415424, 45.0971959765631 ], [ 7.6995753182464, 45.0971959782119 ], [ 7.69957526323786, 45.0971959857062 ], [ 7.69957521062752, 45.097195998896296 ], [ 7.69957516101492, 45.097196017482297 ], [ 7.69957511574904, 45.097196040714799 ], [ 7.69957507201951, 45.097196071816299 ], [ 7.69951262860496, 45.097254910186003 ], [ 7.6994779443392, 45.097287586827697 ], [ 7.69836761986983, 45.098535239909403 ], [ 7.69804251674878, 45.098897991349197 ], [ 7.6977950278183, 45.098522435362099 ], [ 7.69774895465059, 45.098452627287003 ], [ 7.6972194922858, 45.097624624177101 ], [ 7.69713049166641, 45.097485449144202 ], [ 7.69713045644831, 45.097485410023701 ], [ 7.69713041379475, 45.0974853767488 ], [ 7.69713036752249, 45.0974853503687 ], [ 7.69713032000831, 45.097485331033297 ], [ 7.69713026919661, 45.097485316794 ], [ 7.69713021613662, 45.097485307650899 ], [ 7.69713016142785, 45.097485304203502 ], [ 7.69713010701887, 45.097485306301898 ], [ 7.69713005335932, 45.097485313796298 ], [ 7.69712999625237, 45.097485328410201 ], [ 7.69697347565793, 45.097543575026002 ], [ 7.69582034053633, 45.098013533298001 ], [ 7.69503226013074, 45.0983347099789 ], [ 7.69396688816141, 45.098768877481703 ], [ 7.69320134926289, 45.099080840608302 ], [ 7.69312725243331, 45.098922632773302 ], [ 7.69282915044499, 45.0983130282237 ], [ 7.69215986677198, 45.096955273729399 ], [ 7.69215983540813, 45.096955231156201 ], [ 7.69215979545253, 45.096955194540897 ], [ 7.69215975042219, 45.096955164949001 ], [ 7.69215970365745, 45.096955142765701 ], [ 7.69215965254598, 45.096955125378798 ], [ 7.69215959858665, 45.096955113837502 ], [ 7.69215954267881, 45.096955107991903 ], [ 7.6921594860215, 45.096955107991903 ], [ 7.69215943431049, 45.0969551133878 ], [ 7.69098904198573, 45.097166470856003 ], [ 7.69016381260991, 45.0973191307733 ], [ 7.68930879206715, 45.097471718744899 ], [ 7.68893620833938, 45.096954095055501 ], [ 7.68861421957064, 45.0965054988297 ], [ 7.68856037165138, 45.096384518992899 ], [ 7.68856034039994, 45.096384474026799 ], [ 7.68856030221622, 45.096384436892301 ], [ 7.68856026264605, 45.096384409462999 ], [ 7.68856021767995, 45.096384385930698 ], [ 7.68856016866691, 45.096384367494601 ], [ 7.68856011635632, 45.096384354304497 ], [ 7.68856006164758, 45.0963843469601 ], [ 7.68856000648915, 45.0963843450116 ], [ 7.68855995118086, 45.096384348758697 ], [ 7.68855989707164, 45.096384358201597 ], [ 7.68855984581028, 45.096384373040401 ], [ 7.68855979799632, 45.096384393275201 ], [ 7.68855975782661, 45.096384416058001 ], [ 7.68774286666503, 45.096955598609497 ], [ 7.68607301875488, 45.0981506565277 ], [ 7.68595629844447, 45.098226093459502 ], [ 7.68588582846826, 45.098271636027199 ], [ 7.68576797400035, 45.098328275104898 ], [ 7.68576792567784, 45.098328306292103 ], [ 7.68576788675005, 45.098328341750999 ], [ 7.68576785472776, 45.098328384147699 ], [ 7.68576783280679, 45.098328433160702 ], [ 7.68576782426322, 45.098328484084803 ], [ 7.68576782965916, 45.098328535121396 ], [ 7.68576784854492, 45.098328584808897 ], [ 7.68576788418056, 45.098328634878698 ], [ 7.6858146212728, 45.0983724904981 ], [ 7.68700872647162, 45.099253106645598 ], [ 7.68819583606904, 45.100377305068598 ], [ 7.68681977321401, 45.1004524471727 ], [ 7.68681972165288, 45.100452454217397 ], [ 7.68681966799333, 45.100452466957798 ], [ 7.68681961793107, 45.100452485393902 ], [ 7.68681957176587, 45.1004525087763 ], [ 7.68681953129639, 45.100452536505401 ], [ 7.68681949433853, 45.100452571514701 ], [ 7.68681946401853, 45.100452612626597 ], [ 7.686819443575, 45.1004526604994 ], [ 7.6868194356385, 45.100452718438298 ], [ 7.68683348367836, 45.100560704712798 ], [ 7.6869420183595, 45.101394799830203 ], [ 7.6848062517072, 45.101513304545399 ], [ 7.68480619909687, 45.101513311889903 ], [ 7.68480614438809, 45.1015133250799 ], [ 7.68480609297686, 45.101513344265499 ], [ 7.68480604636199, 45.101513368697098 ], [ 7.68480600589251, 45.101513397475401 ], [ 7.68480596906313, 45.101513433769398 ], [ 7.68480593977093, 45.1015134762945 ], [ 7.68480591958756, 45.101513530665002 ], [ 7.68479349482396, 45.101632659719499 ], [ 7.68470339039922, 45.102300668940799 ], [ 7.68470959459718, 45.102414166643001 ], [ 7.68470960909873, 45.102414217904403 ], [ 7.68470963625504, 45.102414265391801 ], [ 7.6847096723564, 45.1024143052189 ], [ 7.68470971413205, 45.102414338151199 ], [ 7.68470975924804, 45.102414363332301 ], [ 7.68470980946019, 45.102414383866801 ], [ 7.68470986311974, 45.102414398555702 ], [ 7.68470991947725, 45.102414407548899 ], [ 7.68470998344153, 45.1024144101345 ], [ 7.68802849741729, 45.102214333124998 ], [ 7.68809695965703, 45.102865175862199 ], [ 7.6881284343227, 45.103122106228803 ], [ 7.68812844663054, 45.1031221469296 ], [ 7.68815308050029, 45.1031732226662 ], [ 7.68816341101268, 45.1032475075665 ], [ 7.6882164534766, 45.103717517212203 ], [ 7.68825651310264, 45.103917223251301 ], [ 7.68825653468637, 45.103917272714 ], [ 7.68825656844306, 45.103917318001301 ], [ 7.68825660981189, 45.103917354873502 ], [ 7.68825665616979, 45.103917384529701 ], [ 7.68825670458331, 45.103917406563099 ], [ 7.68825675689386, 45.103917423350502 ], [ 7.68825681235206, 45.103917434142303 ], [ 7.688256869459, 45.103917439088598 ], [ 7.68825691105265, 45.103917439088598 ], [ 7.68910753098783, 45.103867972329098 ], [ 7.68978533337648, 45.103829884241797 ], [ 7.69082514796224, 45.103769118849797 ], [ 7.69169405313806, 45.103728695223097 ], [ 7.69184404476692, 45.103902843541398 ], [ 7.69207904121481, 45.104175688856998 ], [ 7.692290561198, 45.104421272348901 ], [ 7.69238378908062, 45.104506442418398 ], [ 7.69176861772758, 45.104732575148297 ], [ 7.69130430315113, 45.104903250284799 ], [ 7.69073207562484, 45.104901167005302 ], [ 7.69073202451337, 45.104901170902401 ], [ 7.69073197070393, 45.104901179895599 ], [ 7.69073191929269, 45.104901194734403 ], [ 7.69073187147873, 45.104901214369598 ], [ 7.69073182846116, 45.104901238951101 ], [ 7.69073178779896, 45.104901270363101 ], [ 7.69073174947071, 45.104901312245801 ], [ 7.69065012460362, 45.105033432546897 ], [ 7.68939052630894, 45.1056945379298 ], [ 7.68939048147131, 45.105694568635201 ], [ 7.68939044164419, 45.105694607306098 ], [ 7.68939041222351, 45.105694649188798 ], [ 7.68939039295231, 45.105694698201802 ], [ 7.68939038699431, 45.105694751711503 ], [ 7.68939039520062, 45.105694803310101 ], [ 7.68949932378482, 45.105972551954302 ], [ 7.68974144072744, 45.106569064061098 ], [ 7.68987295657172, 45.106880961986903 ], [ 7.68987082056946, 45.106974367036003 ], [ 7.6900462721178, 45.108044836699897 ], [ 7.68996325288936, 45.108166231798698 ], [ 7.68996323801307, 45.108166265710601 ], [ 7.68992436429303, 45.108300567804498 ], [ 7.68992436114539, 45.108300620527302 ], [ 7.68992437328625, 45.108300674936203 ], [ 7.68992439914176, 45.108300724399001 ], [ 7.69002578323835, 45.108427714592402 ], [ 7.69020139898792, 45.108587143407 ], [ 7.69033249619779, 45.108690508110499 ], [ 7.69088387211805, 45.1090313637565 ], [ 7.69088392255502, 45.109031387588502 ], [ 7.69088397201774, 45.109031403626403 ], [ 7.69088402432831, 45.1090314145682 ], [ 7.69088407828763, 45.109031420114 ], [ 7.69088413254674, 45.109031420114 ], [ 7.69088418650604, 45.1090314148679 ], [ 7.69088422465229, 45.109031407823302 ], [ 7.69094641704356, 45.109016235810699 ], [ 7.691131149483, 45.108985144448901 ], [ 7.69116179253275, 45.109010757253202 ], [ 7.69116184094625, 45.1090107877177 ], [ 7.69116189010919, 45.109010809601202 ], [ 7.69116194346896, 45.109010826088799 ], [ 7.6911619995267, 45.1090108365809 ], [ 7.69116205738309, 45.109010840627803 ], [ 7.69116211538936, 45.109010838679303 ], [ 7.69116217234643, 45.109010830585397 ], [ 7.69116222285835, 45.109010817695101 ], [ 7.69123016394096, 45.10898724223 ], [ 7.69157072011268, 45.108862985938103 ], [ 7.69190779680741, 45.108811947613297 ], [ 7.6922496905708, 45.108783735431103 ], [ 7.69224973778522, 45.108783728386399 ], [ 7.69242510676189, 45.108743195727698 ], [ 7.6924251644898, 45.108743176056798 ], [ 7.69245568807958, 45.108728617331899 ], [ 7.69267328639309, 45.108687775220702 ], [ 7.69267333615559, 45.108687761730899 ], [ 7.69267339157631, 45.108687738985502 ], [ 7.69280149876521, 45.108616885898101 ], [ 7.69302660683, 45.1084900153894 ], [ 7.6931155665302, 45.108436226150999 ], [ 7.69319966876724, 45.108438329440403 ], [ 7.6931997066512, 45.1084383276417 ], [ 7.6932679488568, 45.108432317997099 ], [ 7.69326800341567, 45.108432308704202 ], [ 7.69337323218897, 45.108404752689701 ], [ 7.69337328288824, 45.108404734141203 ], [ 7.69347782300568, 45.108354114113602 ], [ 7.69371762127128, 45.108220602898498 ], [ 7.69381889572549, 45.108184690271301 ], [ 7.6939271435229, 45.1081644204517 ], [ 7.69404131605393, 45.108159797036997 ], [ 7.69415724855821, 45.108170019630698 ], [ 7.69421140123523, 45.108182507017098 ], [ 7.69421145624375, 45.108182515110997 ], [ 7.6942115120317, 45.108182517329404 ], [ 7.69421156825218, 45.108182513783497 ], [ 7.69435368027817, 45.108160447808999 ], [ 7.69445710411213, 45.108136035149997 ], [ 7.69450375115974, 45.108125762643901 ], [ 7.69450378949334, 45.108125751402397 ], [ 7.69463662700379, 45.108077166315702 ], [ 7.69475252465934, 45.108023197212802 ], [ 7.69475255613561, 45.108023179451202 ], [ 7.6948838834595, 45.1079363693555 ], [ 7.69500327018482, 45.107835833881701 ], [ 7.69511194623081, 45.107709664512299 ], [ 7.69511196884234, 45.107709628976302 ], [ 7.69515940594437, 45.107607377341097 ], [ 7.69521457609187, 45.1074687894532 ], [ 7.69592907846425, 45.108449442587798 ], [ 7.69655522919052, 45.109603380354301 ], [ 7.69677114337361, 45.109990132338801 ], [ 7.69694362614746, 45.1104638583205 ], [ 7.69708563989042, 45.110913129937003 ], [ 7.69714063793015, 45.111167663706802 ], [ 7.69724476503393, 45.111639726392298 ], [ 7.69754105747387, 45.113277618917003 ], [ 7.69761992059789, 45.113682632197801 ], [ 7.69773224918151, 45.114097161429903 ], [ 7.69775412698892, 45.114157437028602 ], [ 7.69775415520515, 45.114157483231303 ], [ 7.69775419020378, 45.1141575219022 ], [ 7.6977542278254, 45.114157550830399 ], [ 7.69775427069309, 45.114157575561698 ], [ 7.69775431835716, 45.114157595796499 ], [ 7.69775436946862, 45.114157611234802 ], [ 7.69775442342796, 45.114157620677702 ], [ 7.69775448480666, 45.1141576247622 ], [ 7.69779911343841, 45.114156256106398 ], [ 7.69783997323623, 45.114258496432498 ], [ 7.69789197023829, 45.114397329835498 ], [ 7.69793783105361, 45.114493857443101 ], [ 7.69793786286713, 45.1144939011727 ], [ 7.69793790426806, 45.114493939714997 ], [ 7.69793795039043, 45.114493970163501 ], [ 7.69793800008868, 45.114493993203297 ], [ 7.6979380495514, 45.114494009391102 ], [ 7.69793810156218, 45.114494020332799 ], [ 7.69793815552151, 45.114494026178399 ], [ 7.69793821023026, 45.114494026328302 ], [ 7.69793827003519, 45.114494020107998 ], [ 7.69804639012887, 45.114471840802899 ], [ 7.69842329498663, 45.114398526158602 ], [ 7.69849647551948, 45.114379722346399 ], [ 7.69854094980502, 45.114364166772901 ], [ 7.69861143536951, 45.114361507477597 ], [ 7.69861148753017, 45.1143615014822 ], [ 7.69861154193916, 45.114361489341299 ], [ 7.69861159320052, 45.1143614718045 ], [ 7.69861164026504, 45.1143614490217 ], [ 7.69861168193362, 45.114361421142704 ], [ 7.69861171989786, 45.114361386326102 ], [ 7.69861175124566, 45.114361345214299 ], [ 7.69861177298998, 45.114361296811502 ], [ 7.69861178175839, 45.114361243751503 ], [ 7.69861177831098, 45.114361199609696 ], [ 7.69854555523324, 45.114106853648401 ], [ 7.6986318757605, 45.114100983773398 ], [ 7.69871323203008, 45.114096301403201 ], [ 7.69891706157318, 45.114071853833003 ], [ 7.69899567648433, 45.114371615520199 ], [ 7.69899569997913, 45.114371662846999 ], [ 7.69899573452272, 45.114371705789601 ], [ 7.69899577563459, 45.1143717404778 ], [ 7.69899582105035, 45.114371768892099 ], [ 7.69899586826477, 45.114371789576502 ], [ 7.69899591877668, 45.114371805464501 ], [ 7.69899597228634, 45.114371815806699 ], [ 7.69899602744476, 45.114371820603097 ], [ 7.69899608305283, 45.114371819853702 ], [ 7.69899613761172, 45.114371813108697 ], [ 7.69899617628256, 45.114371805164701 ], [ 7.69905788131621, 45.114355192138497 ], [ 7.69905792972973, 45.114355174751601 ], [ 7.6990579772439, 45.114355150769597 ], [ 7.69905801921226, 45.114355121991302 ], [ 7.69905805762081, 45.114355084856797 ], [ 7.69908342535985, 45.114321417499497 ], [ 7.69911538636603, 45.114305237796501 ], [ 7.69917267947562, 45.114282555995203 ], [ 7.69923190972492, 45.114264965255998 ], [ 7.699328310753, 45.1142519286837 ], [ 7.69951400333114, 45.114231753967303 ], [ 7.69968404163527, 45.1142066799693 ], [ 7.69983191281258, 45.114174249442101 ], [ 7.69983195687935, 45.114174236251998 ], [ 7.69988227357312, 45.114154894420402 ], [ 7.69988232396726, 45.114154868066997 ], [ 7.6998823577047, 45.114154844710399 ], [ 7.69991181517816, 45.114130434771802 ], [ 7.6999711724567, 45.1141147887041 ], [ 7.70004260013594, 45.114095303055898 ], [ 7.70004264750024, 45.114095285818799 ], [ 7.70004268182436, 45.114095269256303 ], [ 7.70008416395308, 45.114072049885202 ], [ 7.70012183295626, 45.114066303217399 ], [ 7.70019227175599, 45.114060775684301 ], [ 7.70019232631485, 45.114060766841 ], [ 7.70023560903617, 45.114049928061803 ], [ 7.70023565909844, 45.1140499106749 ], [ 7.70023570841126, 45.114049886393197 ], [ 7.70023575217828, 45.114049857015303 ], [ 7.70023577975746, 45.114049833033398 ], [ 7.70025640211134, 45.114028368914198 ], [ 7.70028838649989, 45.114010367184697 ], [ 7.70036906827795, 45.1139945067412 ], [ 7.70040933553496, 45.1139951074883 ], [ 7.70046084409273, 45.113993720990599 ], [ 7.70046090574625, 45.113993713539102 ], [ 7.70053716685682, 45.1139765027634 ], [ 7.7005372142211, 45.113976487924603 ], [ 7.7005372615854, 45.113976467390103 ], [ 7.70053730445309, 45.113976441459698 ], [ 7.70053734415174, 45.113976409298203 ], [ 7.70053737819749, 45.113976370370402 ], [ 7.70053740371576, 45.113976324135599 ], [ 7.70053741754284, 45.113976272537002 ], [ 7.70053741866701, 45.113976229219702 ], [ 7.70053282043335, 45.113945919069003 ], [ 7.70061267393578, 45.113923279535797 ], [ 7.70064893448829, 45.113952959748801 ], [ 7.70069044247249, 45.113979120577497 ], [ 7.70069049077357, 45.1139791439224 ], [ 7.70069053843765, 45.113979160260101 ], [ 7.70069057456041, 45.113979169253298 ], [ 7.70072647819446, 45.113986053113898 ], [ 7.70072652825671, 45.113986058659698 ], [ 7.70072658881107, 45.113986059634001 ], [ 7.70076284752744, 45.113983021649197 ], [ 7.70076289669038, 45.113983013855098 ], [ 7.70076295312283, 45.113982998566598 ], [ 7.70085540725131, 45.1139474038496 ], [ 7.70093600179507, 45.113917756799097 ], [ 7.70098047327028, 45.113915943428601 ], [ 7.70098050789417, 45.1139159397189 ], [ 7.7010230852847, 45.113909667846997 ], [ 7.70102314149233, 45.1139096541323 ], [ 7.70109346791426, 45.113884882756203 ], [ 7.70109351647766, 45.113884859486198 ], [ 7.70114198521452, 45.113855178373797 ], [ 7.70120609473553, 45.113848815670302 ], [ 7.70120614929441, 45.113848805328203 ], [ 7.70120620550203, 45.113848788390897 ], [ 7.70120625346588, 45.113848767256897 ], [ 7.70124627509557, 45.11382610599 ], [ 7.70128956126428, 45.113813476810499 ], [ 7.70136911529249, 45.113806366770497 ], [ 7.70143531438829, 45.113804166129398 ], [ 7.70143537329389, 45.113804158934798 ], [ 7.70149381438807, 45.113791240286098 ], [ 7.70154845202449, 45.113774548531602 ], [ 7.7015485020118, 45.113774527472501 ], [ 7.70154853993322, 45.113774505888799 ], [ 7.70158047665774, 45.113752333703303 ], [ 7.70166444186054, 45.113734085559699 ], [ 7.70171678270341, 45.113730887570497 ], [ 7.70171683456431, 45.113730880375897 ], [ 7.70171689380716, 45.113730865312199 ], [ 7.70180662265257, 45.113697408733501 ], [ 7.70180667222769, 45.1136973837773 ], [ 7.70184848182203, 45.113670030447601 ], [ 7.7019096502602, 45.113665810528801 ], [ 7.70190969867371, 45.113665803783903 ], [ 7.70190973509625, 45.113665795540101 ], [ 7.70198931048334, 45.113643563512198 ], [ 7.70220478557245, 45.113580746204498 ], [ 7.70253104297331, 45.113468960024498 ], [ 7.70330322077957, 45.115043543874499 ], [ 7.70413014324156, 45.116222074838902 ], [ 7.70413017951423, 45.116222112010902 ], [ 7.70413021938416, 45.116222141388803 ], [ 7.70413026509971, 45.116222166269999 ], [ 7.70413031561162, 45.116222185905201 ], [ 7.70413036957096, 45.116222199994603 ], [ 7.70413042592845, 45.116222208088502 ], [ 7.70413048363497, 45.116222210037002 ], [ 7.70413053669496, 45.116222206739501 ], [ 7.70573051350244, 45.115989673684503 ], [ 7.70573056191595, 45.115989662892702 ], [ 7.70573061122877, 45.115989646255201 ], [ 7.70573065679442, 45.115989624971299 ], [ 7.70573070092544, 45.115989596557 ], [ 7.70573074036713, 45.115989561483403 ], [ 7.70573077325663, 45.115989518926199 ], [ 7.70573079699872, 45.1159894650119 ], [ 7.70584936145889, 45.115305466474098 ], [ 7.7059421004476, 45.1147823011623 ], [ 7.70676068046108, 45.1147473533577 ], [ 7.70676073292155, 45.114747347062497 ], [ 7.70676077264159, 45.114747338668799 ], [ 7.70699468090984, 45.114684559020198 ], [ 7.70791835974455, 45.114407660685103 ], [ 7.70814515257678, 45.114339669240401 ], [ 7.70892740998452, 45.1155385676009 ], [ 7.70936116188815, 45.116184050603501 ], [ 7.7093611972615, 45.116184088375 ], [ 7.709361236382, 45.116184118202497 ], [ 7.70936128164788, 45.116184143833202 ], [ 7.70936133141036, 45.116184164068002 ], [ 7.70936138506992, 45.116184178756903 ], [ 7.70936144112765, 45.116184187600197 ], [ 7.70936149883416, 45.116184190298199 ], [ 7.70936155624087, 45.116184187000698 ], [ 7.7093616182941, 45.116184175946501 ], [ 7.70967254652585, 45.116094604032803 ], [ 7.7101162443692, 45.115946504127898 ], [ 7.71478359898396, 45.114388414856002 ], [ 7.71515548213983, 45.114253773193099 ], [ 7.7153409664125, 45.1142052349837 ], [ 7.71547524868384, 45.114178981075199 ], [ 7.71564409909593, 45.114153122868402 ], [ 7.7158433978546, 45.114135563605402 ], [ 7.71603234991306, 45.114129325907697 ], [ 7.71621634131117, 45.114133894463698 ], [ 7.71633580095647, 45.114144562221803 ], [ 7.71646474665078, 45.114158709456902 ], [ 7.71664457958371, 45.114186615420003 ], [ 7.71682572192958, 45.114220107072398 ], [ 7.71696630395183, 45.1142541401166 ], [ 7.71736477443982, 45.114372948203098 ], [ 7.72820693290367, 45.117517778922398 ], [ 7.72930791532809, 45.117854359191398 ], [ 7.72951408333334, 45.1179302763612 ], [ 7.72982088232789, 45.118018927931203 ], [ 7.73182620681403, 45.118598339541798 ], [ 7.73258469847511, 45.118774127624 ], [ 7.73258475033601, 45.118774135268197 ], [ 7.73258480699329, 45.118774137966099 ], [ 7.73258486365059, 45.118774134668598 ], [ 7.73258491925866, 45.118774125375602 ], [ 7.7325849720189, 45.118774110386902 ], [ 7.73258502118183, 45.118774089702498 ], [ 7.73258506569827, 45.1187740643716 ], [ 7.73258510678873, 45.1187740317391 ], [ 7.7325851449885, 45.118773987929302 ], [ 7.73270247923608, 45.118571794814997 ], [ 7.73270249632321, 45.118571741867399 ], [ 7.73270249789702, 45.118571684985298 ], [ 7.73270249002792, 45.118571647213798 ], [ 7.73267454899127, 45.118492457860697 ], [ 7.73320475149814, 45.117579394173703 ], [ 7.73332465495892, 45.117383089932702 ], [ 7.73341164458176, 45.117214956505101 ], [ 7.73357213231061, 45.1168515841958 ], [ 7.73357214164105, 45.116851549009802 ], [ 7.73361409962357, 45.116518728806298 ], [ 7.73360300997098, 45.116297069753998 ], [ 7.73362310262411, 45.115791631878402 ], [ 7.73364316020371, 45.115286754280397 ], [ 7.73430240508198, 45.115681412767103 ], [ 7.7352857997999, 45.116218643475698 ], [ 7.73491836001437, 45.117215501314398 ], [ 7.73491835407882, 45.117215559590498 ], [ 7.73492477505835, 45.117255756947699 ], [ 7.73251843657664, 45.123659033787398 ], [ 7.73251842893242, 45.123659084037001 ], [ 7.73251843489042, 45.123659136197702 ], [ 7.73251845523757, 45.123659186897001 ], [ 7.7325184862963, 45.123659231060103 ], [ 7.73251852509562, 45.123659267546898 ], [ 7.73251856892686, 45.123659297288803 ], [ 7.7325186146424, 45.123659320071603 ], [ 7.732518664255, 45.123659337908201 ], [ 7.73251872323554, 45.1236593511357 ], [ 7.73312177824749, 45.123733454935099 ], [ 7.73360792271036, 45.1238153565792 ], [ 7.73360796523546, 45.123815360870303 ], [ 7.7339319409064, 45.123827970084797 ], [ 7.73393199411628, 45.123827967686601 ], [ 7.733932056844, 45.123827958393598 ], [ 7.73421663119262, 45.1237545789607 ], [ 7.73421666102016, 45.123754569218001 ], [ 7.73444725393767, 45.123667182994097 ], [ 7.73450992694162, 45.123699292388501 ], [ 7.73450997535514, 45.123699311723897 ], [ 7.73451003126297, 45.1236993268625 ], [ 7.73451008582184, 45.123699335106302 ], [ 7.73495602908502, 45.123731287793802 ], [ 7.73516248476091, 45.123738072054401 ], [ 7.73533973702501, 45.123771536727098 ], [ 7.73533979044902, 45.123771542272898 ], [ 7.73533984350901, 45.123771542422801 ], [ 7.73533988646664, 45.1237715388854 ], [ 7.73574174573503, 45.123712970402302 ], [ 7.73655647324555, 45.1235167018772 ], [ 7.7365565260486, 45.123516683762297 ], [ 7.73655657437646, 45.123516660315701 ], [ 7.73655661649471, 45.123516631987002 ], [ 7.7365566577636, 45.1235165931163 ], [ 7.73665174486968, 45.123390814247202 ], [ 7.73665176836447, 45.123390767707299 ], [ 7.73665177971839, 45.123390716895599 ], [ 7.73665177702043, 45.123390665409403 ], [ 7.73665176206922, 45.123390617295698 ], [ 7.73650705395744, 45.1231254107092 ], [ 7.73622445099767, 45.122263900658503 ], [ 7.73624123624411, 45.122214189233503 ], [ 7.73624124104051, 45.122214132876003 ], [ 7.73624122964907, 45.122214077767502 ], [ 7.73624120132043, 45.122214024437703 ], [ 7.73617036891744, 45.122130569195498 ], [ 7.7361703290475, 45.122130534496598 ], [ 7.73617028647959, 45.122130507367103 ], [ 7.73617025245522, 45.122130490729603 ], [ 7.73590979799883, 45.1220224884472 ], [ 7.73510785544323, 45.1195737451323 ], [ 7.73555716932793, 45.119511655038899 ], [ 7.73849816061168, 45.119198129789901 ], [ 7.73849821082381, 45.1191981206468 ], [ 7.73849826238496, 45.119198105208397 ], [ 7.73849831019891, 45.119198084973704 ], [ 7.73849835336636, 45.119198059942597 ], [ 7.73849839372879, 45.119198027781103 ], [ 7.73849842867388, 45.119197988981803 ], [ 7.73849845468998, 45.1191979429558 ], [ 7.738498466606, 45.119197908781501 ], [ 7.73856290010778, 45.118891571364003 ], [ 7.73854121340634, 45.118522726342803 ], [ 7.73847332796927, 45.118227147177699 ], [ 7.73847330559862, 45.118227098501897 ], [ 7.7384732747219, 45.118227057432797 ], [ 7.73847324024788, 45.1182270256568 ], [ 7.73847321161946, 45.118227005422 ], [ 7.73807044979147, 45.1179783403282 ], [ 7.73695331554313, 45.117271182119403 ], [ 7.73672246407051, 45.114229058924003 ], [ 7.73664880116377, 45.113258335878598 ], [ 7.73663871369322, 45.113150192627302 ], [ 7.7366055593991, 45.113010093541 ], [ 7.73657937383911, 45.1128838548061 ], [ 7.73657816874754, 45.112852622250799 ], [ 7.73663478646625, 45.112817310370602 ], [ 7.73698542381332, 45.112731187244499 ], [ 7.73724593605118, 45.112662068499702 ], [ 7.73729832245965, 45.112658146556299 ], [ 7.73767110145272, 45.112756767223601 ], [ 7.73788319385437, 45.1127951339883 ], [ 7.7387863746665, 45.113057144946303 ], [ 7.73878640906557, 45.113057152590599 ], [ 7.73906663691581, 45.113105267106903 ], [ 7.73906669087513, 45.113105271640997 ], [ 7.73906673644079, 45.113105271191301 ], [ 7.7394822112351, 45.113073854724703 ], [ 7.73948226204682, 45.113073846780701 ], [ 7.73948230064271, 45.113073837487697 ], [ 7.73958309587073, 45.113043431971398 ], [ 7.73958312790907, 45.113043419718103 ], [ 7.73976286776219, 45.112964371237403 ], [ 7.73976290589344, 45.112964349884898 ], [ 7.73989518737555, 45.1128757754093 ], [ 7.73989523049482, 45.112875736112102 ], [ 7.73989526184262, 45.112875693330103 ], [ 7.73989528292852, 45.112875643433803 ], [ 7.73989529083504, 45.1128755984302 ], [ 7.73989459505958, 45.112821102811701 ], [ 7.73991922119512, 45.111107065139002 ], [ 7.74012411193826, 45.110064708169801 ], [ 7.74012411058928, 45.110064657245701 ], [ 7.74012409507598, 45.1100646049726 ], [ 7.74012406517352, 45.110064556071997 ], [ 7.74012402875097, 45.110064517363597 ], [ 7.74012398993023, 45.110064487985802 ], [ 7.74012394571357, 45.1100644631045 ], [ 7.7401239002978, 45.1100644445185 ], [ 7.7400370251886, 45.110036905179101 ], [ 7.7399026278041, 45.109979532929202 ], [ 7.7398517594512, 45.109907698681397 ], [ 7.7400319119004, 45.109812005676702 ], [ 7.74003196210541, 45.109811969846596 ], [ 7.74008616380795, 45.109757860836702 ], [ 7.74008619574996, 45.109757814585798 ], [ 7.74008621570634, 45.109757761611498 ], [ 7.74009151583083, 45.109713495121703 ], [ 7.74009150915338, 45.109713441746997 ], [ 7.74009148741226, 45.109713390170903 ], [ 7.73997159051652, 45.109543922014403 ], [ 7.74028949096726, 45.109545404996503 ], [ 7.74033686326996, 45.109545612868402 ], [ 7.74033690538392, 45.109545610401703 ], [ 7.74040614832512, 45.109537211273299 ], [ 7.74045777862863, 45.109535933561503 ], [ 7.7406952326989, 45.109509061593997 ], [ 7.74091177595773, 45.109488942860501 ], [ 7.74128886993544, 45.109466088239401 ], [ 7.74128891864873, 45.109466081644399 ], [ 7.74145302843459, 45.109431611979304 ], [ 7.74148339104571, 45.109447322086297 ], [ 7.74148343676124, 45.1094473408222 ], [ 7.74148348952148, 45.109447355660997 ], [ 7.74148354467988, 45.109447364954001 ], [ 7.74148360133719, 45.109447368251502 ], [ 7.74148365799446, 45.109447365853299 ], [ 7.74148371360256, 45.109447357159901 ], [ 7.74148376651266, 45.1094473427707 ], [ 7.74148380323498, 45.109447329205899 ], [ 7.74160526297256, 45.109393020871302 ], [ 7.74160530643979, 45.109392996289799 ], [ 7.74160535088129, 45.109392961366098 ], [ 7.74163309226843, 45.109363426281199 ], [ 7.74171928891411, 45.109268004614798 ], [ 7.74184602137683, 45.109211149475001 ], [ 7.7418924919325, 45.109193665417898 ], [ 7.74215588638509, 45.109066035768997 ], [ 7.74226670410764, 45.109013237920699 ], [ 7.74231490360995, 45.108989009735097 ], [ 7.74255581444933, 45.108872382841803 ], [ 7.74263624126956, 45.108828265811901 ], [ 7.74291751862863, 45.108682819693897 ], [ 7.74318032391284, 45.108510185496698 ], [ 7.74332029799342, 45.108430708810197 ], [ 7.74345381494163, 45.108355681969201 ], [ 7.74368163839693, 45.1082546845062 ], [ 7.74383950050688, 45.108193406243601 ], [ 7.7438395489418, 45.108193381319502 ], [ 7.74383959442179, 45.1081933489439 ], [ 7.74383962936688, 45.108193314641198 ], [ 7.74429037460116, 45.107600713802 ], [ 7.74429039970949, 45.107600660969098 ], [ 7.7443350694954, 45.107379060720099 ], [ 7.74433506735951, 45.107379005861503 ], [ 7.74433505791666, 45.107378968090003 ], [ 7.74431072608419, 45.107319943785399 ], [ 7.74393996595671, 45.106729849802797 ], [ 7.74530140665964, 45.106125575422503 ], [ 7.74533376943793, 45.1061065198001 ], [ 7.74542037415097, 45.106071756506402 ], [ 7.74575595572282, 45.105937045483302 ], [ 7.74606501741167, 45.105791889059503 ], [ 7.74641291598582, 45.1055796441103 ], [ 7.7468494004795, 45.105237850471497 ], [ 7.74708078884737, 45.105046855827801 ], [ 7.7472100250227, 45.104949266795302 ], [ 7.74738095466739, 45.104834145479501 ], [ 7.74769463280109, 45.104657554602497 ], [ 7.74798874078783, 45.104503260617001 ], [ 7.74859864481164, 45.104239913940901 ], [ 7.74914820904766, 45.104029887506897 ], [ 7.74970434507952, 45.1037838875164 ], [ 7.75021067688129, 45.103559931146002 ], [ 7.75052319039298, 45.103436964144599 ], [ 7.75113378296026, 45.1031784544722 ], [ 7.75128954227859, 45.103103634924899 ], [ 7.75203552103501, 45.102800045160997 ], [ 7.75206815462167, 45.102784436752401 ], [ 7.75236141647482, 45.102644128124098 ], [ 7.75236146285413, 45.102644098960297 ], [ 7.75236150684062, 45.102644059550798 ], [ 7.75236154191418, 45.102644012448799 ], [ 7.75236156282342, 45.102643961075003 ], [ 7.75236156911867, 45.102643907790203 ], [ 7.75236155879895, 45.102643850053703 ], [ 7.75216687320267, 45.102217074258597 ], [ 7.75136800992578, 45.100465905377298 ], [ 7.75135503270866, 45.100367648148499 ], [ 7.75134392608135, 45.100174003427597 ], [ 7.7513260844313, 45.099516675454197 ], [ 7.7513200751614, 45.098854961487298 ], [ 7.75131806427731, 45.098634383307697 ], [ 7.75131805888134, 45.098634350369998 ], [ 7.75093374869359, 45.097313277485803 ], [ 7.75093372461175, 45.0973132319915 ], [ 7.75093369010026, 45.097313191313297 ], [ 7.75093364513416, 45.097313154553497 ], [ 7.74784072598126, 45.095431994178803 ], [ 7.74579974270151, 45.094396881810702 ], [ 7.74276988412288, 45.093112322575699 ], [ 7.74162414873552, 45.092610049414297 ], [ 7.74202969621353, 45.092284689986499 ], [ 7.7424451993665, 45.091972174316403 ], [ 7.74278139904237, 45.091659083799797 ], [ 7.74291097606073, 45.091538973944502 ], [ 7.74342761656628, 45.091157606201101 ], [ 7.74384731195393, 45.090844842453102 ], [ 7.74384735197376, 45.090844801646298 ], [ 7.74394411059478, 45.090706266705901 ], [ 7.74396773432352, 45.090662916460502 ], [ 7.74398767566574, 45.090638858021897 ], [ 7.74398770354473, 45.090638805748803 ], [ 7.74398771456141, 45.0906387674152 ], [ 7.74399410536871, 45.090591876763803 ], [ 7.74398130599252, 45.090420905300597 ], [ 7.74398405522004, 45.0903713940247 ], [ 7.74400896733999, 45.090272124159199 ], [ 7.74408138772093, 45.090149603109197 ], [ 7.74408140076106, 45.090149572644698 ], [ 7.74412377569172, 45.090007649733302 ], [ 7.7442137863622, 45.089906163376298 ], [ 7.74432017053948, 45.089742289475097 ], [ 7.74436414851168, 45.089700252464702 ], [ 7.74436418010038, 45.089700211095902 ], [ 7.7443641964006, 45.089700180519003 ], [ 7.74439828587724, 45.089614111239797 ], [ 7.74439829430839, 45.089614060428097 ], [ 7.74439828947455, 45.0896140088295 ], [ 7.74434719246898, 45.089456807785503 ], [ 7.74435227543722, 45.089412220297802 ], [ 7.74438342255695, 45.089373534161297 ], [ 7.74448947376026, 45.089307893094798 ], [ 7.74448951411733, 45.089307860269599 ], [ 7.74453293945613, 45.089261783279703 ], [ 7.74453296913376, 45.089261738313603 ], [ 7.74453298363535, 45.0892617048139 ], [ 7.74458402353389, 45.0890856314968 ], [ 7.74477091119864, 45.088997165299503 ], [ 7.74477095944085, 45.088997134224698 ], [ 7.74477099875406, 45.088997099536599 ], [ 7.74477102616198, 45.088997065812002 ], [ 7.74482960050568, 45.088901916190501 ], [ 7.74493016539486, 45.088801627393302 ], [ 7.74500687880197, 45.088742388038298 ], [ 7.74500691499968, 45.088742351053703 ], [ 7.74504116781571, 45.088694327481299 ], [ 7.74512325073749, 45.088619831240301 ], [ 7.74525107317851, 45.088612237364899 ], [ 7.74548578484115, 45.088628325936597 ], [ 7.74548583535307, 45.088628325786701 ], [ 7.74548589470832, 45.088628319378998 ], [ 7.7455689063086, 45.088611215606598 ], [ 7.74556896013945, 45.088611199161797 ], [ 7.74556900975205, 45.088611177214098 ], [ 7.74556903995428, 45.0886111602019 ], [ 7.74564770376606, 45.088558949948101 ], [ 7.7456477445728, 45.088558914424901 ], [ 7.74580248709515, 45.088375568178002 ], [ 7.74603294426502, 45.088191447077698 ], [ 7.74603297626946, 45.088191413617203 ], [ 7.74609501946964, 45.0881066960672 ], [ 7.74615388999007, 45.088050530707498 ], [ 7.74624535823676, 45.088038045419502 ], [ 7.74639978607132, 45.088021746106698 ], [ 7.74639983283605, 45.088021738012898 ], [ 7.74654584211696, 45.0879843996604 ], [ 7.74654588978104, 45.087984383022899 ], [ 7.74654593729522, 45.087984360090203 ], [ 7.74654597926357, 45.087984332510999 ], [ 7.74654601845904, 45.087984296987798 ], [ 7.74656781105568, 45.0879573528496 ], [ 7.74661917429266, 45.087915469880201 ], [ 7.74661921026554, 45.087915430695503 ], [ 7.74661923878689, 45.0879153813773 ], [ 7.74661925287628, 45.087915335774198 ], [ 7.7466240942266, 45.087873552222703 ], [ 7.7467189072768, 45.0877165027145 ], [ 7.74671892447633, 45.0877164566242 ], [ 7.74673695341023, 45.087606320475402 ], [ 7.74673694970053, 45.087606266178803 ], [ 7.74673693845898, 45.0876062289693 ], [ 7.7467003729239, 45.087524296908803 ], [ 7.74665593022706, 45.087375827832297 ], [ 7.74665519750441, 45.087313153853998 ], [ 7.74663309554097, 45.087177873560101 ], [ 7.74665419093822, 45.087078744888203 ], [ 7.74672853609309, 45.087004210875698 ], [ 7.74682956173494, 45.086968734569503 ], [ 7.7468296083498, 45.0869687132856 ], [ 7.74694994457183, 45.086898560994797 ], [ 7.74694998913645, 45.086898526146101 ], [ 7.74695002356764, 45.086898487732199 ], [ 7.74695004990492, 45.086898442284301 ], [ 7.74695006339476, 45.086898400540797 ], [ 7.74695689221683, 45.086852613147599 ], [ 7.74695688625134, 45.0868525572997 ], [ 7.74695687324115, 45.0868525195282 ], [ 7.74691297535355, 45.086765759232399 ], [ 7.74692813792325, 45.086690229670403 ], [ 7.74698577629759, 45.0866283600608 ], [ 7.74704496165572, 45.086531908520797 ], [ 7.74721986617536, 45.086424812626497 ], [ 7.74721990857197, 45.086424778323803 ], [ 7.7472199404979, 45.086424742458 ], [ 7.74730879216708, 45.086292985632802 ], [ 7.74740279020665, 45.086214392080599 ], [ 7.74761027279591, 45.086198667584497 ], [ 7.74761032420714, 45.086198659640502 ], [ 7.74761036317776, 45.086198650347498 ], [ 7.74788221373073, 45.086116122148901 ], [ 7.74788226375552, 45.086116101127203 ], [ 7.74788231519673, 45.086116070190499 ], [ 7.74798423518433, 45.086031650740203 ], [ 7.74806245754142, 45.085968213911997 ], [ 7.74806249587504, 45.0859681706321 ], [ 7.74806252251745, 45.0859681234177 ], [ 7.74809279167404, 45.085874251957698 ], [ 7.74809279684513, 45.0858742156476 ], [ 7.74809345065228, 45.085812258429002 ], [ 7.74816553221359, 45.085763638381302 ], [ 7.74842635988865, 45.085708019472101 ], [ 7.74849345755707, 45.085690736188603 ], [ 7.74849350417193, 45.085690720000798 ], [ 7.7484935506369, 45.085690697667602 ], [ 7.74849359215561, 45.085690670837799 ], [ 7.74849362994854, 45.085690637455897 ], [ 7.74849365579762, 45.085690606596302 ], [ 7.74851743220877, 45.085654531731301 ], [ 7.74851745221869, 45.0856544831679 ], [ 7.74851745930086, 45.085654432693502 ], [ 7.74851205433789, 45.085582362560999 ], [ 7.74849145641565, 45.085514660173502 ], [ 7.7485165238935, 45.085464162341303 ], [ 7.74854177206018, 45.085410544311202 ], [ 7.74856534561428, 45.085308289146298 ], [ 7.74866028434468, 45.085184733089001 ], [ 7.74879578935674, 45.085101768044701 ], [ 7.7487958347725, 45.085101730722897 ], [ 7.74879586074042, 45.085101701382499 ], [ 7.74885151697148, 45.0850250917347 ], [ 7.74888860242709, 45.0849635079596 ], [ 7.74902043764314, 45.084940372000602 ], [ 7.7491284226886, 45.084923563821498 ], [ 7.74912847439962, 45.084923551081097 ], [ 7.74912852686008, 45.084923532195297 ], [ 7.74912857467403, 45.084923507314102 ], [ 7.7491286056257, 45.084923486779601 ], [ 7.74920376534155, 45.084864338593398 ], [ 7.74920380198892, 45.084864300035001 ], [ 7.74920382896858, 45.084864257991697 ], [ 7.74925097884966, 45.084749999912603 ], [ 7.7493690553377, 45.084674105225801 ], [ 7.74952485130339, 45.0846137276665 ], [ 7.74952489930471, 45.0846137027103 ], [ 7.74952494035233, 45.084613673482302 ], [ 7.74952497658217, 45.084613637637901 ], [ 7.74952500576195, 45.084613594903999 ], [ 7.74952502071321, 45.084613562865698 ], [ 7.74958415518466, 45.084430817028696 ], [ 7.74974877878316, 45.084322712223504 ], [ 7.7498825001773, 45.084288186650497 ], [ 7.74988254814113, 45.084288169563401 ], [ 7.74988259595509, 45.084288146480802 ], [ 7.74988263792345, 45.084288118302098 ], [ 7.74988266467828, 45.084288095519199 ], [ 7.74997258721517, 45.084197529067801 ], [ 7.7500503502435, 45.084090352587701 ], [ 7.75011983816006, 45.084043186743699 ], [ 7.75063394085374, 45.083774256626697 ], [ 7.75063398252233, 45.083774228597797 ], [ 7.75063401137557, 45.083774204241202 ], [ 7.75074891291955, 45.083657328123202 ], [ 7.75079520833225, 45.083599136590898 ], [ 7.7509249697116, 45.083547987649602 ], [ 7.75101279480469, 45.083571411391603 ], [ 7.75117031748479, 45.083631647468302 ], [ 7.75117036801812, 45.083631661472097 ], [ 7.75117041987902, 45.083631670615098 ], [ 7.75117046862229, 45.083631673882699 ], [ 7.75117051775523, 45.0836316730134 ], [ 7.75117056691819, 45.0836316677673 ], [ 7.75128539385589, 45.083610405695701 ], [ 7.75128544047075, 45.083610393704703 ], [ 7.75138472798535, 45.083575462725001 ], [ 7.75138477598668, 45.083575440241901 ], [ 7.75157464805159, 45.083460517788701 ], [ 7.75176759501105, 45.083422138883201 ], [ 7.7519385928918, 45.083374506628203 ], [ 7.75219243688151, 45.083314264978902 ], [ 7.75219249218981, 45.083314245755901 ], [ 7.75234167532813, 45.0832438881949 ], [ 7.75250839269821, 45.083241212112299 ], [ 7.75250844680742, 45.083241206716401 ], [ 7.7525085036146, 45.083241195325002 ], [ 7.75250855352696, 45.083241178837397 ], [ 7.75260147327941, 45.083201711789599 ], [ 7.75264117025387, 45.083197663041702 ], [ 7.75280789331967, 45.083199482707499 ], [ 7.75280795166319, 45.083199477986099 ], [ 7.75305501487708, 45.083157162972697 ], [ 7.75314231716426, 45.083158115354799 ], [ 7.75314236947481, 45.083158111907402 ], [ 7.75314242493302, 45.083158102614398 ], [ 7.75314247754335, 45.083158087625698 ], [ 7.75314253161508, 45.083158064543099 ], [ 7.75328077798554, 45.083078613487302 ], [ 7.75335055458447, 45.083074887595998 ], [ 7.75347684329602, 45.083107756917499 ], [ 7.75347689134551, 45.083107765191301 ], [ 7.75347694050845, 45.083107769208198 ], [ 7.75347699012103, 45.083107768608699 ], [ 7.75357248613138, 45.083099794919598 ], [ 7.7535725411399, 45.083099785476797 ], [ 7.75357260405499, 45.083099767003198 ], [ 7.75371521978161, 45.083038343644702 ], [ 7.75399932730716, 45.083036946098197 ], [ 7.7542714134825, 45.083156909925997 ], [ 7.75427146380705, 45.0831569263012 ], [ 7.75427150802373, 45.083156936343599 ], [ 7.75450109415023, 45.083190953799502 ], [ 7.75450114810955, 45.083190957396802 ], [ 7.75450121297315, 45.083190954549003 ], [ 7.75458723751103, 45.083178379778502 ], [ 7.75463008660925, 45.083178846398098 ], [ 7.7546301404187, 45.083178842479697 ], [ 7.75463019197983, 45.083178833636303 ], [ 7.75463025048572, 45.083178816149498 ], [ 7.75468157699323, 45.083156872791498 ], [ 7.7546816212099, 45.083156848509802 ], [ 7.75468166700038, 45.083156813923402 ], [ 7.75476736598371, 45.083069191964697 ], [ 7.75476739779722, 45.083069145424801 ], [ 7.75479525159963, 45.083003513576301 ], [ 7.75479526104252, 45.083003459392202 ], [ 7.75479525508451, 45.083003404421099 ], [ 7.75478156211943, 45.082963948127798 ], [ 7.75487689621433, 45.082893791902499 ], [ 7.75487693599328, 45.082893752059299 ], [ 7.75487696425768, 45.082893709148799 ], [ 7.7548769834261, 45.082893654778402 ], [ 7.75488001000451, 45.082857233674503 ], [ 7.75495191260074, 45.082795244305103 ], [ 7.7550600130592, 45.082769456245401 ], [ 7.7550600604235, 45.082769440807098 ], [ 7.75506010808757, 45.082769418923597 ], [ 7.75506014780762, 45.0827693946419 ], [ 7.75518283152252, 45.0826762343208 ], [ 7.75532539115392, 45.0826148349067 ], [ 7.75546987533454, 45.082611895023 ], [ 7.75559668321184, 45.082622293112898 ], [ 7.7555967399976, 45.082622292984503 ], [ 7.75559679560568, 45.082622287138904 ], [ 7.75559685061422, 45.082622275110502 ], [ 7.75566407789207, 45.0826004842964 ], [ 7.75566411594624, 45.082600468237104 ], [ 7.75582308211959, 45.082521184754903 ], [ 7.75582312064056, 45.082521160922902 ], [ 7.75591031291066, 45.082454597301897 ], [ 7.75600335868061, 45.082410620004197 ], [ 7.75600340724399, 45.082410589202397 ], [ 7.75600343680921, 45.082410564695898 ], [ 7.75606673649077, 45.082348253369297 ], [ 7.75610777897945, 45.082316862790201 ], [ 7.75610780978765, 45.082316832855597 ], [ 7.75618922595208, 45.082217840880702 ], [ 7.75626417005543, 45.082188469922002 ], [ 7.75651169480892, 45.0821776752096 ], [ 7.75651174726936, 45.082177668614499 ], [ 7.75651180182824, 45.082177656173997 ], [ 7.7565118530896, 45.082177637887703 ], [ 7.75651190015411, 45.082177614355501 ], [ 7.75651193882496, 45.082177588424997 ], [ 7.756549076179, 45.082146551622102 ], [ 7.75660785496859, 45.082138199618299 ], [ 7.75671426814898, 45.082134865831399 ], [ 7.75681703757627, 45.082153989015403 ], [ 7.7568170889875, 45.082153994261503 ], [ 7.75681714564481, 45.082153994711199 ], [ 7.75681720185242, 45.082153989315202 ], [ 7.75681725611153, 45.082153977773899 ], [ 7.75681730377558, 45.082153962335497 ], [ 7.75692130467451, 45.082110150662999 ], [ 7.75733580505341, 45.082286010091401 ], [ 7.7573358570642, 45.0822860253299 ], [ 7.75733590712646, 45.082286034552901 ], [ 7.75780600719152, 45.082326782355203 ], [ 7.75780604016669, 45.0823267838541 ], [ 7.7581841571232, 45.082321881499702 ], [ 7.7581841906979, 45.082321879401299 ], [ 7.75839593742262, 45.082297197957402 ], [ 7.75995769289324, 45.082345673214299 ], [ 7.76048285290136, 45.082369367652198 ], [ 7.76154290268283, 45.082484384646698 ], [ 7.76223654566581, 45.082577427606303 ], [ 7.7622365897069, 45.082577430304198 ], [ 7.76275913997238, 45.082578592078399 ], [ 7.76275919393171, 45.082578588031502 ], [ 7.76275923530052, 45.082578581436501 ], [ 7.76308637313764, 45.082505623935397 ], [ 7.76320574622326, 45.082493407207501 ], [ 7.76332682116341, 45.0824767193876 ], [ 7.76332687343651, 45.0824767072843 ], [ 7.76332691465544, 45.082476693644502 ], [ 7.76356563084926, 45.082375803200797 ], [ 7.76381060437592, 45.082423442088199 ], [ 7.7644584290633, 45.082578969194103 ], [ 7.76445848032466, 45.082578977288001 ], [ 7.76445853668217, 45.082578980435699 ], [ 7.7644585930397, 45.082578977587801 ], [ 7.76445865404369, 45.082578967695198 ], [ 7.7650642040641, 45.082414482399599 ], [ 7.76506425738105, 45.082414461843697 ], [ 7.76506430532348, 45.082414436127401 ], [ 7.7650643339519, 45.082414416267397 ], [ 7.76546314191052, 45.0820916821854 ], [ 7.76563343461036, 45.0819659875403 ], [ 7.76599235100375, 45.081672809902301 ], [ 7.76623509747179, 45.081463884350903 ], [ 7.76626414692289, 45.0814416912186 ], [ 7.76635797993686, 45.081361698883399 ], [ 7.76642743862544, 45.0813084288909 ], [ 7.7664744160615, 45.081265043347102 ], [ 7.76672228810315, 45.081037087691499 ], [ 7.76689508833772, 45.080967041295999 ], [ 7.76895770066597, 45.081671875570997 ], [ 7.76895774874116, 45.081671887467699 ], [ 7.76895779826382, 45.081671894692299 ], [ 7.76895785312248, 45.081671897390201 ], [ 7.76895790783123, 45.0816718940927 ], [ 7.76895796134089, 45.081671885399203 ], [ 7.76895801245236, 45.081671871459797 ], [ 7.76895806026631, 45.081671852274198 ], [ 7.76895810373355, 45.081671828442197 ], [ 7.76895814493106, 45.0816717981008 ], [ 7.76895817949073, 45.081671763155697 ], [ 7.76905907301786, 45.081534800952902 ], [ 7.76905909493883, 45.081534756998501 ], [ 7.76905910426932, 45.081534725297402 ], [ 7.76917298704378, 45.080873909903097 ], [ 7.76917298339652, 45.080873856468401 ], [ 7.76917296740143, 45.080873808836401 ], [ 7.76917295102092, 45.080873779351499 ], [ 7.7690289043605, 45.080668169600401 ], [ 7.76902886658897, 45.080668131057998 ], [ 7.76902882200829, 45.080668098682402 ], [ 7.76902877365902, 45.080668073522801 ], [ 7.76902871910015, 45.080668053812701 ], [ 7.76787654018273, 45.080382978391803 ], [ 7.76769009981831, 45.080343142921798 ], [ 7.76737738036184, 45.080181724507 ], [ 7.76740367473985, 45.079950370313398 ], [ 7.76748467937449, 45.079734164300298 ], [ 7.76775347414355, 45.079352471339497 ], [ 7.76799437823803, 45.079119935436701 ], [ 7.76856650354136, 45.078802106032398 ], [ 7.76881032698504, 45.0787597460155 ], [ 7.76881038034482, 45.078759732076001 ], [ 7.76909849929638, 45.078654814168402 ], [ 7.76951044455142, 45.078569233933102 ], [ 7.76951049521323, 45.078569218644603 ], [ 7.76951054587504, 45.078569197210697 ], [ 7.7695105879933, 45.078569172329502 ], [ 7.76958281625652, 45.078515937710399 ], [ 7.76958284199959, 45.078515914328101 ], [ 7.76969657004071, 45.078395652037798 ], [ 7.76978796004636, 45.078351674290403 ], [ 7.76992880377134, 45.078299187157803 ], [ 7.76998631002022, 45.078281806859898 ], [ 7.77066250744024, 45.078149569004601 ], [ 7.77066256792322, 45.078149550561399 ], [ 7.77070257326517, 45.078132007686101 ], [ 7.77092296022647, 45.078143392203899 ], [ 7.77113859876738, 45.0781547074738 ], [ 7.77132537446653, 45.078227833147999 ], [ 7.77139348889344, 45.078314953172601 ], [ 7.77139352714675, 45.078314989273998 ], [ 7.77139356088418, 45.078315013247298 ], [ 7.77157270211857, 45.078420374850502 ], [ 7.77157274753431, 45.078420396134398 ], [ 7.77157280696452, 45.078420415095103 ], [ 7.77164242700645, 45.078434664778001 ], [ 7.77164247676894, 45.078434671223199 ], [ 7.77164251566461, 45.078434673171699 ], [ 7.77229370586131, 45.078432679310403 ], [ 7.77229376864256, 45.078432673229301 ], [ 7.77269417949284, 45.078351466546998 ], [ 7.77294991194643, 45.078277674475103 ], [ 7.77294996197121, 45.078277654390298 ], [ 7.77295000034229, 45.078277633705902 ], [ 7.77307081860095, 45.078197910904898 ], [ 7.77307085592281, 45.0781978794286 ], [ 7.77334793063754, 45.077893108405299 ], [ 7.77334795964067, 45.077893062652301 ], [ 7.77334797639055, 45.0778930117282 ], [ 7.77334797920092, 45.077892959342698 ], [ 7.77334796874632, 45.077892909767499 ], [ 7.77333040747237, 45.077853183077998 ], [ 7.77333037519671, 45.077853137012703 ], [ 7.77333035451232, 45.077853115328999 ], [ 7.77327236442812, 45.077799778337202 ], [ 7.77293155374826, 45.077410344911499 ], [ 7.77270552444043, 45.0771511800829 ], [ 7.77170451964793, 45.076001578510102 ], [ 7.7698881679047, 45.073909041369198 ], [ 7.76721195996402, 45.070823076523801 ], [ 7.76515126871612, 45.068456119054702 ], [ 7.76190800540016, 45.064743780376197 ], [ 7.75971529682351, 45.062248977608299 ], [ 7.75968086576511, 45.062204026666002 ], [ 7.75968083534233, 45.062203996217498 ], [ 7.75964642314398, 45.0621759760405 ], [ 7.75963389019194, 45.0621657714333 ], [ 7.75943624258855, 45.061931026795499 ], [ 7.75936704515306, 45.061848079265502 ], [ 7.75883838768152, 45.061244764934003 ], [ 7.75794144524156, 45.060213331580002 ], [ 7.75615047742514, 45.058155598652 ], [ 7.75579173316202, 45.057753537755602 ], [ 7.75491295666768, 45.056989641558701 ], [ 7.75472607327471, 45.0568271869002 ], [ 7.75127325915366, 45.053838266023199 ], [ 7.7503049258317, 45.052998187716199 ], [ 7.7481661122763, 45.051142543793397 ], [ 7.74770129138153, 45.050765233129098 ], [ 7.74596244321225, 45.049353793942501 ], [ 7.7454155528855, 45.048910377362098 ], [ 7.74306821172866, 45.047001001994701 ], [ 7.74116702873545, 45.045458274379897 ], [ 7.74027359117834, 45.044733249040299 ], [ 7.74024310177778, 45.044709881775702 ], [ 7.7381408721036, 45.042887749819897 ], [ 7.73771102674255, 45.0425162502248 ], [ 7.73740913512353, 45.042253438645297 ], [ 7.73689543607554, 45.041805714761999 ], [ 7.73603876707551, 45.041059050834598 ], [ 7.73525802693644, 45.040306724775597 ], [ 7.7352455344539, 45.040294685551402 ], [ 7.73516975937696, 45.0402216668965 ], [ 7.73511065312172, 45.040162645514698 ], [ 7.73446407496963, 45.039538968373698 ], [ 7.73445383787435, 45.039529574730103 ], [ 7.73443345282916, 45.039510869393702 ], [ 7.7344235702916, 45.039501960147398 ], [ 7.73440843739951, 45.039488317432003 ], [ 7.73399527097752, 45.039091321382401 ], [ 7.73399522799742, 45.039091289981101 ], [ 7.73399518393064, 45.0390912664488 ], [ 7.73399513521736, 45.0390912478628 ], [ 7.73399508320657, 45.039091234073197 ], [ 7.73399502909736, 45.039091225979398 ], [ 7.73399497393894, 45.039091223731099 ], [ 7.73399491863064, 45.039091227028599 ], [ 7.7339948648212, 45.039091235871901 ], [ 7.73399482704968, 45.0390912456146 ], [ 7.73395001623031, 45.039105608686903 ], [ 7.73394996496897, 45.039105631020099 ], [ 7.73394992794687, 45.039105652079201 ], [ 7.73391245049925, 45.039131293774197 ], [ 7.73377529939063, 45.039169226278801 ], [ 7.73373192508831, 45.039176248185299 ], [ 7.73327485005433, 45.039161577544803 ], [ 7.73290727465104, 45.039156944237597 ], [ 7.73288310851868, 45.039131627197897 ], [ 7.73276515568745, 45.0390168199703 ], [ 7.73272877507546, 45.038976423997802 ], [ 7.7326024757487, 45.038870231263701 ], [ 7.73260242920879, 45.038870201548598 ], [ 7.7326023818445, 45.038870179964903 ], [ 7.73260233058313, 45.038870163477299 ], [ 7.73260227647394, 45.038870152685497 ], [ 7.73260222056606, 45.038870147439397 ], [ 7.73260216405868, 45.038870148039003 ], [ 7.73260210860047, 45.038870154783901 ], [ 7.73260205509083, 45.038870166924703 ], [ 7.73260200472878, 45.038870185210897 ], [ 7.73260195871347, 45.0388702078439 ], [ 7.73260191779432, 45.038870235573 ], [ 7.73260187826162, 45.038870272632501 ], [ 7.73260184944584, 45.038870311265903 ], [ 7.73258891284809, 45.038894246872097 ], [ 7.73253655881518, 45.038928052387703 ], [ 7.73228979833558, 45.039058835059699 ], [ 7.73210293989882, 45.039173749868702 ], [ 7.73187531350746, 45.039302485121603 ], [ 7.73184961740347, 45.039321658892497 ], [ 7.73184957828296, 45.039321698237799 ], [ 7.7318495483805, 45.039321743766003 ], [ 7.73184953118098, 45.039321792329403 ], [ 7.73184952623467, 45.039321825491903 ], [ 7.73184878915034, 45.039358721168099 ], [ 7.73184880081905, 45.0393587740258 ], [ 7.73184882465108, 45.039358820228401 ], [ 7.7318488524926, 45.039358855376904 ], [ 7.73189891419109, 45.039408129943801 ], [ 7.73256625263048, 45.039923538940201 ], [ 7.73225138435645, 45.040129096418198 ], [ 7.73225134178318, 45.040129133467097 ], [ 7.73225131017844, 45.040129174321997 ], [ 7.73225128767933, 45.040129221873599 ], [ 7.73225127767438, 45.040129274596403 ], [ 7.73225128250822, 45.040129327768803 ], [ 7.73225130195608, 45.040129379254999 ], [ 7.73225133278997, 45.040129424462002 ], [ 7.73225136927675, 45.040129459792503 ], [ 7.73252918167646, 45.0403374986766 ], [ 7.73244646450779, 45.040363714926002 ], [ 7.73237521114713, 45.040388613593699 ], [ 7.7323751652817, 45.040388634278102 ], [ 7.73231907913724, 45.040420859197802 ], [ 7.73227712475205, 45.040451823305602 ], [ 7.73227708754261, 45.040451859840502 ], [ 7.73223347829242, 45.040509583950197 ], [ 7.73184062834235, 45.0402305565825 ], [ 7.7317443208438, 45.040165674206499 ], [ 7.73131913358549, 45.0398669394649 ], [ 7.73131908705627, 45.039866914476598 ], [ 7.73131904170045, 45.0398668960405 ], [ 7.73131899202791, 45.039866882700501 ], [ 7.73131893567039, 45.039866873407497 ], [ 7.73131887856346, 45.039866870409803 ], [ 7.73131882145648, 45.039866873557401 ], [ 7.73131876509898, 45.039866882700501 ], [ 7.73131872612836, 45.039866892668002 ], [ 7.7303543986866, 45.040180394159897 ], [ 7.73035435237152, 45.040180413795099 ], [ 7.73035430725552, 45.040180439875499 ], [ 7.73035426858469, 45.040180470752198 ], [ 7.73035423438902, 45.040180508266801 ], [ 7.73035420618172, 45.040180556787298 ], [ 7.73033329624468, 45.040245724660501 ], [ 7.73029872150884, 45.040239834850503 ], [ 7.73029866844884, 45.040239830204001 ], [ 7.73029861104211, 45.0402398308036 ], [ 7.73029855438483, 45.040239837548498 ], [ 7.73029849982595, 45.040239850438802 ], [ 7.7302984485646, 45.040239868874899 ], [ 7.73029840194974, 45.0402398924072 ], [ 7.7302983607308, 45.0402399207358 ], [ 7.7302983236659, 45.040239956408897 ], [ 7.73029829347437, 45.0402399985486 ], [ 7.7302982754451, 45.040240037797602 ], [ 7.73022474537572, 45.0405046223905 ], [ 7.73013564324538, 45.040788390871597 ], [ 7.73006790136261, 45.0407708309342 ], [ 7.73006786538971, 45.040770824189202 ], [ 7.72996592498748, 45.040756621420996 ], [ 7.72997406475133, 45.0407236317902 ], [ 7.72997406475133, 45.040723576132201 ], [ 7.72997404923803, 45.0407235223227 ], [ 7.7299740210218, 45.040723474883499 ], [ 7.72997398316998, 45.040723434638799 ], [ 7.72997393974557, 45.040723401877798 ], [ 7.72997389283093, 45.040723376782502 ], [ 7.72997384501698, 45.040723358196502 ], [ 7.72997378798498, 45.040723343357698 ], [ 7.72963745990091, 45.040671593069597 ], [ 7.7296374102883, 45.040671589022701 ], [ 7.72963735647887, 45.040671589772103 ], [ 7.72963730731593, 45.040671595617702 ], [ 7.72958383295258, 45.040681593905497 ], [ 7.72942993174598, 45.040725212598602 ], [ 7.72935362696836, 45.040719991134701 ], [ 7.72925243135467, 45.040710812653899 ], [ 7.72925238084275, 45.040710811904503 ], [ 7.72925232688343, 45.040710816101303 ], [ 7.72925227397332, 45.040710825844002 ], [ 7.72925222391105, 45.040710840832702 ], [ 7.72925217699642, 45.040710860767703 ], [ 7.72925213026915, 45.040710888421799 ], [ 7.72915228045342, 45.040788249790502 ], [ 7.72915224301915, 45.040788288686102 ], [ 7.72915221457809, 45.040788333764702 ], [ 7.72915220176273, 45.0407883652409 ], [ 7.72914043997935, 45.040831075393797 ], [ 7.7290837614065, 45.040823717740402 ], [ 7.72908370819663, 45.040823715192403 ], [ 7.72908366645309, 45.040823716466399 ], [ 7.72902633459772, 45.040828725615199 ], [ 7.72902628543478, 45.040828733559302 ], [ 7.72896873586852, 45.0408427461958 ], [ 7.72896868445726, 45.040842763582702 ], [ 7.72896864698552, 45.040842780520002 ], [ 7.72891973945446, 45.040869440472399 ], [ 7.72891969913486, 45.040869468351303 ], [ 7.72891967125587, 45.040869493082702 ], [ 7.7288855398858, 45.040905413054404 ], [ 7.72886636810096, 45.0409353195219 ], [ 7.72886634831586, 45.0409353715702 ], [ 7.72886257090097, 45.040962429322697 ], [ 7.72886656168003, 45.040997452445502 ], [ 7.72888439085201, 45.041054044870798 ], [ 7.7289137065024, 45.041110648537703 ], [ 7.72894302440108, 45.0411672293842 ], [ 7.72899488065926, 45.041285127581602 ], [ 7.72911224926843, 45.041543380272799 ], [ 7.72921464484006, 45.041754773564001 ], [ 7.72895298349344, 45.041569437005002 ], [ 7.72895295179234, 45.041569418343997 ], [ 7.72842068286826, 45.041303926335203 ], [ 7.72816131029629, 45.041160609474602 ], [ 7.72808623601603, 45.041052940166097 ], [ 7.72799798689263, 45.040954211130497 ], [ 7.72799794536322, 45.040954176522703 ], [ 7.72799789808458, 45.040954148258201 ], [ 7.7279978483221, 45.040954127081399 ], [ 7.72799779900926, 45.040954112242503 ], [ 7.72799774714836, 45.040954102499903 ], [ 7.72799768809288, 45.040954098378002 ], [ 7.72789428389413, 45.040955999619797 ], [ 7.72789423383188, 45.040956004266199 ], [ 7.72789418137142, 45.040956014008898 ], [ 7.72789413160893, 45.040956029297398 ], [ 7.72789408514396, 45.040956049532099 ], [ 7.72789404617335, 45.040956072015199 ], [ 7.72778032510195, 45.041037248570198 ], [ 7.72764555270015, 45.041102856811399 ], [ 7.72740495977115, 45.041087969434301 ], [ 7.72722075613302, 45.041053884229399 ], [ 7.72710109234157, 45.040921350240197 ], [ 7.72704085252836, 45.040822957363702 ], [ 7.7269336133956, 45.040707233352201 ], [ 7.72680281060127, 45.040563827458698 ], [ 7.72665151315687, 45.040373970682303 ], [ 7.72659702683137, 45.040287954125901 ], [ 7.72657815455824, 45.040245603252103 ], [ 7.72657031696662, 45.040187166204802 ], [ 7.72657409052192, 45.040152966786003 ], [ 7.72667677138738, 45.040177798737901 ], [ 7.72667682007923, 45.040177806420701 ], [ 7.72667686924218, 45.040177809358497 ], [ 7.72667692290171, 45.0401778075598 ], [ 7.72667696104797, 45.040177803138199 ], [ 7.72673053388706, 45.040168668949001 ], [ 7.72686669933876, 45.0401453243473 ], [ 7.72697317457238, 45.040150826399604 ], [ 7.72704414367235, 45.0401786298399 ], [ 7.72711594194722, 45.040207554435199 ], [ 7.72711598946139, 45.0402075691241 ], [ 7.72711604342072, 45.040207579616201 ], [ 7.72711609902879, 45.040207584712299 ], [ 7.72711615523643, 45.040207583663097 ], [ 7.72711621039483, 45.040207576918199 ], [ 7.72711624906569, 45.040207568674397 ], [ 7.72719978664088, 45.040184726344101 ], [ 7.72733844321462, 45.040186270330103 ], [ 7.72733849402633, 45.040186267032603 ], [ 7.72733855371882, 45.040186256990197 ], [ 7.72738001557531, 45.040174809969599 ], [ 7.72738006204028, 45.0401747927326 ], [ 7.72738010820547, 45.040174769200298 ], [ 7.72738014642667, 45.040174743569601 ], [ 7.72743072130079, 45.040132375908499 ], [ 7.72743075828541, 45.040132332853403 ], [ 7.727430784703, 45.040132283390697 ], [ 7.72743079482036, 45.040132248654402 ], [ 7.72746449848785, 45.039922591954102 ], [ 7.72819184377861, 45.0398193523313 ], [ 7.72819189429055, 45.039819341089803 ], [ 7.72819194600155, 45.039819323403101 ], [ 7.72819199321596, 45.039819300470398 ], [ 7.72819203488456, 45.039819272741298 ], [ 7.72819207340551, 45.0398192378819 ], [ 7.72819210346856, 45.039819199082501 ], [ 7.7283000388158, 45.039621305578898 ], [ 7.72838659136812, 45.039572663947403 ], [ 7.72857315097304, 45.039510493942799 ], [ 7.72857320197746, 45.039510471074301 ], [ 7.72857324730756, 45.039510442702799 ], [ 7.7285732875897, 45.039510407142103 ], [ 7.72857332311293, 45.039510361276697 ], [ 7.72857334525872, 45.039510311364303 ], [ 7.72857335357747, 45.039510259540897 ], [ 7.72857334829393, 45.039510209403701 ], [ 7.72855562164466, 45.039456087528499 ], [ 7.72870790024945, 45.039422925927298 ], [ 7.72877828697413, 45.039430821461004 ], [ 7.72877834069791, 45.039430823024098 ], [ 7.72877839412193, 45.039430819405403 ], [ 7.72886361801161, 45.039417720351601 ], [ 7.72886367287025, 45.039417706861698 ], [ 7.72886371363953, 45.039417692322701 ], [ 7.72899972575681, 45.039359318677697 ], [ 7.72916932890146, 45.039329472539698 ], [ 7.72916936824679, 45.039329462759497 ], [ 7.7296800898643, 45.039168532901499 ], [ 7.72982142836629, 45.039132378206702 ], [ 7.72982147603034, 45.039132361569301 ], [ 7.72982152339464, 45.039132338936298 ], [ 7.72982156566277, 45.039132310907497 ], [ 7.72982160396961, 45.039132276090903 ], [ 7.72982163570284, 45.039132234593602 ], [ 7.7298216574311, 45.039132185676898 ], [ 7.72982166608708, 45.039132131942402 ], [ 7.72982165956699, 45.039132077983098 ], [ 7.72982164345414, 45.039132034815601 ], [ 7.7297512008323, 45.039010409377902 ], [ 7.72975117992306, 45.039010382173501 ], [ 7.72970853002471, 45.038963551326901 ], [ 7.72962377431776, 45.0387620896987 ], [ 7.72959695372398, 45.038481922552698 ], [ 7.7295530441677, 45.038282170266001 ], [ 7.7295530208303, 45.0382821206234 ], [ 7.7295529948249, 45.038282085849602 ], [ 7.72940033325883, 45.038123425805502 ], [ 7.72940029308911, 45.038123394029498 ], [ 7.72940025142051, 45.038123369597898 ], [ 7.72940020540521, 45.038123349662897 ], [ 7.72940015534293, 45.038123334674196 ], [ 7.72940009741162, 45.038123324069701 ], [ 7.72908438583579, 45.038096692858097 ], [ 7.72908432872884, 45.038096692858097 ], [ 7.72908428428734, 45.038096696605301 ], [ 7.7289456144486, 45.038117285234598 ], [ 7.72894556063917, 45.038117298574498 ], [ 7.72894551477374, 45.038117315062102 ], [ 7.72894548382207, 45.038117329301301 ], [ 7.72848387912779, 45.038369475370999 ], [ 7.72782855394468, 45.0382305759804 ], [ 7.72742071019766, 45.038079052656201 ], [ 7.72742065713768, 45.038079038267 ], [ 7.72742061404516, 45.038079030547898 ], [ 7.72717606432394, 45.0380511333532 ], [ 7.72711294810409, 45.038032682862102 ], [ 7.7270184543882, 45.037984294539598 ], [ 7.72701840372641, 45.0379842747545 ], [ 7.72701833852555, 45.037984258191997 ], [ 7.7268269909729, 45.037958536757102 ], [ 7.72682693521493, 45.037958533909297 ], [ 7.72682687511025, 45.037958537206798 ], [ 7.72682681635455, 45.0379585473991 ], [ 7.72682677551033, 45.037958558041097 ], [ 7.72665015877783, 45.0380186804178 ], [ 7.72650123396982, 45.0380500595627 ], [ 7.72629722265125, 45.038112319290597 ], [ 7.72618685391522, 45.038153322530398 ], [ 7.72618680647599, 45.038153345912697 ], [ 7.72612901176952, 45.038190229920197 ], [ 7.72608074616705, 45.038231581422401 ], [ 7.72604067709813, 45.038272203799202 ], [ 7.7260075133611, 45.038308084950202 ], [ 7.72598108363515, 45.038347669284597 ], [ 7.7259614898809, 45.038386123283502 ], [ 7.72596147616623, 45.038386176680802 ], [ 7.72596048308986, 45.0384308713002 ], [ 7.72596216965598, 45.038508187365501 ], [ 7.725967350313, 45.038581902432902 ], [ 7.72595876313645, 45.038666743800199 ], [ 7.7259703639412, 45.038962839063799 ], [ 7.72584119510262, 45.0390255050606 ], [ 7.72584114678012, 45.039025536456499 ], [ 7.72584110810927, 45.039025572043997 ], [ 7.72584107594245, 45.0390256150027 ], [ 7.72584105469598, 45.039025664352998 ], [ 7.72584104682687, 45.039025715726801 ], [ 7.72584105057409, 45.039025757882499 ], [ 7.72590373564394, 45.039269066764099 ], [ 7.72590375913872, 45.039269114877797 ], [ 7.72590378240868, 45.039269146354101 ], [ 7.72594940793886, 45.039318952607601 ], [ 7.72595224529994, 45.039378420277899 ], [ 7.72590380298067, 45.039592726360802 ], [ 7.72589119583459, 45.039720686060903 ], [ 7.72588757460196, 45.039780323628101 ], [ 7.72589278292565, 45.0398142381366 ], [ 7.72589280202374, 45.039814287499397 ], [ 7.72589282876251, 45.0398143275835 ], [ 7.72592143306523, 45.039845826836 ], [ 7.72595383035502, 45.039872176297401 ], [ 7.72599235483836, 45.0398968570669 ], [ 7.72605745608678, 45.039931331565697 ], [ 7.72617374292395, 45.040022609156203 ], [ 7.72621077340852, 45.040055867884099 ], [ 7.72622834346333, 45.040087142707499 ], [ 7.72623155584165, 45.0401219077999 ], [ 7.72615537606981, 45.040202454679601 ], [ 7.7260562455993, 45.040277795384 ], [ 7.72597847132942, 45.040320533865597 ], [ 7.72591628410925, 45.040352545233802 ], [ 7.72576487155163, 45.040421730078798 ], [ 7.72563144993154, 45.0404809324491 ], [ 7.72540800077866, 45.040561059345499 ], [ 7.72519054380859, 45.040636625779698 ], [ 7.7248814763491, 45.040684220450501 ], [ 7.7248814198417, 45.040684234539803 ], [ 7.72488137802323, 45.040684249153799 ], [ 7.72482446577653, 45.040709198113902 ], [ 7.72482442692581, 45.040709219415 ], [ 7.72478081538238, 45.040738506826699 ], [ 7.72472583229387, 45.040783291715599 ], [ 7.72472579530925, 45.040783332634803 ], [ 7.72467673054672, 45.040861141416102 ], [ 7.72462203108194, 45.040970347103901 ], [ 7.72452316321346, 45.041114726063803 ], [ 7.72416113628996, 45.041449985003901 ], [ 7.72388158338091, 45.0417426954441 ], [ 7.72384749011963, 45.041790230609699 ], [ 7.72383111526381, 45.041828557766799 ], [ 7.72382007582339, 45.041893604606202 ], [ 7.72381484997538, 45.041984723915903 ], [ 7.72380289618678, 45.042018329782103 ], [ 7.72378169377021, 45.042050449069002 ], [ 7.72371452430588, 45.042096962005203 ], [ 7.72366326204997, 45.0421184953723 ], [ 7.72348829130165, 45.0421108333733 ], [ 7.72348825532876, 45.042110834047797 ], [ 7.7234251809274, 45.042114829585799 ], [ 7.72342512561911, 45.042114837679698 ], [ 7.72342506244172, 45.042114855029098 ], [ 7.72339241705146, 45.042128026612197 ], [ 7.72339238107857, 45.0421280448234 ], [ 7.72331027544891, 45.0421773568996 ], [ 7.72326154028792, 45.0422046783033 ], [ 7.72321444908761, 45.042207075895902 ], [ 7.72315929096857, 45.042195902718802 ], [ 7.72311479880898, 45.042178854270801 ], [ 7.72301501149614, 45.042061550300403 ], [ 7.72301498283024, 45.042061524220003 ], [ 7.72296082378305, 45.042019428453898 ], [ 7.72296078076547, 45.042019402073798 ], [ 7.72296072290909, 45.042019376817798 ], [ 7.72289329893665, 45.041999105874098 ], [ 7.72289324827483, 45.041999095531899 ], [ 7.72289319191733, 45.041999089236597 ], [ 7.72289313915709, 45.041999088936798 ], [ 7.72284535517904, 45.042002454949397 ], [ 7.72284529702289, 45.042002463942602 ], [ 7.72267011913072, 45.042046873364498 ], [ 7.72261333233945, 45.042050585765999 ], [ 7.72255839365499, 45.042037301880001 ], [ 7.72240035309386, 45.041982342511197 ], [ 7.72209200805228, 45.041875117692598 ], [ 7.72209196792002, 45.041875106900697 ], [ 7.72204354681514, 45.0418653716753 ], [ 7.72204349221344, 45.0418653655085 ], [ 7.72204344125186, 45.0418653643951 ], [ 7.72198374290547, 45.0418686046524 ], [ 7.72198369329286, 45.041868611247502 ], [ 7.72198363626086, 45.041868624699802 ], [ 7.72193314225076, 45.041886238821398 ], [ 7.72193308840386, 45.041886264789298 ], [ 7.72173950337543, 45.042011149594899 ], [ 7.7216227585585, 45.042061680701998 ], [ 7.72129472881873, 45.042211641641501 ], [ 7.721294680705, 45.042211670981899 ], [ 7.72125714772425, 45.042241771065903 ], [ 7.72125711028996, 45.042241811872699 ], [ 7.72125708375995, 45.042241856613899 ], [ 7.72123819484936, 45.042293623389497 ], [ 7.72123818844168, 45.0422936570017 ], [ 7.72117471642755, 45.043178449376001 ], [ 7.72117843658563, 45.04321896271 ], [ 7.72120665371413, 45.043447957532301 ], [ 7.721265824833, 45.043732566205001 ], [ 7.72126584866503, 45.0437326180284 ], [ 7.72129323961636, 45.043770125491001 ], [ 7.72132942318582, 45.043805258791402 ], [ 7.72132946438332, 45.0438052898823 ], [ 7.72132950677137, 45.043805313444501 ], [ 7.72132954996879, 45.0438053312511 ], [ 7.72137666470136, 45.043820385602402 ], [ 7.72137671296499, 45.043820396843898 ], [ 7.72137677306966, 45.043820404450599 ], [ 7.72142221446367, 45.043821625167901 ], [ 7.72142226872277, 45.043821622320102 ], [ 7.72159038678694, 45.043799126828297 ], [ 7.72162983105193, 45.043804488586296 ], [ 7.72168443968519, 45.043818911913299 ], [ 7.7219392308109, 45.0439127587169 ], [ 7.72193926123796, 45.04391276786 ], [ 7.72200909659259, 45.043930160598499 ], [ 7.72200914962261, 45.043930169202 ], [ 7.72200919674708, 45.043930172259699 ], [ 7.72209969939166, 45.043930194248098 ], [ 7.72216804022293, 45.043924548079502 ], [ 7.72227641032811, 45.043918132316001 ], [ 7.72234330370054, 45.043930570839201 ], [ 7.72238975008696, 45.043949961121903 ], [ 7.72241926583649, 45.043974874141199 ], [ 7.72244838296155, 45.044105367119101 ], [ 7.72247844932102, 45.044181384900497 ], [ 7.72247848102213, 45.044181433126703 ], [ 7.72258063658717, 45.0442881916468 ], [ 7.72260853355704, 45.044350919359502 ], [ 7.7225945850721, 45.044391983303498 ], [ 7.72256624844616, 45.044436249396 ], [ 7.72254338576869, 45.04447506807 ], [ 7.72251194917965, 45.044514348658304 ], [ 7.7225119251228, 45.044514392275403 ], [ 7.72251191129573, 45.044514439714703 ], [ 7.72251190859777, 45.044514472090299 ], [ 7.72251441691935, 45.044586157275397 ], [ 7.72251443209541, 45.044586212471302 ], [ 7.72260317539627, 45.044750346950998 ], [ 7.72270174379048, 45.044940090412901 ], [ 7.72270012141354, 45.0449700288438 ], [ 7.7226283177427, 45.045176209214702 ], [ 7.72256141346602, 45.045360941092099 ], [ 7.72249739286544, 45.0455530186319 ], [ 7.72245226061338, 45.045701888356497 ], [ 7.72243476475262, 45.045783265085703 ], [ 7.72241726765534, 45.0458646603633 ], [ 7.72241624888081, 45.045923566879203 ], [ 7.72241626174114, 45.045923622007599 ], [ 7.72245590342975, 45.0460031686614 ], [ 7.72245593389428, 45.046003209580498 ], [ 7.72259094214333, 45.046136689206897 ], [ 7.72271444131849, 45.046251547471002 ], [ 7.72272800579287, 45.046281127072398 ], [ 7.72263466860512, 45.046453496306903 ], [ 7.72262442873694, 45.046491966268803 ], [ 7.72262442682589, 45.0464920188791 ], [ 7.72262443919156, 45.046492071264602 ], [ 7.7226387561737, 45.046522142682797 ], [ 7.72267857095932, 45.046627567508303 ], [ 7.72268616213671, 45.046664815628802 ], [ 7.72268183819631, 45.0466912700861 ], [ 7.72265471554272, 45.046732776496498 ], [ 7.72239457483732, 45.047014305103701 ], [ 7.72217790983272, 45.047311402774099 ], [ 7.72204955296952, 45.047557321263398 ], [ 7.72180461069428, 45.048040109263702 ], [ 7.72175121490921, 45.048107888693202 ], [ 7.72157264720995, 45.048342183894697 ], [ 7.72157262787454, 45.0483422198676 ], [ 7.72147474105402, 45.048595932781097 ], [ 7.72144053994901, 45.048696876959397 ], [ 7.72140628510953, 45.048797940522597 ], [ 7.7213980379891, 45.048830604349 ], [ 7.72138978794589, 45.048863286049396 ], [ 7.72138978513552, 45.048863323483701 ], [ 7.72139189651887, 45.048896253059702 ], [ 7.72139400983574, 45.048929196485297 ], [ 7.72139402041775, 45.0489292368948 ], [ 7.72143166094247, 45.049015964515199 ], [ 7.72146930206668, 45.049102663657003 ], [ 7.72147857857357, 45.0491499518089 ], [ 7.72148812847439, 45.049235763319899 ], [ 7.72147712706783, 45.049297273350497 ], [ 7.72130261092678, 45.049749833787899 ], [ 7.72127854544357, 45.049803797157601 ], [ 7.72123700628288, 45.050005621662102 ], [ 7.72117575955371, 45.050090209895302 ], [ 7.72117573697074, 45.050090259757702 ], [ 7.72117572827727, 45.050090302125803 ], [ 7.72117202756709, 45.050197025272603 ], [ 7.72116431857847, 45.0502441335599 ], [ 7.72112850307798, 45.050298473296003 ], [ 7.72102187855688, 45.050406078078097 ], [ 7.72093026136002, 45.050495934289998 ], [ 7.72082658987529, 45.050622905522701 ], [ 7.72072291614222, 45.050749887884599 ], [ 7.72072289039912, 45.050749935436201 ], [ 7.72072287679686, 45.050749987821703 ], [ 7.72072287837069, 45.050750040769302 ], [ 7.72072289444607, 45.050750092705201 ], [ 7.72072292434852, 45.050750141493403 ], [ 7.72072296526768, 45.050750183424299 ], [ 7.72074872657252, 45.050769432288497 ], [ 7.72074877048941, 45.050769457544497 ], [ 7.72074881395665, 45.050769476130498 ], [ 7.72074884753133, 45.050769487372001 ], [ 7.72107427665657, 45.050857460403499 ], [ 7.72139437749144, 45.050943411437899 ], [ 7.72139442975918, 45.050943420602401 ], [ 7.7213944826693, 45.050943424649397 ], [ 7.72139453602906, 45.0509434231505 ], [ 7.7213945886394, 45.050943416555498 ], [ 7.72139464894394, 45.050943402216298 ], [ 7.72143280308143, 45.050929352207902 ], [ 7.72154879134371, 45.05097427874 ], [ 7.72162561143284, 45.051012642019899 ], [ 7.72184381304157, 45.051220880039601 ], [ 7.72156084608123, 45.051366275683101 ], [ 7.72156079844927, 45.051366308508399 ], [ 7.72156076067775, 45.051366345509102 ], [ 7.72156073029352, 45.051366389784597 ], [ 7.72156071129535, 45.051366440371503 ], [ 7.72156070634909, 45.051366492532203 ], [ 7.72156071567953, 45.051366544468003 ], [ 7.72156074198471, 45.051366598539701 ], [ 7.7215970300789, 45.051411866364603 ], [ 7.72181839190529, 45.0517107578452 ], [ 7.72201419589845, 45.052002622922799 ], [ 7.72180061095947, 45.051988908861098 ], [ 7.72180055999789, 45.051988909460597 ], [ 7.7218005057388, 45.0519889154561 ], [ 7.72180045297856, 45.0519889268475 ], [ 7.72180040291631, 45.051988943485 ], [ 7.72180035720078, 45.051988965218598 ], [ 7.72180031613173, 45.051988990999199 ], [ 7.72180027827455, 45.051989023888702 ], [ 7.72180024628439, 45.0519890630734 ], [ 7.72180022256477, 45.051989109035198 ], [ 7.72180021053636, 45.0519891601841 ], [ 7.72180020986187, 45.051989194920502 ], [ 7.72184054850254, 45.052359250878801 ], [ 7.72177740586514, 45.052371458388698 ], [ 7.72169088932313, 45.052395442595703 ], [ 7.72169084255839, 45.052395459982499 ], [ 7.72169079639319, 45.0523954835148 ], [ 7.72169075532416, 45.0523955118435 ], [ 7.72169071616617, 45.052395549877303 ], [ 7.72169068311608, 45.052395598215803 ], [ 7.72169066445515, 45.052395650264103 ], [ 7.72169066040821, 45.052395701637899 ], [ 7.7217008478159, 45.052467427629701 ], [ 7.72167405701219, 45.052501665719397 ], [ 7.72162876985192, 45.052533369519402 ], [ 7.72154018123442, 45.052578368896697 ], [ 7.72135869219994, 45.052682324904403 ], [ 7.72105603211025, 45.052882231829599 ], [ 7.72065401435882, 45.053126969059399 ], [ 7.72048353347584, 45.053241672302903 ], [ 7.72048350705826, 45.053241693998999 ], [ 7.72045772702825, 45.053266102948299 ], [ 7.72045770002288, 45.053266136043398 ], [ 7.72043512679222, 45.053302302459301 ], [ 7.72043510846854, 45.0533023497862 ], [ 7.7204351025105, 45.053302401047503 ], [ 7.72043510554573, 45.053302435109302 ], [ 7.72044390012844, 45.053342264846201 ], [ 7.72044392306115, 45.053342314533701 ], [ 7.72044395487467, 45.0533423566145 ], [ 7.72044399039789, 45.0533423888402 ], [ 7.72044402007552, 45.053342409974299 ], [ 7.72052891056831, 45.053393735182802 ], [ 7.72052894283149, 45.053393751370599 ], [ 7.72056774835295, 45.053410234257498 ], [ 7.72056778207752, 45.053410245836197 ], [ 7.72062874127345, 45.053427586563899 ], [ 7.72062879358401, 45.053427596906097 ], [ 7.72062883570226, 45.053427601627597 ], [ 7.72068231508682, 45.053430360522803 ], [ 7.72068234806196, 45.053430360522803 ], [ 7.72073895757438, 45.053427599266897 ], [ 7.72081227188139, 45.053418540733098 ], [ 7.72081230954051, 45.053418533088902 ], [ 7.72103800609915, 45.053362449117799 ], [ 7.7212697757796, 45.053306435743501 ], [ 7.72143761805165, 45.053268837786703 ], [ 7.72151435989986, 45.053257364236003 ], [ 7.72159477008262, 45.053256690643799 ], [ 7.72165628460988, 45.053263788992702 ], [ 7.7217192576127, 45.053281417166197 ], [ 7.72241519910222, 45.053453956934597 ], [ 7.72248756125202, 45.053491421791797 ], [ 7.7225588640004, 45.053541233441301 ], [ 7.72260106468741, 45.053580344956998 ], [ 7.72265318129934, 45.053664436964297 ], [ 7.72273287202449, 45.053807922897398 ], [ 7.72285183614338, 45.054048728066398 ], [ 7.72286491048726, 45.054081500261098 ], [ 7.72287017691718, 45.0541206918165 ], [ 7.72286121787096, 45.054178249326803 ], [ 7.72283410960654, 45.054264997032 ], [ 7.72255764092245, 45.054542760739899 ], [ 7.72249638270193, 45.054598571766697 ], [ 7.72232036559245, 45.054728038168498 ], [ 7.7221956129872, 45.054797489887299 ], [ 7.72195796353924, 45.054950708733301 ], [ 7.72183827793923, 45.055040692986097 ], [ 7.72161378546037, 45.055221476614904 ], [ 7.72157218833087, 45.055262067365597 ], [ 7.72152155357688, 45.055331150062599 ], [ 7.72152153143108, 45.055331195253501 ], [ 7.72152152232543, 45.055331228078799 ], [ 7.72151047640243, 45.055403382709997 ], [ 7.72151047797624, 45.055403421380802 ], [ 7.7215756486973, 45.055783044551902 ], [ 7.72157016643007, 45.055845129249299 ], [ 7.72149279606823, 45.056027775598899 ], [ 7.72138259393159, 45.056511081721098 ], [ 7.72136046970996, 45.056581141606401 ], [ 7.72133028396547, 45.056643157056101 ], [ 7.72129595684299, 45.056694951710703 ], [ 7.72117605461877, 45.056849305950799 ], [ 7.72114318091314, 45.056894138953403 ], [ 7.72106661443274, 45.056959454915003 ], [ 7.72099770118302, 45.057006351861702 ], [ 7.72090340366918, 45.057057395582397 ], [ 7.72078763607809, 45.057104400560199 ], [ 7.72078758672779, 45.057104427314997 ], [ 7.7206182538294, 45.057224935682299 ], [ 7.72058358114241, 45.057249604535698 ], [ 7.72046465277155, 45.057345266321001 ], [ 7.72025612123555, 45.057526837193798 ], [ 7.7201829627361, 45.057601482722298 ], [ 7.72014375263211, 45.057645827393102 ], [ 7.72010479579973, 45.057679543875899 ], [ 7.71993807307117, 45.0577766908916 ], [ 7.71981998983821, 45.057853176882602 ], [ 7.71972980728484, 45.057915971819703 ], [ 7.719686618093, 45.057951421296103 ], [ 7.71964192598415, 45.058002885449902 ], [ 7.71961509291225, 45.058046807664098 ], [ 7.71959418198845, 45.058097790568098 ], [ 7.71957696289407, 45.0581542079629 ], [ 7.71957695850989, 45.058154244947502 ], [ 7.71957907911127, 45.058399470958904 ], [ 7.71957584874644, 45.058460605972201 ], [ 7.71955504113231, 45.058525578392803 ], [ 7.71952839062277, 45.058581045878597 ], [ 7.71947852051739, 45.058646565986301 ], [ 7.71944005471482, 45.058689880034002 ], [ 7.71940083078374, 45.058715141990298 ], [ 7.71934356735181, 45.058735075463403 ], [ 7.71927799058682, 45.0587472001233 ], [ 7.71919511086571, 45.058753241768699 ], [ 7.71911405676836, 45.058748248058301 ], [ 7.7187432324143, 45.058730793791099 ], [ 7.71874318085315, 45.058730795290003 ], [ 7.71874312614441, 45.058730802034901 ], [ 7.71874307713134, 45.058730813576197 ], [ 7.71855185998038, 45.058791591558801 ], [ 7.71836399070565, 45.0588448271521 ], [ 7.71812637708068, 45.058921932101597 ], [ 7.71812633316379, 45.058921950387798 ], [ 7.71806442270999, 45.058954566587502 ], [ 7.71806439325718, 45.058954584911199 ], [ 7.71800219333411, 45.059000371419998 ], [ 7.71794633104589, 45.059055528752197 ], [ 7.71794630800078, 45.059055557867701 ], [ 7.71786145404292, 45.059188552309898 ], [ 7.71773212546226, 45.059307883352197 ], [ 7.71736871583111, 45.059682846011597 ], [ 7.7173686840176, 45.0596828937881 ], [ 7.71731262477783, 45.059820374610602 ], [ 7.71725307077264, 45.059966420913703 ], [ 7.71721432078431, 45.060037989861399 ], [ 7.71712502260175, 45.060154659809797 ], [ 7.7170329985741, 45.060243427392301 ], [ 7.71694323004607, 45.060314026870898 ], [ 7.71663630121188, 45.060487140856402 ], [ 7.71663627367015, 45.060487159180099 ], [ 7.71645815731813, 45.060625738187298 ], [ 7.71639039340198, 45.060669652082801 ], [ 7.71600985910526, 45.060830749551997 ], [ 7.7159537378123, 45.060862653563703 ], [ 7.71595369284619, 45.060862687737902 ], [ 7.71595366597896, 45.060862714043097 ], [ 7.71591456547986, 45.060909739030798 ], [ 7.7156567817851, 45.061320720100198 ], [ 7.71563545627385, 45.061360166276202 ], [ 7.7156151191175, 45.061401819838203 ], [ 7.71559385948158, 45.061472755887998 ], [ 7.7155856389661, 45.061561247078899 ], [ 7.71560671247983, 45.061686401306403 ], [ 7.71557922470151, 45.062037587464701 ], [ 7.71557039043624, 45.0621246536424 ], [ 7.71555922220541, 45.062318138621301 ], [ 7.71556596536705, 45.062495853290997 ], [ 7.7155659751397, 45.062495894569899 ], [ 7.71559148605826, 45.062558200500597 ], [ 7.71555410753609, 45.062749139161497 ], [ 7.71550706130188, 45.062953442647299 ], [ 7.71546627165117, 45.0630367189694 ], [ 7.71541955996474, 45.063098829747297 ], [ 7.7153510253296, 45.063149147715002 ], [ 7.71525208911265, 45.0632057429507 ], [ 7.71475630635848, 45.063430223626 ], [ 7.71434480626783, 45.063539107244097 ], [ 7.71419356997734, 45.0630858039667 ], [ 7.71418509004492, 45.063060399130698 ], [ 7.71418506610047, 45.063060355626 ], [ 7.71412975033776, 45.062991200983198 ], [ 7.71408770369711, 45.062953364293897 ], [ 7.71403987595206, 45.062916802131298 ], [ 7.71403982963697, 45.062916774814397 ], [ 7.71396829553795, 45.062884638665203 ], [ 7.71396824528834, 45.062884622027802 ], [ 7.71396820077191, 45.062884611835401 ], [ 7.71389755947484, 45.062873766086497 ], [ 7.71384759359161, 45.062870249062797 ], [ 7.71384753528558, 45.062870249962103 ], [ 7.71377899656598, 45.062877160352699 ], [ 7.71377894035836, 45.062877171144599 ], [ 7.71371094469011, 45.062897103333 ], [ 7.71371091732505, 45.062897112711603 ], [ 7.71346661828983, 45.062999005000101 ], [ 7.71337917091205, 45.0630150857776 ], [ 7.71329514635397, 45.063014949080703 ], [ 7.71322784378998, 45.0630057112446 ], [ 7.71316554775188, 45.062986719361703 ], [ 7.71248187144124, 45.062690668839402 ], [ 7.71212424238992, 45.062534424524102 ], [ 7.71212419322698, 45.062534408336298 ], [ 7.71178011516025, 45.062451194666899 ], [ 7.71157801591278, 45.062402317413003 ], [ 7.7115215124079, 45.0623728502269 ], [ 7.71121413162692, 45.062083892507701 ], [ 7.71121409040799, 45.062083862380398 ], [ 7.71121405443512, 45.062083841845897 ], [ 7.71100235072796, 45.061983786872297 ], [ 7.711002302914, 45.061983769335498 ], [ 7.71100224790546, 45.061983755845702 ], [ 7.71100219094841, 45.061983748351402 ], [ 7.71100213279223, 45.0619837473022 ], [ 7.71100207928258, 45.061983751648903 ], [ 7.71080743226723, 45.06201558675 ], [ 7.71080738265464, 45.062015598890802 ], [ 7.7107591794801, 45.0620317820037 ], [ 7.71075912731942, 45.062031806060602 ], [ 7.7106096124437, 45.062122901650604 ], [ 7.71055281486059, 45.062133282524997 ], [ 7.71048846117361, 45.062130889429099 ], [ 7.71044879477608, 45.062121390789599 ], [ 7.71038315539586, 45.062087721408801 ], [ 7.71030970821401, 45.062056519992403 ], [ 7.7102095335182, 45.062018878306098 ], [ 7.71010238637857, 45.061989960268498 ], [ 7.71006238022471, 45.061981725326397 ], [ 7.71006232806403, 45.061981719031202 ], [ 7.71002386525922, 45.061979933876898 ], [ 7.71002381144978, 45.061979935675502 ], [ 7.71002375434284, 45.061979943319798 ], [ 7.71002369978396, 45.061979957259297 ], [ 7.71002366231221, 45.061979970599197 ], [ 7.70998702258307, 45.061995734590496 ], [ 7.70998697389121, 45.0619957625659 ], [ 7.70998694128436, 45.061995787335803 ], [ 7.70984518780523, 45.062126055573103 ], [ 7.70977194454464, 45.062193372863398 ], [ 7.70968441308024, 45.062277323789502 ], [ 7.70933187996235, 45.062662366275198 ], [ 7.70874583302525, 45.0623899931037 ], [ 7.7087457872883, 45.062389976916002 ], [ 7.70874573902469, 45.062389965224803 ], [ 7.70874568476558, 45.062389957730403 ], [ 7.70874562975706, 45.062389955632 ], [ 7.70874557459863, 45.062389959679003 ], [ 7.70874552093909, 45.062389969121803 ], [ 7.70874546997751, 45.0623899839606 ], [ 7.70874542231344, 45.062390003745698 ], [ 7.70874537944576, 45.062390028477097 ], [ 7.70874533878355, 45.062390060039 ], [ 7.70874531028788, 45.062390088971497 ], [ 7.70838833667746, 45.062848456016503 ], [ 7.70780277257995, 45.063617624353903 ], [ 7.70704761200774, 45.0633278914191 ], [ 7.70704756359423, 45.063327877329698 ], [ 7.7070475087356, 45.063327867287299 ], [ 7.70704745267784, 45.063327863390199 ], [ 7.70704739647023, 45.063327865188903 ], [ 7.70704734086214, 45.063327873282802 ], [ 7.70704728780214, 45.063327886772598 ], [ 7.70704723803965, 45.063327905658397 ], [ 7.70704719277378, 45.063327929790198 ], [ 7.70704715305372, 45.063327958118798 ], [ 7.70704711655623, 45.063327994204101 ], [ 7.70659567644935, 45.063937996141597 ], [ 7.70603097684813, 45.064700016892402 ], [ 7.70498426296341, 45.064310017793098 ], [ 7.70498421499957, 45.064310004453198 ], [ 7.70498416089036, 45.064309995160201 ], [ 7.70498410543217, 45.064309991113198 ], [ 7.70498404982409, 45.064309993211701 ], [ 7.70498399511533, 45.064310001155697 ], [ 7.70498394265488, 45.0643100146455 ], [ 7.70498389379171, 45.064310033381403 ], [ 7.70498384882561, 45.064310057213397 ], [ 7.70498380955523, 45.064310084942498 ], [ 7.7049837730952, 45.064310120540704 ], [ 7.70417424295949, 45.0653826554977 ], [ 7.70417421935229, 45.065382703274203 ], [ 7.70417420844801, 45.065382755547297 ], [ 7.70417421182046, 45.065382808270002 ], [ 7.70417423003174, 45.065382859419003 ], [ 7.70417426173285, 45.0653829073079 ], [ 7.70417429965427, 45.065382944966998 ], [ 7.70417433907453, 45.065382972995899 ], [ 7.70417438909933, 45.065382998926303 ], [ 7.70522418784606, 45.0657828689843 ], [ 7.70594976626876, 45.066059229749698 ], [ 7.70766660263166, 45.066713114218899 ], [ 7.70869963363126, 45.067106545355898 ], [ 7.70896211740785, 45.067202278862098 ], [ 7.70875377866401, 45.067408128732197 ], [ 7.70871250079382, 45.067458243453203 ], [ 7.70847942788333, 45.067868340151797 ], [ 7.70824339271843, 45.068272472996298 ], [ 7.70802797361216, 45.068216582829102 ], [ 7.70826822682226, 45.067809425227402 ], [ 7.70826824402178, 45.0678093752026 ], [ 7.70826824716942, 45.067809321243203 ], [ 7.70826823581548, 45.067809268408098 ], [ 7.70826820973514, 45.0678092178212 ], [ 7.70826817593562, 45.067809177351698 ], [ 7.70826813876364, 45.067809146924603 ], [ 7.70826809604585, 45.067809120244803 ], [ 7.70826804793212, 45.067809098361302 ], [ 7.70826801098498, 45.067809085620901 ], [ 7.708121869129, 45.067769039709397 ], [ 7.70807270960042, 45.067699917704601 ], [ 7.70807267287276, 45.067699880173897 ], [ 7.70807262944834, 45.067699848569198 ], [ 7.7080725825337, 45.067699823688002 ], [ 7.70807253501953, 45.067699805701501 ], [ 7.70807248450761, 45.067699792811297 ], [ 7.70807243189726, 45.067699784867202 ], [ 7.70807238228466, 45.067699782019403 ], [ 7.70800685483255, 45.0677010527614 ], [ 7.70795887060547, 45.067701405295701 ], [ 7.70791975356526, 45.067698941024801 ], [ 7.70791969373892, 45.067698942552198 ], [ 7.70786856877947, 45.067705186944899 ], [ 7.70779049143806, 45.067700127358997 ], [ 7.70770368048052, 45.067664945281102 ], [ 7.70770363146747, 45.067664930142499 ], [ 7.70766428957535, 45.067656317784902 ], [ 7.70760535587752, 45.067642606271299 ], [ 7.70753725471558, 45.067630157630703 ], [ 7.70745602367663, 45.0676160974051 ], [ 7.70739024456418, 45.067594095491202 ], [ 7.70733412731818, 45.067569842274501 ], [ 7.70733407560716, 45.067569825637001 ], [ 7.70728958779429, 45.067559629723199 ], [ 7.70728954237853, 45.067559622528599 ], [ 7.70720743307663, 45.067552518034297 ], [ 7.70714793393006, 45.067545655307804 ], [ 7.70706861462492, 45.067527339714999 ], [ 7.70698988392606, 45.067504343263401 ], [ 7.7068697355499, 45.067471499760003 ], [ 7.70686967889262, 45.067471489567602 ], [ 7.70680817905429, 45.067465906126699 ], [ 7.70675923435124, 45.067456845457102 ], [ 7.70671820514359, 45.067443556175199 ], [ 7.70666879313035, 45.067430288477098 ], [ 7.70662282248532, 45.067416584607798 ], [ 7.70656781916207, 45.067399188909 ], [ 7.70656778465057, 45.067399180252998 ], [ 7.70649447000633, 45.0673850059258 ], [ 7.7064944350452, 45.067385001316801 ], [ 7.70640724150104, 45.067377724002803 ], [ 7.70635463655731, 45.06736589522 ], [ 7.70631882850833, 45.067349098325103 ], [ 7.70631877583375, 45.067349079696299 ], [ 7.70631874686271, 45.067349072052103 ], [ 7.70625546651661, 45.067335218445599 ], [ 7.70613471274686, 45.067306627199102 ], [ 7.7060769262467, 45.067286703168897 ], [ 7.70607689196005, 45.067286693950798 ], [ 7.70596613392996, 45.067262520848701 ], [ 7.7058434628056, 45.067234202996097 ], [ 7.70579900920446, 45.067220314203702 ], [ 7.7057558076844, 45.0672107477778 ], [ 7.70560697168446, 45.0671719609173 ], [ 7.70552581596368, 45.067148225897398 ], [ 7.70547511938128, 45.067136336073098 ], [ 7.70542399337264, 45.067121754015801 ], [ 7.70542394031265, 45.067121743673603 ], [ 7.70542387488697, 45.0671217385025 ], [ 7.70538379592551, 45.067122704149497 ], [ 7.70534601630567, 45.067113773881601 ], [ 7.70517773156712, 45.0670690254153 ], [ 7.70511219976828, 45.067050082095598 ], [ 7.70500144915758, 45.067018151666403 ], [ 7.7048866650876, 45.066980464676803 ], [ 7.70480817110312, 45.0669485372024 ], [ 7.70480813053085, 45.066948524354999 ], [ 7.70476723332121, 45.066938421371098 ], [ 7.7047237202985, 45.0669249045608 ], [ 7.70462436881962, 45.066897064248202 ], [ 7.70451922638124, 45.066849161297299 ], [ 7.70451918950903, 45.066849147919903 ], [ 7.70447055372313, 45.066834698175299 ], [ 7.70440264366709, 45.066816943647098 ], [ 7.70430071270778, 45.0667831003598 ], [ 7.70424638646159, 45.066760451833403 ], [ 7.70420799035652, 45.066743077381197 ], [ 7.70420794149335, 45.066743060294002 ], [ 7.70412451123724, 45.066721853830501 ], [ 7.70404737623547, 45.066693099506999 ], [ 7.70404734670774, 45.066693090363898 ], [ 7.70399758452095, 45.066680374399802 ], [ 7.70393890825409, 45.066659957091403 ], [ 7.70377913818423, 45.066588328900799 ], [ 7.70373293922381, 45.066572606840403 ], [ 7.70359069637858, 45.066512719186697 ], [ 7.70355269170341, 45.066498501804503 ], [ 7.70350409301453, 45.066475215658699 ], [ 7.70341492276053, 45.066436963894802 ], [ 7.70341489263322, 45.066436953552603 ], [ 7.70336256423099, 45.066421256336 ], [ 7.70327115983622, 45.0663893357993 ], [ 7.70308624033778, 45.066303480221499 ], [ 7.70304787492204, 45.066288679966199 ], [ 7.70294082086224, 45.066250935532302 ], [ 7.70289340140937, 45.066225728434702 ], [ 7.7028472101307, 45.066182706216999 ], [ 7.70284716816233, 45.066182675789896 ], [ 7.70284713173979, 45.066182655405299 ], [ 7.70268790036386, 45.066108629734501 ], [ 7.70258637353735, 45.066074248765098 ], [ 7.70253183347739, 45.066058708142897 ], [ 7.70246849332637, 45.0660322078202 ], [ 7.70234638832521, 45.065976783614197 ], [ 7.70225589359467, 45.065945236183801 ], [ 7.70211071041599, 45.0658776966484 ], [ 7.70200750264416, 45.065839777184003 ], [ 7.7019742367217, 45.065825826900401 ], [ 7.70188264886521, 45.0657757958164 ], [ 7.70179348648026, 45.0657337686985 ], [ 7.70165378519407, 45.065661064806299 ], [ 7.70165375656566, 45.065661052215802 ], [ 7.70159992899357, 45.065640678974198 ], [ 7.70148894096189, 45.065588376202598 ], [ 7.7013584969971, 45.065527471415798 ], [ 7.70124412931318, 45.0654613964264 ], [ 7.70107266277324, 45.065357483361197 ], [ 7.70089796137188, 45.065239731978103 ], [ 7.70075914292016, 45.0651486382991 ], [ 7.70070671439341, 45.065098400520803 ], [ 7.70070667467334, 45.0650983703935 ], [ 7.70066940047252, 45.065076323813301 ], [ 7.70064476972789, 45.065055219310501 ], [ 7.70059419275534, 45.0650229116156 ], [ 7.70053047949807, 45.064987724403998 ], [ 7.70047602644752, 45.064943821300297 ], [ 7.70042019563556, 45.064890167747102 ], [ 7.70017445195194, 45.064647254117503 ], [ 7.70008025729811, 45.064556641575798 ], [ 7.70004267283113, 45.0645138034943 ], [ 7.70004263341085, 45.064513769994498 ], [ 7.70004259204203, 45.064513743914198 ], [ 7.70004254542718, 45.064513722480399 ], [ 7.70004249506514, 45.064513706142698 ], [ 7.70004244200514, 45.064513694901102 ], [ 7.70004238699661, 45.064513689655101 ], [ 7.70004233153841, 45.064513689804997 ], [ 7.70004227667978, 45.064513695950303 ], [ 7.70004222376966, 45.064513707341803 ], [ 7.7000421737074, 45.064513724279003 ], [ 7.7000421275422, 45.064513746162497 ], [ 7.70004208647316, 45.064513772542597 ], [ 7.70004205994317, 45.064513793826599 ], [ 7.69952288267496, 45.0650072163101 ], [ 7.69905277556518, 45.065451177429999 ], [ 7.69882574860947, 45.065429048261997 ], [ 7.69882569554945, 45.065429047212803 ], [ 7.69882563889217, 45.065429051859297 ], [ 7.69882558388363, 45.065429062351399 ], [ 7.69882553157308, 45.065429078539204 ], [ 7.69882548345934, 45.065429100422698 ], [ 7.69882544014199, 45.065429126802798 ], [ 7.69882540536821, 45.065429155131497 ], [ 7.698685047502, 45.065572593100804 ], [ 7.69868501681263, 45.0655726373923 ], [ 7.69868499725236, 45.0655726870799 ], [ 7.6986849915192, 45.065572738453703 ], [ 7.6986849997255, 45.065572789602598 ], [ 7.69868502142165, 45.065572838952903 ], [ 7.69868505615796, 45.065572884368699 ], [ 7.69868509584055, 45.065572919854397 ], [ 7.69868513631004, 45.065572945934797 ], [ 7.69868518157592, 45.065572967518499 ], [ 7.69868523073887, 45.065572984605602 ], [ 7.69868528896995, 45.065572997121201 ], [ 7.69892201144171, 45.065600702310597 ], [ 7.69951381807079, 45.0659077263605 ], [ 7.70032455554635, 45.066306511611302 ], [ 7.70106029439711, 45.0666328596188 ], [ 7.70092051996608, 45.066722357450899 ], [ 7.70049004328092, 45.066998005054003 ], [ 7.69974631024405, 45.0674742329496 ], [ 7.6987640841952, 45.068103135151603 ], [ 7.69803704257549, 45.068568643128501 ], [ 7.69733392696921, 45.0690188176644 ], [ 7.69651520531255, 45.069547567766101 ], [ 7.69584884814589, 45.069977890667197 ], [ 7.69545989945482, 45.070229075811298 ], [ 7.69459923386762, 45.070015204438199 ], [ 7.6943983117042, 45.069915696252401 ], [ 7.69439826632698, 45.0699156788056 ], [ 7.69439821785352, 45.069915665975202 ], [ 7.69439816329464, 45.069915657581603 ], [ 7.69439810723692, 45.069915654583902 ], [ 7.69439805162883, 45.069915657731499 ], [ 7.69439799677018, 45.069915666424897 ], [ 7.69439794475939, 45.069915681113798 ], [ 7.69439789604612, 45.069915700599203 ], [ 7.69439785212921, 45.0699157251806 ], [ 7.69439780989856, 45.0699157576312 ], [ 7.69423491850674, 45.070080739047398 ], [ 7.69423488703046, 45.070080784463201 ], [ 7.69423486735778, 45.070080835499702 ], [ 7.6942348621867, 45.070080888110098 ], [ 7.69423487151715, 45.070080940608001 ], [ 7.69423489523678, 45.070080990745197 ], [ 7.69423492955554, 45.070081034041102 ], [ 7.69423497079588, 45.070081069500098 ], [ 7.69423501323532, 45.070081096265604 ], [ 7.69443593766846, 45.070180615842801 ], [ 7.69493082739581, 45.070570734551801 ], [ 7.69424074791226, 45.071016359417499 ], [ 7.69385990121353, 45.070461398799601 ], [ 7.69385986628984, 45.070461361852402 ], [ 7.69385982776889, 45.070461332624497 ], [ 7.6938597837021, 45.070461307593298 ], [ 7.69385973483894, 45.070461287358597 ], [ 7.6938596822286, 45.070461272969403 ], [ 7.69385962736996, 45.070461263826303 ], [ 7.69385957131221, 45.070461260678698 ], [ 7.69385951495471, 45.070461263526497 ], [ 7.69385945979627, 45.070461272220001 ], [ 7.69385940718595, 45.070461286309403 ], [ 7.69385935787312, 45.070461305944598 ], [ 7.69385931365645, 45.070461330675897 ], [ 7.69385927067634, 45.070461362939099 ], [ 7.69266311614744, 45.0716695648985 ], [ 7.69266308523325, 45.071669608852901 ], [ 7.69266306544816, 45.0716696585405 ], [ 7.69266305915289, 45.071669709801803 ], [ 7.69266306690956, 45.071669761288 ], [ 7.69266308691947, 45.071669808502399 ], [ 7.6928166987692, 45.071899898923697 ], [ 7.69331469171971, 45.072613120998803 ], [ 7.69211354940082, 45.0730136573045 ], [ 7.69211350413496, 45.073013676939702 ], [ 7.69211345991829, 45.073013702720203 ], [ 7.6921134190848, 45.073013735823899 ], [ 7.69211338401123, 45.073013775650999 ], [ 7.69211335810754, 45.073013822817202 ], [ 7.69211334461773, 45.073013875989602 ], [ 7.69211334630396, 45.073013929948999 ], [ 7.6921133629414, 45.073013982334501 ], [ 7.69211339250661, 45.073014029886103 ], [ 7.69215482258704, 45.073059595723798 ], [ 7.69264437663674, 45.073740195453702 ], [ 7.69294294256281, 45.074180953188502 ], [ 7.69281836161564, 45.0742713823809 ], [ 7.69175333779637, 45.075290302005897 ], [ 7.6915916974739, 45.075445728237803 ], [ 7.6914808528841, 45.0755767572116 ], [ 7.69138974953734, 45.075706717790901 ], [ 7.69047893966388, 45.076553327199299 ], [ 7.69028793535248, 45.0767556344151 ], [ 7.68985309414501, 45.077316246147902 ], [ 7.6894210688273, 45.077873224169998 ], [ 7.68865920714423, 45.078855407276301 ], [ 7.68827567327126, 45.079398291910202 ], [ 7.68827565179993, 45.079398339012201 ], [ 7.68827564246948, 45.079398389823901 ], [ 7.68827564685367, 45.079398441197597 ], [ 7.68827566506494, 45.079398490772803 ], [ 7.68827569609155, 45.079398537200298 ], [ 7.68827573607926, 45.079398576497503 ], [ 7.68827578143079, 45.079398607588303 ], [ 7.68827583016547, 45.079398631591602 ], [ 7.68827586493927, 45.079398644332002 ], [ 7.68878962316262, 45.0795573746732 ], [ 7.68927104272448, 45.079694408270399 ], [ 7.68927109128789, 45.079694418162902 ], [ 7.68927114554697, 45.079694423409002 ], [ 7.68927120010585, 45.079694423409002 ], [ 7.68927125421505, 45.079694418012998 ], [ 7.68927130652563, 45.079694407071301 ], [ 7.68927135598834, 45.079694390883503 ], [ 7.68927140215354, 45.079694369599501 ], [ 7.68927144643444, 45.079694341806203 ], [ 7.68927148978747, 45.079694303149601 ], [ 7.69001991163967, 45.078760306667903 ], [ 7.69067717531146, 45.0779325209691 ], [ 7.69144380328896, 45.076966955760398 ], [ 7.69209221448415, 45.076165004211603 ], [ 7.69227948211244, 45.075933382919303 ], [ 7.69246810951569, 45.0763526819308 ], [ 7.69252593232596, 45.077219026736799 ], [ 7.6925418224472, 45.077457178006398 ], [ 7.69233232447726, 45.077684722671798 ], [ 7.69168949526154, 45.078382930003301 ], [ 7.69168946558391, 45.078382976543203 ], [ 7.69168944827198, 45.078383028366602 ], [ 7.69168944579885, 45.078383081426601 ], [ 7.69168945816451, 45.078383134149398 ], [ 7.69168948480693, 45.078383183949299 ], [ 7.69168951905611, 45.078383223856697 ], [ 7.69168955562854, 45.078383254133897 ], [ 7.69168960340503, 45.078383282987197 ], [ 7.69241382104104, 45.078708430849503 ], [ 7.69263250108912, 45.078806603541999 ], [ 7.69243206378877, 45.079023887842197 ], [ 7.69189312245719, 45.079608135781903 ], [ 7.69189309277956, 45.079608182321799 ], [ 7.69189307558001, 45.079608234257698 ], [ 7.69189307299447, 45.079608287205197 ], [ 7.69189308513532, 45.079608339703199 ], [ 7.6918931115529, 45.079608389728001 ], [ 7.69189314535242, 45.079608429185697 ], [ 7.69189318177497, 45.079608459912599 ], [ 7.69189322947651, 45.0796084887658 ], [ 7.69256263665642, 45.079911444057899 ], [ 7.69256268492002, 45.079911460995199 ], [ 7.69256274022833, 45.079911473735599 ], [ 7.69256279763505, 45.079911480030802 ], [ 7.69256286242371, 45.079911480143302 ], [ 7.6927060260623, 45.079896620532701 ], [ 7.69277380706558, 45.0809060312884 ], [ 7.69279880057425, 45.081278134216099 ], [ 7.69279881496339, 45.081278183791198 ], [ 7.69279884317961, 45.081278232354599 ], [ 7.69279888119204, 45.081278273787603 ], [ 7.69279892551576, 45.081278307062597 ], [ 7.6927989739935, 45.0812783330787 ], [ 7.69279902285667, 45.081278351814497 ], [ 7.69279907501734, 45.081278365454303 ], [ 7.69279912987599, 45.081278373398298 ], [ 7.69279918548406, 45.081278375646598 ], [ 7.69279924094227, 45.081278372348997 ], [ 7.69279929505147, 45.081278362906197 ], [ 7.6927993329729, 45.081278353313401 ], [ 7.69324735408219, 45.0811320704887 ], [ 7.69455600615481, 45.080705437505998 ], [ 7.69459961203253, 45.080829371615799 ], [ 7.69459963878734, 45.080829416806701 ], [ 7.69459967530625, 45.080829457356501 ], [ 7.69459971757439, 45.080829490246003 ], [ 7.69459976042066, 45.080829514570503 ], [ 7.69614858498926, 45.081527871114403 ], [ 7.69798031603881, 45.082354627763898 ], [ 7.69815680439308, 45.082434290610102 ], [ 7.69774555543808, 45.082894443573799 ], [ 7.69774552710943, 45.082894489102003 ], [ 7.69774551069682, 45.082894539913603 ], [ 7.69774550822369, 45.082894591849502 ], [ 7.69774551991486, 45.082894643223298 ], [ 7.69774554520829, 45.082894691786599 ], [ 7.69774558077968, 45.082894733605102 ], [ 7.69774562253394, 45.082894767907803 ], [ 7.69774566867772, 45.082894795208702 ], [ 7.69774571589212, 45.082894815143703 ], [ 7.69774576670382, 45.082894830432103 ], [ 7.6977458200636, 45.082894840024899 ], [ 7.69774587492223, 45.082894844071902 ], [ 7.69774593607615, 45.082894842310701 ], [ 7.69803416429529, 45.082857004684598 ], [ 7.69970805038628, 45.082582041128397 ], [ 7.7012865710185, 45.0823264385144 ], [ 7.70194112818058, 45.0822207366977 ], [ 7.702423087841, 45.082439171359297 ], [ 7.70242313751783, 45.082439188467802 ], [ 7.70242318458236, 45.0824391991098 ], [ 7.70242323404506, 45.082439205704901 ], [ 7.70242328845405, 45.082439207053802 ], [ 7.70242334241337, 45.082439203756302 ], [ 7.70242339532349, 45.082439194313402 ], [ 7.70242344538575, 45.0824391799243 ], [ 7.70242349275004, 45.082439160588798 ], [ 7.70242353531794, 45.082439136756797 ], [ 7.70242357634952, 45.082439105355498 ], [ 7.70262728032478, 45.082234862124203 ], [ 7.70262731180105, 45.082234817945 ], [ 7.70262733169856, 45.0822347682575 ], [ 7.70262733821863, 45.082234716658903 ], [ 7.70262733046199, 45.0822346653975 ], [ 7.70262730910308, 45.082234615822401 ], [ 7.70262727504126, 45.082234570294197 ], [ 7.70262723565845, 45.082234534696099 ], [ 7.70262719533884, 45.082234508465802 ], [ 7.7026271634129, 45.082234491828402 ], [ 7.69984406610082, 45.081013025430799 ], [ 7.69984401678799, 45.081013008793398 ], [ 7.69984397616861, 45.081012999350499 ], [ 7.69971981779041, 45.080991159764203 ], [ 7.69948568671509, 45.080954168400197 ], [ 7.69956973409352, 45.0808619890147 ], [ 7.70063993238699, 45.0796567245782 ], [ 7.70529155965778, 45.0817137501895 ], [ 7.71079078176922, 45.084175773793 ], [ 7.71094176085364, 45.084251639701399 ], [ 7.71102070806428, 45.084329001294897 ], [ 7.71102074830894, 45.084329031909299 ], [ 7.71102079027729, 45.084329054842101 ], [ 7.71102083644251, 45.084329073877697 ], [ 7.71102088560544, 45.084329087817203 ], [ 7.71102094289974, 45.084329097972102 ], [ 7.71124246896483, 45.084345896745802 ], [ 7.71309759317944, 45.085177565492302 ], [ 7.71315226296661, 45.085209641971502 ], [ 7.71357298920213, 45.085402023684502 ], [ 7.71446316244504, 45.085967861827399 ], [ 7.71685093262448, 45.087689118358199 ], [ 7.71875519178334, 45.089074455898398 ], [ 7.71875524202086, 45.089074482841198 ], [ 7.71875529319919, 45.089074502248103 ], [ 7.71875534662485, 45.089074515362398 ], [ 7.71875540392451, 45.089074523006602 ], [ 7.71875546313416, 45.089074524509797 ], [ 7.71901773937719, 45.089056526737401 ], [ 7.71992660143155, 45.0889941065928 ] ] ], [ [ [ 7.7417963338338, 45.120337469198901 ], [ 7.7431028877881, 45.121290141726703 ], [ 7.7430600004687, 45.1213993776542 ], [ 7.74286813055983, 45.122229570838101 ], [ 7.74285116192662, 45.122278882239698 ], [ 7.7428511557438, 45.122278932601702 ], [ 7.74285116338803, 45.122278985099598 ], [ 7.74285118553384, 45.122279035461702 ], [ 7.74285121842332, 45.122279079287601 ], [ 7.74285125863587, 45.122279115388899 ], [ 7.74285130364479, 45.122279144616897 ], [ 7.74285135025967, 45.122279166500398 ], [ 7.74285140107135, 45.122279183137799 ], [ 7.74285146095121, 45.122279195316203 ], [ 7.74295049946602, 45.122289280426003 ], [ 7.74310644910338, 45.122349475647802 ], [ 7.74343557669056, 45.122531373424202 ], [ 7.74356534526453, 45.122656454731697 ], [ 7.74360383534878, 45.1226952703705 ], [ 7.74361585119061, 45.122707386936398 ], [ 7.74363358851934, 45.122725692636699 ], [ 7.743708379738, 45.122802878749901 ], [ 7.74428238046503, 45.123567776769001 ], [ 7.74449978673582, 45.123781642858603 ], [ 7.74449981281617, 45.123781663767801 ], [ 7.74536734731277, 45.124389639757602 ], [ 7.74567396678019, 45.124565116374598 ], [ 7.74567399825645, 45.124565131775498 ], [ 7.74599383160723, 45.124694676675198 ], [ 7.74599388306131, 45.1246946920065 ], [ 7.74599393135489, 45.124694701419401 ], [ 7.74599398213662, 45.124694706095902 ], [ 7.74599403729503, 45.1246947053464 ], [ 7.74599409170403, 45.1246946992011 ], [ 7.74599414431435, 45.124694687809601 ], [ 7.74599419407683, 45.124694670872401 ], [ 7.74599423994227, 45.1246946489889 ], [ 7.74599427816346, 45.124694625306802 ], [ 7.74653711899288, 45.124272491482401 ], [ 7.74689223159129, 45.1239963429569 ], [ 7.74702275011416, 45.123911842785901 ], [ 7.74702277268284, 45.123911824670998 ], [ 7.74705736870266, 45.123880512075999 ], [ 7.7483476152503, 45.124636255301901 ], [ 7.74834765949694, 45.124636275343903 ], [ 7.74834770638158, 45.124636290932102 ], [ 7.74834776034092, 45.124636302623301 ], [ 7.74834781624876, 45.124636308468901 ], [ 7.74834787260629, 45.124636308468901 ], [ 7.74834792836425, 45.124636302623301 ], [ 7.74834798217369, 45.124636290932102 ], [ 7.74834803313526, 45.124636273695103 ], [ 7.74834807990001, 45.124636251511902 ], [ 7.74834812584039, 45.124636221272098 ], [ 7.74861974740347, 45.124399327816803 ], [ 7.74880114245883, 45.124225791487198 ], [ 7.74917490317428, 45.123890408890297 ], [ 7.74917493678645, 45.123890367746299 ], [ 7.7492786325529, 45.123706489775202 ], [ 7.74939963554729, 45.123353492944403 ], [ 7.74961846378113, 45.122285252542397 ], [ 7.7496184612855, 45.1222851976163 ], [ 7.74961844282693, 45.122285144264097 ], [ 7.74945620983626, 45.122025642294602 ], [ 7.74901869925361, 45.121547620326503 ], [ 7.74893954542375, 45.121460364504301 ], [ 7.74885292092563, 45.121286092079501 ], [ 7.74875145277986, 45.120961624554397 ], [ 7.7487514250133, 45.120961575091698 ], [ 7.74854080536392, 45.120713594344501 ], [ 7.74854077973325, 45.120713570624801 ], [ 7.74820480459561, 45.120442121281897 ], [ 7.748123090868, 45.120387295057697 ], [ 7.74805310166937, 45.1203404396596 ], [ 7.7475522714702, 45.119975054330297 ], [ 7.74661026389011, 45.119302937118398 ], [ 7.74621996295597, 45.119039772330197 ], [ 7.7445071472371, 45.118041322848804 ], [ 7.74436135948918, 45.117951186498097 ], [ 7.74337894509658, 45.117291135249197 ], [ 7.74337889991635, 45.117291111695501 ], [ 7.74337885165273, 45.117291093259396 ], [ 7.74337880464817, 45.117291080878701 ], [ 7.74337875527538, 45.117291072874799 ], [ 7.74337870041674, 45.117291069727102 ], [ 7.7433786455581, 45.117291071975401 ], [ 7.74337859174866, 45.117291079919497 ], [ 7.74337854003765, 45.1172910931095 ], [ 7.74337849147425, 45.117291111695501 ], [ 7.74337844264856, 45.117291137850799 ], [ 7.74220445809432, 45.118117346588299 ], [ 7.74058916609468, 45.119272067102301 ], [ 7.74058912686178, 45.119272104424098 ], [ 7.74043590970202, 45.119471551346102 ], [ 7.74043588609482, 45.119471597436302 ], [ 7.74043587417879, 45.1194716480232 ], [ 7.74043587586502, 45.119471698947301 ], [ 7.7404358911535, 45.119471748859702 ], [ 7.74043591948215, 45.1194717958493 ], [ 7.74043595699672, 45.119471835885101 ], [ 7.74043598962927, 45.119471861477301 ], [ 7.74148505077452, 45.120150651231597 ], [ 7.7417963338338, 45.120337469198901 ] ] ] ] } },
{ "type": "Feature", "id": 2120, "properties": { "COD_AC": "AC020E00007", "FID": 2120, "RAG_SOC": "Ireti spa" }, "geometry": { "type": "Polygon", "coordinates": [ [ [ 7.66502131043519, 45.078274619628097 ], [ 7.66549671470165, 45.078945743951003 ], [ 7.66599656171702, 45.079666001422403 ], [ 7.66614068414532, 45.079870544689904 ], [ 7.66627825164005, 45.080065801895302 ], [ 7.66643588076133, 45.080289503757598 ], [ 7.6667951019125, 45.0807993159357 ], [ 7.66720943216961, 45.0813873070786 ], [ 7.66754417624777, 45.081873412453099 ], [ 7.66765276376407, 45.082016462889499 ], [ 7.66775396301255, 45.082165246503997 ], [ 7.66827691057601, 45.082906932346603 ], [ 7.66827694692361, 45.082906969481101 ], [ 7.66827698649377, 45.082906998859002 ], [ 7.66827703190954, 45.082907023590302 ], [ 7.66827708227157, 45.082907043225497 ], [ 7.66827713608102, 45.082907057314898 ], [ 7.66827719228864, 45.082907065408797 ], [ 7.66827724984526, 45.0829070675072 ], [ 7.66827730650254, 45.082907063460198 ], [ 7.66827736866818, 45.082907051731603 ], [ 7.66938470356628, 45.082573694070803 ], [ 7.66945918429394, 45.082550635003898 ], [ 7.66953958413455, 45.082697539799703 ], [ 7.66953961171376, 45.082697575532698 ], [ 7.66964831711618, 45.082805633273402 ], [ 7.66883812035801, 45.083734522892499 ], [ 7.66883809304111, 45.083734568308202 ], [ 7.66883807719056, 45.083734618670299 ], [ 7.6688380752795, 45.083734670156502 ], [ 7.66883808719552, 45.083734720968202 ], [ 7.66883811125238, 45.083734767508098 ], [ 7.66897500998874, 45.083912261641601 ], [ 7.66918534927451, 45.084215238067799 ], [ 7.66918538659637, 45.084215276513802 ], [ 7.66918543079162, 45.084215308761003 ], [ 7.66918547862699, 45.084215334370199 ], [ 7.66918552719037, 45.084215352506597 ], [ 7.66918557905128, 45.084215365546697 ], [ 7.66918563301061, 45.084215373041097 ], [ 7.66918568786924, 45.084215375289403 ], [ 7.66918574242812, 45.084215371841999 ], [ 7.66918579608766, 45.084215362848802 ], [ 7.66918583333459, 45.0842153529562 ], [ 7.66988060300747, 45.083991101608099 ], [ 7.66992858813387, 45.0839862353765 ], [ 7.67006475100002, 45.084594082763303 ], [ 7.67006477370789, 45.084594132226002 ], [ 7.67006480831573, 45.0845941769512 ], [ 7.67006485045539, 45.084594213309501 ], [ 7.67006489762698, 45.084594242280502 ], [ 7.67006494649014, 45.084594264163997 ], [ 7.67006499925036, 45.084594280201898 ], [ 7.67006505455868, 45.084594290544104 ], [ 7.67006511196539, 45.084594294591099 ], [ 7.67006516952201, 45.084594292492703 ], [ 7.67006522587951, 45.084594284698497 ], [ 7.67006526507497, 45.0845942751058 ], [ 7.67153101634335, 45.084155420336501 ], [ 7.67176983041338, 45.084155967124197 ], [ 7.67196365511114, 45.084420944833298 ], [ 7.67196369277026, 45.084420982042701 ], [ 7.67196373670856, 45.084421013518998 ], [ 7.67196378060404, 45.084421036451701 ], [ 7.67200222152536, 45.084436828097203 ], [ 7.67241061625697, 45.084918906981997 ], [ 7.67271079174469, 45.0853336374375 ], [ 7.67271082839206, 45.085333674159799 ], [ 7.6727108684119, 45.0853337032379 ], [ 7.67271091427732, 45.0853337276695 ], [ 7.67271096463935, 45.085333747004903 ], [ 7.6727110184488, 45.085333760494699 ], [ 7.6727110748063, 45.085333768288798 ], [ 7.67271113176338, 45.085333770237398 ], [ 7.6727111890202, 45.085333765590903 ], [ 7.67271125017411, 45.085333753787303 ], [ 7.67278428276848, 45.085311353136497 ], [ 7.67316134107307, 45.085759341870201 ], [ 7.67327549752874, 45.085861023155203 ], [ 7.67339962206996, 45.085953568227701 ], [ 7.6735878737814, 45.086070662431197 ], [ 7.67398521674443, 45.086349614143401 ], [ 7.67416161696508, 45.086486819211402 ], [ 7.67536956295504, 45.087527078511897 ], [ 7.67544105815836, 45.087599391198999 ], [ 7.67555962927352, 45.087771879705997 ], [ 7.67555966374753, 45.087771916241003 ], [ 7.67555970166894, 45.087771945469001 ], [ 7.67555974513618, 45.087771970200301 ], [ 7.67555979324991, 45.087771990285198 ], [ 7.67555984496092, 45.087772004974099 ], [ 7.67555989922003, 45.087772014416998 ], [ 7.67555995497798, 45.087772017714499 ], [ 7.67556001058607, 45.0877720154662 ], [ 7.67556007117788, 45.087772006285597 ], [ 7.67591351519661, 45.087680653039698 ], [ 7.67600027189509, 45.087832259064001 ], [ 7.67600030337135, 45.087832297622498 ], [ 7.67600033919435, 45.087832328948899 ], [ 7.67600038116271, 45.087832355778701 ], [ 7.67600042837712, 45.087832378261702 ], [ 7.67600047963847, 45.087832395348798 ], [ 7.67600053404746, 45.087832406740198 ], [ 7.6760005899553, 45.087832412585897 ], [ 7.67600064721214, 45.087832412136201 ], [ 7.67600070282023, 45.087832405840899 ], [ 7.67600075707932, 45.087832393700097 ], [ 7.67600079440119, 45.087832381709099 ], [ 7.67620469879556, 45.087752566358702 ], [ 7.6762047334817, 45.087752548981001 ], [ 7.67637739899783, 45.087650038318699 ], [ 7.6765051342046, 45.087831694177403 ], [ 7.67656917582684, 45.087926473727798 ], [ 7.67680278282222, 45.088272237873497 ], [ 7.67754925676783, 45.0893770340979 ], [ 7.67754929266577, 45.089377072094301 ], [ 7.67754932878853, 45.089377100272998 ], [ 7.67789588808483, 45.089591369746003 ], [ 7.67824732032012, 45.089848183746703 ], [ 7.67864009270367, 45.090131277117997 ], [ 7.6786401406531, 45.0901313024331 ], [ 7.67864019007133, 45.090131321032302 ], [ 7.67864024248402, 45.090131333978498 ], [ 7.67864029734761, 45.0901313415239 ], [ 7.67864035275474, 45.090131343248501 ], [ 7.67864039389625, 45.090131341202699 ], [ 7.6795492988611, 45.090023649571798 ], [ 7.68049595762238, 45.0899114735357 ], [ 7.68089577731831, 45.089864098149697 ], [ 7.68116532909171, 45.089834534286403 ], [ 7.68246029295819, 45.089679174154597 ], [ 7.68246034302047, 45.089679164112198 ], [ 7.68246039428181, 45.089679148074303 ], [ 7.68246044194588, 45.089679126790301 ], [ 7.68246048466368, 45.089679100710001 ], [ 7.68246052663204, 45.089679065336597 ], [ 7.68246056372908, 45.089679019246397 ], [ 7.68246058711146, 45.0896789688844 ], [ 7.68246059644191, 45.089678916274003 ], [ 7.68246058949466, 45.089678858762397 ], [ 7.68237401803406, 45.089458058854902 ], [ 7.68237399948553, 45.089458026816502 ], [ 7.68212670458382, 45.0891188056884 ], [ 7.68317536804887, 45.0888389735399 ], [ 7.68404397606298, 45.088613478557797 ], [ 7.68404402576123, 45.088613460592804 ], [ 7.68404407447451, 45.088613435775798 ], [ 7.68404412008298, 45.088613403271701 ], [ 7.68404415695518, 45.0886133663995 ], [ 7.68404418621527, 45.088613321834899 ], [ 7.68404420453897, 45.088613271472902 ], [ 7.68404420838356, 45.088613214568198 ], [ 7.68389251173011, 45.087823420414601 ], [ 7.68378915264731, 45.087318652533803 ], [ 7.68464694991115, 45.087347533233597 ], [ 7.68464700566912, 45.087347530150197 ], [ 7.68464706001385, 45.087347521820703 ], [ 7.68464709508743, 45.0873475133521 ], [ 7.68471409614184, 45.087327372786397 ], [ 7.68478820591105, 45.087296011202 ], [ 7.68701531760286, 45.086840593618497 ], [ 7.68718468632426, 45.0868287693323 ], [ 7.68718473833506, 45.0868287615382 ], [ 7.6871847919946, 45.086828747598702 ], [ 7.68718484250653, 45.086828728113403 ], [ 7.68718488807217, 45.0868287035319 ], [ 7.687184928092, 45.086828674603701 ], [ 7.68718496352958, 45.0868286385452 ], [ 7.68718499192246, 45.086828595891603 ], [ 7.68718501056733, 45.0868285469749 ], [ 7.68718501551358, 45.086828493015602 ], [ 7.6871850035751, 45.086828434604598 ], [ 7.68684219136409, 45.086130523105197 ], [ 7.68651064235229, 45.085467237123297 ], [ 7.6888020711587, 45.084734710838298 ], [ 7.6888021161248, 45.084734692252297 ], [ 7.6888021600417, 45.084734667520898 ], [ 7.68880219841278, 45.084734638293 ], [ 7.68880223509762, 45.084734599472199 ], [ 7.68880226466283, 45.084734550796398 ], [ 7.68880228028856, 45.084734498748197 ], [ 7.68880228107547, 45.084734445463297 ], [ 7.68880226724839, 45.084734393302703 ], [ 7.68880225027368, 45.084734360027703 ], [ 7.68799706970907, 45.083501112286598 ], [ 7.69049817694935, 45.083930209411697 ], [ 7.69082138931, 45.084088576169798 ], [ 7.69082143885836, 45.084088594862799 ], [ 7.69082148610274, 45.084088606643903 ], [ 7.69082153583526, 45.084088614348097 ], [ 7.69082159099367, 45.084088617196002 ], [ 7.69082164570244, 45.084088614647897 ], [ 7.69082169981165, 45.084088606254198 ], [ 7.69082175137277, 45.084088592464603 ], [ 7.69082179963639, 45.084088573279097 ], [ 7.69082184325351, 45.084088549596899 ], [ 7.69082188192436, 45.084088521718002 ], [ 7.69082191894645, 45.084088484471003 ], [ 7.69082195008548, 45.084088437256597 ], [ 7.69082196750983, 45.084088386782199 ], [ 7.69082197133194, 45.0840883349588 ], [ 7.69082196065251, 45.084088283360103 ], [ 7.69082194232882, 45.084088242778201 ], [ 7.69010299955386, 45.082988902515901 ], [ 7.69152242352107, 45.082746723032898 ], [ 7.69152247238424, 45.0827467104424 ], [ 7.69152252229661, 45.082746692006303 ], [ 7.6915225675625, 45.082746668474002 ], [ 7.69152260758233, 45.082746640744901 ], [ 7.69152264584098, 45.082746603123297 ], [ 7.69152267821658, 45.082746555571603 ], [ 7.69152269721474, 45.082746504422701 ], [ 7.69152270114927, 45.082746451587496 ], [ 7.69152269080708, 45.082746399202001 ], [ 7.69152267203373, 45.0827463579081 ], [ 7.69095936098574, 45.081888228559002 ], [ 7.69235443520904, 45.081425826840501 ], [ 7.69279936444916, 45.081278341622202 ], [ 7.69279941472126, 45.081278317940097 ], [ 7.69279946064664, 45.081278287483002 ], [ 7.69279950064025, 45.081278250284797 ], [ 7.69279953332185, 45.081278204625498 ], [ 7.69279955365653, 45.081278153813798 ], [ 7.69279955999174, 45.081278106599399 ], [ 7.69277456789206, 45.080906006107298 ], [ 7.69270676541745, 45.079896281713097 ], [ 7.6927067511407, 45.079896232137997 ], [ 7.69270672269964, 45.079896183237302 ], [ 7.69270668423756, 45.079896141579397 ], [ 7.69270663952841, 45.079896108304503 ], [ 7.69270659128621, 45.079896082438303 ], [ 7.69270654167361, 45.079896063552503 ], [ 7.69270648906326, 45.0798960500627 ], [ 7.69270643420463, 45.079896042268601 ], [ 7.69270637814688, 45.079896040320001 ], [ 7.69270633790222, 45.079896042268601 ], [ 7.69256291514648, 45.079910929645699 ], [ 7.69189398232146, 45.079608189066697 ], [ 7.69243270230743, 45.079024182819801 ], [ 7.69263336196512, 45.078806656152302 ], [ 7.69263339164276, 45.078806609499999 ], [ 7.69263340895472, 45.078806557676501 ], [ 7.69263341154026, 45.078806504616502 ], [ 7.692633399287, 45.078806451893797 ], [ 7.69263337253216, 45.078806401981403 ], [ 7.69263333850782, 45.078806362073998 ], [ 7.69263330178549, 45.078806331646902 ], [ 7.69263325393407, 45.078806302943597 ], [ 7.69241422843396, 45.0787079739939 ], [ 7.69169035512584, 45.078382982388803 ], [ 7.69233296299592, 45.0776850176495 ], [ 7.69254254010619, 45.077457385525001 ], [ 7.69254257068313, 45.077457336174703 ], [ 7.69254258732061, 45.077457281428501 ], [ 7.69254259024341, 45.077457244106597 ], [ 7.69252669405177, 45.077219000656399 ], [ 7.69246886530592, 45.076352601621302 ], [ 7.69246885400447, 45.076352559622997 ], [ 7.69227993705699, 45.075932620294303 ], [ 7.69227990603039, 45.075932575552997 ], [ 7.69227986837127, 45.075932539055501 ], [ 7.69227982940066, 45.0759325113264 ], [ 7.69227978488421, 45.0759324885436 ], [ 7.69227973647071, 45.075932470107503 ], [ 7.69227968475969, 45.075932456767497 ], [ 7.69227963095025, 45.0759324491233 ], [ 7.69227957609162, 45.075932446725098 ], [ 7.69227952123296, 45.075932450172502 ], [ 7.69227946772332, 45.075932459015803 ], [ 7.69227941676171, 45.075932473105198 ], [ 7.69227936894776, 45.075932492740399 ], [ 7.69227932563043, 45.075932516722297 ], [ 7.69227928477551, 45.075932547577601 ], [ 7.69227925602289, 45.075932576407297 ], [ 7.69209155348244, 45.076164736213698 ], [ 7.69144314003896, 45.0769666888866 ], [ 7.69067651071242, 45.077932256568403 ], [ 7.69001924838966, 45.078760041142999 ], [ 7.68927100525275, 45.079693816216697 ], [ 7.68878991742082, 45.079556876448699 ], [ 7.68827654302811, 45.079398265717401 ], [ 7.68865988174821, 45.078855657962301 ], [ 7.68942173702357, 45.077873484074097 ], [ 7.68985376234133, 45.077316506051901 ], [ 7.69028858634926, 45.0767559145539 ], [ 7.6904795600837, 45.076553640837901 ], [ 7.69139038996708, 45.075707012768497 ], [ 7.69139041346186, 45.075706985114302 ], [ 7.69148152175489, 45.075577016666102 ], [ 7.69159233172076, 45.075446027712097 ], [ 7.6917539506843, 45.0752906230638 ], [ 7.69281894224042, 45.0742717325545 ], [ 7.69294368956216, 45.074181182965297 ], [ 7.69294372985501, 45.074181142945399 ], [ 7.69294375889027, 45.074181099778002 ], [ 7.69294377713366, 45.074181050315303 ], [ 7.69294378185511, 45.074180995456601 ], [ 7.69294377106323, 45.074180941497303 ], [ 7.69294375105331, 45.074180898629599 ], [ 7.69264505976177, 45.073739955334702 ], [ 7.69215548381357, 45.073059326039598 ], [ 7.69211428024988, 45.073014009988597 ], [ 7.69331538015072, 45.072613488221997 ], [ 7.69331542496694, 45.072613468436899 ], [ 7.69331546888383, 45.072613443255797 ], [ 7.69331550958886, 45.072613410452 ], [ 7.69331554453395, 45.072613371010299 ], [ 7.693315570807, 45.072613324358002 ], [ 7.69331558463406, 45.072613271747599 ], [ 7.69331558384715, 45.072613218125603 ], [ 7.69331556799661, 45.072613165852502 ], [ 7.69331554989778, 45.0726131324652 ], [ 7.69281738461467, 45.071899663638703 ], [ 7.69266378220783, 45.0716695890004 ], [ 7.69207239972152, 45.070830417052697 ], [ 7.69207236449806, 45.070830380817497 ], [ 7.692072326127, 45.070830351889299 ], [ 7.69207228161055, 45.070830327307803 ], [ 7.69207223304717, 45.070830307822497 ], [ 7.6920721807366, 45.070830293133596 ], [ 7.69207212617773, 45.070830284440099 ], [ 7.69207207011998, 45.070830281592301 ], [ 7.69207201436203, 45.070830284290302 ], [ 7.69207195950337, 45.0708302929837 ], [ 7.6920719107901, 45.070830305574198 ], [ 7.69164544568082, 45.070981921678403 ], [ 7.69112168029636, 45.070551679491501 ], [ 7.6911216510684, 45.070551659706403 ], [ 7.6908323281495, 45.070382928229598 ], [ 7.69071253777844, 45.070216232817899 ], [ 7.69071249965361, 45.070216194564601 ], [ 7.69071245455903, 45.070216162446002 ], [ 7.69071240595282, 45.070216137564699 ], [ 7.69071235678989, 45.070216119578298 ], [ 7.6907123046292, 45.070216107437403 ], [ 7.69071225037012, 45.070216100242902 ], [ 7.69071219521168, 45.070216098893901 ], [ 7.69071214050294, 45.070216102940797 ], [ 7.69071208714316, 45.070216112983303 ], [ 7.69071205012108, 45.070216122875799 ], [ 7.69054775207712, 45.070271870050803 ], [ 7.69043794339391, 45.0701204484999 ], [ 7.69043790783323, 45.070120412527103 ], [ 7.69043786871272, 45.070120384198397 ], [ 7.69043782464594, 45.0701203599167 ], [ 7.69043777578276, 45.070120340581298 ], [ 7.69043772392187, 45.070120326791702 ], [ 7.69043766921311, 45.070120318248101 ], [ 7.69043761345515, 45.070120315400303 ], [ 7.69043755799695, 45.0701203185479 ], [ 7.69043750343808, 45.070120327541098 ], [ 7.69043745502458, 45.070120340281498 ], [ 7.69008307867119, 45.070247766421303 ], [ 7.68997764732562, 45.070095310987398 ], [ 7.68995730218779, 45.070069714146001 ], [ 7.68984848332087, 45.069918495842003 ], [ 7.68983184361474, 45.0698904014709 ], [ 7.68956869613845, 45.069508918501903 ], [ 7.68964687407545, 45.069478853651901 ], [ 7.68964692302427, 45.069478828599401 ], [ 7.68964696593478, 45.0694787984079 ], [ 7.6896470035939, 45.069478761086003 ], [ 7.68964703518257, 45.069478713871597 ], [ 7.68964705316903, 45.069478662947503 ], [ 7.68964705699115, 45.069478610899203 ], [ 7.68964704676134, 45.069478559188198 ], [ 7.68964702259207, 45.069478509613099 ], [ 7.68964698729367, 45.069478466558003 ], [ 7.68960298548944, 45.069439516920198 ], [ 7.68917546420136, 45.068824532963397 ], [ 7.68917542965241, 45.068824496503403 ], [ 7.68917539143122, 45.068824467725101 ], [ 7.68917534796398, 45.068824443143598 ], [ 7.68917529970037, 45.068824423208603 ], [ 7.68917524768958, 45.068824408519703 ], [ 7.68917519343049, 45.068824399376602 ], [ 7.6891751378224, 45.068824396079101 ], [ 7.68917508221432, 45.068824398327401 ], [ 7.68917502750556, 45.068824406421299 ], [ 7.68917497534489, 45.068824420210902 ], [ 7.68917492648172, 45.068824439396401 ], [ 7.68917488481313, 45.068824461279902 ], [ 7.68820590038206, 45.069458356817798 ], [ 7.68764675949041, 45.068648621636598 ], [ 7.68713624584115, 45.067909296177099 ], [ 7.68659315245208, 45.067122759907498 ], [ 7.68570174444, 45.065798784623802 ], [ 7.68570170921655, 45.065798747414298 ], [ 7.68570167084548, 45.065798717436898 ], [ 7.68570162632904, 45.065798692405799 ], [ 7.68570157701621, 45.065798672170999 ], [ 7.68570152395621, 45.065798657182299 ], [ 7.68570146849802, 45.065798648039198 ], [ 7.68570141124118, 45.065798644891601 ], [ 7.68570135458389, 45.065798648039198 ], [ 7.68570129897582, 45.065798656882599 ], [ 7.68570124981287, 45.065798670222499 ], [ 7.68458471990897, 45.066203984626299 ], [ 7.68326903468827, 45.066681700450197 ], [ 7.68245382758215, 45.066978762260099 ], [ 7.68209772033356, 45.067108084770297 ], [ 7.68174206218395, 45.067237106007703 ], [ 7.68085022305939, 45.067564576272801 ], [ 7.68085017308278, 45.067564600811501 ], [ 7.68085012618956, 45.0675646329301 ], [ 7.68085008841804, 45.067564669802302 ], [ 7.68085005780897, 45.067564714302698 ], [ 7.68085003858597, 45.067564764889497 ], [ 7.68085003341483, 45.067564817275098 ], [ 7.68085004285775, 45.067564869323299 ], [ 7.68085006455388, 45.067564917099801 ], [ 7.68175363432283, 45.0688357786483 ], [ 7.68054170703419, 45.069268375035499 ], [ 7.6796199684868, 45.069597382113599 ], [ 7.67879494033429, 45.069891854325597 ], [ 7.67788592719381, 45.070215261325302 ], [ 7.67696904228751, 45.070540216957497 ], [ 7.67601234709218, 45.070879421448197 ], [ 7.6748106630817, 45.071307124624099 ], [ 7.67390166223199, 45.071631894996003 ], [ 7.67323777580276, 45.071869084890402 ], [ 7.67302800443889, 45.071944025396498 ], [ 7.67221381491566, 45.072234903917703 ], [ 7.67149725489446, 45.072490895038797 ], [ 7.67116016021328, 45.072611323254002 ], [ 7.67039593342565, 45.072882785412297 ], [ 7.67023588917499, 45.072939693612 ], [ 7.66919665600092, 45.073309256902398 ], [ 7.66919660576736, 45.0733092810557 ], [ 7.66919656127233, 45.073309310326501 ], [ 7.66919652200193, 45.073309346674101 ], [ 7.66919648850219, 45.073309393551199 ], [ 7.66919646826746, 45.073309444250498 ], [ 7.66919646219702, 45.073309496411198 ], [ 7.66919647074059, 45.0733095486843 ], [ 7.66919649187464, 45.073309596797998 ], [ 7.66973959920318, 45.074095496010401 ], [ 7.6690544713868, 45.074337618686201 ], [ 7.66849958856021, 45.074528899089501 ], [ 7.668086835639, 45.074673294237201 ], [ 7.66808679082279, 45.074673314471902 ], [ 7.66808674735555, 45.074673340852101 ], [ 7.66808671033346, 45.074673371578903 ], [ 7.66808667563462, 45.074673412048398 ], [ 7.66808664887979, 45.074673462410402 ], [ 7.6680866365141, 45.074673515470401 ], [ 7.66808663909965, 45.0746735672938 ], [ 7.66828269973686, 45.075393043704103 ], [ 7.66840004471634, 45.0758119596942 ], [ 7.6684000632124, 45.075811998275199 ], [ 7.66847935493831, 45.075930591423699 ], [ 7.66853042294071, 45.076322705728302 ], [ 7.66831652368865, 45.076636685135 ], [ 7.66824188670375, 45.076539645026102 ], [ 7.6682418480329, 45.076539608416297 ], [ 7.66824180636432, 45.076539579937702 ], [ 7.66824175914992, 45.076539556255597 ], [ 7.66824170698923, 45.076539537969403 ], [ 7.66824165198071, 45.076539525378799 ], [ 7.66824159907058, 45.076539519083603 ], [ 7.66813143871497, 45.076535159769797 ], [ 7.66798286981361, 45.076430082982 ], [ 7.66746366331745, 45.075686862558697 ], [ 7.66764054707363, 45.0756248270242 ], [ 7.66764059129031, 45.075624806939302 ], [ 7.66764063415799, 45.075624781008898 ], [ 7.66764067118008, 45.075624750881602 ], [ 7.66764070565409, 45.075624710861803 ], [ 7.66764073274616, 45.075624661061802 ], [ 7.66764074544911, 45.075624608563899 ], [ 7.66764074308838, 45.075624555166598 ], [ 7.6676407263385, 45.075624503230799 ], [ 7.66764070767756, 45.075624470068298 ], [ 7.66745164118032, 45.075363787408897 ], [ 7.66735602930734, 45.075210754722598 ], [ 7.6672353780603, 45.0750336114371 ], [ 7.66720409098355, 45.074997458578402 ], [ 7.66720405092626, 45.074997424441598 ], [ 7.66720400910778, 45.074997397761798 ], [ 7.66720396144371, 45.074997376177997 ], [ 7.66720391033225, 45.074997359540603 ], [ 7.66720385592326, 45.074997348598799 ], [ 7.6672038001653, 45.074997343352798 ], [ 7.667203743508, 45.074997344252097 ], [ 7.66720368804981, 45.074997350697203 ], [ 7.66720362861961, 45.074997365048901 ], [ 7.66632498401083, 45.075307888248503 ], [ 7.66566031532133, 45.075542783072997 ], [ 7.66500513807671, 45.0757758037104 ], [ 7.66425015691925, 45.076044881466203 ], [ 7.66425011255271, 45.076044902000703 ], [ 7.66425006953512, 45.076044928680602 ], [ 7.66425003251305, 45.076044959407398 ], [ 7.66424999837627, 45.076045000363997 ], [ 7.66424997195868, 45.076045051063304 ], [ 7.66424996049234, 45.076045104235703 ], [ 7.66424996442687, 45.0760451581951 ], [ 7.66424998320021, 45.076045210468102 ], [ 7.66425000321014, 45.076045243743103 ], [ 7.66451793215691, 45.0763917916479 ], [ 7.66358911744386, 45.076354978799301 ], [ 7.66358906558296, 45.076354980747801 ], [ 7.66358901042453, 45.076354988242201 ], [ 7.66358895766432, 45.076355001282302 ], [ 7.6635889082016, 45.076355019868302 ], [ 7.66358886278583, 45.076355043400604 ], [ 7.66358882291589, 45.076355071129697 ], [ 7.66358878443241, 45.076355108751301 ], [ 7.66358875216923, 45.076355156527796 ], [ 7.66358873274386, 45.076355212353199 ], [ 7.66357725928316, 45.076502824645701 ], [ 7.66351464229942, 45.077308937470001 ], [ 7.66351464926921, 45.077308987832097 ], [ 7.66351467029085, 45.077309038194102 ], [ 7.66351470257009, 45.077309082148503 ], [ 7.66351474201178, 45.077309118763701 ], [ 7.66351478637834, 45.077309148248602 ], [ 7.66351483254353, 45.077309170431903 ], [ 7.66351488290556, 45.077309187668902 ], [ 7.66351493626535, 45.077309199360101 ], [ 7.66351498722693, 45.0773092055055 ], [ 7.66448768975511, 45.077349541747999 ], [ 7.66465009382682, 45.077697595567699 ], [ 7.66467121881175, 45.077753663350897 ], [ 7.66467123329085, 45.0777536898809 ], [ 7.66502131043519, 45.078274619628097 ] ] ] } },
{ "type": "Feature", "id": 2121, "properties": { "COD_AC": "AC020E00008", "FID": 2121, "RAG_SOC": "Ireti spa" }, "geometry": { "type": "Polygon", "coordinates": [ [ [ 7.64992849713998, 45.067400135220602 ], [ 7.6499284567829, 45.067400102882502 ], [ 7.64992841391521, 45.0674000774017 ], [ 7.64992836610127, 45.0674000568672 ], [ 7.64992831454013, 45.067400041578701 ], [ 7.64992826043093, 45.067400031536302 ], [ 7.64992820482284, 45.067400027489299 ], [ 7.649928148915, 45.067400028988203 ], [ 7.64992809405634, 45.067400036482603 ], [ 7.64992803533812, 45.067400051471303 ], [ 7.64918982155308, 45.067674377970199 ], [ 7.64846309996357, 45.067944424081702 ], [ 7.64846304998696, 45.067944449134203 ], [ 7.64846300322221, 45.067944481381303 ], [ 7.64846296557916, 45.067944518639003 ], [ 7.64846293540369, 45.067944563428398 ], [ 7.64846291640553, 45.067944614352498 ], [ 7.64846291202131, 45.067944666962902 ], [ 7.64846291640553, 45.067944702036399 ], [ 7.64889226106902, 45.069579572839103 ], [ 7.64891592493007, 45.069703497618399 ], [ 7.64698017525743, 45.070461249736901 ], [ 7.64662307549457, 45.070651353377301 ], [ 7.64647701270403, 45.070638354576403 ], [ 7.64647696039346, 45.0706383541268 ], [ 7.64647690493526, 45.070638358773301 ], [ 7.6464768503764, 45.070638369714999 ], [ 7.64647679911504, 45.070638385902903 ], [ 7.64647675145096, 45.070638407186799 ], [ 7.64647670888306, 45.070638433267099 ], [ 7.64647666959125, 45.070638466349301 ], [ 7.64647663631634, 45.070638506304903 ], [ 7.64647661842623, 45.070638535789897 ], [ 7.64638881739006, 45.070830277995 ], [ 7.64552723584331, 45.072711882522398 ], [ 7.64552722437695, 45.0727119324348 ], [ 7.64552722640042, 45.072711984820302 ], [ 7.64552724292547, 45.072712035969197 ], [ 7.64552727294035, 45.072712084195402 ], [ 7.64552730928794, 45.072712122116798 ], [ 7.64552734765902, 45.072712150745197 ], [ 7.64552739157591, 45.072712175026901 ], [ 7.6455274401393, 45.072712194662103 ], [ 7.64552749185032, 45.072712208751497 ], [ 7.64552754640919, 45.072712217744701 ], [ 7.64552758635408, 45.072712220892399 ], [ 7.6460192472905, 45.072722636840297 ], [ 7.64612799511093, 45.0743314016729 ], [ 7.64611417073246, 45.0745313362522 ], [ 7.64427445550177, 45.0751952760412 ], [ 7.64382813276217, 45.075356345518998 ], [ 7.64331918303389, 45.075540005966602 ], [ 7.64288340664395, 45.0755323554339 ], [ 7.64288335478305, 45.075532358431602 ], [ 7.6428832999244, 45.075532367275002 ], [ 7.64288324746394, 45.075532381664097 ], [ 7.64288319845089, 45.075532401449202 ], [ 7.64288315438411, 45.075532426030698 ], [ 7.64288311243717, 45.0755324575712 ], [ 7.64288307646429, 45.075532496241998 ], [ 7.64288304905102, 45.075532542155699 ], [ 7.64288303234611, 45.0755325988804 ], [ 7.64287892262422, 45.075703691572201 ], [ 7.64286775484305, 45.076167779519402 ], [ 7.64281962762374, 45.077905176183002 ], [ 7.64191740841171, 45.077906034435998 ], [ 7.64191735804968, 45.077906038482901 ], [ 7.6419173046899, 45.077906047775897 ], [ 7.64191725372833, 45.077906062315002 ], [ 7.64191720666381, 45.077906081950204 ], [ 7.64191716379612, 45.0779061062319 ], [ 7.64191712074108, 45.077906140031402 ], [ 7.64191708195782, 45.077906183873303 ], [ 7.64191705576506, 45.077906232099501 ], [ 7.64191704306212, 45.077906281000097 ], [ 7.64191389251215, 45.077978594811398 ], [ 7.64197547448862, 45.079470788845903 ], [ 7.64198846676936, 45.0797879587099 ], [ 7.64198847992196, 45.079788008397401 ], [ 7.64198850690163, 45.079788057635298 ], [ 7.64198854407895, 45.0797880998553 ], [ 7.64198858814573, 45.079788133644101 ], [ 7.64198863576698, 45.079788160345402 ], [ 7.64198868463013, 45.0797881798307 ], [ 7.6419887370906, 45.079788194069998 ], [ 7.64198879164945, 45.079788202313701 ], [ 7.64198884351038, 45.079788205311502 ], [ 7.64277157744637, 45.079772275769997 ], [ 7.64378361092497, 45.079750260366303 ], [ 7.64481474660334, 45.079727673893103 ], [ 7.64489594998815, 45.081048371485203 ], [ 7.64494239897258, 45.081797683416397 ], [ 7.64494241281929, 45.081797731708598 ], [ 7.64494243841785, 45.081797776658597 ], [ 7.6449424748725, 45.081797817529598 ], [ 7.64494251726912, 45.081797850804499 ], [ 7.64494256349855, 45.081797876820602 ], [ 7.64494261056308, 45.081797896155997 ], [ 7.64494266137477, 45.081797910545198 ], [ 7.64494271428489, 45.081797919688299 ], [ 7.64494276839409, 45.081797923135703 ], [ 7.64494280781437, 45.081797922686 ], [ 7.64609688576269, 45.0817181280892 ], [ 7.64621319148564, 45.082445189606403 ], [ 7.64621321059624, 45.082445238394598 ], [ 7.64621324107683, 45.082445283408902 ], [ 7.64621327910531, 45.082445320666501 ], [ 7.64621332263678, 45.082445350772403 ], [ 7.64621336805253, 45.082445374154702 ], [ 7.64621341826469, 45.082445392441002 ], [ 7.64621347132469, 45.082445405181403 ], [ 7.64621352648312, 45.0824454122261 ], [ 7.64621358876116, 45.082445413087903 ], [ 7.64674612883084, 45.082401691085202 ], [ 7.64712948194011, 45.082368370304103 ], [ 7.64783804069305, 45.082315801333202 ], [ 7.64811153531917, 45.0822955135272 ], [ 7.64860973545098, 45.083036286895201 ], [ 7.64866700248024, 45.083123466274998 ], [ 7.64873221344595, 45.083227387434 ], [ 7.6491622377721, 45.083862227859598 ], [ 7.64946699350702, 45.084308924717199 ], [ 7.64975802131568, 45.084739279993798 ], [ 7.6497884253706, 45.084786851319699 ], [ 7.64987412154352, 45.084914046146402 ], [ 7.64987415631732, 45.084914083618102 ], [ 7.64987419468838, 45.084914112996003 ], [ 7.64987423920483, 45.084914138176998 ], [ 7.64987428836776, 45.084914158411699 ], [ 7.6498743409781, 45.084914173550303 ], [ 7.64987439628641, 45.084914182693403 ], [ 7.64987445309359, 45.084914185841001 ], [ 7.64987450975086, 45.084914182843299 ], [ 7.64987457120455, 45.084914172838403 ], [ 7.65239432813576, 45.0842254820204 ], [ 7.65262685414604, 45.0841783566459 ], [ 7.65289519183469, 45.084501167394997 ], [ 7.65299830989913, 45.084610574081303 ], [ 7.65308486009076, 45.084695707728301 ], [ 7.65316549274334, 45.084764567918 ], [ 7.6532481088507, 45.084818610652903 ], [ 7.65332774348065, 45.084859401989902 ], [ 7.65371378286483, 45.085049303282801 ], [ 7.65424979139482, 45.085494149335602 ], [ 7.65483467358138, 45.085988610985702 ], [ 7.65505040598899, 45.086187364642697 ], [ 7.65505044866932, 45.086187394732498 ], [ 7.65505049258621, 45.086187417365501 ], [ 7.65505054069994, 45.086187435501799 ], [ 7.65505059166153, 45.086187448392103 ], [ 7.65505064487141, 45.086187456036299 ], [ 7.65505069913051, 45.086187458284599 ], [ 7.65505075308983, 45.086187455137001 ], [ 7.65505080585007, 45.086187446443603 ], [ 7.65505084272226, 45.086187437375401 ], [ 7.65525258606304, 45.086124285744702 ], [ 7.65573494261355, 45.0859569170781 ], [ 7.65607687025141, 45.085848664784102 ], [ 7.65610310010301, 45.086076597731797 ], [ 7.65613991182749, 45.086316698281998 ], [ 7.65625293716089, 45.086845791475199 ], [ 7.65630428215444, 45.087036484958404 ], [ 7.65630430504969, 45.087036530261699 ], [ 7.65630433457743, 45.087036568332998 ], [ 7.65630436118238, 45.087036593663903 ], [ 7.65657974184738, 45.087256647490598 ], [ 7.65657978567862, 45.087256674855702 ], [ 7.65657982941565, 45.087256695000498 ], [ 7.65657987770923, 45.087256710828598 ], [ 7.65657993256789, 45.0872567226697 ], [ 7.65657998937506, 45.0872567282155 ], [ 7.65658004678178, 45.087256727765798 ], [ 7.65658010343908, 45.087256721470602 ], [ 7.65658015814783, 45.087256708880098 ], [ 7.65658020970895, 45.087256690593897 ], [ 7.65658026127009, 45.087256664513497 ], [ 7.65679432779603, 45.087111137569003 ], [ 7.65688240874621, 45.087059492426697 ], [ 7.65688245313418, 45.087059457642198 ], [ 7.65688248756537, 45.0870594189714 ], [ 7.65688251374206, 45.087059373266499 ], [ 7.65688252813122, 45.087059322005203 ], [ 7.65688252858088, 45.087059269619701 ], [ 7.65688251464138, 45.087059218358299 ], [ 7.65688248687481, 45.087059169794898 ], [ 7.65688244651774, 45.087059126177799 ], [ 7.65688242313539, 45.087059106842403 ], [ 7.65671933962585, 45.086940977744 ], [ 7.65682186233914, 45.086885903261901 ], [ 7.65703490273864, 45.0868469554227 ], [ 7.65707394500663, 45.086843034378603 ], [ 7.65725159753325, 45.086834239009001 ], [ 7.65725162900952, 45.086834235861303 ], [ 7.65729368856721, 45.086828020582402 ], [ 7.65729373050129, 45.086828011563497 ], [ 7.65733687304831, 45.086815525016497 ], [ 7.65737912994297, 45.086802070259402 ], [ 7.65746032793186, 45.086780050359103 ], [ 7.6575559781759, 45.086759069775297 ], [ 7.65755602838804, 45.086759054336902 ], [ 7.65761546368276, 45.086734709239501 ], [ 7.6577411947504, 45.0867171711106 ], [ 7.65793734453285, 45.086686736703598 ], [ 7.65842100442586, 45.0866151875409 ], [ 7.65899645002622, 45.086571708917297 ], [ 7.65922601861593, 45.086565257405802 ], [ 7.65969663743991, 45.086520864846101 ], [ 7.65996481366813, 45.0864949471556 ], [ 7.65996485565362, 45.086494940269297 ], [ 7.6600058895602, 45.086485480345701 ], [ 7.66005877599179, 45.086468013488101 ], [ 7.66010505510428, 45.086455145088898 ], [ 7.66019226775899, 45.086439889889 ], [ 7.66026954560312, 45.086429385807499 ], [ 7.66032155249769, 45.086424893694002 ], [ 7.66048293583884, 45.086415156734198 ], [ 7.66091749713234, 45.086390572641903 ], [ 7.66101008267422, 45.086383232038102 ], [ 7.66110246800457, 45.0863747277116 ], [ 7.6611640014176, 45.0863706807623 ], [ 7.66122111915939, 45.0863706393935 ], [ 7.66127809660691, 45.086375147695001 ], [ 7.66131599943389, 45.086380207280797 ], [ 7.66136637405896, 45.086388967576902 ], [ 7.66143320807612, 45.086403169670596 ], [ 7.66155130255061, 45.086431195243499 ], [ 7.66166675751492, 45.086461350411099 ], [ 7.66179203667321, 45.086495897867501 ], [ 7.6619167969227, 45.086531270002197 ], [ 7.66217409520838, 45.086630561901003 ], [ 7.66217414167335, 45.086630575690599 ], [ 7.66222126869665, 45.086640620368399 ], [ 7.66232739409401, 45.086659568184601 ], [ 7.66245068305261, 45.086689421179898 ], [ 7.66251004280428, 45.086708967944602 ], [ 7.66285623457762, 45.086829670453 ], [ 7.663425406957, 45.087026598036601 ], [ 7.66355526726181, 45.0870702734994 ], [ 7.66364318959408, 45.087097473719503 ], [ 7.66370663653959, 45.087114540716101 ], [ 7.66377110972398, 45.087129457208803 ], [ 7.66390128141904, 45.087156734095998 ], [ 7.66398744276631, 45.087176201720403 ], [ 7.66434148157418, 45.0872656078216 ], [ 7.66444613413898, 45.087299573545103 ], [ 7.66444618172595, 45.0872995845682 ], [ 7.66444623674199, 45.087299591627897 ], [ 7.66570338969973, 45.087344267024399 ], [ 7.66303750665067, 45.090557608659303 ], [ 7.66303748045791, 45.090557655986103 ], [ 7.66303746887915, 45.090557690609998 ], [ 7.66301144722058, 45.090691388097099 ], [ 7.66297423357406, 45.090882686586802 ], [ 7.66297423667174, 45.090882742944302 ], [ 7.66297425553252, 45.090882796766202 ], [ 7.6629742871212, 45.090882843980602 ], [ 7.66297432455548, 45.090882881040201 ], [ 7.6629743635261, 45.090882908769302 ], [ 7.66297440804254, 45.090882932301497 ], [ 7.66297445660593, 45.090882950887497 ], [ 7.66297450846685, 45.0908829643774 ], [ 7.66297456883383, 45.090882972920902 ], [ 7.66309124811265, 45.090887976299101 ], [ 7.66309129862459, 45.090887974800303 ], [ 7.6630913525839, 45.090887968055299 ], [ 7.66309140444481, 45.090887955464801 ], [ 7.66309145330798, 45.090887938377698 ], [ 7.66309149812418, 45.090887916044501 ], [ 7.66309153784424, 45.090887889514498 ], [ 7.66309157692729, 45.090887853766503 ], [ 7.66309161076427, 45.090887808013498 ], [ 7.66309162882567, 45.090887767656398 ], [ 7.66313128098386, 45.090744740377502 ], [ 7.66330933382125, 45.090821590706398 ], [ 7.66350649098896, 45.090888381250998 ], [ 7.66350654430591, 45.0908883940984 ], [ 7.66350659910032, 45.090888401378699 ], [ 7.66350663619735, 45.090888403477102 ], [ 7.66367013058461, 45.090887943698696 ], [ 7.66465511294316, 45.090854110229103 ], [ 7.66465516585327, 45.090854104083697 ], [ 7.66564975053563, 45.090660070106203 ], [ 7.66603256135369, 45.090628546507801 ], [ 7.66614486554315, 45.090617794325802 ], [ 7.66625682596678, 45.090605356027403 ], [ 7.66679889615219, 45.090541704036497 ], [ 7.66690443283085, 45.0905269647102 ], [ 7.66735436960852, 45.090456592198102 ], [ 7.66816088915127, 45.090332027101397 ], [ 7.6685686310875, 45.090267296148802 ], [ 7.66869424647984, 45.090245300080603 ], [ 7.6688192152596, 45.090221443090201 ], [ 7.66907347822099, 45.090171169863702 ], [ 7.66918439846627, 45.090147705090097 ], [ 7.66929432338686, 45.090121968516598 ], [ 7.66949503217006, 45.090067227120898 ], [ 7.67016471952621, 45.089907181970901 ], [ 7.67021114972482, 45.090105414695699 ], [ 7.67021117243272, 45.090105463483901 ], [ 7.67021120398392, 45.090105504665402 ], [ 7.67021123875772, 45.090105536441399 ], [ 7.67021127982675, 45.090105564320403 ], [ 7.67021132644161, 45.090105587103203 ], [ 7.67021137725331, 45.090105605389397 ], [ 7.67021143136252, 45.090105617530298 ], [ 7.67021148742025, 45.090105623975397 ], [ 7.67021154407755, 45.090105624575003 ], [ 7.67021160043507, 45.090105619029202 ], [ 7.67021165499393, 45.090105607787599 ], [ 7.67021171168868, 45.090105588377298 ], [ 7.67030504164438, 45.090061929214698 ], [ 7.6703399810928, 45.090682188482297 ], [ 7.67033999424539, 45.0906822373829 ], [ 7.67034002122505, 45.090682285608999 ], [ 7.67034005803301, 45.090682326913601 ], [ 7.67034010068658, 45.090682360316997 ], [ 7.67034014757979, 45.090682386483003 ], [ 7.67034019524386, 45.090682405818399 ], [ 7.67034024620545, 45.090682420357503 ], [ 7.67034029971511, 45.090682429050901 ], [ 7.67034035442386, 45.090682432498298 ], [ 7.67034040928252, 45.090682430249998 ], [ 7.67034046324182, 45.090682422455899 ], [ 7.67034051480297, 45.090682409265803 ], [ 7.67034056336635, 45.090682390679802 ], [ 7.67034059589183, 45.090682374866802 ], [ 7.67072877791082, 45.090458460089899 ], [ 7.6710330635251, 45.090355919390198 ], [ 7.67162639394297, 45.090274404840002 ], [ 7.67219603531885, 45.090196007339898 ], [ 7.67266224499166, 45.0901319309814 ], [ 7.67274300220033, 45.090117219084398 ], [ 7.67274303603732, 45.090117210990499 ], [ 7.6728008875135, 45.090099719851203 ], [ 7.67280092045117, 45.090099707935202 ], [ 7.67293840093649, 45.090038696129 ], [ 7.67305587532843, 45.089986199103897 ], [ 7.67322012480895, 45.089919071008403 ], [ 7.67343756199392, 45.089841834533097 ], [ 7.67367931594771, 45.089776947548202 ], [ 7.6737670852828, 45.089756559917397 ], [ 7.67397873173314, 45.089727209643101 ], [ 7.67415271727413, 45.089709086505202 ], [ 7.67427731294771, 45.0897023784621 ], [ 7.67474363121363, 45.0897077887835 ], [ 7.67505073620254, 45.089743446902602 ], [ 7.67539810856091, 45.089802032338 ], [ 7.67575455642768, 45.089860715687003 ], [ 7.6767250241406, 45.089958766184203 ], [ 7.67672507345343, 45.089958767683001 ], [ 7.67672512636353, 45.089958764235597 ], [ 7.67672517792468, 45.089958755692102 ], [ 7.6767252144971, 45.089958746399098 ], [ 7.67789631796076, 45.089591415911201 ], [ 7.67789636367629, 45.089591397325201 ], [ 7.67789640879228, 45.089591372144199 ], [ 7.67789644806268, 45.089591342466498 ], [ 7.6778964848974, 45.089591303083701 ], [ 7.67789651446262, 45.0895912532838 ], [ 7.67789652952628, 45.089591200673397 ], [ 7.67789652952628, 45.089591146714099 ], [ 7.67789651446262, 45.089591093541699 ], [ 7.67789648716177, 45.0895910466324 ], [ 7.67789645080347, 45.089591007447702 ], [ 7.6778964119399, 45.089590976742201 ], [ 7.67754990000793, 45.089376736647097 ], [ 7.67680346990426, 45.088272004949197 ], [ 7.67656986290888, 45.0879262399041 ], [ 7.67650581926319, 45.087831456756398 ], [ 7.67637785529134, 45.087649477141703 ], [ 7.67637781913109, 45.087649439819799 ], [ 7.67637777941104, 45.087649410591901 ], [ 7.67637773429505, 45.087649385860502 ], [ 7.67637768393303, 45.087649366075397 ], [ 7.67637763042335, 45.087649351836198 ], [ 7.67637757466539, 45.087649343742299 ], [ 7.67637751725866, 45.087649341494 ], [ 7.67637746060138, 45.087649345540903 ], [ 7.67637740484341, 45.087649355133699 ], [ 7.6763773519333, 45.087649371021698 ], [ 7.67637729804891, 45.087649394741298 ], [ 7.67620427590668, 45.087752115867502 ], [ 7.676000807891, 45.0878317598279 ], [ 7.6759140743501, 45.087680195060003 ], [ 7.67591403848963, 45.087680152342202 ], [ 7.67591399738311, 45.087680118242901 ], [ 7.67591395556464, 45.087680092762099 ], [ 7.67591390909968, 45.087680072227599 ], [ 7.67591385903742, 45.0876800566393 ], [ 7.67591380627718, 45.087680045997402 ], [ 7.6759137520181, 45.087680041051101 ], [ 7.67591369730932, 45.0876800416507 ], [ 7.67591364335001, 45.087680047646103 ], [ 7.67591360512881, 45.087680055215401 ], [ 7.67556015357826, 45.087771410822 ], [ 7.67544171548782, 45.087599116830802 ], [ 7.67537016999739, 45.087526751833202 ], [ 7.67416219331812, 45.086486465665402 ], [ 7.67398576701709, 45.086349240475101 ], [ 7.67358839392679, 45.086070267628799 ], [ 7.67340015019681, 45.085953178596299 ], [ 7.67327607253276, 45.085860668934799 ], [ 7.6731619683502, 45.085759034751703 ], [ 7.67278475378841, 45.085310860307999 ], [ 7.67278471579204, 45.085310826583402 ], [ 7.67278467547244, 45.085310800503102 ], [ 7.67278463050634, 45.085310778469697 ], [ 7.67278458119353, 45.085310761232698 ], [ 7.67278452873306, 45.085310749391603 ], [ 7.67278447477375, 45.085310742796601 ], [ 7.67278441991509, 45.085310741897302 ], [ 7.67278436550612, 45.0853107466937 ], [ 7.67278430693776, 45.085310758122503 ], [ 7.67271129558986, 45.085333152702901 ], [ 7.67241128299187, 45.0849186449421 ], [ 7.67200281226752, 45.084436477586401 ], [ 7.67200277221021, 45.084436442437898 ], [ 7.67200272889287, 45.0844364151585 ], [ 7.67200269456875, 45.084436398670903 ], [ 7.67196427013499, 45.084420613320702 ], [ 7.67177039012895, 45.084155560293397 ], [ 7.67177035366892, 45.084155524058303 ], [ 7.67177031409877, 45.084155495429798 ], [ 7.67177026898277, 45.084155471297997 ], [ 7.67177021937018, 45.084155452262401 ], [ 7.67177016631017, 45.084155438622602 ], [ 7.67177011085199, 45.084155430528703 ], [ 7.67177007030755, 45.0841554284303 ], [ 7.67153092671095, 45.084154880893102 ], [ 7.67153087380083, 45.084154884939998 ], [ 7.67153081197244, 45.084154896368901 ], [ 7.67006542268115, 45.084593641982998 ], [ 7.66992927746423, 45.083985873399399 ], [ 7.66992925565567, 45.083985825510503 ], [ 7.66992922318372, 45.083985782118198 ], [ 7.66992918322813, 45.083985746402298 ], [ 7.66992913881875, 45.083985717816702 ], [ 7.66992909265355, 45.083985695933201 ], [ 7.66992904244141, 45.083985678995901 ], [ 7.66992898953129, 45.083985667604502 ], [ 7.66992893452276, 45.083985661758902 ], [ 7.66992887288173, 45.083985662058701 ], [ 7.66988042748979, 45.083990574155699 ], [ 7.66988037877652, 45.0839905826993 ], [ 7.66988034220407, 45.083990592591803 ], [ 7.66918585963975, 45.084214751309801 ], [ 7.66897568695343, 45.083912013428701 ], [ 7.66883889579844, 45.083734659926698 ], [ 7.66964910919409, 45.082805751084599 ], [ 7.66964913684824, 45.082805704657098 ], [ 7.66964915258637, 45.0828056530585 ], [ 7.66964915371052, 45.082805600448197 ], [ 7.66964914044553, 45.0828055488495 ], [ 7.66964911335345, 45.082805499836503 ], [ 7.6696490887345, 45.082805469596799 ], [ 7.66954026716962, 45.082697296443101 ], [ 7.66945974187364, 45.082550162634902 ], [ 7.66945971069714, 45.082550123139697 ], [ 7.66945967472426, 45.0825500913637 ], [ 7.66945963290578, 45.082550063634599 ], [ 7.66945958509184, 45.082550040701904 ], [ 7.66945953323092, 45.082550023165098 ], [ 7.66945947792262, 45.082550011473899 ], [ 7.66945942126532, 45.082550005628299 ], [ 7.66945936370872, 45.082550005778202 ], [ 7.66945930705143, 45.0825500125231 ], [ 7.66945925608985, 45.082550023464897 ], [ 7.66938440206855, 45.0825731980947 ], [ 7.66827742116612, 45.082906449972803 ], [ 7.66775464705938, 45.082165008408502 ], [ 7.66765344329182, 45.082016217374601 ], [ 7.6675448550111, 45.081873165814002 ], [ 7.66721011576679, 45.0813870681962 ], [ 7.66679578359856, 45.080799074018103 ], [ 7.66643656379642, 45.080289262739299 ], [ 7.66627893332617, 45.080065560877003 ], [ 7.66614136583144, 45.079870302772299 ], [ 7.66599724497695, 45.079665761865499 ], [ 7.66549739751191, 45.078945504056797 ], [ 7.66502199496915, 45.078274382956501 ], [ 7.66467193746001, 45.077753481238197 ], [ 7.66465082452598, 45.077697440659399 ], [ 7.66448832433925, 45.077349183480599 ], [ 7.66448829664762, 45.0773491433483 ], [ 7.66448826352259, 45.077349110523102 ], [ 7.66448822410231, 45.077349081744799 ], [ 7.66448817943598, 45.077349057163303 ], [ 7.6644881295236, 45.077349037677998 ], [ 7.6644880766135, 45.077349023588603 ], [ 7.66448801474763, 45.077349014857703 ], [ 7.66351542459722, 45.077308682849498 ], [ 7.66357802010958, 45.076502854323302 ], [ 7.66358948996305, 45.0763552448987 ], [ 7.66358948118216, 45.076355191151698 ], [ 7.66358946038533, 45.076355144017597 ], [ 7.66358942980839, 45.076355103034203 ], [ 7.66358938998127, 45.0763550665474 ], [ 7.66358934557188, 45.076355036955398 ], [ 7.66358929940669, 45.0763550149221 ], [ 7.66358924889477, 45.076354997535198 ], [ 7.66358919538511, 45.076354985843999 ], [ 7.66358914412376, 45.076354979848503 ], [ 7.66308895888841, 45.076335290841001 ], [ 7.66230585623032, 45.0763044485915 ], [ 7.66230193878351, 45.076150035895502 ], [ 7.66239204882906, 45.075213841533099 ], [ 7.66239204275861, 45.075213790721399 ], [ 7.66239202184938, 45.075213739572497 ], [ 7.66239199008404, 45.075213694670602 ], [ 7.66239195064234, 45.075213657926902 ], [ 7.66239190606167, 45.075213628056503 ], [ 7.66239185929692, 45.075213605423599 ], [ 7.66239180863512, 45.0752135881866 ], [ 7.66239175497555, 45.075213576045698 ], [ 7.66239170311465, 45.075213570050302 ], [ 7.66127644725032, 45.075169218184897 ], [ 7.66135981777642, 45.074271246583301 ], [ 7.66135981103151, 45.074271195097097 ], [ 7.66135978989743, 45.0742711434985 ], [ 7.66135975723278, 45.074271098660901 ], [ 7.66135971637785, 45.074271061660198 ], [ 7.66135967126187, 45.074271031682798 ], [ 7.66135962359779, 45.074271009499498 ], [ 7.66135957188679, 45.074270992262498 ], [ 7.66135951717802, 45.074270980871098 ], [ 7.66135946052074, 45.074270975325298 ], [ 7.66135940386344, 45.074270975775001 ], [ 7.66135934750594, 45.074270982370003 ], [ 7.66135928751365, 45.074270996347003 ], [ 7.66002268709735, 45.074742980903899 ], [ 7.66000965580852, 45.074668646315999 ], [ 7.66000963343789, 45.074668593143599 ], [ 7.65944665334041, 45.073865159849298 ], [ 7.65881269335114, 45.072960404099398 ], [ 7.65821659077308, 45.072109653762602 ], [ 7.65821655539977, 45.072109617415002 ], [ 7.6582165168788, 45.0721095883369 ], [ 7.65821647296191, 45.072109563755397 ], [ 7.65821642424863, 45.072109544120202 ], [ 7.65821637208794, 45.072109529731101 ], [ 7.65821631722931, 45.0721095208877 ], [ 7.65821626162122, 45.072109517740103 ], [ 7.6582162054136, 45.072109520438097 ], [ 7.65821615055495, 45.072109529131502 ], [ 7.65821610199156, 45.072109541722 ], [ 7.65679193649873, 45.072614451995399 ], [ 7.65581319172549, 45.072961431125201 ], [ 7.65566057857291, 45.072049621992498 ], [ 7.65550737366641, 45.0711113566039 ], [ 7.65543244215354, 45.070658801562502 ], [ 7.65531410238897, 45.069948390768197 ], [ 7.65531408305353, 45.069948342092403 ], [ 7.65531405205905, 45.069948297061998 ], [ 7.65531401325973, 45.0699482599329 ], [ 7.65531396966402, 45.069948229826998 ], [ 7.6553139237986, 45.069948206744399 ], [ 7.65531387358645, 45.069948188907901 ], [ 7.65531382007678, 45.069948176167401 ], [ 7.65531376446871, 45.069948169422503 ], [ 7.65531370230307, 45.069948168747999 ], [ 7.65450964330546, 45.070019257682603 ], [ 7.65402780903622, 45.0700618603666 ], [ 7.65328644121632, 45.0692103237974 ], [ 7.65249688682189, 45.068301879927802 ], [ 7.65189572297179, 45.067610192906102 ], [ 7.65189568223999, 45.067610158432103 ], [ 7.65189563907254, 45.067610131752197 ], [ 7.65189559080892, 45.067610109868703 ], [ 7.65189553849835, 45.067610093531002 ], [ 7.65189548363971, 45.067610082739201 ], [ 7.65189542668263, 45.067610077942803 ], [ 7.65189536942581, 45.067610079591603 ], [ 7.65189531321818, 45.067610086786097 ], [ 7.65189525352568, 45.067610102074603 ], [ 7.65016146438012, 45.068257757389603 ], [ 7.64992856177874, 45.067400230886001 ], [ 7.64992853749706, 45.0674001833343 ], [ 7.64992851748713, 45.067400155792598 ], [ 7.64992849713998, 45.067400135220602 ] ] ] } },
{ "type": "Feature", "id": 2122, "properties": { "COD_AC": "AC020E00009", "FID": 2122, "RAG_SOC": "Ireti spa" }, "geometry": { "type": "Polygon", "coordinates": [ [ [ 7.69049847552429, 45.083929707590002 ], [ 7.69049843775275, 45.083929698596798 ], [ 7.68799646086802, 45.083500453083502 ], [ 7.68799640870736, 45.083500448586904 ], [ 7.68799637093582, 45.083500449486202 ], [ 7.6879963340636, 45.083500452184197 ], [ 7.6879962846009, 45.083500459378698 ], [ 7.68799624503072, 45.0835004692713 ], [ 7.68799621175583, 45.083500480962499 ], [ 7.68799618027953, 45.083500494452302 ], [ 7.68799614700464, 45.083500512438803 ], [ 7.68799611013242, 45.083500537619798 ], [ 7.68799608675005, 45.083500557404903 ], [ 7.68799606606564, 45.083500579887897 ], [ 7.68799604268327, 45.083500611364201 ], [ 7.68799602469682, 45.083500649135701 ], [ 7.68799601390498, 45.083500690954203 ], [ 7.68799601300566, 45.083500739967199 ], [ 7.68799601840158, 45.0835007696448 ], [ 7.68799602829409, 45.083500798423202 ], [ 7.68799604358259, 45.083500828100803 ], [ 7.68880139456877, 45.084734335521198 ], [ 7.68650998944452, 45.085466854012203 ], [ 7.6865099435791, 45.085466873797301 ], [ 7.68650991480075, 45.085466889985 ], [ 7.6865098878211, 45.085466908870799 ], [ 7.68650986264009, 45.085466929555203 ], [ 7.68650984195568, 45.085466951138898 ], [ 7.68650982306991, 45.085466974521303 ], [ 7.68650980283519, 45.085467012292803 ], [ 7.68650978754673, 45.085467064453503 ], [ 7.68650978709706, 45.085467117513502 ], [ 7.68650980058686, 45.0854671678755 ], [ 7.68684147235609, 45.086130702070299 ], [ 7.68718411675366, 45.086828266611299 ], [ 7.68701518810047, 45.086840060320597 ], [ 7.68701514583239, 45.0868400666158 ], [ 7.68478792891983, 45.087295505782997 ], [ 7.68478787406121, 45.0872955228701 ], [ 7.68471375013951, 45.0873268912231 ], [ 7.6846468828474, 45.087346990171497 ], [ 7.68378871377814, 45.087318097652101 ], [ 7.68378867151006, 45.087318098551499 ], [ 7.68378863014124, 45.087318103947403 ], [ 7.68378858067848, 45.087318112940601 ], [ 7.68378853391374, 45.0873181282291 ], [ 7.68378849704158, 45.087318142618201 ], [ 7.68378846376663, 45.087318160604703 ], [ 7.68378841790121, 45.087318193879597 ], [ 7.6837883927202, 45.087318217261902 ], [ 7.68378837113647, 45.087318242442997 ], [ 7.68378834505612, 45.087318288308403 ], [ 7.68378833066697, 45.087318340019401 ], [ 7.68378832976765, 45.087318390831101 ], [ 7.68389175719886, 45.0878234959577 ], [ 7.68404340987553, 45.088613051251301 ], [ 7.68317510274886, 45.0888384672215 ], [ 7.6821260228977, 45.089118410886002 ], [ 7.68212598332752, 45.089118424375798 ], [ 7.68212595185122, 45.089118438764999 ], [ 7.68212592217361, 45.089118454952803 ], [ 7.68212589429464, 45.089118473838496 ], [ 7.68212586641567, 45.089118496321603 ], [ 7.68212583763733, 45.089118526898602 ], [ 7.6821258160536, 45.089118560173503 ], [ 7.68212579761752, 45.089118601991899 ], [ 7.68212578907395, 45.089118654602302 ], [ 7.68212579491953, 45.089118708111897 ], [ 7.68212581065768, 45.0891187499304 ], [ 7.68212582774481, 45.089118780507398 ], [ 7.6823733013868, 45.089458245801403 ], [ 7.68245973522863, 45.089678693916703 ], [ 7.68116520700875, 45.089834001438099 ], [ 7.68089565680918, 45.089863564851697 ], [ 7.68049583171728, 45.089910941137099 ], [ 7.679549172956, 45.090023117173203 ], [ 7.67864047547761, 45.090130784008501 ], [ 7.67824786564654, 45.089847806930798 ], [ 7.67789640879226, 45.089590974943597 ], [ 7.6778963656248, 45.089590950661901 ], [ 7.67789633234992, 45.089590936272799 ], [ 7.67789629817565, 45.0895909245816 ], [ 7.67789626130349, 45.089590915588403 ], [ 7.67789620914277, 45.089590906595099 ], [ 7.67789616597531, 45.089590903897097 ], [ 7.67789612280785, 45.089590904796502 ], [ 7.67789607064719, 45.089590910192399 ], [ 7.67789601758722, 45.0895909209843 ], [ 7.67672501125031, 45.089958219396401 ], [ 7.67575469672193, 45.0898601843001 ], [ 7.67539828280457, 45.0898015062346 ], [ 7.67505088638933, 45.089742917201903 ], [ 7.67474371754855, 45.0897072518882 ], [ 7.67474368067639, 45.089707250089603 ], [ 7.67427729046466, 45.089701838868798 ], [ 7.67415263273784, 45.089708549610002 ], [ 7.67397860313008, 45.0897266772444 ], [ 7.67376689282787, 45.089756037411199 ], [ 7.6736790614396, 45.089776438531899 ], [ 7.6734372553251, 45.089841339905902 ], [ 7.67321976328151, 45.089918595267001 ], [ 7.67305548142537, 45.089985736852299 ], [ 7.67293799579193, 45.090038239273397 ], [ 7.67280054520904, 45.090099236690499 ], [ 7.67274276826419, 45.090116705121901 ], [ 7.67266207749293, 45.090131404540699 ], [ 7.67219589052797, 45.090195477639199 ], [ 7.67162624825278, 45.090273875139303 ], [ 7.67103285218445, 45.090355398682703 ], [ 7.67103279642646, 45.0903554112733 ], [ 7.67072840199421, 45.090457988845202 ], [ 7.67072836961859, 45.0904580014356 ], [ 7.67072833814234, 45.090458017623497 ], [ 7.67034018265338, 45.090681916437298 ], [ 7.66929465242634, 45.090877760000701 ], [ 7.66780685540209, 45.091080397042703 ], [ 7.66740385390477, 45.091134136031599 ], [ 7.66646912105313, 45.091258782966499 ], [ 7.66469956463322, 45.091501184432197 ], [ 7.66318290206931, 45.091711797561501 ], [ 7.66304618173592, 45.091730780451201 ], [ 7.66289062690095, 45.091734694300797 ], [ 7.66289057474029, 45.091734699696701 ], [ 7.66289053876739, 45.091734706891302 ], [ 7.66289050459318, 45.091734716783797 ], [ 7.66289047131824, 45.091734729374302 ], [ 7.66289043984199, 45.091734742864197 ], [ 7.66289041106364, 45.091734759951201 ], [ 7.66289038408399, 45.091734777937702 ], [ 7.6628903598023, 45.0917347977228 ], [ 7.66289033192334, 45.091734828299799 ], [ 7.66289031303756, 45.0917348543801 ], [ 7.66289029595043, 45.091734888554299 ], [ 7.66289028425928, 45.091734928124502 ], [ 7.66286779671151, 45.091963203039398 ], [ 7.66284794777459, 45.092164608909599 ], [ 7.66289679445157, 45.093840733862798 ], [ 7.66293110808419, 45.095017873576097 ], [ 7.66293977305213, 45.095315275779399 ], [ 7.66245545215742, 45.0953558414989 ], [ 7.66239549615528, 45.095360860615301 ], [ 7.65979945288251, 45.095136814312603 ], [ 7.65962155978718, 45.0951235367219 ], [ 7.65962150762653, 45.095123537621198 ], [ 7.6596214707543, 45.095123541218499 ], [ 7.65962143478146, 45.095123547513801 ], [ 7.65962139970787, 45.0951235556076 ], [ 7.65962136553367, 45.095123567298899 ], [ 7.65962133405736, 45.095123579889297 ], [ 7.65962130348044, 45.095123595177803 ], [ 7.65962127650079, 45.095123613164297 ], [ 7.6596212504204, 45.095123632049997 ], [ 7.65962122793735, 45.0951236527345 ], [ 7.65962120905158, 45.095123675217501 ], [ 7.65962119016587, 45.095123701297801 ], [ 7.65962116993108, 45.095123748512201 ], [ 7.65962116093786, 45.095123800672901 ], [ 7.65962116408548, 45.095123843390702 ], [ 7.65962117397805, 45.0951238784643 ], [ 7.6596211919645, 45.095123913537797 ], [ 7.65982827615409, 45.095416838016703 ], [ 7.6587104854006, 45.0957325944837 ], [ 7.65760052594356, 45.096046110739501 ], [ 7.65738539731831, 45.096118268743197 ], [ 7.65724013882141, 45.095902620309701 ], [ 7.65724011633836, 45.095902594229401 ], [ 7.65724009385531, 45.095902572645699 ], [ 7.65724006507696, 45.095902551061997 ], [ 7.65724002190956, 45.095902525880902 ], [ 7.65723997424544, 45.095902505196499 ], [ 7.65723991399091, 45.095902487210097 ], [ 7.65723987262208, 45.095902480015503 ], [ 7.65723983574986, 45.095902476418203 ], [ 7.65723979797832, 45.095902475518898 ], [ 7.65723975571018, 45.095902477317502 ], [ 7.65723970085156, 45.095902484512102 ], [ 7.65723964689226, 45.095902498001898 ], [ 7.65703183335245, 45.095973626281904 ], [ 7.65605135108905, 45.096274528646603 ], [ 7.65519037163841, 45.0965387440679 ], [ 7.65519032667231, 45.0965387629536 ], [ 7.65519029789397, 45.096538778242099 ], [ 7.6551902610218, 45.096538803423101 ], [ 7.65519023494141, 45.096538825906102 ], [ 7.65519021245836, 45.096538850187798 ], [ 7.655190189076, 45.096538885261403 ], [ 7.65519017019022, 45.096538928428899 ], [ 7.65519016254601, 45.096538970696997 ], [ 7.65519016389499, 45.096539012965103 ], [ 7.65519017738484, 45.096539060629198 ], [ 7.65519019806925, 45.096539100199401 ], [ 7.65576324247968, 45.097324191258501 ], [ 7.65581880439436, 45.097400321567598 ], [ 7.65468086792777, 45.0977213084917 ], [ 7.65344218311031, 45.098071161854698 ], [ 7.65204095302761, 45.098472326037097 ], [ 7.65033229689806, 45.098954150413803 ], [ 7.64973897277542, 45.0991242535815 ], [ 7.6494257272156, 45.099213211820299 ], [ 7.64888481738046, 45.099362935451197 ], [ 7.64888477151504, 45.099362953437598 ], [ 7.64888474093811, 45.099362968726098 ], [ 7.64888470316657, 45.099362993007801 ], [ 7.6488846752876, 45.099363015490802 ], [ 7.64888465370387, 45.099363037074603 ], [ 7.64888463301946, 45.099363064054202 ], [ 7.64883753732255, 45.0994390468746 ], [ 7.64880434604379, 45.099492599703801 ], [ 7.64872959889192, 45.099612201442 ], [ 7.64867179316877, 45.099706458486303 ], [ 7.6483070749116, 45.100299153982803 ], [ 7.64819561923247, 45.100482249656103 ], [ 7.64792211831116, 45.100927155963497 ], [ 7.64773078484791, 45.1012431489522 ], [ 7.64760108821969, 45.101499580741098 ], [ 7.64751768239518, 45.1017206251068 ], [ 7.6474385168741, 45.101919104583096 ], [ 7.64729875323491, 45.102189549608099 ], [ 7.64708621465712, 45.1025348811798 ], [ 7.6470189822403, 45.102644327773604 ], [ 7.6466217013305, 45.103298674494297 ], [ 7.64662168694133, 45.103298705970502 ], [ 7.64662167525017, 45.103298749137998 ], [ 7.64662167435085, 45.103298799500102 ], [ 7.64662168469303, 45.103298843117201 ], [ 7.64662170222982, 45.103298882237702 ], [ 7.64662171931695, 45.103298906519399 ], [ 7.64662174809524, 45.103298937995604 ], [ 7.64682933050926, 45.1034738732207 ], [ 7.64682936018687, 45.103473894804402 ], [ 7.64728438026998, 45.103741111263297 ], [ 7.64728442343744, 45.103741131048402 ], [ 7.64728445671238, 45.103741142739601 ], [ 7.64728449088659, 45.103741151732798 ], [ 7.64728452685949, 45.103741158927399 ], [ 7.64728456283234, 45.103741162524699 ], [ 7.64728459970456, 45.103741164323303 ], [ 7.64728463657679, 45.103741163423997 ], [ 7.64728467254963, 45.103741160726003 ], [ 7.64728472111301, 45.103741151732798 ], [ 7.64728475978387, 45.103741141840302 ], [ 7.64728479755541, 45.103741128350499 ], [ 7.64786395915445, 45.103483782850297 ], [ 7.64953252440654, 45.1043077381117 ], [ 7.64883038321568, 45.104945549897202 ], [ 7.64883035623598, 45.104945583172203 ], [ 7.6488303391489, 45.1049456110512 ], [ 7.64883032206177, 45.1049456560173 ], [ 7.64883031621619, 45.104945699184697 ], [ 7.64883032026313, 45.104945743251498 ], [ 7.64883033285361, 45.104945781922403 ], [ 7.64883035084006, 45.104945816995901 ], [ 7.64883036882651, 45.104945840378299 ], [ 7.64883038951092, 45.1049458628613 ], [ 7.64883041379261, 45.104945883545703 ], [ 7.64883045246347, 45.104945910525402 ], [ 7.64949940147625, 45.105297586814203 ], [ 7.64910051797455, 45.105271716916299 ], [ 7.64799431768364, 45.105303675224498 ], [ 7.64773446217572, 45.105328320245903 ], [ 7.64773440551846, 45.105328331937002 ], [ 7.64773435245843, 45.105328349024099 ], [ 7.64752663874344, 45.105422936119702 ], [ 7.64752659467666, 45.105422962200002 ], [ 7.64752655780444, 45.105422993676299 ], [ 7.64742613500818, 45.105532692080097 ], [ 7.64726753686739, 45.105683363596398 ], [ 7.64726750898842, 45.105683396871299 ], [ 7.647267486955, 45.1056834359918 ], [ 7.64726747166654, 45.105683485904201 ], [ 7.6472674698679, 45.105683537165604 ], [ 7.6472674824584, 45.105683587977197 ], [ 7.64726750539108, 45.105683633392999 ], [ 7.64726752517618, 45.105683658574002 ], [ 7.64726754496127, 45.105683680157803 ], [ 7.64726757194092, 45.105683701741498 ], [ 7.64726760341722, 45.1056837233252 ], [ 7.64780489348112, 45.105995999415903 ], [ 7.64818000969973, 45.106192148748697 ], [ 7.64853537680625, 45.106378423525499 ], [ 7.65080906978278, 45.107696692948103 ], [ 7.65221524074082, 45.108492341148697 ], [ 7.65231440988214, 45.108547135042301 ], [ 7.65351514690656, 45.109533827124501 ], [ 7.65448439933562, 45.110335365884502 ], [ 7.65475668976944, 45.110560530044502 ], [ 7.65475673653424, 45.110560559722103 ], [ 7.655615764456, 45.110969773736102 ], [ 7.65543555560646, 45.1110820621874 ], [ 7.65543552502953, 45.111082085569798 ], [ 7.6538072862773, 45.112559394700398 ], [ 7.65380725210303, 45.112559436968503 ], [ 7.65374233364184, 45.112679322892497 ], [ 7.65374231925267, 45.1126793683082 ], [ 7.65374231610505, 45.112679421368298 ], [ 7.65374232779624, 45.112679473978602 ], [ 7.65374234623232, 45.112679511750102 ], [ 7.65374236242013, 45.112679536031798 ], [ 7.65374238220522, 45.112679558514898 ], [ 7.65374240558759, 45.1126795800986 ], [ 7.6537424307686, 45.112679599883698 ], [ 7.65374245954695, 45.112679616970802 ], [ 7.65374249012388, 45.112679632259301 ], [ 7.65374252249944, 45.112679645749097 ], [ 7.65374255757303, 45.112679656540998 ], [ 7.65374259264661, 45.112679665534202 ], [ 7.65447097605477, 45.112796837304202 ], [ 7.6545073869064, 45.114799960249997 ], [ 7.65450739859762, 45.114800009712702 ], [ 7.65450741298679, 45.114800040289701 ], [ 7.65450743007386, 45.114800066370002 ], [ 7.65450745075827, 45.114800090651698 ], [ 7.65450747503996, 45.114800114034097 ], [ 7.65462656686265, 45.114890789977999 ], [ 7.65431978473032, 45.115166824289602 ], [ 7.65405991843056, 45.1154022766938 ], [ 7.65348232165189, 45.115922265600197 ], [ 7.65339028233569, 45.116009961190798 ], [ 7.6533682003822, 45.116034567541298 ], [ 7.65302701198704, 45.116362124012902 ], [ 7.65302698275909, 45.116362160885103 ], [ 7.65302695892706, 45.116362205851097 ], [ 7.65302694813522, 45.1163622454213 ], [ 7.65296015278887, 45.117128783466597 ], [ 7.65289855012804, 45.117850572146303 ], [ 7.65289687289243, 45.1179411041987 ], [ 7.65289520824729, 45.118003533336399 ], [ 7.65287222607242, 45.118436112636502 ], [ 7.65279469282086, 45.119811667074799 ], [ 7.65279259919913, 45.119838613461297 ], [ 7.652741219132, 45.120414208349104 ], [ 7.65271276188452, 45.120742415030499 ], [ 7.65270392154878, 45.121144444360702 ], [ 7.65267520799449, 45.122281223399803 ], [ 7.65266804129709, 45.122564688809398 ], [ 7.65260527311489, 45.123230878702103 ], [ 7.65260527401421, 45.123230911976997 ], [ 7.65260528210814, 45.1232309515472 ], [ 7.6526052937993, 45.1232309812249 ], [ 7.65260530818847, 45.123231006405902 ], [ 7.65260532617492, 45.123231030687599 ], [ 7.65260534775865, 45.123231053170599 ], [ 7.6526053837315, 45.123231081948902 ], [ 7.65359164413911, 45.1238558337798 ], [ 7.65359234740896, 45.123856449815399 ], [ 7.65365901235356, 45.123914970499499 ], [ 7.65370801011665, 45.123962783855497 ], [ 7.65372400545851, 45.123978392488901 ], [ 7.6541129505523, 45.124414287589303 ], [ 7.65419065377568, 45.124500769994597 ], [ 7.65426415446723, 45.124581658616698 ], [ 7.6544234666697, 45.124757299809602 ], [ 7.65460144969717, 45.124969939111502 ], [ 7.654650173167, 45.125018801076898 ], [ 7.65509770099817, 45.125513836494399 ], [ 7.65629002216684, 45.126832684181103 ], [ 7.65709515551708, 45.127747542015499 ], [ 7.65709100154851, 45.128166251071697 ], [ 7.65665259014497, 45.128929520980599 ], [ 7.65615846214337, 45.129344061679099 ], [ 7.65606518176276, 45.129431050402701 ], [ 7.65573273387861, 45.129629787984399 ], [ 7.65531150672069, 45.1291264131535 ], [ 7.65531147524444, 45.129126383475899 ], [ 7.65531145006344, 45.129126365489398 ], [ 7.65531142128509, 45.129126348402302 ], [ 7.65531139160748, 45.129126334013201 ], [ 7.65531134664138, 45.129126316925998 ], [ 7.65531130886984, 45.129126306134197 ], [ 7.65531126840034, 45.129126298939603 ], [ 7.65531121893764, 45.129126293543699 ], [ 7.65531118206548, 45.129126293543699 ], [ 7.65531114519325, 45.129126295342303 ], [ 7.65531110922035, 45.129126298939603 ], [ 7.65531107414682, 45.129126306134197 ], [ 7.65531103997256, 45.129126315127401 ], [ 7.65531100669767, 45.1291263268186 ], [ 7.65531096353021, 45.129126346603599 ], [ 7.65459995682261, 45.129546963121904 ], [ 7.65459991275583, 45.129546997296103 ], [ 7.65459988937346, 45.1295470215778 ], [ 7.65459987048769, 45.1295470476581 ], [ 7.65459985250124, 45.129547080933101 ], [ 7.65459984260872, 45.129547109711403 ], [ 7.65459983631342, 45.129547148382201 ], [ 7.65459983811206, 45.129547187053099 ], [ 7.65459984710532, 45.129547225723996 ], [ 7.65459986868905, 45.129547269790699 ], [ 7.65489083174651, 45.129948767621599 ], [ 7.6548460796829, 45.1300030075328 ], [ 7.65484605719985, 45.1300030444051 ], [ 7.65484604191135, 45.130003087572497 ], [ 7.65484603741476, 45.130003129391 ], [ 7.65484604460931, 45.130003181101998 ], [ 7.65484606484407, 45.130003230115101 ], [ 7.65484609676997, 45.130003274631498 ], [ 7.65517232674154, 45.130326641161602 ], [ 7.6552971553395, 45.130467865299799 ], [ 7.65433365047761, 45.131474659927697 ], [ 7.65433361990068, 45.131474706692401 ], [ 7.65433360101491, 45.131474758853102 ], [ 7.65433359786729, 45.131474811913101 ], [ 7.65433360955848, 45.131474865422803 ], [ 7.65433363428986, 45.131474913536501 ], [ 7.65571470337091, 45.133256162941599 ], [ 7.65565047289107, 45.133284574323703 ], [ 7.6555547490525, 45.133301447403902 ], [ 7.65551161846645, 45.133309937004 ], [ 7.65551158429224, 45.133309945997297 ], [ 7.65551154472206, 45.133309958587702 ], [ 7.65551151414513, 45.133309972077598 ], [ 7.65536193800307, 45.133384716531502 ], [ 7.65521712736859, 45.133441517711901 ], [ 7.65505597065658, 45.133508674585698 ], [ 7.65505592389184, 45.133508699766701 ], [ 7.65505588432165, 45.133508731242998 ], [ 7.65500031521242, 45.1335663004444 ], [ 7.65497723950807, 45.133595059864099 ], [ 7.65480870026135, 45.133686924711903 ], [ 7.65480865889253, 45.133686954389503 ], [ 7.65467662762433, 45.133807094821599 ], [ 7.65455257064468, 45.133857101624002 ], [ 7.65455253647042, 45.133857118711099 ], [ 7.65455250589349, 45.133857137596898 ], [ 7.65455247531651, 45.133857160079899 ], [ 7.65447360297446, 45.133927345870298 ], [ 7.65427458930088, 45.134033466771101 ], [ 7.65427455063008, 45.134033493750799 ], [ 7.65427451735513, 45.134033525226997 ], [ 7.65419122484519, 45.134136829451201 ], [ 7.65417042712357, 45.134165998961699 ], [ 7.65415130663752, 45.134193703476697 ], [ 7.65410227739824, 45.134228907438199 ], [ 7.65397683366399, 45.134282908129798 ], [ 7.65397680128842, 45.134282925216901 ], [ 7.6539767734094, 45.134282944102701 ], [ 7.65397674732907, 45.134282964787097 ], [ 7.65384158102421, 45.134416333347097 ], [ 7.65374181922959, 45.134472867428897 ], [ 7.65364323734559, 45.134543674650899 ], [ 7.6535474253734, 45.134565038046098 ], [ 7.65354738580328, 45.134565050636603 ], [ 7.65354734893106, 45.134565065925102 ], [ 7.65345359460775, 45.134613469236299 ], [ 7.65336394658891, 45.134661622535901 ], [ 7.65336390701873, 45.1346616495156 ], [ 7.6533638809384, 45.1346616719986 ], [ 7.65336385171042, 45.134661704823898 ], [ 7.65336382967706, 45.1346617394478 ], [ 7.65336381528789, 45.134661774521298 ], [ 7.65334958531514, 45.134725270255103 ], [ 7.65322942150067, 45.134768330694001 ], [ 7.65322937923253, 45.134768349579701 ], [ 7.65311339456753, 45.134834481226399 ], [ 7.65301551415473, 45.134865454777 ], [ 7.65301546649061, 45.134865474561998 ], [ 7.65301543681301, 45.134865491649201 ], [ 7.65301539814214, 45.134865519528098 ], [ 7.65287031141577, 45.135003239907597 ], [ 7.6528702880334, 45.135003267786701 ], [ 7.65285468839318, 45.135026223881198 ], [ 7.65285467400406, 45.135026251760202 ], [ 7.65285466411149, 45.135026280538497 ], [ 7.65285465691693, 45.135026320108601 ], [ 7.65285466051421, 45.135026369121697 ], [ 7.65285467220542, 45.135026407342899 ], [ 7.65285468569522, 45.135026435221803 ], [ 7.65285470817827, 45.135026467597498 ], [ 7.65285472796336, 45.135026490080499 ], [ 7.65285475134573, 45.135026510764902 ], [ 7.65285477742612, 45.135026529650702 ], [ 7.65285480980168, 45.135026548536402 ], [ 7.65285485206982, 45.1350265683215 ], [ 7.65285488984136, 45.135026580911997 ], [ 7.65285494200202, 45.135026593502502 ], [ 7.65285499236404, 45.135026600697103 ], [ 7.65285503463218, 45.135026602495799 ], [ 7.65377398078465, 45.135009305834799 ], [ 7.65586525977397, 45.134907918965297 ], [ 7.65615666709658, 45.134888838049498 ], [ 7.65621173078682, 45.134880485146297 ], [ 7.65679765708626, 45.134806362124003 ], [ 7.65731587073088, 45.134799382485497 ], [ 7.65761479009052, 45.134823141674701 ], [ 7.65766873232616, 45.1348904631244 ], [ 7.65791643799327, 45.134945772329601 ], [ 7.65851393407087, 45.134961550035499 ], [ 7.65851398533221, 45.134961556330801 ], [ 7.65891112414909, 45.134975239515803 ], [ 7.65946555349257, 45.1349907474251 ], [ 7.66078445963512, 45.135082729184703 ], [ 7.66078452168836, 45.135082727385999 ], [ 7.66078457744635, 45.1350827192921 ], [ 7.66161430455657, 45.134885411632503 ], [ 7.66161434142879, 45.134885399941297 ], [ 7.66161437560299, 45.134885386451501 ], [ 7.66340208933502, 45.134023867407599 ], [ 7.66343316181104, 45.134136960752201 ], [ 7.66373925686128, 45.135261604339597 ], [ 7.66369202176946, 45.135282824742603 ], [ 7.66260714980018, 45.135450135515399 ], [ 7.66193922061859, 45.135595345448898 ], [ 7.66193918014909, 45.135595357140097 ], [ 7.66193914417619, 45.135595369730602 ], [ 7.66193911449858, 45.135595384119704 ], [ 7.66193908212301, 45.135595402106198 ], [ 7.6611010515723, 45.136170498769602 ], [ 7.6611010173981, 45.136170529346501 ], [ 7.661100997613, 45.136170552728899 ], [ 7.66110097602927, 45.136170586903098 ], [ 7.66110095984146, 45.136170626473302 ], [ 7.66110095354622, 45.136170657050201 ], [ 7.6611009526469, 45.136170695721098 ], [ 7.66114099675963, 45.136414230332498 ], [ 7.66127572329606, 45.136812133573201 ], [ 7.66131060170295, 45.136911440310797 ], [ 7.66137771720793, 45.137060971486697 ], [ 7.6617814426595, 45.137929573591002 ], [ 7.66216431912807, 45.1386320457324 ], [ 7.66244113854776, 45.139179430686198 ], [ 7.66244115563489, 45.139179456766598 ], [ 7.66244117631931, 45.139179480148897 ], [ 7.66244119970168, 45.139179502631997 ], [ 7.66244122758064, 45.1391795233164 ], [ 7.66298693439956, 45.139514797769799 ], [ 7.66298697756701, 45.139514818454202 ], [ 7.66298702433176, 45.139514833742602 ], [ 7.66325969877613, 45.1395809725839 ], [ 7.66327561767565, 45.139899635659702 ], [ 7.66327983279808, 45.139986131554799 ], [ 7.66327984718725, 45.139986182366499 ], [ 7.66327987326758, 45.139986229580899 ], [ 7.66327989485131, 45.139986255661199 ], [ 7.66327991733437, 45.1399862781442 ], [ 7.66327994341469, 45.139986297929298 ], [ 7.66327998298488, 45.139986322211001 ], [ 7.66328001805846, 45.139986339298197 ], [ 7.66328005672926, 45.139986352788 ], [ 7.66328011068862, 45.139986367177102 ], [ 7.66328016194996, 45.139986374371802 ], [ 7.6632801997215, 45.139986377069697 ], [ 7.6632802536808, 45.1399863752711 ], [ 7.66362305276175, 45.139945368883701 ], [ 7.66370054014789, 45.139937302864297 ], [ 7.66380566459981, 45.140014057302899 ], [ 7.66385820209439, 45.140078293178803 ], [ 7.66393722822056, 45.140160497509001 ], [ 7.66393726509278, 45.140160527186701 ], [ 7.66393729566971, 45.140160545173003 ], [ 7.66393734333377, 45.140160567656203 ], [ 7.66401936420232, 45.140188541967703 ], [ 7.66401939837658, 45.140188551860199 ], [ 7.66401943345017, 45.140188559054799 ], [ 7.66420482149539, 45.140217736659302 ], [ 7.66420489973638, 45.140217739357198 ], [ 7.6645808685123, 45.140186115596798 ], [ 7.66458090628385, 45.140186110200901 ], [ 7.66458094225675, 45.140186102107002 ], [ 7.66471054265747, 45.140151608609898 ], [ 7.66471058762357, 45.140151593321399 ], [ 7.66483593243237, 45.140094534934903 ], [ 7.66483597290187, 45.140094513351201 ], [ 7.66503645606764, 45.139952827860803 ], [ 7.66522146190101, 45.139831605544202 ], [ 7.66522149607522, 45.139831578564603 ], [ 7.66532037113825, 45.139731277176701 ], [ 7.66539035458123, 45.1396389788558 ], [ 7.66553559239372, 45.139499282665803 ], [ 7.6656657072067, 45.139340133240601 ], [ 7.66584051023142, 45.139209086729998 ], [ 7.66584053811039, 45.139209060649698 ], [ 7.66589420785147, 45.139148696355299 ], [ 7.66594393496467, 45.139126029842402 ], [ 7.66602029010437, 45.1390912233813 ], [ 7.66614817909522, 45.139056741575402 ], [ 7.66633408514997, 45.139058911639502 ], [ 7.66633413101539, 45.1390589089415 ], [ 7.66646489513886, 45.1390424270664 ], [ 7.66646493920564, 45.139042418073203 ], [ 7.6664649778765, 45.1390424081807 ], [ 7.66646501564799, 45.139042394690797 ], [ 7.66646505791613, 45.139042374006401 ], [ 7.66646509658699, 45.139042348825399 ], [ 7.66651695869075, 45.138999652611901 ], [ 7.66651698656972, 45.138999624732897 ], [ 7.66654484396941, 45.138964025969102 ], [ 7.66654486285518, 45.138963992694201 ], [ 7.66654487544571, 45.138963958519902 ], [ 7.66655118688783, 45.138930513632403 ], [ 7.66655118778715, 45.138930473162901 ], [ 7.66655117789458, 45.138930423700202 ], [ 7.6665511608075, 45.138930385029298 ], [ 7.66652723254577, 45.138892423746398 ], [ 7.66652719387497, 45.138892380579001 ], [ 7.666414739049, 45.138802732560102 ], [ 7.66641470037814, 45.138802707379099 ], [ 7.66634190565446, 45.138765942194503 ], [ 7.66634184539987, 45.138765919711503 ], [ 7.66634178064868, 45.1387659062216 ], [ 7.66620470328445, 45.138750820094401 ], [ 7.66616433631509, 45.138723008560099 ], [ 7.66614193600156, 45.138697930964803 ], [ 7.6661317592733, 45.138659879749703 ], [ 7.66616702708666, 45.138589308150102 ], [ 7.66627488997426, 45.138504561436399 ], [ 7.66637485321695, 45.138474259679398 ], [ 7.66652945566989, 45.138453582466902 ], [ 7.66660413986921, 45.138454453910001 ], [ 7.66667419076134, 45.138450759495001 ], [ 7.6667329632557, 45.138451444778397 ], [ 7.66701078541945, 45.138468200047399 ], [ 7.66701082139235, 45.138468200047399 ], [ 7.66716519901479, 45.138461007269697 ], [ 7.66746447360663, 45.138441992903701 ], [ 7.66777934963733, 45.138504172029997 ], [ 7.6677794089926, 45.138504178325199 ], [ 7.66788751379778, 45.1385054391747 ], [ 7.66788757135436, 45.138505434678102 ], [ 7.66798817221644, 45.138488590376198 ], [ 7.6682263855393, 45.1384328476978 ], [ 7.66829369080125, 45.138411126372397 ], [ 7.66829373486803, 45.138411107486696 ], [ 7.66835172315354, 45.138380264337798 ], [ 7.66855504817698, 45.138246179017997 ], [ 7.6686059776838, 45.138205437930701 ], [ 7.66860599926753, 45.138205417246198 ], [ 7.66868425557396, 45.138119147980397 ], [ 7.66876798605375, 45.138054759219798 ], [ 7.66882354437115, 45.138016728689102 ], [ 7.66891364384963, 45.137999811542102 ], [ 7.66910941276922, 45.1379885826071 ], [ 7.66910946313129, 45.137988576311798 ], [ 7.6692963944131, 45.137948010592297 ], [ 7.66953637670247, 45.137948559178703 ], [ 7.6696967995677, 45.137954926378796 ], [ 7.66969685802366, 45.137954923680802 ], [ 7.66969691558023, 45.137954912889001 ], [ 7.66975774662273, 45.1379376018389 ], [ 7.66975778259564, 45.1379375901477 ], [ 7.66986864921881, 45.137889366701003 ], [ 7.66986870137953, 45.137889336123997 ], [ 7.6699302410878, 45.137840538010501 ], [ 7.67011885679983, 45.137725757537702 ], [ 7.67027428483044, 45.137669097550898 ], [ 7.6703839598519, 45.137665879776598 ], [ 7.67060172708807, 45.137663897670798 ], [ 7.67067680698909, 45.137685755693099 ], [ 7.67067683576738, 45.137685761988401 ], [ 7.67087540337724, 45.137721091854999 ], [ 7.67114049563742, 45.137769185799399 ], [ 7.67121244679703, 45.137806706414402 ], [ 7.67137129854666, 45.1379630715386 ], [ 7.67137133362019, 45.137963100316902 ], [ 7.67170580767691, 45.138171792494298 ], [ 7.6717058517437, 45.138171814077999 ], [ 7.67170588501864, 45.138171825769199 ], [ 7.67170591919285, 45.138171835661801 ], [ 7.67170595516575, 45.138171842856302 ], [ 7.67170599203797, 45.138171847352901 ], [ 7.67170602891014, 45.138171850050902 ], [ 7.67170606668168, 45.138171850050902 ], [ 7.6717061035539, 45.138171846453602 ], [ 7.67170615391592, 45.138171838359703 ], [ 7.67170620607658, 45.138171823970502 ], [ 7.6717062429488, 45.138171810480699 ], [ 7.67170628611626, 45.138171787997699 ], [ 7.67233633675261, 45.1377581664063 ], [ 7.67246770611979, 45.137957879752399 ], [ 7.6724677268042, 45.137957905832799 ], [ 7.67246775198521, 45.137957929215098 ], [ 7.67246778615947, 45.137957955295498 ], [ 7.67246781493776, 45.137957972382601 ], [ 7.67246784551469, 45.137957987671001 ], [ 7.67246787789031, 45.137958000261598 ], [ 7.6724679111652, 45.137958010154101 ], [ 7.67246794623878, 45.137958018248 ], [ 7.67246798311101, 45.137958023643897 ], [ 7.67246801908385, 45.137958027241197 ], [ 7.67246805595607, 45.137958027241197 ], [ 7.67246810721741, 45.137958023643897 ], [ 7.67246814768691, 45.137958017348701 ], [ 7.6724681827605, 45.137958009254803 ], [ 7.67246822053198, 45.137957997563603 ], [ 7.67393529897492, 45.137374080349602 ], [ 7.67514587008588, 45.1370956160699 ], [ 7.67637830191717, 45.137274421077699 ], [ 7.67679203142717, 45.137971736506501 ], [ 7.67679205840682, 45.137971769781402 ], [ 7.67679208178919, 45.137971791365104 ], [ 7.67679210786952, 45.137971811150202 ], [ 7.67679213664786, 45.137971829136603 ], [ 7.67679216812411, 45.137971844425103 ], [ 7.67679221578817, 45.137971863310902 ], [ 7.6775790236531, 45.138185968507699 ], [ 7.67774969878963, 45.138298662553296 ], [ 7.6778241158903, 45.138377778611599 ], [ 7.67793206960937, 45.138492545594502 ], [ 7.67793210738091, 45.138492577070799 ], [ 7.67802445066792, 45.138551163405502 ], [ 7.67802449293606, 45.138551184089899 ], [ 7.67802452890891, 45.138551197579801 ], [ 7.6780245756737, 45.138551210170199 ], [ 7.67802462423708, 45.138551218264197 ], [ 7.6780246790957, 45.138551222760803 ], [ 7.6780247195652, 45.138551221861498 ], [ 7.67802475643742, 45.138551218264197 ], [ 7.67802479600761, 45.138551211968903 ], [ 7.67802485716146, 45.138551194881799 ], [ 7.67809065785764, 45.138524958060401 ], [ 7.67809069023321, 45.138524942772001 ], [ 7.67809071991087, 45.138524925684798 ], [ 7.67819513389838, 45.138455215635801 ], [ 7.67819517796516, 45.138455176065598 ], [ 7.67826557509625, 45.138366183652501 ], [ 7.67835541736866, 45.138291991382303 ], [ 7.67849937544588, 45.138210373410097 ], [ 7.67849941231805, 45.138210346430398 ], [ 7.67849944289503, 45.138210316752698 ], [ 7.678499470774, 45.138210278531602 ], [ 7.67849949055909, 45.138210237612398 ], [ 7.67849949865297, 45.138210207035399 ], [ 7.67850867263718, 45.138151383279798 ], [ 7.67853853282708, 45.138087689695197 ], [ 7.67861513797828, 45.138004882819097 ], [ 7.67870841566088, 45.137927783040801 ], [ 7.67870844084194, 45.137927756960501 ], [ 7.67874260518715, 45.137885856647003 ], [ 7.67891132879481, 45.137850359506601 ], [ 7.67907898131, 45.1378522975455 ], [ 7.67907902267882, 45.137852295746903 ], [ 7.67907906224895, 45.137852290350999 ], [ 7.6790791252015, 45.137852275961798 ], [ 7.67907918545609, 45.1378522525794 ], [ 7.67917095407631, 45.1378037980069 ], [ 7.67917098195528, 45.137803780020498 ], [ 7.67920904396226, 45.137775910929598 ], [ 7.68056003431821, 45.138832519005597 ], [ 7.68056007478765, 45.138832544186599 ], [ 7.68056010626395, 45.1388325585758 ], [ 7.68056015302869, 45.138832575662903 ], [ 7.68056019349819, 45.138832585555399 ], [ 7.68056023037036, 45.138832591850701 ], [ 7.6805602726385, 45.138832596347299 ], [ 7.68056032479922, 45.138832596347299 ], [ 7.6805603625707, 45.138832593649298 ], [ 7.68056039944292, 45.138832587354102 ], [ 7.68056043541583, 45.138832579260203 ], [ 7.68056047048935, 45.138832568468302 ], [ 7.6805605037643, 45.138832555877798 ], [ 7.68056053434123, 45.138832540589299 ], [ 7.68056056311951, 45.138832522602897 ], [ 7.68056059999174, 45.1388324947239 ], [ 7.68164601874884, 45.137742395894897 ], [ 7.68202578626108, 45.137890820005403 ], [ 7.6820258366231, 45.137890834394597 ], [ 7.68202587349532, 45.137890840689799 ], [ 7.68202591126686, 45.137890845186398 ], [ 7.68202594903835, 45.137890846985002 ], [ 7.68202598770921, 45.137890845186398 ], [ 7.68202602548075, 45.137890841589098 ], [ 7.68202606235292, 45.137890834394597 ], [ 7.68202609832582, 45.1378908254013 ], [ 7.68202614598988, 45.137890808314197 ], [ 7.68325761374791, 45.137297395158697 ], [ 7.6832576488215, 45.137297374474301 ], [ 7.68340357011874, 45.137193049519702 ], [ 7.68340360429295, 45.137193018942703 ], [ 7.68340362317872, 45.137192994661 ], [ 7.68340363936653, 45.137192969479997 ], [ 7.68340365285633, 45.137192939802397 ], [ 7.68340366364822, 45.137192892138302 ], [ 7.68340366454754, 45.137192860661997 ], [ 7.6834036582523, 45.137192821991199 ], [ 7.68327934676449, 45.136842777072602 ], [ 7.68317392553627, 45.136534898666703 ], [ 7.68319079142191, 45.136423129124204 ], [ 7.68340271846074, 45.136059145613203 ], [ 7.68361372909038, 45.135795748574999 ], [ 7.68400528761396, 45.1354967123035 ], [ 7.68484543067211, 45.135336093386101 ], [ 7.68549292725686, 45.135212303505099 ], [ 7.68582646421998, 45.135157645409002 ], [ 7.6858265163807, 45.135157631919199 ], [ 7.68582656044748, 45.135157614832103 ], [ 7.68582659012509, 45.135157600442902 ], [ 7.68582661710474, 45.135157583355898 ], [ 7.68582664588302, 45.135157562671502 ], [ 7.68582667286273, 45.135157538389798 ], [ 7.68603859900219, 45.134930623249701 ], [ 7.68603862508252, 45.134930584578903 ], [ 7.68609685168838, 45.1348080420576 ], [ 7.68609686337959, 45.134807996192102 ], [ 7.68610970389977, 45.1345981357954 ], [ 7.68668899410187, 45.134303434256097 ], [ 7.68668902377948, 45.134303415370397 ], [ 7.68668904985981, 45.134303395585299 ], [ 7.68668907324218, 45.134303374001497 ], [ 7.68668909302727, 45.134303350619199 ], [ 7.68668910921508, 45.134303326337502 ], [ 7.68668912630221, 45.134303291263997 ], [ 7.68668913529541, 45.134303261586297 ], [ 7.68668913889269, 45.134303223814797 ], [ 7.68667439270911, 45.134109395632201 ], [ 7.68667438191721, 45.134109354263302 ], [ 7.68665558788513, 45.134067711156 ], [ 7.68665557169732, 45.134067683277003 ], [ 7.68665555191222, 45.134067658096001 ], [ 7.68663196899024, 45.134043080523803 ], [ 7.68660824307602, 45.133986509569802 ], [ 7.68714844154738, 45.133953121339502 ], [ 7.68738005744376, 45.133955786930102 ], [ 7.6873801132017, 45.133955782433503 ], [ 7.68738016716105, 45.133955771641602 ], [ 7.68762830540203, 45.133882104575498 ], [ 7.68892961271149, 45.133424460270703 ], [ 7.69016472811978, 45.132982305888703 ], [ 7.69047755729349, 45.133507115161301 ], [ 7.69048527617463, 45.133532141495202 ], [ 7.69061269302142, 45.134582346398197 ], [ 7.69061270471258, 45.134582383270399 ], [ 7.69061271820243, 45.134582411149403 ], [ 7.69061274338344, 45.134582447122298 ], [ 7.6906127730611, 45.134582476799899 ], [ 7.69061280813463, 45.134582503779598 ], [ 7.69061284051025, 45.134582522665397 ], [ 7.69061287108718, 45.134582537953797 ], [ 7.69061290885872, 45.134582552342998 ], [ 7.69061295652279, 45.134582565832801 ], [ 7.69061299249563, 45.134582572128103 ], [ 7.69061303026717, 45.134582576624702 ], [ 7.69061308332721, 45.134582577524 ], [ 7.69316234476645, 45.134418190447199 ], [ 7.69367152921774, 45.134397008714998 ], [ 7.69406441783866, 45.134365548631202 ], [ 7.69406446820068, 45.134365540537303 ], [ 7.69406450327426, 45.134365531544098 ], [ 7.69406453654915, 45.134365519852899 ], [ 7.69406456802545, 45.134365506363103 ], [ 7.69406459770306, 45.134365490175298 ], [ 7.69406462468271, 45.134365473088202 ], [ 7.6940646489644, 45.134365453303097 ], [ 7.69406467144745, 45.134365432618701 ], [ 7.69406469033322, 45.134365410135601 ], [ 7.69406470562171, 45.134365385853897 ], [ 7.69406472180953, 45.134365351679698 ], [ 7.69406473260136, 45.134365309861202 ], [ 7.6940647344, 45.134365267143401 ], [ 7.69388303267584, 45.132982646731797 ], [ 7.69425515505139, 45.132927409472401 ], [ 7.69634165774136, 45.132541663267197 ], [ 7.6963417090027, 45.132541648877996 ], [ 7.69634174227764, 45.132541635388201 ], [ 7.69634177375389, 45.132541620099801 ], [ 7.69634180343155, 45.132541602113299 ], [ 7.69634182951188, 45.132541582328201 ], [ 7.69634185289425, 45.1325415607445 ], [ 7.6963418798739, 45.132541528368897 ], [ 7.69634190235695, 45.132541490597397 ], [ 7.69634191404816, 45.132541460919803 ], [ 7.6963419203434, 45.132541423148197 ], [ 7.69634374686649, 45.130957459818902 ], [ 7.69709107449353, 45.131037956336698 ], [ 7.69751762473862, 45.131083320838599 ], [ 7.69936820737689, 45.131297952138802 ], [ 7.7012045366601, 45.131494394650602 ], [ 7.70316816947548, 45.131615733879102 ], [ 7.70349066726055, 45.1316373526817 ], [ 7.70349069603884, 45.131637353581098 ], [ 7.70372883291935, 45.131635593607797 ], [ 7.70684303587745, 45.132154936800902 ], [ 7.7071365260299, 45.132730213328699 ], [ 7.70862599759175, 45.133226302751702 ], [ 7.70979838528729, 45.133519112117398 ], [ 7.70979840866966, 45.133519147191002 ], [ 7.70979842935407, 45.133519170573301 ], [ 7.70979845273644, 45.133519191257697 ], [ 7.70979847971614, 45.133519211042803 ], [ 7.70979852108491, 45.133519234425201 ], [ 7.70979855795713, 45.133519250612999 ], [ 7.70979859752731, 45.133519264102802 ], [ 7.70979864788933, 45.133519275794001 ], [ 7.70979868566087, 45.133519281189898 ], [ 7.70979872343241, 45.133519282988601 ], [ 7.70979877649239, 45.133519282089303 ], [ 7.70979881965985, 45.133519277592598 ], [ 7.70979885833072, 45.133519270397997 ], [ 7.71111582373635, 45.133165674955997 ], [ 7.71116678831669, 45.133353460593803 ], [ 7.71125288851005, 45.1337144160875 ], [ 7.71140804854264, 45.1343822940077 ], [ 7.7114365021929, 45.134504723214398 ], [ 7.71143651208541, 45.134504751093502 ], [ 7.71169646202213, 45.135623269398401 ], [ 7.71200341322697, 45.1369502109835 ], [ 7.71200342851546, 45.136950249654397 ], [ 7.71200345189783, 45.136950285627201 ], [ 7.71200348157544, 45.136950318902201 ], [ 7.71200351844766, 45.1369503494791 ], [ 7.71200354992396, 45.136950369264198 ], [ 7.71200358409817, 45.136950386351302 ], [ 7.71200363356087, 45.136950404337803 ], [ 7.71200368572158, 45.136950417827599 ], [ 7.7120037360836, 45.136950425022199 ], [ 7.71200377385515, 45.136950427720102 ], [ 7.71200381072731, 45.136950427720102 ], [ 7.71200386378734, 45.136950422324198 ], [ 7.71205024991917, 45.136941738470497 ], [ 7.71210897205145, 45.1369675750936 ], [ 7.71213664958674, 45.137027083233399 ], [ 7.71213667027115, 45.1370271165082 ], [ 7.71221654985396, 45.137123222558699 ], [ 7.71221659032341, 45.137123258531602 ], [ 7.71226464110037, 45.137155617937502 ], [ 7.7122646869658, 45.1371556413199 ], [ 7.71226473732781, 45.137155659306302 ], [ 7.71237696372594, 45.137183914206297 ], [ 7.7124432266736, 45.137207172473097 ], [ 7.71244330041804, 45.137207187761497 ], [ 7.71249886503062, 45.137212317494502 ], [ 7.71249892078862, 45.137212317494502 ], [ 7.71249897924457, 45.137212312098598 ], [ 7.71249902151266, 45.137212304004699 ], [ 7.71249905748556, 45.137212293212798 ], [ 7.71249909255914, 45.137212279723002 ], [ 7.71249912493471, 45.137212264434503 ], [ 7.71249915820965, 45.137212244649398 ], [ 7.71249919148454, 45.137212220367701 ], [ 7.71263120926295, 45.137094624117701 ], [ 7.71284127470511, 45.137183408787301 ], [ 7.71286296815151, 45.137206456612702 ], [ 7.71286301131897, 45.137206490787001 ], [ 7.71301965433361, 45.137300951977402 ], [ 7.71310954337076, 45.1374791526408 ], [ 7.71310957844435, 45.137479198506199 ], [ 7.71313773262034, 45.137504976673398 ], [ 7.71316643808069, 45.1375312566622 ], [ 7.71316647585223, 45.137531283641898 ], [ 7.71316650642916, 45.137531300729002 ], [ 7.71316653880478, 45.137531315118203 ], [ 7.71316657387831, 45.137531326809302 ], [ 7.71316660985122, 45.137531336701898 ], [ 7.71316664672344, 45.137531343896498 ], [ 7.71316670068273, 45.137531348393097 ], [ 7.71328337332909, 45.137531720712403 ], [ 7.71336420709253, 45.137541627644097 ], [ 7.71336425295794, 45.137541630342 ], [ 7.71352959421546, 45.137538996227804 ], [ 7.71364155621291, 45.137576241650301 ], [ 7.71364160477629, 45.1375762533415 ], [ 7.71364163984987, 45.137576257838099 ], [ 7.71364167582271, 45.137576261435399 ], [ 7.71364172708411, 45.137576260536001 ], [ 7.7138170094475, 45.137560236415801 ], [ 7.71381707240005, 45.137560223825297 ], [ 7.71381711017153, 45.137560213033503 ], [ 7.71381714254716, 45.1375601995436 ], [ 7.71381717582204, 45.137560183355802 ], [ 7.7139185644902, 45.137499275870901 ], [ 7.7139186004631, 45.137499247991997 ], [ 7.71391863104003, 45.137499215616302 ], [ 7.7139679066936, 45.137429685431698 ], [ 7.71396792557937, 45.137429648559497 ], [ 7.71396793547188, 45.137429610787898 ], [ 7.71396793727052, 45.137429562224597 ], [ 7.71396792737801, 45.137429513661203 ], [ 7.71393276028869, 45.137348706877397 ], [ 7.71391471089527, 45.137277326787199 ], [ 7.71399813470617, 45.137215719629801 ], [ 7.71405519758935, 45.1372163617458 ], [ 7.71405526234054, 45.137216355450498 ], [ 7.71405530191072, 45.137216348255897 ], [ 7.7140553396822, 45.137216337463997 ], [ 7.71405538374898, 45.137216321276199 ], [ 7.71405542511781, 45.137216299692497 ], [ 7.71412910567375, 45.137168161681402 ], [ 7.71412914434461, 45.137168129305799 ], [ 7.71418961925559, 45.137100738608197 ], [ 7.71423521398401, 45.137065352983697 ], [ 7.7143447505099, 45.137064753135903 ], [ 7.71429826545261, 45.1371533813235 ], [ 7.7142982510635, 45.137153431235902 ], [ 7.71429825016418, 45.137153484295901 ], [ 7.71429826410366, 45.137153536456601 ], [ 7.71429828343906, 45.137153573778399 ], [ 7.7142983005262, 45.137153597160797 ], [ 7.71429832390856, 45.137153622341799 ], [ 7.71429835718351, 45.137153650220903 ], [ 7.71429838506248, 45.137153668207297 ], [ 7.71429841923668, 45.137153686193699 ], [ 7.71429845790755, 45.137153702381497 ], [ 7.71448264086126, 45.137216637837597 ], [ 7.71458150333376, 45.137269928064804 ], [ 7.71448675436028, 45.137297183817999 ], [ 7.71448670849486, 45.137297200905103 ], [ 7.71448667971657, 45.137297216193701 ], [ 7.71448665183755, 45.137297233280698 ], [ 7.71448662755586, 45.137297252166498 ], [ 7.71448660507281, 45.137297271951603 ], [ 7.71448657719384, 45.137297305676199 ], [ 7.71448655471079, 45.137297343897302 ], [ 7.71448654212025, 45.137297378071601 ], [ 7.71448653672434, 45.137297407749202 ], [ 7.71448369306802, 45.1373472634655 ], [ 7.71448369756462, 45.137347303035703 ], [ 7.71448371105447, 45.137347340807203 ], [ 7.71448372904092, 45.137347374082097 ], [ 7.71448374702737, 45.137347397464502 ], [ 7.71448376681246, 45.137347419048197 ], [ 7.71448379019483, 45.137347439732601 ], [ 7.71448381627516, 45.137347457719002 ], [ 7.71448384505345, 45.137347474806198 ], [ 7.71448387563038, 45.137347489195299 ], [ 7.71448392149585, 45.137347506282403 ], [ 7.7145904273064, 45.137375407748998 ], [ 7.71459047946712, 45.137375416742103 ], [ 7.7145905370237, 45.137375421238701 ], [ 7.71459060537217, 45.137375417641501 ], [ 7.71481435759659, 45.137341924190501 ], [ 7.71481441065657, 45.137341910700698 ], [ 7.71481445472335, 45.137341895412199 ], [ 7.7148144879983, 45.137341878325103 ], [ 7.71481453656167, 45.137341847748097 ], [ 7.71488264671683, 45.137284077098499 ], [ 7.71488268268968, 45.137284034830401 ], [ 7.71488269977681, 45.137284006951397 ], [ 7.71488271146802, 45.137283977273803 ], [ 7.71488272046122, 45.137283928710403 ], [ 7.71488178516631, 45.137233336449398 ], [ 7.71492185176209, 45.137219257562698 ], [ 7.71498220796258, 45.137301714602501 ], [ 7.7149959514021, 45.137353183702501 ], [ 7.71498979194541, 45.137383053785001 ], [ 7.71498979104609, 45.137383097851703 ], [ 7.71498979824065, 45.137383140119901 ], [ 7.71498981442846, 45.137383178790699 ], [ 7.71498983601219, 45.1373832120656 ], [ 7.71498985489791, 45.1373832345487 ], [ 7.71498987738096, 45.137383256132402 ], [ 7.71498990705862, 45.137383277716097 ], [ 7.7150350188511, 45.137411872559902 ], [ 7.71503506201856, 45.137411893244298 ], [ 7.71503509349481, 45.137411904935497 ], [ 7.71503512766907, 45.1374119148281 ], [ 7.71503516274259, 45.137411922921999 ], [ 7.71503521310467, 45.137411929217201 ], [ 7.71518136642698, 45.137418074284803 ], [ 7.7151814077958, 45.137418073385398 ], [ 7.71518146085577, 45.137418067989501 ], [ 7.71518151661377, 45.137418055399003 ], [ 7.71530802334667, 45.1373789618697 ], [ 7.71530806561481, 45.137378944782498 ], [ 7.7154337251863, 45.137315985044701 ], [ 7.71545352376114, 45.137345986428201 ], [ 7.71539685568041, 45.137453394258799 ], [ 7.7153968439892, 45.137453422137803 ], [ 7.71539683679464, 45.137453458110599 ], [ 7.7153968372443, 45.137453499929101 ], [ 7.7153968498348, 45.137453550740801 ], [ 7.71539687366686, 45.137453597505598 ], [ 7.71541484571861, 45.137476497842201 ], [ 7.71541488169146, 45.137476532915699 ], [ 7.71547452023299, 45.137520315510201 ], [ 7.71547455260855, 45.137520334396001 ], [ 7.71547458678282, 45.137520351483097 ], [ 7.71547463174892, 45.137520367670902 ], [ 7.71547468121162, 45.1375203802614 ], [ 7.7157186169207, 45.137559127551803 ], [ 7.71578140848527, 45.1375778415442 ], [ 7.71593299191409, 45.137607674754499 ], [ 7.71599206388271, 45.137674429631303 ], [ 7.71599209625828, 45.137674458409599 ], [ 7.7159921331305, 45.137674482691303 ], [ 7.71599216640538, 45.137674499778399 ], [ 7.71599219788169, 45.137674513268202 ], [ 7.71599223565318, 45.137674524959401 ], [ 7.71599228331729, 45.137674535751302 ], [ 7.71599231929014, 45.137674541147199 ], [ 7.71599237055153, 45.137674543845201 ], [ 7.7160925172559, 45.137671360245101 ], [ 7.71627341228822, 45.137730352174103 ], [ 7.71640498040557, 45.137878990323202 ], [ 7.71646813799424, 45.138005189487998 ], [ 7.71646816227593, 45.138005222762899 ], [ 7.71646818296034, 45.138005245245999 ], [ 7.71646820724203, 45.138005265930303 ], [ 7.71646823332236, 45.138005284816103 ], [ 7.71646826299997, 45.138005301903199 ], [ 7.71646830796607, 45.138005321688297 ], [ 7.71652054688576, 45.138022709180703 ], [ 7.7166688747688, 45.1380738985916 ], [ 7.71666892962747, 45.138073912081403 ], [ 7.7166689691976, 45.138073917477399 ], [ 7.71666902675423, 45.138073919276003 ], [ 7.71700332904044, 45.138055166612702 ], [ 7.71731873117454, 45.138027203992401 ], [ 7.71754504376878, 45.138020782832903 ], [ 7.71754508603692, 45.138020779235603 ], [ 7.71754512290914, 45.138020772940401 ], [ 7.71754517237184, 45.138020759450598 ], [ 7.71754521014338, 45.138020745960702 ], [ 7.71754525241153, 45.138020724377 ], [ 7.71754528478709, 45.138020704591902 ], [ 7.71754531896136, 45.138020676712898 ], [ 7.71754534953828, 45.138020642538699 ], [ 7.71754537292065, 45.138020606565803 ], [ 7.71754538551119, 45.138020576888103 ], [ 7.71754539360506, 45.138020540016001 ], [ 7.71755017350176, 45.137930540362198 ], [ 7.71755818825983, 45.137894625936298 ], [ 7.71766163817409, 45.137905032890998 ], [ 7.71766168853617, 45.137905033790297 ], [ 7.71766172450901, 45.137905031092401 ], [ 7.71766177487109, 45.137905022998403 ], [ 7.71771441488841, 45.1378921429081 ], [ 7.71788982045888, 45.137934590009401 ], [ 7.71788986002906, 45.137934597203902 ], [ 7.71788989959924, 45.137934600801302 ], [ 7.71788994186738, 45.1379346017006 ], [ 7.71799778496984, 45.1379313281683 ], [ 7.71800682315643, 45.138003202885599 ], [ 7.71800683125031, 45.138003230764497 ], [ 7.71800684743812, 45.1380032667374 ], [ 7.71800686632389, 45.138003295515702 ], [ 7.7180068960015, 45.138003327891298 ], [ 7.71806252356663, 45.138049759888602 ], [ 7.71806255324429, 45.138049779673601 ], [ 7.71806258831782, 45.1380497985594 ], [ 7.71806263957922, 45.138049819243797 ], [ 7.71806269443783, 45.138049834532303 ], [ 7.71806274030325, 45.138049841726897 ], [ 7.7181509772858, 45.138059057979198 ], [ 7.71815102405054, 45.138059059777802 ], [ 7.718151067218, 45.138059058878497 ], [ 7.71815110498954, 45.138059054381898 ], [ 7.71815114186177, 45.138059047187298 ], [ 7.71815118233127, 45.138059036395497 ], [ 7.7181512425858, 45.138059013013098 ], [ 7.71833626100971, 45.137957620747699 ], [ 7.71855558677095, 45.1379555702934 ], [ 7.71855562813977, 45.137955567595398 ], [ 7.71855566321335, 45.137955562199501 ], [ 7.71855570278353, 45.137955553206297 ], [ 7.71855576123943, 45.137955533421199 ], [ 7.7187887611924, 45.137845627273897 ], [ 7.71878879536666, 45.137845607488799 ], [ 7.71885979414424, 45.137796926287201 ], [ 7.71908466242729, 45.1377544980717 ], [ 7.71915709832149, 45.137783250296799 ], [ 7.71922043217722, 45.137849823510599 ], [ 7.71922046994877, 45.137849854087598 ], [ 7.71922051311623, 45.1378498792686 ], [ 7.71922055718301, 45.1378498981543 ], [ 7.71922059135727, 45.137849909845499 ], [ 7.71922064171929, 45.137849921536699 ], [ 7.7193681817962, 45.1378701607794 ], [ 7.71946101071711, 45.1378915349664 ], [ 7.71952674756142, 45.137988348783303 ], [ 7.71957417600748, 45.138041735237998 ], [ 7.7195742218729, 45.138041773009498 ], [ 7.71961485324294, 45.138066413534197 ], [ 7.71961491079952, 45.138066439614498 ], [ 7.71961497734935, 45.138066458500298 ], [ 7.71961502951007, 45.138066466594204 ], [ 7.71961507987208, 45.138066469292198 ], [ 7.71972486461084, 45.138063204753202 ], [ 7.71972491317428, 45.138063200256603 ], [ 7.71972495724106, 45.138063192162598 ], [ 7.71972499860982, 45.138063180471498 ], [ 7.71972506156237, 45.138063155290403 ], [ 7.71977971965839, 45.138032308544297 ], [ 7.71987509995597, 45.138028882127301 ], [ 7.71987515301595, 45.138028876731298 ], [ 7.71987519168681, 45.138028868637399 ], [ 7.71987523845155, 45.138028855147603 ], [ 7.72001641762364, 45.1379719244648 ], [ 7.72030253333531, 45.137880589317803 ], [ 7.72030257830141, 45.137880570432102 ], [ 7.7203026070797, 45.137880554244198 ], [ 7.72030263405935, 45.137880536257803 ], [ 7.72030265834104, 45.137880516472698 ], [ 7.72030267902545, 45.137880494888996 ], [ 7.7203026970119, 45.137880472405897 ], [ 7.72030271230039, 45.1378804481242 ], [ 7.72030272489087, 45.137880420245303 ], [ 7.72030273568276, 45.137880385171698 ], [ 7.72030273838072, 45.137880355494097 ], [ 7.72029912850201, 45.137718546773598 ], [ 7.72046461814767, 45.1376889123135 ], [ 7.7204646532212, 45.137688904219601 ], [ 7.72057982310042, 45.137654219166997 ], [ 7.72076335314625, 45.1376697459621 ], [ 7.72076340620629, 45.1376697459621 ], [ 7.72076345746763, 45.137669740566103 ], [ 7.72076349793713, 45.137669733371503 ], [ 7.72076353660799, 45.137669721680403 ], [ 7.72076358247341, 45.1376697045932 ], [ 7.72076362474155, 45.1376696821102 ], [ 7.72087920651023, 45.137590771097301 ], [ 7.7208835178601, 45.137587814126398 ], [ 7.72098583822589, 45.137559720204997 ], [ 7.72098588858796, 45.137559702218503 ], [ 7.72098593445338, 45.137559678836197 ], [ 7.72107623538, 45.137502183379098 ], [ 7.7211913575951, 45.1374506980913 ], [ 7.7211914088565, 45.137450666615102 ], [ 7.72119145202396, 45.137450630642199 ], [ 7.72121623104425, 45.137421792082101 ], [ 7.7213570037228, 45.1373658515529 ], [ 7.72151040198349, 45.137345072716997 ], [ 7.72159550662735, 45.137336048020302 ], [ 7.72161969029651, 45.137388088189802 ], [ 7.72161971277956, 45.137388121464703 ], [ 7.72161973256465, 45.137388143947803 ], [ 7.7216197550477, 45.137388164632199 ], [ 7.72161978022871, 45.137388183517899 ], [ 7.72161980810773, 45.137388201504301 ], [ 7.72161984228194, 45.137388217692099 ], [ 7.72161988724804, 45.1373882356786 ], [ 7.72161992232162, 45.137388244671797 ], [ 7.7216199618918, 45.137388252765703 ], [ 7.72162001225382, 45.1373882581616 ], [ 7.72162005002536, 45.137388259060998 ], [ 7.72162010038738, 45.137388256363003 ], [ 7.72162015434668, 45.137388247369699 ], [ 7.72162020830603, 45.137388232980697 ], [ 7.72182772596881, 45.137308080903303 ], [ 7.72182776823695, 45.137308060218899 ], [ 7.72182780510917, 45.137308035037798 ], [ 7.72185376404002, 45.1372858073942 ], [ 7.72191043931536, 45.137236991294202 ], [ 7.72214086271072, 45.137163268470097 ], [ 7.7221409112741, 45.1371632477858 ], [ 7.72214095444156, 45.137163222604698 ], [ 7.72214098411917, 45.137163201920302 ], [ 7.72214100660221, 45.137163180336501 ], [ 7.72214102638731, 45.137163158752898 ], [ 7.72214104437376, 45.1371631317731 ], [ 7.72214106236021, 45.1371630940017 ], [ 7.72214107315205, 45.137163055330802 ], [ 7.72214959962434, 45.137077349939801 ], [ 7.72217773671321, 45.137030502455801 ], [ 7.7222398996517, 45.136984201759603 ], [ 7.72231455237477, 45.136994005269202 ], [ 7.72240134414676, 45.137021974184798 ], [ 7.72240139450878, 45.137021985875997 ], [ 7.72240144577018, 45.137021991271901 ], [ 7.722401487139, 45.137021993070597 ], [ 7.72240152940708, 45.137021990372602 ], [ 7.72250834728243, 45.137009667861903 ], [ 7.7225084021411, 45.137009656170697 ], [ 7.72250843991264, 45.137009644479598 ], [ 7.72250848847602, 45.137009621996498 ], [ 7.72256807935344, 45.1369743065191 ], [ 7.72271028734991, 45.136939907450802 ], [ 7.72271034400723, 45.136939887665697 ], [ 7.72280030139285, 45.136895917113002 ], [ 7.72298018288916, 45.136875448543201 ], [ 7.72306362738453, 45.136907849317801 ], [ 7.72318840382184, 45.136945260215597 ], [ 7.72326127139058, 45.136959596308401 ], [ 7.72326134693367, 45.136959601704298 ], [ 7.72343746476724, 45.136952564509301 ], [ 7.7234782472234, 45.136974273244199 ], [ 7.72351263819775, 45.137002461594399 ], [ 7.72355481820034, 45.137087669210601 ], [ 7.72355484338135, 45.137087703834503 ], [ 7.72362524950569, 45.137166090542699 ], [ 7.72362527468675, 45.137166112126401 ], [ 7.72362530076708, 45.137166131911499 ], [ 7.72362533044469, 45.137166148998602 ], [ 7.72362536192094, 45.1371661651864 ], [ 7.72362539969248, 45.137166179575601 ], [ 7.72362546444367, 45.137166195763399 ], [ 7.72376179447127, 45.137185736232802 ], [ 7.72376184932995, 45.137185739830102 ], [ 7.72376188890013, 45.137185738031498 ], [ 7.72376194285943, 45.137185730836798 ], [ 7.72396653592693, 45.137138490349102 ], [ 7.72396657909439, 45.137138476859299 ], [ 7.7239666195639, 45.137138458872798 ], [ 7.7241140894937, 45.1370562284622 ], [ 7.7241141191713, 45.137056207777803 ], [ 7.72411414794959, 45.137056183496099 ], [ 7.72411417672794, 45.137056151120497 ], [ 7.72411419921099, 45.137056114248303 ], [ 7.72412798581792, 45.137021983178002 ], [ 7.72441056359668, 45.1369724332313 ], [ 7.72441061305938, 45.136972419741397 ], [ 7.72441064723364, 45.1369724071509 ], [ 7.7244106904011, 45.136972384667899 ], [ 7.72454782712055, 45.136883874291399 ], [ 7.72461907141309, 45.136826162997103 ], [ 7.72465604434103, 45.136804117915702 ], [ 7.72475001000498, 45.1367867241281 ], [ 7.72475005856842, 45.136786710638297 ], [ 7.72475009094399, 45.1367866980477 ], [ 7.72475012152091, 45.136786683658599 ], [ 7.72475015029926, 45.136786666571503 ], [ 7.72475017637959, 45.136786648585002 ], [ 7.72475019976196, 45.136786627900598 ], [ 7.72475022764092, 45.136786596424301 ], [ 7.72479061259673, 45.136726131405901 ], [ 7.72479063238183, 45.136726085540502 ], [ 7.72479063957638, 45.136726047768903 ], [ 7.72479063957638, 45.136726012695398 ], [ 7.7246333742309, 45.135786343465 ], [ 7.72453397036651, 45.1354922183912 ], [ 7.72453395238006, 45.135492181518998 ], [ 7.72453393349429, 45.135492155438698 ], [ 7.72453391370919, 45.135492133854903 ], [ 7.72453389122614, 45.135492114069798 ], [ 7.72453385615256, 45.135492088888803 ], [ 7.724533823777, 45.135492070003103 ], [ 7.72453378960273, 45.135492054714597 ], [ 7.72453373024751, 45.135492035828896 ], [ 7.72416825745916, 45.135416721204798 ], [ 7.72385409908748, 45.1342156316462 ], [ 7.72372064419244, 45.133831297376503 ], [ 7.72345338276745, 45.132712436429898 ], [ 7.72345336837827, 45.132712401356301 ], [ 7.72345334679454, 45.132712368980698 ], [ 7.72345332611019, 45.132712343799703 ], [ 7.72345330092912, 45.132712320417298 ], [ 7.7234532658556, 45.132712295236303 ], [ 7.72345323707725, 45.1327122781491 ], [ 7.72345319390985, 45.1327122592634 ], [ 7.72345314444709, 45.132712243075602 ], [ 7.72345309138711, 45.132712232283701 ], [ 7.72345305091761, 45.132712227787103 ], [ 7.72345301404539, 45.132712225988499 ], [ 7.72345297717322, 45.132712226887797 ], [ 7.7234529358044, 45.132712231384403 ], [ 7.72290181686543, 45.132805292330403 ], [ 7.72283511414923, 45.132426705627999 ], [ 7.72284957524772, 45.131621237730002 ], [ 7.72284957254976, 45.131621208052401 ], [ 7.72284956265725, 45.131621172978797 ], [ 7.72284954377147, 45.131621136106602 ], [ 7.72284952578502, 45.131621110026302 ], [ 7.72284950599993, 45.131621087543202 ], [ 7.72284948081892, 45.131621065060102 ], [ 7.72284944484608, 45.1316210398791 ], [ 7.72284941606773, 45.131621023691402 ], [ 7.72284938459148, 45.131621009302201 ], [ 7.72284935221586, 45.131620997611002 ], [ 7.72284930365248, 45.131620985020497 ], [ 7.72123205911231, 45.131347951746697 ], [ 7.72099168291987, 45.130923721752403 ], [ 7.72095655450141, 45.130744795336099 ], [ 7.7209805304272, 45.130636731899699 ], [ 7.72098053222584, 45.130636689631601 ], [ 7.7209805259306, 45.130636648262701 ], [ 7.72094397748265, 45.1305237122995 ], [ 7.7209439594962, 45.130523677226002 ], [ 7.72094394240907, 45.130523652944298 ], [ 7.72094392172465, 45.130523631360603 ], [ 7.72094388934909, 45.130523602582201 ], [ 7.7209438587721, 45.130523581897798 ], [ 7.72094382909449, 45.130523565710099 ], [ 7.72094379312159, 45.1305235504216 ], [ 7.72094374635685, 45.130523535133101 ], [ 7.72094371038395, 45.130523527039202 ], [ 7.72094367351178, 45.130523521643298 ], [ 7.72094362045175, 45.130523518045898 ], [ 7.72040671799567, 45.130535939482101 ], [ 7.72040668292215, 45.130535941280698 ], [ 7.72015161720344, 45.130569081298098 ], [ 7.71938407641403, 45.130560477484103 ], [ 7.71878982778838, 45.130549314199499 ], [ 7.71841333111041, 45.130540590775702 ], [ 7.71810978473883, 45.1304967704097 ], [ 7.71818793132803, 45.130436299995303 ], [ 7.71818796909952, 45.130436259525801 ], [ 7.71821772316946, 45.130392218825897 ], [ 7.71821773755858, 45.1303921909469 ], [ 7.71821775194775, 45.130392142833202 ], [ 7.71821775464571, 45.130392100115401 ], [ 7.71821774924979, 45.130392061444503 ], [ 7.71815522388454, 45.130190931666199 ], [ 7.7181298612042, 45.130028990745402 ], [ 7.71802824051093, 45.129671985973403 ], [ 7.7179841710327, 45.129478122717202 ], [ 7.71785781808387, 45.129017511549002 ], [ 7.71783925697616, 45.128949771914499 ], [ 7.71783924438569, 45.128949740438202 ], [ 7.71777043186, 45.1288306962796 ], [ 7.71776268330126, 45.128796606578199 ], [ 7.71736097592833, 45.127310810545502 ], [ 7.71822345005222, 45.127036939103498 ], [ 7.71845498231164, 45.126963406036403 ], [ 7.71877036555998, 45.1268814220401 ], [ 7.71920562753775, 45.126751273952202 ], [ 7.71920568239636, 45.126751250569797 ], [ 7.71952606317734, 45.126570296182301 ], [ 7.71952609915019, 45.126570271900597 ], [ 7.72071076978625, 45.125552853581397 ], [ 7.72124649502979, 45.1251178416152 ], [ 7.72138905825847, 45.125098053832197 ], [ 7.72208195172072, 45.125868253017501 ], [ 7.72223173560616, 45.126034743608599 ], [ 7.72227554877759, 45.126083443695997 ], [ 7.72242134596837, 45.126245496132803 ], [ 7.72242137924332, 45.1262455240118 ], [ 7.72242140532364, 45.126245541998202 ], [ 7.72242143410193, 45.126245558186 ], [ 7.72242147906803, 45.126245577971098 ], [ 7.72446479991066, 45.126900173804003 ], [ 7.72470347818302, 45.126961363676102 ], [ 7.72470353394101, 45.1269613726693 ], [ 7.72470359059827, 45.126961374467903 ], [ 7.7249088968282, 45.126950152727403 ], [ 7.72490893280104, 45.126950149130202 ], [ 7.72490897506918, 45.126950141935502 ], [ 7.72490900924345, 45.126950132942298 ], [ 7.72627700577925, 45.126517871102898 ], [ 7.72675571040776, 45.126322605803701 ], [ 7.72688567593326, 45.126267273216101 ], [ 7.72709747167102, 45.126177883302702 ], [ 7.72795343380397, 45.125854371082397 ], [ 7.72961798088517, 45.1252166843026 ], [ 7.72961802495195, 45.125216662718898 ], [ 7.72961805283092, 45.125216644732397 ], [ 7.72961808610586, 45.125216615954102 ], [ 7.72961810948823, 45.125216591672398 ], [ 7.72961812747468, 45.125216567390702 ], [ 7.72961814276311, 45.125216539511797 ], [ 7.72961815805161, 45.125216490498701 ], [ 7.72961816164889, 45.125216450478902 ], [ 7.72961815715229, 45.125216412707402 ], [ 7.72951609399257, 45.124885385752002 ], [ 7.7295160706102, 45.124885342584498 ], [ 7.72951603823464, 45.124885303014402 ], [ 7.72934943702694, 45.124733924631002 ], [ 7.72925056016527, 45.124644083257898 ], [ 7.72912602744424, 45.124532900972703 ], [ 7.72903807914406, 45.124454381164803 ], [ 7.72897475518084, 45.124397844385001 ], [ 7.72886576274482, 45.124293755952102 ], [ 7.72893532440577, 45.124227040645501 ], [ 7.72905273449612, 45.124228346461102 ], [ 7.72905279205276, 45.124228341964503 ], [ 7.72905286130054, 45.124228329373999 ], [ 7.72905291346126, 45.124228312286803 ], [ 7.7290529539307, 45.124228293401103 ], [ 7.72905299260157, 45.124228270018698 ], [ 7.72908208117315, 45.1242060837438 ], [ 7.72918353998841, 45.124144245460599 ], [ 7.72930650339248, 45.124114126266001 ], [ 7.7297918944804, 45.123997995910798 ], [ 7.72979195473499, 45.123997973427798 ], [ 7.72979201139225, 45.123997942850799 ], [ 7.72979205725767, 45.123997907777301 ], [ 7.72987064631331, 45.123914901251702 ], [ 7.73012958721074, 45.12383971613 ], [ 7.730129643868, 45.123839692747701 ], [ 7.73043380627519, 45.123667586789701 ], [ 7.73060574585856, 45.123647010301298 ], [ 7.73125436389785, 45.123780230473301 ], [ 7.73125439987069, 45.123780235869198 ], [ 7.73158475143521, 45.123810918039503 ], [ 7.73158480899178, 45.123810918039503 ], [ 7.73158486474978, 45.123810911744201 ], [ 7.73234464079258, 45.123666311551098 ], [ 7.73241519800303, 45.123654095160397 ], [ 7.73246864021564, 45.123658701487997 ], [ 7.73251882328509, 45.123659357992999 ], [ 7.73251887454649, 45.123659354395699 ], [ 7.73251890962001, 45.123659348999801 ], [ 7.7325189446936, 45.123659340905903 ], [ 7.73251897796848, 45.1236593310134 ], [ 7.73251900944479, 45.123659318422902 ], [ 7.7325190391224, 45.123659304033701 ], [ 7.73251906700136, 45.123659287845904 ], [ 7.73251909218243, 45.123659268960097 ], [ 7.73251912275936, 45.123659241980498 ], [ 7.73251915243699, 45.1236592055579 ], [ 7.73251917402069, 45.123659166437399 ], [ 7.73492553498551, 45.117255832490699 ], [ 7.73492554218006, 45.117255797417201 ], [ 7.73492554218006, 45.117255761444298 ], [ 7.73491912102065, 45.117215568943401 ], [ 7.73528660649174, 45.116218592214302 ], [ 7.7352866136863, 45.116218555342101 ], [ 7.7352866136863, 45.1162185256645 ], [ 7.73528660334412, 45.1162184771011 ], [ 7.73528658490801, 45.116218436631598 ], [ 7.73528656242496, 45.116218404256003 ], [ 7.73528654263987, 45.116218381773002 ], [ 7.7352865192575, 45.116218361088599 ], [ 7.73528648238528, 45.116218335008199 ], [ 7.73430288487032, 45.115680992783702 ], [ 7.73364303070133, 45.115285970071497 ], [ 7.73364298663455, 45.115285949387101 ], [ 7.73364295335966, 45.115285937696001 ], [ 7.73364290479628, 45.115285926004702 ], [ 7.73364284993761, 45.115285917910903 ], [ 7.73364280856879, 45.115285915212901 ], [ 7.73364277169662, 45.1152859161122 ], [ 7.7336427348244, 45.1152859197095 ], [ 7.73364269795218, 45.115285926004702 ], [ 7.73364266287865, 45.115285934098601 ], [ 7.73364262870439, 45.115285944890502 ], [ 7.73364259632882, 45.115285957480999 ], [ 7.73364256665116, 45.115285972769499 ], [ 7.73364253787287, 45.115285989856602 ], [ 7.73364251269186, 45.1152860096417 ], [ 7.73364249020881, 45.115286030326097 ], [ 7.73364246322916, 45.115286060903003 ], [ 7.73364244029642, 45.115286100473199 ], [ 7.73364242635694, 45.115286138244798 ], [ 7.73364242096102, 45.115286168821697 ], [ 7.73362233999904, 45.115791616589902 ], [ 7.73360224734591, 45.116297071552701 ], [ 7.73361333688604, 45.116518713967501 ], [ 7.73357138621054, 45.116851466721897 ], [ 7.73341092197654, 45.117214782935903 ], [ 7.73332394674281, 45.117382889608699 ], [ 7.73320404822829, 45.117579183732403 ], [ 7.73267378906417, 45.118492346344702 ], [ 7.73267377737295, 45.118492375123097 ], [ 7.73267377017839, 45.118492403002001 ], [ 7.73267376748043, 45.118492435377597 ], [ 7.73267377377567, 45.118492485739701 ], [ 7.7327017184096, 45.118571687233597 ], [ 7.73258458620973, 45.118773533771602 ], [ 7.73182646941609, 45.118597832324198 ], [ 7.72982117011094, 45.118018427908197 ], [ 7.72951440416648, 45.117929786230697 ], [ 7.72930824268133, 45.117853871758797 ], [ 7.72820722878061, 45.117517281597301 ], [ 7.71736506694435, 45.114372449529 ], [ 7.71696657554708, 45.114253634697498 ], [ 7.71682594226348, 45.114219589962197 ], [ 7.71664475764948, 45.114186090215902 ], [ 7.716464886945, 45.114158177957599 ], [ 7.71633590707648, 45.114144027125199 ], [ 7.71621640246502, 45.1141333566691 ], [ 7.71603234541647, 45.114128785415197 ], [ 7.71584333310341, 45.114135024911498 ], [ 7.71564397139224, 45.1141525904697 ], [ 7.71547506702075, 45.114178455871098 ], [ 7.7153407325888, 45.114204720571401 ], [ 7.71515517637033, 45.114253278565997 ], [ 7.71478326263752, 45.114387930458697 ], [ 7.71011591881467, 45.115946015796098 ], [ 7.70967224008189, 45.116094109855297 ], [ 7.70936168529357, 45.116183574412503 ], [ 7.70892810055147, 45.115538338723397 ], [ 7.70814568047882, 45.114339191700402 ], [ 7.70814565349917, 45.114339161123397 ], [ 7.7081456301168, 45.114339140439 ], [ 7.70814559504322, 45.114339115257998 ], [ 7.70814556266765, 45.114339097271603 ], [ 7.70814552759407, 45.114339081983097 ], [ 7.70814547723205, 45.114339065795299 ], [ 7.70814542956799, 45.114339055902697 ], [ 7.70814538819917, 45.1143390505068 ], [ 7.7081453243473, 45.114339049607501 ], [ 7.7081452838778, 45.114339052305503 ], [ 7.70814524790489, 45.1143390577014 ], [ 7.70814520833477, 45.114339066694598 ], [ 7.70791806206898, 45.1144071633599 ], [ 7.70699439717373, 45.114684057423403 ], [ 7.70676056264989, 45.114746817511701 ], [ 7.70594171643711, 45.114781777756903 ], [ 7.70594166337713, 45.114781784052099 ], [ 7.70594162740423, 45.114781792146097 ], [ 7.70594159322996, 45.114781802937898 ], [ 7.70594155995508, 45.114781816427801 ], [ 7.70594152578082, 45.114781833514897 ], [ 7.70594148711001, 45.114781857796601 ], [ 7.70594145923098, 45.114781880279601 ], [ 7.7059414304527, 45.1147819108565 ], [ 7.70594140796965, 45.114781944131501 ], [ 7.70594139447979, 45.114781972909803 ], [ 7.70594138458728, 45.114782002587397 ], [ 7.70584860422974, 45.115305399924303 ], [ 7.70573007898002, 45.115989185952202 ], [ 7.7041306850831, 45.1162216346208 ], [ 7.70330392393697, 45.115043334782101 ], [ 7.70253161404281, 45.1134684824845 ], [ 7.70253159066044, 45.1134684483103 ], [ 7.70253156997603, 45.1134684258273 ], [ 7.70253154569434, 45.113468405142797 ], [ 7.70253151961401, 45.113468386257097 ], [ 7.70253148993635, 45.11346836917 ], [ 7.70253145935942, 45.113468353881501 ], [ 7.70253142518516, 45.113468341290996 ], [ 7.70253139101095, 45.113468331398501 ], [ 7.70253135413873, 45.113468323304502 ], [ 7.70253131726651, 45.113468317908598 ], [ 7.70253126600517, 45.113468315210604 ], [ 7.70253122283771, 45.1134683170093 ], [ 7.70253118596548, 45.1134683206066 ], [ 7.70253114459672, 45.113468328700399 ], [ 7.70253110232858, 45.113468340391599 ], [ 7.70220447395735, 45.113580252926397 ], [ 7.70198902517342, 45.113643062477401 ], [ 7.70190951071538, 45.1136652775306 ], [ 7.70184825968948, 45.113669503444903 ], [ 7.70184819853557, 45.113669514236697 ], [ 7.70184816166341, 45.1136695241293 ], [ 7.70184812658982, 45.113669536719797 ], [ 7.70184807442916, 45.113669562800098 ], [ 7.70180620649131, 45.113696954350999 ], [ 7.70171662682094, 45.113730355171803 ], [ 7.70166432944529, 45.113733550463103 ], [ 7.70166427998259, 45.113733556758298 ], [ 7.70158014480791, 45.113751841774103 ], [ 7.70158009714379, 45.113751856163297 ], [ 7.70158006566754, 45.1137518696531 ], [ 7.70158002519804, 45.1137518921362 ], [ 7.70154806599049, 45.113774079310403 ], [ 7.70149354908807, 45.113790733855403 ], [ 7.70143521096628, 45.113803629234198 ], [ 7.70136904964198, 45.113805828975899 ], [ 7.70128939668837, 45.113812948009198 ], [ 7.70128933643378, 45.113812958801098 ], [ 7.70124591536677, 45.113825628450101 ], [ 7.70124585781014, 45.1138256518324 ], [ 7.70120587125399, 45.113848293164303 ], [ 7.70114174689416, 45.113854657666401 ], [ 7.70114169653209, 45.113854666659599 ], [ 7.7011416632572, 45.113854676552101 ], [ 7.70114163088164, 45.1138546882433 ], [ 7.70114158771418, 45.113854708927697 ], [ 7.70109306839043, 45.113884420729498 ], [ 7.70102286281491, 45.113909149387801 ], [ 7.70098038513669, 45.113915406870603 ], [ 7.70093585250765, 45.113917222601799 ], [ 7.70093579674966, 45.113917230695698 ], [ 7.70093574368968, 45.113917244185501 ], [ 7.70085504932109, 45.113946927209 ], [ 7.70076267185988, 45.1139824926979 ], [ 7.70072659375734, 45.113985516218598 ], [ 7.7006908663904, 45.113978666082602 ], [ 7.70064947779122, 45.113952580347402 ], [ 7.70061305794633, 45.113922769620203 ], [ 7.70061300938295, 45.113922739942602 ], [ 7.70061297520868, 45.113922723754698 ], [ 7.70061294283312, 45.113922712063598 ], [ 7.70061290506157, 45.113922701271697 ], [ 7.7006128564982, 45.1139226922785 ], [ 7.70061281602869, 45.1139226886812 ], [ 7.70061276206934, 45.113922687781901 ], [ 7.70061271260664, 45.1139226922785 ], [ 7.70061266314394, 45.113922702171003 ], [ 7.70053225565914, 45.113945497286899 ], [ 7.70053220529707, 45.113945517071997 ], [ 7.70053217112286, 45.1139455341591 ], [ 7.700532132452, 45.113945559340202 ], [ 7.70053210457303, 45.113945582722501 ], [ 7.70053207669406, 45.113945614198798 ], [ 7.70053205331163, 45.113945650171701 ], [ 7.70053204072116, 45.113945679849301 ], [ 7.70053203262728, 45.113945709527002 ], [ 7.70053202992926, 45.113945757190997 ], [ 7.70053662636428, 45.113976058048699 ], [ 7.70046074696597, 45.113993183838403 ], [ 7.7004093291273, 45.1139945669957 ], [ 7.70036900622472, 45.1139939662486 ], [ 7.70036893967489, 45.113993971644497 ], [ 7.70028808702563, 45.114009867161698 ], [ 7.70028803666361, 45.1140098815508 ], [ 7.70028799079819, 45.114009901335898 ], [ 7.70025586521604, 45.114027982205599 ], [ 7.70025581755198, 45.1140280190779 ], [ 7.70023522307713, 45.1140494526202 ], [ 7.70019212846398, 45.114060244484698 ], [ 7.70012171064849, 45.114065769919399 ], [ 7.70008389685438, 45.114071539070302 ], [ 7.70008383480121, 45.1140715552581 ], [ 7.70008377724457, 45.114071579539797 ], [ 7.700042259143, 45.114094818021499 ], [ 7.69997090243527, 45.114114283847201 ], [ 7.69991144016086, 45.114129958131102 ], [ 7.69991140418801, 45.114129970721599 ], [ 7.69991137181239, 45.1141299851108 ], [ 7.69991133763818, 45.1141300039965 ], [ 7.69991130436324, 45.114130027378899 ], [ 7.69988182998253, 45.114154451167103 ], [ 7.69983163791983, 45.114173744322898 ], [ 7.69968385052931, 45.114206156788804 ], [ 7.69951386787073, 45.114231222692801 ], [ 7.69932818125062, 45.114251396284899 ], [ 7.69923170557883, 45.114264444548603 ], [ 7.69923165791471, 45.114264454441098 ], [ 7.69917234582715, 45.114282070361298 ], [ 7.69911497717453, 45.114304781840197 ], [ 7.6990828929612, 45.114321024495702 ], [ 7.69908284439782, 45.114321056871297 ], [ 7.69908280482764, 45.114321095542202 ], [ 7.69905746373104, 45.114354727488703 ], [ 7.69899633771087, 45.1143711841829 ], [ 7.69891773786338, 45.114071478815703 ], [ 7.69891772167557, 45.114071443742198 ], [ 7.69891770638708, 45.114071419460501 ], [ 7.69891768840063, 45.114071396977501 ], [ 7.6989176668169, 45.114071375393699 ], [ 7.69891764253521, 45.114071356507999 ], [ 7.69891761555556, 45.114071338521498 ], [ 7.69891758587795, 45.1140713223337 ], [ 7.69891755440165, 45.114071307944599 ], [ 7.69891752112676, 45.1140712962534 ], [ 7.6989174869525, 45.114071287260202 ], [ 7.69891745097965, 45.114071280065602 ], [ 7.69891741500675, 45.114071275569003 ], [ 7.69891737813452, 45.1140712737703 ], [ 7.69891732597387, 45.114071275569003 ], [ 7.69871313760126, 45.114095765007598 ], [ 7.69863180831135, 45.114100445978899 ], [ 7.69854505521016, 45.114106345531503 ], [ 7.69854501384134, 45.114106350927401 ], [ 7.69854497427121, 45.114106359920598 ], [ 7.69854492750648, 45.114106374309799 ], [ 7.69854489513085, 45.114106387799602 ], [ 7.69854486545324, 45.114106403088101 ], [ 7.69854483757422, 45.114106421074503 ], [ 7.69854481239321, 45.114106439960302 ], [ 7.69854478811152, 45.114106464241999 ], [ 7.6985447548366, 45.114106507859098 ], [ 7.69854473685018, 45.114106545181002 ], [ 7.6985447287563, 45.114106573959198 ], [ 7.69854472425965, 45.114106612630103 ], [ 7.69854472785693, 45.114106653099597 ], [ 7.69861094763718, 45.114360985870903 ], [ 7.6985408140074, 45.114363631676298 ], [ 7.6985407735379, 45.114363636172897 ], [ 7.69854073216908, 45.114363644266803 ], [ 7.69854068900162, 45.114363655958002 ], [ 7.69849617615768, 45.114379225920601 ], [ 7.69842306397328, 45.114398010959498 ], [ 7.69804618328476, 45.114471320994703 ], [ 7.69793842921518, 45.114493426330597 ], [ 7.69789270048778, 45.114397174590003 ], [ 7.69784070888164, 45.114258353440299 ], [ 7.6977997582523, 45.114155889183003 ], [ 7.69779973846721, 45.114155855908102 ], [ 7.6977997132862, 45.114155825331103 ], [ 7.69779967911194, 45.114155794754197 ], [ 7.69779965033365, 45.1141557740698 ], [ 7.69779962155536, 45.114155758781301 ], [ 7.69779959097838, 45.1141557443921 ], [ 7.69779955860281, 45.114155732701001 ], [ 7.69779952532787, 45.114155722808398 ], [ 7.69779949025434, 45.114155714714499 ], [ 7.69779945428144, 45.114155710217901 ], [ 7.6977994030201, 45.114155707519998 ], [ 7.69775478225745, 45.114157076288102 ], [ 7.69773299348293, 45.114097042944202 ], [ 7.69762067355526, 45.1136825445139 ], [ 7.6975418138037, 45.1132775474209 ], [ 7.69724552046443, 45.111639650849298 ], [ 7.69714139156201, 45.111167581418798 ], [ 7.697086389925, 45.1109130301123 ], [ 7.69694436808817, 45.110463731516099 ], [ 7.69677186822719, 45.109989965964203 ], [ 7.69655594010459, 45.109603184639298 ], [ 7.69592977453954, 45.108449221354498 ], [ 7.69521479912373, 45.107467919808698 ], [ 7.6952147685468, 45.107467888332401 ], [ 7.69521474336574, 45.107467868547403 ], [ 7.69521471638609, 45.107467850560901 ], [ 7.69521468580916, 45.107467834373097 ], [ 7.69521465343354, 45.107467819984002 ], [ 7.69521461925933, 45.107467808292803 ], [ 7.69521458328643, 45.107467799299599 ], [ 7.69521454641421, 45.107467793004297 ], [ 7.69521450864272, 45.107467788507698 ], [ 7.69521447087118, 45.1074677876084 ], [ 7.69521443309964, 45.107467788507698 ], [ 7.69521439532815, 45.107467793004297 ], [ 7.69521435935525, 45.107467799299599 ], [ 7.69521432338235, 45.107467808292803 ], [ 7.69521427661761, 45.107467825379899 ], [ 7.69521423075219, 45.107467848762298 ], [ 7.69521419837662, 45.107467868547403 ], [ 7.69521416510167, 45.107467897325598 ], [ 7.6952141417193, 45.1074679225067 ], [ 7.69521412283353, 45.107467949486299 ], [ 7.69521410664578, 45.107467980063298 ], [ 7.69515867693144, 45.1076072193977 ], [ 7.69511126197523, 45.107709422851698 ], [ 7.69500265085168, 45.107835518594399 ], [ 7.69488333060127, 45.107935997148601 ], [ 7.69475206375677, 45.1080227664376 ], [ 7.69463624186909, 45.108076699679998 ], [ 7.69450347405615, 45.108125258573899 ], [ 7.69445687028838, 45.108135521637102 ], [ 7.69435347793069, 45.108159927438699 ], [ 7.69421152444232, 45.108181968023501 ], [ 7.69415742932193, 45.108169494426697 ], [ 7.69415738525515, 45.108169487232097 ], [ 7.69404137001328, 45.1081592583432 ], [ 7.69404132684582, 45.108159256544504 ], [ 7.69392705538934, 45.108163883556401 ], [ 7.69392700772528, 45.108163888053099 ], [ 7.69381865650587, 45.1081841767584 ], [ 7.69381861064039, 45.108184188449599 ], [ 7.69371723995869, 45.108220134351797 ], [ 7.69371719858987, 45.108220152338198 ], [ 7.69347737188326, 45.108353678279698 ], [ 7.69337290663441, 45.108404262446797 ], [ 7.69326779477296, 45.1084317879967 ], [ 7.69319964774559, 45.108437789172697 ], [ 7.69311542533666, 45.108435682061199 ], [ 7.69311537497464, 45.108435685658399 ], [ 7.69311532371324, 45.108435693752298 ], [ 7.69311525806273, 45.108435712638098 ], [ 7.69311520050616, 45.1084357378191 ], [ 7.69302612175818, 45.108489599115799 ], [ 7.69280102684598, 45.108616461980198 ], [ 7.69267300205746, 45.108687270101498 ], [ 7.69245540659176, 45.108728112812202 ], [ 7.69245533644465, 45.108728135295301 ], [ 7.69242480356189, 45.108742698017103 ], [ 7.69224955087611, 45.108783204381403 ], [ 7.69190767360033, 45.108811414315397 ], [ 7.69157049258422, 45.108862468827901 ], [ 7.69157043412827, 45.108862483217102 ], [ 7.69122982129926, 45.1089867596313 ], [ 7.6911621671004, 45.109010236433299 ], [ 7.69113156496979, 45.108984657915698 ], [ 7.69113152180233, 45.108984630036701 ], [ 7.69113147773555, 45.108984609352298 ], [ 7.69113143906469, 45.108984595862502 ], [ 7.69113138510539, 45.108984582372599 ], [ 7.6911313293474, 45.108984575178098 ], [ 7.69113127718674, 45.108984574278701 ], [ 7.69113122322744, 45.108984577876001 ], [ 7.69094620480354, 45.109015716901901 ], [ 7.6908841902532, 45.109030845297298 ], [ 7.69033303174405, 45.108690123650298 ], [ 7.69020198343486, 45.1085867969432 ], [ 7.69002641778502, 45.108427414593599 ], [ 7.68992514333075, 45.108300561621697 ], [ 7.68996397335871, 45.108166412449997 ], [ 7.69004701225987, 45.108044993181899 ], [ 7.69004703159527, 45.108044954061398 ], [ 7.69004704373611, 45.108044906846999 ], [ 7.69004704373611, 45.108044868176201 ], [ 7.68987158240765, 45.106974340393499 ], [ 7.68987371919684, 45.106880912524197 ], [ 7.68987370930427, 45.106880863061498 ], [ 7.68974217266316, 45.106568912525397 ], [ 7.68950005808125, 45.105972404802699 ], [ 7.68939120504012, 45.105694853334903 ], [ 7.690650678586, 45.1050338138594 ], [ 7.6906507190555, 45.105033785980503 ], [ 7.69065074333719, 45.105033763497403 ], [ 7.69065077211548, 45.105033730222502 ], [ 7.69073233612846, 45.104901707947498 ], [ 7.69130441466706, 45.104903790777399 ], [ 7.6913044659284, 45.104903786280801 ], [ 7.6913045019013, 45.104903779985499 ], [ 7.691304551364, 45.104903767395001 ], [ 7.6917689693625, 45.1047330544869 ], [ 7.6923845651956, 45.104506765275097 ], [ 7.69238460836306, 45.104506743691303 ], [ 7.69238464613454, 45.104506719409599 ], [ 7.69238468120813, 45.104506689731998 ], [ 7.69238470998641, 45.104506655557799 ], [ 7.69238472707355, 45.1045066285781 ], [ 7.69238474146272, 45.104506594403901 ], [ 7.69238475045591, 45.104506555733003 ], [ 7.69238475045591, 45.1045065161629 ], [ 7.69238474326136, 45.104506477492002 ], [ 7.69238472572457, 45.104506436572798 ], [ 7.6923847000939, 45.104506397452298 ], [ 7.69238467581221, 45.104506371371997 ], [ 7.69229118948687, 45.104420965455198 ], [ 7.692079692324, 45.104175407369198 ], [ 7.69184469587606, 45.103902562053598 ], [ 7.69169458104011, 45.103728270743098 ], [ 7.69169455406046, 45.103728244662797 ], [ 7.69169452528217, 45.103728222179797 ], [ 7.69169449380587, 45.103728202394699 ], [ 7.69169445063841, 45.103728181710302 ], [ 7.69169440387367, 45.103728165522497 ], [ 7.69169436430354, 45.103728155629902 ], [ 7.69169432743132, 45.1037281493347 ], [ 7.69169428516318, 45.103728145737399 ], [ 7.69169424019708, 45.103728144838001 ], [ 7.69082509130499, 45.103768580155901 ], [ 7.68978527177291, 45.103829346447199 ], [ 7.68910746983391, 45.1038674345345 ], [ 7.68825721300004, 45.103916879260602 ], [ 7.68821721115541, 45.103717457294898 ], [ 7.68816417004047, 45.103247459902398 ], [ 7.68815383098456, 45.103173120143502 ], [ 7.68815381884372, 45.103173082371903 ], [ 7.6881291873122, 45.103122011671502 ], [ 7.6880977200338, 45.102865132919597 ], [ 7.68802922586815, 45.102214005771799 ], [ 7.68802920968034, 45.1022139563091 ], [ 7.68802918809661, 45.102213918537601 ], [ 7.68802917011015, 45.102213896054501 ], [ 7.68802914762711, 45.102213874470799 ], [ 7.6880291134529, 45.102213846591802 ], [ 7.68802906938612, 45.1022138214108 ], [ 7.688029021722, 45.102213800726403 ], [ 7.6880289830512, 45.102213788135899 ], [ 7.68802894707829, 45.1022137800419 ], [ 7.68802891020607, 45.102213774646003 ], [ 7.68802887243459, 45.102213771948101 ], [ 7.68802883016645, 45.102213771948101 ], [ 7.68471033901096, 45.102413847720896 ], [ 7.68470415257462, 45.102300684229199 ], [ 7.68479425475113, 45.101632705584997 ], [ 7.68480665100617, 45.1015138242037 ], [ 7.68694247701376, 45.101395316041099 ], [ 7.6869425192819, 45.101395310645103 ], [ 7.6869425597514, 45.101395301651898 ], [ 7.68694260741546, 45.101395287262697 ], [ 7.68694265148224, 45.101395268376997 ], [ 7.68694269554902, 45.101395243196002 ], [ 7.68694272522663, 45.101395221612201 ], [ 7.68694274770968, 45.101395200028499 ], [ 7.68694276749477, 45.101395177545399 ], [ 7.68694278368258, 45.101395153263802 ], [ 7.6869427980717, 45.101395125384798 ], [ 7.68694281201121, 45.101395076371702 ], [ 7.68694281425951, 45.101395032754603 ], [ 7.68683424360552, 45.100560655250099 ], [ 7.68682023126871, 45.1004529632337 ], [ 7.68819660678804, 45.100377804192398 ], [ 7.68819665804938, 45.100377796098499 ], [ 7.68819669312296, 45.1003777880046 ], [ 7.68819673898838, 45.100377772716101 ], [ 7.68819677496123, 45.100377757427601 ], [ 7.68819680373957, 45.100377741239797 ], [ 7.68819683071922, 45.100377723253402 ], [ 7.68819685500091, 45.100377703468297 ], [ 7.6881968792826, 45.1003776791866 ], [ 7.68819690356429, 45.100377647710303 ], [ 7.68819692065142, 45.100377614435402 ], [ 7.68819693324193, 45.1003775726169 ], [ 7.68819693593991, 45.100377520456298 ], [ 7.68819692964462, 45.100377481335698 ], [ 7.68819691795346, 45.100377453456801 ], [ 7.68819689996701, 45.100377419282601 ], [ 7.68819687388668, 45.100377387806198 ], [ 7.68700930833296, 45.0992527568093 ], [ 7.68581520201002, 45.098372139762503 ], [ 7.685768751127, 45.098328554119497 ], [ 7.68588628622319, 45.098272067701799 ], [ 7.68588631500148, 45.098272051514002 ], [ 7.68595681195734, 45.098226491859201 ], [ 7.68607354665693, 45.098151045934102 ], [ 7.68774340513409, 45.096955980933799 ], [ 7.68855983936515, 45.096385117379299 ], [ 7.68861350281094, 45.0965056858888 ], [ 7.68861351809943, 45.096505711969101 ], [ 7.68893552845191, 45.0969543396711 ], [ 7.68930825427259, 45.097472159412703 ], [ 7.68930827765496, 45.097472186392302 ], [ 7.68930830193665, 45.097472208875402 ], [ 7.68930833071494, 45.097472230459097 ], [ 7.6893083693858, 45.097472252942197 ], [ 7.68930840086205, 45.097472266432 ], [ 7.68930843323767, 45.097472279022497 ], [ 7.68930846741188, 45.097472288015801 ], [ 7.68930850698206, 45.097472296109601 ], [ 7.68930856094136, 45.097472301505498 ], [ 7.68930861130343, 45.097472302404903 ], [ 7.68930866256477, 45.097472297908297 ], [ 7.69016400236688, 45.097319653279399 ], [ 7.69098923286685, 45.0971669942614 ], [ 7.69215927063391, 45.096955700345298 ], [ 7.69282843008801, 45.098313205390198 ], [ 7.69312653016527, 45.0989228063425 ], [ 7.69320077999203, 45.099081338832796 ], [ 7.69320081056901, 45.099081381100902 ], [ 7.6932008348507, 45.099081406281897 ], [ 7.69320085913239, 45.099081426067002 ], [ 7.69320088970932, 45.099081446751399 ], [ 7.69320093197746, 45.0990814683352 ], [ 7.69320096435308, 45.099081480925598 ], [ 7.69320099852729, 45.099081491717499 ], [ 7.69320103450019, 45.099081499811398 ], [ 7.69320108486221, 45.099081507005998 ], [ 7.6932011406202, 45.099081508804701 ], [ 7.69320119727746, 45.099081505207401 ], [ 7.69320125123682, 45.099081496214097 ], [ 7.69320130519611, 45.099081480925598 ], [ 7.6939672676753, 45.098769346028597 ], [ 7.69503264054396, 45.098335178525701 ], [ 7.69582072094954, 45.098014000945497 ], [ 7.6969738433682, 45.097544048519097 ], [ 7.69712997376934, 45.097485946019702 ], [ 7.69721879800915, 45.097624847208998 ], [ 7.69774826217264, 45.098452853016802 ], [ 7.69779433713899, 45.098522664689298 ], [ 7.69804212644306, 45.098898674833997 ], [ 7.69804214712741, 45.098898700914397 ], [ 7.69804216961046, 45.0988987215988 ], [ 7.69804219748949, 45.098898743182502 ], [ 7.69804223975763, 45.098898769262902 ], [ 7.69804228652236, 45.098898789947299 ], [ 7.69804233238779, 45.098898805235699 ], [ 7.69804236836063, 45.098898813329598 ], [ 7.69804240433353, 45.098898818725601 ], [ 7.69804244120576, 45.098898821423496 ], [ 7.69804247807792, 45.098898821423496 ], [ 7.69804251495015, 45.0988988196249 ], [ 7.69804255182237, 45.098898815128301 ], [ 7.69804258689589, 45.098898807933701 ], [ 7.69804262107016, 45.098898798041098 ], [ 7.69804265434504, 45.098898786349999 ], [ 7.69804268582135, 45.098898771960798 ], [ 7.69804271459964, 45.098898755773 ], [ 7.69804274157929, 45.098898737786598 ], [ 7.69804277485423, 45.098898709008303 ], [ 7.6983682637844, 45.098535528591803 ], [ 7.69947857217841, 45.097287892822102 ], [ 7.69951323834533, 45.097255234841299 ], [ 7.69957528617056, 45.097196767217099 ], [ 7.69977223769865, 45.097494990501502 ], [ 7.7003961621532, 45.098439741800703 ], [ 7.70039619093154, 45.098439773277001 ], [ 7.70039622420643, 45.098439801155997 ], [ 7.70039625478336, 45.098439821840401 ], [ 7.70039628895762, 45.098439839826803 ], [ 7.70039633392372, 45.098439857813197 ], [ 7.70039636809798, 45.0984398677058 ], [ 7.70039641756068, 45.098439877598302 ], [ 7.70039645982882, 45.098439882094901 ], [ 7.70039650209696, 45.098439883893597 ], [ 7.7003965533583, 45.098439880296297 ], [ 7.70039659023053, 45.098439875799698 ], [ 7.70039662530405, 45.0984398677058 ], [ 7.70039667386743, 45.0984398524173 ], [ 7.70316723058329, 45.0972638431519 ], [ 7.7033822422967, 45.0975284138053 ], [ 7.70341307555304, 45.097951050200798 ], [ 7.70341309084151, 45.0979511001132 ], [ 7.70341311062663, 45.097951137435103 ], [ 7.70341313670696, 45.097951169810699 ], [ 7.70341316188796, 45.097951194092403 ], [ 7.70341319156557, 45.097951215676098 ], [ 7.70341323563235, 45.0979512408571 ], [ 7.70341328419573, 45.097951261541503 ], [ 7.70341334534965, 45.097951279527997 ], [ 7.70341338671847, 45.0979512858232 ], [ 7.70341342449001, 45.0979512894205 ], [ 7.70341346675815, 45.097951290319799 ], [ 7.7034135342073, 45.097951284024603 ], [ 7.70383684959097, 45.097868431283104 ], [ 7.7038369071476, 45.097868414196 ], [ 7.70467118392804, 45.097516087697301 ], [ 7.70589883496331, 45.096992175948202 ], [ 7.7058667066832, 45.0970494996347 ], [ 7.70586669229408, 45.097049539204903 ], [ 7.70586668779742, 45.097049579674398 ], [ 7.70590377134204, 45.097590422959698 ], [ 7.70590378123455, 45.097590461630503 ], [ 7.70590379472441, 45.097590491308203 ], [ 7.70590381810678, 45.097590526381701 ], [ 7.70597784939827, 45.097674443021198 ], [ 7.70593498321295, 45.097765891482801 ], [ 7.70593497107208, 45.0977659409455 ], [ 7.70593497152174, 45.097765989508801 ], [ 7.70593498231364, 45.0977660308777 ], [ 7.7059350079443, 45.097766079441101 ], [ 7.70593503537361, 45.0977661136153 ], [ 7.70593505695734, 45.097766134299697 ], [ 7.70593508213835, 45.097766154084802 ], [ 7.70593511271534, 45.097766172970601 ], [ 7.70593515408416, 45.097766193654998 ], [ 7.70593518645973, 45.097766206245502 ], [ 7.70593522063399, 45.097766216137998 ], [ 7.70593525570752, 45.097766223332599 ], [ 7.70593529168042, 45.097766228728503 ], [ 7.70593532765332, 45.097766231426498 ], [ 7.70593536452549, 45.097766232325803 ], [ 7.7059354166862, 45.097766227829197 ], [ 7.70614063568183, 45.097732089564303 ], [ 7.70614067974861, 45.097732078772502 ], [ 7.70614072111744, 45.097732063484003 ], [ 7.70713049337763, 45.097276630612001 ], [ 7.70829947983719, 45.096746617862202 ], [ 7.70951572836822, 45.096180663706697 ], [ 7.71009034839091, 45.096830032679897 ], [ 7.71009038256517, 45.096830061458199 ], [ 7.71009040954482, 45.096830080343999 ], [ 7.71009043922243, 45.096830096531797 ], [ 7.71009048418853, 45.096830115417603 ], [ 7.71009052196007, 45.096830128008001 ], [ 7.71009056242957, 45.096830137001298 ], [ 7.71009061369091, 45.096830144195799 ], [ 7.71009065146245, 45.096830145994502 ], [ 7.71009068923399, 45.096830145095197 ], [ 7.71009072610616, 45.096830141497897 ], [ 7.71009076297838, 45.096830136102 ], [ 7.71009079895128, 45.096830127108703 ], [ 7.71009084661534, 45.096830110920997 ], [ 7.71231997548654, 45.095809769805101 ], [ 7.71329816088149, 45.0968768900565 ], [ 7.71329818786114, 45.096876913438798 ], [ 7.71329821753875, 45.0968769350226 ], [ 7.71329825800825, 45.0968769575056 ], [ 7.7132982894845, 45.096876971894801 ], [ 7.71329832365876, 45.096876983586 ], [ 7.71329837222214, 45.096876995277199 ], [ 7.71329841359096, 45.096877001572402 ], [ 7.7132984513625, 45.096877004270397 ], [ 7.71329848823467, 45.096877004270397 ], [ 7.71329852600621, 45.0968770024717 ], [ 7.71329856737503, 45.096876996176498 ], [ 7.71329861683773, 45.096876984485299 ], [ 7.713298651012, 45.096876973693398 ], [ 7.7132986959781, 45.0968769539083 ], [ 7.71382015437666, 45.096577004825001 ], [ 7.71417924377715, 45.096365909659099 ], [ 7.71628644706192, 45.095134969802999 ], [ 7.71678555101244, 45.094843399703201 ], [ 7.71757161873529, 45.095426941000603 ], [ 7.717894406102, 45.095666549171902 ], [ 7.71813414287647, 45.0958424484703 ], [ 7.71852602875327, 45.0961299887081 ], [ 7.71917670534072, 45.096607409104699 ], [ 7.71978530175033, 45.097053947681601 ], [ 7.72144250496768, 45.098270154843803 ], [ 7.72144254723582, 45.0982701791255 ], [ 7.72144257961139, 45.098270193514701 ], [ 7.72144261468497, 45.0982702052058 ], [ 7.72144265065788, 45.098270214199097 ], [ 7.72144268753004, 45.098270221393598 ], [ 7.72144272530159, 45.098270224990898 ], [ 7.72144276397245, 45.098270226789602 ], [ 7.72144280264325, 45.098270224990898 ], [ 7.72144284491139, 45.0982702204943 ], [ 7.72144289527347, 45.098270209702498 ], [ 7.72144293484359, 45.098270197112001 ], [ 7.72144298070902, 45.098270178226201 ], [ 7.72144302207784, 45.098270153944497 ], [ 7.72153384281262, 45.0982026481337 ], [ 7.72153386709437, 45.0982026256507 ], [ 7.72153388957742, 45.098202599570399 ], [ 7.72153391206047, 45.0982025653962 ], [ 7.72153392644958, 45.098202529423197 ], [ 7.72153393454352, 45.098202485806098 ], [ 7.72153393094621, 45.098202431397098 ], [ 7.72153391385911, 45.098202381934399 ], [ 7.72153389767129, 45.098202354055402 ], [ 7.72153387968484, 45.098202329773798 ], [ 7.72153384730927, 45.098202298297501 ], [ 7.72096865667822, 45.097775702186901 ], [ 7.72143663239473, 45.0974526459229 ], [ 7.72143667106559, 45.097452610849402 ], [ 7.72196369806625, 45.096807052303703 ], [ 7.72208068097868, 45.096664301116597 ], [ 7.72211625815885, 45.096601838703897 ], [ 7.72215598660955, 45.0965398664218 ], [ 7.72224344477922, 45.0964350657258 ], [ 7.72224346861123, 45.096435029303201 ], [ 7.7222763716573, 45.096358161999603 ], [ 7.72234968439045, 45.0962953974147 ], [ 7.72244101414157, 45.096195321756703 ], [ 7.72265470654952, 45.096033219857198 ], [ 7.72265473802577, 45.096033189280298 ], [ 7.72271411756253, 45.0959610618536 ], [ 7.72279635246974, 45.095898293671397 ], [ 7.7229426631734, 45.095794705261497 ], [ 7.72297690665897, 45.095770789590397 ], [ 7.72307249200196, 45.095721415910603 ], [ 7.72338395060888, 45.095555349799596 ], [ 7.72343408151772, 45.095521779906299 ], [ 7.72352340308265, 45.095477529664301 ], [ 7.72352343815618, 45.0954775071813 ], [ 7.72355894249125, 45.095451154347401 ], [ 7.72359470043511, 45.095417597943801 ], [ 7.72366379085133, 45.095342328285902 ], [ 7.72370184206642, 45.095303224863997 ], [ 7.72375902995532, 45.095280499895203 ], [ 7.72375907672006, 45.095280474714201 ], [ 7.72375910549835, 45.095280454929103 ], [ 7.72375914057193, 45.0952804225535 ], [ 7.72379177427104, 45.095240272320801 ], [ 7.72382779841422, 45.095189690851598 ], [ 7.72389296688698, 45.095180043824001 ], [ 7.7239436050134, 45.095173297110001 ], [ 7.72564127682352, 45.095133330339003 ], [ 7.72564132358826, 45.095133326741703 ], [ 7.726660371479, 45.094964846850203 ], [ 7.72767252786491, 45.094860803383398 ], [ 7.72767257552897, 45.0948607943902 ], [ 7.72767262319303, 45.094860780001 ], [ 7.72767267895102, 45.094860755719402 ], [ 7.72804372843535, 45.094644732268598 ], [ 7.72840974621289, 45.094489899589199 ], [ 7.72840977678982, 45.094489884300799 ], [ 7.72849732309305, 45.094439511474299 ], [ 7.72854018478176, 45.094424948752398 ], [ 7.72854022884855, 45.0944249289673 ], [ 7.72854025762683, 45.094424912779601 ], [ 7.72854029359974, 45.094424885799903 ], [ 7.72856749719227, 45.094399058169998 ], [ 7.72860171549684, 45.094380169709098 ], [ 7.72881442674446, 45.094313967915397 ], [ 7.72965714725956, 45.0940498244399 ], [ 7.72965717963518, 45.094049811849402 ], [ 7.72975381088969, 45.0940066183108 ], [ 7.72975384416463, 45.094006600324398 ], [ 7.72975387114428, 45.094006582337997 ], [ 7.72975389812393, 45.094006559854897 ], [ 7.72975392690228, 45.094006530177303 ], [ 7.72975394488867, 45.094006504097003 ], [ 7.72975396692209, 45.094006458231497 ], [ 7.72975397636498, 45.094006415963399 ], [ 7.72975397726429, 45.094006380889802 ], [ 7.72975397096906, 45.094006344916899 ], [ 7.72975396107648, 45.094006316138604 ], [ 7.72975394668731, 45.094006288259699 ], [ 7.72965404729649, 45.093856382066399 ], [ 7.72949654273128, 45.093604612363002 ], [ 7.72933834928546, 45.093353981201297 ], [ 7.7292860312254, 45.093239595531003 ], [ 7.72941472960616, 45.093197012632103 ], [ 7.72941476827697, 45.093196997343597 ], [ 7.72941480155191, 45.093196980256501 ], [ 7.72941483122952, 45.093196961370701 ], [ 7.72941486450446, 45.093196935290401 ], [ 7.72941488518887, 45.093196913706699 ], [ 7.72941491081951, 45.0931968795324 ], [ 7.72941493420191, 45.093196830968999 ], [ 7.72941494364477, 45.093196780157299 ], [ 7.72941493914817, 45.0931967293456 ], [ 7.72941492296036, 45.093196681681498 ], [ 7.72899862228866, 45.092480933748199 ], [ 7.72909406823669, 45.092452462111503 ], [ 7.72932380994592, 45.092383931073599 ], [ 7.7294445511252, 45.092345501243898 ], [ 7.72944458440009, 45.092345487754102 ], [ 7.72944461677571, 45.092345472465603 ], [ 7.72951179073658, 45.092308245928798 ], [ 7.73055213637207, 45.091577330929098 ], [ 7.73060039039575, 45.0915614453045 ], [ 7.730600421872, 45.091561432714002 ], [ 7.73064119173767, 45.091542276255097 ], [ 7.7306412268112, 45.091542256469999 ], [ 7.73076841343158, 45.091454055460403 ], [ 7.73081287591356, 45.091421485613097 ], [ 7.73096905038142, 45.091290563209 ], [ 7.73104987065506, 45.0912307214207 ], [ 7.73108713945999, 45.091195582210403 ], [ 7.7310871601444, 45.091195559727304 ], [ 7.73110593619003, 45.091170356227003 ], [ 7.7311690128397, 45.091126418049797 ], [ 7.73148208303178, 45.090897325651099 ], [ 7.73148211540735, 45.090897295973498 ], [ 7.7314821333938, 45.090897273490398 ], [ 7.73148215497753, 45.090897236618197 ], [ 7.73148217206466, 45.090897188954202 ], [ 7.73148217566194, 45.090897159276501 ], [ 7.73148217476262, 45.090897129598901 ], [ 7.73148216936664, 45.090897098122603 ], [ 7.73146399496744, 45.090835928035702 ], [ 7.73166240429657, 45.090738017945199 ], [ 7.73166243937016, 45.090737997260803 ], [ 7.73185758056292, 45.090594598561999 ], [ 7.73265006674723, 45.089916216560198 ], [ 7.73352648036285, 45.089209790099801 ], [ 7.73352650824182, 45.089209762220797 ], [ 7.73352652982555, 45.089209731643898 ], [ 7.73357116138004, 45.089126806057301 ], [ 7.73357117531955, 45.089126764688501 ], [ 7.73357118116513, 45.089126726017597 ], [ 7.73357117936649, 45.089126690944099 ], [ 7.73357117037324, 45.089126653172599 ], [ 7.73357115778276, 45.089126625293602 ], [ 7.73357114159495, 45.089126598313896 ], [ 7.73357111641394, 45.089126567736997 ], [ 7.73357108583701, 45.089126539858 ], [ 7.73357105705867, 45.089126519173597 ], [ 7.7335710291797, 45.089126502985799 ], [ 7.73357099950209, 45.0891264876973 ], [ 7.73357096262987, 45.089126474207497 ], [ 7.73346451797318, 45.089094171458903 ], [ 7.73316999629833, 45.0889587776255 ], [ 7.73282972521167, 45.088787088952998 ], [ 7.73255415225236, 45.088626839657003 ], [ 7.7324807963517, 45.08853301069 ], [ 7.73248077386864, 45.088532987307602 ], [ 7.7324807378958, 45.088532959428598 ], [ 7.73248069382902, 45.088532933348198 ], [ 7.7324806569568, 45.088532916261101 ], [ 7.73248061738661, 45.088532903670597 ], [ 7.7324805517361, 45.088532889281502 ], [ 7.73233149000629, 45.088516842678203 ], [ 7.73212564688117, 45.088455128501401 ], [ 7.73185148136082, 45.088306151307897 ], [ 7.73091563245055, 45.087845678635198 ], [ 7.73091558748445, 45.087845661548101 ], [ 7.7309155542095, 45.087845652554797 ], [ 7.73091551913592, 45.087845645360296 ], [ 7.73091548406239, 45.087845640863698 ], [ 7.73091544808949, 45.087845638165703 ], [ 7.73091540761999, 45.087845639065101 ], [ 7.73091535456001, 45.087845644460998 ], [ 7.73091530689595, 45.087845653454202 ], [ 7.73091527362101, 45.087845663346698 ], [ 7.73091522865491, 45.087845680433901 ], [ 7.72999969632895, 45.088310393409998 ], [ 7.72990902488164, 45.088296400858297 ], [ 7.72984738624791, 45.0882727954532 ], [ 7.7290802474555, 45.087894912020602 ], [ 7.728486756059, 45.087598153731797 ], [ 7.72819740908324, 45.087445476727403 ], [ 7.72802899304367, 45.087321705732201 ], [ 7.72816555239837, 45.087016318448399 ], [ 7.72816556319026, 45.087016276629903 ], [ 7.72816556453924, 45.087016223569897 ], [ 7.72816555104939, 45.087016171858899 ], [ 7.72816552991531, 45.087016131389397 ], [ 7.72801943055231, 45.086814712029401 ], [ 7.72833108251348, 45.086213937023601 ], [ 7.72843028672838, 45.086026244915303 ], [ 7.72849938433916, 45.085868573076297 ], [ 7.72854421644246, 45.085743886571201 ], [ 7.72868110404977, 45.085155473646203 ], [ 7.72868110449943, 45.085155423733902 ], [ 7.72868109190892, 45.085155372922202 ], [ 7.72868106717755, 45.085155327056697 ], [ 7.72868104739246, 45.085155300976403 ], [ 7.72868101771485, 45.085155272198101 ], [ 7.72868098893656, 45.085155250614399 ], [ 7.72868095746026, 45.085155231728599 ], [ 7.72868091609144, 45.085155211044203 ], [ 7.72868088281655, 45.085155199352997 ], [ 7.72868084864229, 45.085155189460501 ], [ 7.7286808000789, 45.085155180467297 ], [ 7.72868074522029, 45.085155175970698 ], [ 7.72868070385147, 45.085155175970698 ], [ 7.72868066697924, 45.0851551786686 ], [ 7.72868062650974, 45.085155184963902 ], [ 7.72868056445651, 45.0851552011517 ], [ 7.72833472566708, 45.085286894274802 ], [ 7.72833468879492, 45.085286912261303 ], [ 7.72815655468128, 45.085388904374497 ], [ 7.72763195315218, 45.0856046886055 ], [ 7.72690977506613, 45.085895684038597 ], [ 7.72607871156333, 45.086228693999097 ], [ 7.72550332711688, 45.086449709586503 ], [ 7.72423716801092, 45.086946840424403 ], [ 7.72385727729159, 45.087093477582002 ], [ 7.72370340688678, 45.087163728123599 ], [ 7.72360729993699, 45.087213729529999 ], [ 7.72355119123455, 45.087247100673203 ], [ 7.72355116605354, 45.087247117760299 ], [ 7.7235057907597, 45.087283442277098 ], [ 7.72341185207534, 45.087383371345503 ], [ 7.72320907114175, 45.087610933997397 ], [ 7.72313664873741, 45.087667171302897 ], [ 7.72313662625436, 45.087667191088002 ], [ 7.72313659477808, 45.087667227960303 ], [ 7.72309934485895, 45.087729791096997 ], [ 7.72301451181033, 45.087581122370999 ], [ 7.72295162941424, 45.087363390208303 ], [ 7.72289795247855, 45.087155997551299 ], [ 7.7228606198218, 45.086963881677796 ], [ 7.72279453404059, 45.086580662567599 ], [ 7.72279110312695, 45.086482684128597 ], [ 7.72280272506578, 45.086328902756698 ], [ 7.72287068503414, 45.086024139602401 ], [ 7.72292673528068, 45.085815866509101 ], [ 7.72294618042196, 45.085769041508101 ], [ 7.72318409696857, 45.085363122610097 ], [ 7.72327689711113, 45.085250012178399 ], [ 7.72335516061224, 45.085160933430402 ], [ 7.7234687189063, 45.085021204864702 ], [ 7.72352421337177, 45.084935827726298 ], [ 7.72356795549678, 45.084865042088097 ], [ 7.72375409447591, 45.084511956561599 ], [ 7.72386154187672, 45.084340962165697 ], [ 7.72406683641543, 45.084057973396803 ], [ 7.72413547087535, 45.083961312464602 ], [ 7.72429227846595, 45.083726625383498 ], [ 7.72443786521535, 45.083465192464701 ], [ 7.72449290282526, 45.083348761735998 ], [ 7.72456825252289, 45.083144561672199 ], [ 7.72477727924809, 45.082514493049501 ], [ 7.72490684907188, 45.082094104958998 ], [ 7.7249068544678, 45.082094074382098 ], [ 7.72490685536712, 45.082094044704398 ], [ 7.72490684907188, 45.082094008731602 ], [ 7.72490683648135, 45.082093972758699 ], [ 7.72490682209224, 45.082093944879702 ], [ 7.72490680410578, 45.082093921497297 ], [ 7.72490678432069, 45.082093899014303 ], [ 7.72490675104575, 45.082093871135299 ], [ 7.72490670967699, 45.082093844155601 ], [ 7.72490667550272, 45.082093827068498 ], [ 7.72490663773118, 45.082093812679403 ], [ 7.72490657477863, 45.082093796491598 ], [ 7.72415992793839, 45.081981254431398 ], [ 7.72415989106617, 45.081981250834097 ], [ 7.72404123181747, 45.081976557272398 ], [ 7.72404119584456, 45.081976557272299 ], [ 7.7240411526771, 45.081976560869599 ], [ 7.7240411167042, 45.081976566265602 ], [ 7.72387439228942, 45.082011441974601 ], [ 7.72387433023618, 45.082011462658997 ], [ 7.72387429426334, 45.082011478846702 ], [ 7.7238742609884, 45.0820114986318 ], [ 7.72387422861283, 45.082011522014199 ], [ 7.72384105352182, 45.082040633968099 ], [ 7.72384102024694, 45.0820406744376 ], [ 7.72381927733784, 45.082077509769299 ], [ 7.72374478559345, 45.082158665490098 ], [ 7.72372573705314, 45.082185941927698 ], [ 7.72372572356335, 45.0821859671087 ], [ 7.72370664084883, 45.082229591422603 ], [ 7.72368877131981, 45.082254386630702 ], [ 7.72366618394727, 45.082277129585897 ], [ 7.72363297558138, 45.082302768358197 ], [ 7.72360158204742, 45.082322529161402 ], [ 7.72360153887996, 45.082322566033703 ], [ 7.72349210487681, 45.082448534072597 ], [ 7.7233468346887, 45.082666503656299 ], [ 7.72334681940026, 45.082666532434601 ], [ 7.72324791376025, 45.082930601266298 ], [ 7.72310927517299, 45.083166353144797 ], [ 7.72304368851547, 45.0833089937151 ], [ 7.72304367772358, 45.083309026990001 ], [ 7.72302680374406, 45.083415858355202 ], [ 7.72195154552747, 45.084848050297403 ], [ 7.72154658710536, 45.085426264010898 ], [ 7.72136006141773, 45.085728797745801 ], [ 7.72123289638114, 45.085907717866903 ], [ 7.72120093717353, 45.085947912166503 ], [ 7.72120091109321, 45.0859479625285 ], [ 7.72115755387807, 45.086107431213001 ], [ 7.72112530598815, 45.086172002535903 ], [ 7.72109661491692, 45.086237433610698 ], [ 7.72101706448598, 45.086379995040801 ], [ 7.72101705279482, 45.086380023819103 ], [ 7.72101704649953, 45.086380054396002 ], [ 7.72101395912694, 45.086421310794897 ], [ 7.72099585847212, 45.086461903494097 ], [ 7.72096137936421, 45.086509321148299 ], [ 7.7209613631764, 45.086509349926601 ], [ 7.72090962607842, 45.086630718832701 ], [ 7.72083477370592, 45.086859745580902 ], [ 7.72070016767864, 45.08729948933 ], [ 7.72069089566833, 45.087394773849802 ], [ 7.72067727453663, 45.087707189335397 ], [ 7.7206362996256, 45.088047293148101 ], [ 7.72063961092937, 45.0882148458385 ], [ 7.72066071981641, 45.088767488229102 ], [ 7.720665613927, 45.0888238658288 ], [ 7.72069236156329, 45.088940978243599 ], [ 7.71992652768716, 45.0889935696975 ], [ 7.7190176656328, 45.089055988942803 ], [ 7.71875559149737, 45.089073973585101 ], [ 7.71685147761366, 45.087688740642903 ], [ 7.71446368944777, 45.085967471521698 ], [ 7.71357347213808, 45.085401605499698 ], [ 7.71357344246047, 45.085401588412701 ], [ 7.71315271082898, 45.085209204541201 ], [ 7.7130980410418, 45.085177128421797 ], [ 7.71124279092209, 45.0843454021187 ], [ 7.71124275494924, 45.084345389528202 ], [ 7.71124271897634, 45.084345378736302 ], [ 7.71124265872174, 45.084345368843699 ], [ 7.71102121325845, 45.084328575803198 ], [ 7.71094232652717, 45.084251273677403 ], [ 7.71094227256788, 45.084251235905903 ], [ 7.71079120624921, 45.084175325031303 ], [ 7.70529196525206, 45.081713293333898 ], [ 7.70063999444022, 45.079656115737201 ], [ 7.70063994677616, 45.079656100448702 ], [ 7.70063991170264, 45.079656092354803 ], [ 7.70063987483042, 45.0796560860596 ], [ 7.70063983795819, 45.079656083361598 ], [ 7.70063980108603, 45.0796560824623 ], [ 7.70063976331448, 45.079656085160302 ], [ 7.70063972644226, 45.079656089656801 ], [ 7.70063969046942, 45.079656096851501 ], [ 7.70063965629515, 45.079656106743997 ], [ 7.70063962302021, 45.079656118435203 ], [ 7.70063959154396, 45.079656132824297 ], [ 7.70063955197378, 45.079656155307397 ], [ 7.70063952319549, 45.079656176891099 ], [ 7.70063949711516, 45.079656201172803 ], [ 7.69956909164034, 45.080861698308802 ], [ 7.69948474332631, 45.080954208869699 ], [ 7.69948471679629, 45.080954247090901 ], [ 7.69948469656157, 45.080954293406002 ], [ 7.69948468936695, 45.0809543320768 ], [ 7.69948468936695, 45.080954360855102 ], [ 7.69948469386355, 45.080954390532703 ], [ 7.69948470285681, 45.0809544184117 ], [ 7.69948471544728, 45.080954446290697 ], [ 7.69948473253442, 45.080954473270403 ], [ 7.69948475142019, 45.080954495753403 ], [ 7.69948477300392, 45.080954516437799 ], [ 7.69948479728561, 45.080954536222897 ], [ 7.69948482426525, 45.0809545533101 ], [ 7.69948486473476, 45.080954574893802 ], [ 7.69948491329814, 45.080954592880197 ], [ 7.69948496635817, 45.08095460637 ], [ 7.69971964264744, 45.080991685417999 ], [ 7.69984372840537, 45.081013511964002 ], [ 7.70262641247899, 45.082234797597899 ], [ 7.7024231773878, 45.082438571383001 ], [ 7.70194139977582, 45.0822202186882 ], [ 7.70194135930632, 45.082220204299098 ], [ 7.70194131973619, 45.082220192607899 ], [ 7.70194128286397, 45.082220185413298 ], [ 7.70194124599175, 45.0822201809167 ], [ 7.70194120822021, 45.082220179118103 ], [ 7.70194116595212, 45.082220180017401 ], [ 7.70194112098602, 45.082220184514 ], [ 7.70128640104662, 45.082325911511703 ], [ 7.69970787951508, 45.0825815141256 ], [ 7.69803400916226, 45.082856475546002 ], [ 7.69774667666786, 45.082894196709802 ], [ 7.69815766234626, 45.082434338274098 ], [ 7.69815769067492, 45.082434291509401 ], [ 7.69815770641304, 45.082434243845299 ], [ 7.69815770956072, 45.082434200677902 ], [ 7.6981577046144, 45.082434161107699 ], [ 7.69815769472189, 45.082434132329396 ], [ 7.69815766954085, 45.082434086463998 ], [ 7.69815764076259, 45.082434052289699 ], [ 7.69815761827948, 45.082434031605302 ], [ 7.69815759219915, 45.082434011820197 ], [ 7.69815755172965, 45.082433988437899 ], [ 7.69798072612963, 45.082354172706999 ], [ 7.69614899418076, 45.081527415158099 ], [ 7.69460030855743, 45.0808291221663 ], [ 7.69455662848566, 45.080704976153797 ], [ 7.69455660959989, 45.080704941080199 ], [ 7.69455659161343, 45.080704918597199 ], [ 7.69455657092908, 45.080704896114099 ], [ 7.69455654754665, 45.080704875429703 ], [ 7.69455652146632, 45.080704857443301 ], [ 7.69455649268804, 45.080704840356098 ], [ 7.69455645041989, 45.080704820571 ], [ 7.69455641264835, 45.080704807980602 ], [ 7.69455637307823, 45.080704798088 ], [ 7.69455631821955, 45.080704789094803 ], [ 7.69455626336094, 45.080704786396801 ], [ 7.69455621209954, 45.080704789094803 ], [ 7.69455617522738, 45.080704793591401 ], [ 7.69455612576462, 45.0807048052826 ], [ 7.69324703572215, 45.081131579458898 ], [ 7.69279901865986, 45.081277861384301 ], [ 7.69235411235246, 45.081425337609303 ], [ 7.69095868829288, 45.081887855340298 ], [ 7.6909586487227, 45.081887871528103 ], [ 7.69095861454849, 45.081887888615199 ], [ 7.69095858666947, 45.081887905702303 ], [ 7.69095856148846, 45.081887925487401 ], [ 7.69095853720677, 45.081887949769097 ], [ 7.69095850483117, 45.081887993386303 ], [ 7.69095848594543, 45.0818880307081 ], [ 7.6909584778515, 45.081888060385701 ], [ 7.69095847425422, 45.081888096358597 ], [ 7.69095847695218, 45.081888126036198 ], [ 7.69095848504611, 45.081888162009101 ], [ 7.69095850123387, 45.081888197082698 ], [ 7.69152177900696, 45.082746278018398 ], [ 7.69010234754535, 45.082988459150101 ], [ 7.69010229808265, 45.082988471740599 ], [ 7.69010226480771, 45.082988484331203 ], [ 7.69010223333146, 45.082988498720297 ], [ 7.69010220455317, 45.082988515807401 ], [ 7.69010217757347, 45.082988533793902 ], [ 7.69010214609722, 45.082988562572197 ], [ 7.69010212361417, 45.082988587753199 ], [ 7.69010210562772, 45.082988614732798 ], [ 7.69010208854058, 45.082988652504397 ], [ 7.69010207864807, 45.0829886884773 ], [ 7.69010207684943, 45.082988718154901 ], [ 7.69010208134603, 45.082988757725097 ], [ 7.69010209393656, 45.082988796395902 ], [ 7.69010210922499, 45.082988826073503 ], [ 7.69082065674797, 45.084087561991502 ], [ 7.69049854747004, 45.083929734569701 ], [ 7.69049851149714, 45.083929719281201 ], [ 7.69049847552429, 45.083929707590002 ] ] ] } },
{ "type": "Feature", "id": 2123, "properties": { "COD_AC": "AC020E00010", "FID": 2123, "RAG_SOC": "Ireti spa" }, "geometry": { "type": "Polygon", "coordinates": [ [ [ 7.61476694284016, 45.099483721596499 ], [ 7.61468387246282, 45.099541670311901 ], [ 7.61441724640883, 45.099727388858 ], [ 7.61441720728831, 45.099727425280498 ], [ 7.61441718480529, 45.099727452260097 ], [ 7.61422812797576, 45.100011057963997 ], [ 7.61422811223764, 45.100011091238898 ], [ 7.61388714687439, 45.101021162096998 ], [ 7.61365016877031, 45.101723166141298 ], [ 7.61365016247507, 45.101723207510098 ], [ 7.61365188962304, 45.101790436779297 ], [ 7.61347265383995, 45.102264728434498 ], [ 7.61341959114128, 45.1024006114991 ], [ 7.61333267076617, 45.102623202698702 ], [ 7.61269627091622, 45.104472975947097 ], [ 7.61237091688434, 45.104662566524297 ], [ 7.61211125742864, 45.104775072611602 ], [ 7.61151803223146, 45.1047622186015 ], [ 7.6114803776174, 45.105165167038898 ], [ 7.6124199425264, 45.105269681750499 ], [ 7.61247224439859, 45.105124108490898 ], [ 7.61178306153911, 45.107137672565599 ], [ 7.61178305614317, 45.107137727424202 ], [ 7.61178306648537, 45.107137784531197 ], [ 7.61178308986774, 45.107137832644902 ], [ 7.61178311774674, 45.107137869517103 ], [ 7.61178314787401, 45.1071378973961 ], [ 7.6117831721557, 45.1071379162819 ], [ 7.6117831991354, 45.107137932469598 ], [ 7.61178324185317, 45.107137953154101 ], [ 7.61225405897767, 45.107312069996098 ], [ 7.6125982214308, 45.107439360038498 ], [ 7.61334364699178, 45.107758961107201 ], [ 7.61334367846803, 45.107758972798401 ], [ 7.6140231360589, 45.107963777206599 ], [ 7.61404688445623, 45.107986642469697 ], [ 7.61407572481488, 45.108019760903296 ], [ 7.61408350574925, 45.108052259704102 ], [ 7.61408352733298, 45.108052306918502 ], [ 7.61410852219058, 45.108087204660798 ], [ 7.61413827985777, 45.1081240867573 ], [ 7.61413831043473, 45.108124115535503 ], [ 7.61413833471642, 45.108124134421303 ], [ 7.61413836169606, 45.108124151508399 ], [ 7.61413839137373, 45.1081241658976 ], [ 7.6141384340915, 45.108124183434398 ], [ 7.61413848400386, 45.108124197373897 ], [ 7.61413852267475, 45.108124204568398 ], [ 7.6141385586476, 45.108124209065103 ], [ 7.61413858832526, 45.108124209964402 ], [ 7.61418951153678, 45.108124737866397 ], [ 7.61422412104642, 45.1081432175855 ], [ 7.61422416511317, 45.108143235122299 ], [ 7.61422419748879, 45.1081432459141 ], [ 7.614224231663, 45.1081432531087 ], [ 7.61422426044129, 45.108143258504597 ], [ 7.61428369978296, 45.108150728723203 ], [ 7.61578838022962, 45.1082207485887 ], [ 7.61578841260518, 45.1082207485887 ], [ 7.61578844138353, 45.108220747689401 ], [ 7.61578847016182, 45.108220744092101 ], [ 7.6157884989401, 45.108220739595502 ], [ 7.61578852681913, 45.1082207333002 ], [ 7.61578856189266, 45.108220723407698 ], [ 7.61578859606692, 45.108220709917902 ], [ 7.61578862304657, 45.108220697327397 ], [ 7.61588763030994, 45.108167877445602 ], [ 7.61591814880359, 45.108150312786698 ], [ 7.61609751408906, 45.108152487347503 ], [ 7.61641056449599, 45.108151761594598 ], [ 7.61713711598515, 45.108151567340997 ], [ 7.61771998369033, 45.1081631218307 ], [ 7.61832212296764, 45.108165913326303 ], [ 7.61854441199506, 45.108173101607399 ], [ 7.61875106720802, 45.108171100615799 ], [ 7.61875112521432, 45.108171094770299 ], [ 7.61886128901733, 45.108149916185702 ], [ 7.61886131869494, 45.108149908991201 ], [ 7.6188613528692, 45.108149898199301 ], [ 7.61886137984885, 45.1081498874074 ], [ 7.61898980663432, 45.108092975610397 ], [ 7.61918225705557, 45.108081794789101 ], [ 7.61918229662575, 45.108081789842799 ], [ 7.61946159277835, 45.108031175098702 ], [ 7.61968764636782, 45.1080114017049 ], [ 7.61980358516738, 45.108012802399003 ], [ 7.61980362473753, 45.108012800150703 ], [ 7.61991675945092, 45.108000653007799 ], [ 7.61991680216875, 45.108000645813199 ], [ 7.62007342584798, 45.1079620424144 ], [ 7.62014824764356, 45.107953955710499 ], [ 7.62019423087912, 45.107954511491599 ], [ 7.62055633795467, 45.108026390255802 ], [ 7.62055639686028, 45.108026396550997 ], [ 7.62060402225785, 45.108026972566797 ], [ 7.62100804898233, 45.108106104812897 ], [ 7.62116845565976, 45.108141794408297 ], [ 7.62116849073328, 45.108141799804301 ], [ 7.62129999499882, 45.108156903918001 ], [ 7.62136636676445, 45.108171191447397 ], [ 7.62158427879149, 45.108227837045099 ], [ 7.6215843084691, 45.108227843340302 ], [ 7.62158433904608, 45.108227848736298 ], [ 7.62176656687359, 45.108248040314798 ], [ 7.62197366635169, 45.108291054888298 ], [ 7.62197370142525, 45.108291060284301 ], [ 7.62208188806875, 45.108301362917601 ], [ 7.6226269158995, 45.108411400365902 ], [ 7.62263312931552, 45.108503154596903 ], [ 7.62263314370466, 45.108503205858298 ], [ 7.62263316259043, 45.108503242730499 ], [ 7.62263317967756, 45.108503266112898 ], [ 7.62263320036197, 45.1085032876966 ], [ 7.62263323363689, 45.108503316025299 ], [ 7.62267611421134, 45.108531491335299 ], [ 7.62264822713405, 45.108794126647702 ], [ 7.6226283566134, 45.109518421737803 ], [ 7.6225986511069, 45.109896110017502 ], [ 7.62258792174524, 45.109981736717799 ], [ 7.62259900543978, 45.110121400082598 ], [ 7.62259509248958, 45.110193203753397 ], [ 7.62257895055819, 45.112069800181203 ], [ 7.622578823454, 45.113397544561103 ], [ 7.62259963586456, 45.113491694885901 ], [ 7.6225996466564, 45.113491724563502 ], [ 7.62259966104557, 45.113491753341798 ], [ 7.62268460561012, 45.113615714094003 ], [ 7.62273016796294, 45.113686459712397 ], [ 7.62273019404324, 45.113686490738999 ], [ 7.62287639727793, 45.113824996226697 ], [ 7.6228764381971, 45.113825026353901 ], [ 7.62287649260611, 45.113825053783202 ], [ 7.62287654386745, 45.113825072219399 ], [ 7.62287659872609, 45.113825084809903 ], [ 7.6228766414439, 45.113825090655403 ], [ 7.62287667921544, 45.1138250924541 ], [ 7.622876711591, 45.113825091554801 ], [ 7.62382030276478, 45.113772848138503 ], [ 7.62448387023449, 45.113735841036302 ], [ 7.62523057103408, 45.113677324848702 ], [ 7.62640093885227, 45.113578878762297 ], [ 7.62725556099536, 45.113526141618202 ], [ 7.62739249716606, 45.1135130582811 ], [ 7.62763182025236, 45.113490165139098 ], [ 7.6278156920406, 45.113492373874003 ], [ 7.62781572711418, 45.113492372075399 ], [ 7.62872651281833, 45.1134137164699 ], [ 7.62895949208695, 45.113393584246602 ], [ 7.62939354897315, 45.113367306056404 ], [ 7.6296771258987, 45.113339027774003 ], [ 7.63102829072306, 45.113211096514902 ], [ 7.63354285092186, 45.112973015392399 ], [ 7.63431704849302, 45.112899690068701 ], [ 7.637763536558, 45.112635952187503 ], [ 7.63787835210434, 45.112627166710404 ], [ 7.63899400426993, 45.112554966438601 ], [ 7.63915638136194, 45.112543389465898 ], [ 7.64079811444145, 45.1124214674768 ], [ 7.64380470722153, 45.112198127141902 ], [ 7.64535851088664, 45.112108451244097 ], [ 7.64588021030352, 45.112056210525701 ], [ 7.64611892454877, 45.112041049754701 ], [ 7.64642409509594, 45.112035673607501 ], [ 7.64655094267192, 45.1120461677964 ], [ 7.64727968401024, 45.1121403286133 ], [ 7.64766659124024, 45.112176399521303 ], [ 7.64766662001853, 45.112176400420601 ], [ 7.64787953406329, 45.112178921669901 ], [ 7.64812778966581, 45.112163865669899 ], [ 7.64828845265003, 45.112156773616299 ], [ 7.64990994918486, 45.112144452904197 ], [ 7.65058941486967, 45.112237982396998 ], [ 7.65374262861945, 45.112679670930099 ], [ 7.65374266009576, 45.112679674527399 ], [ 7.65374269786724, 45.112679675426698 ], [ 7.65374273563879, 45.112679673628101 ], [ 7.65374277341033, 45.112679670030801 ], [ 7.65374281028249, 45.1126796628362 ], [ 7.6537428462554, 45.112679653843003 ], [ 7.65374289257051, 45.1126796367559 ], [ 7.65374293933525, 45.112679613373501 ], [ 7.65374297036186, 45.112679592689098 ], [ 7.65374299554287, 45.112679572004701 ], [ 7.65374301802592, 45.112679550420999 ], [ 7.65374304320693, 45.112679516696403 ], [ 7.65380793558779, 45.112559682483401 ], [ 7.65543610059564, 45.1110824408021 ], [ 7.65561664938889, 45.110969941909303 ], [ 7.65561668671077, 45.110969912681398 ], [ 7.65561671773739, 45.110969880305802 ], [ 7.6556167429184, 45.110969842534203 ], [ 7.65561676270349, 45.110969792621901 ], [ 7.65561676854909, 45.110969750353703 ], [ 7.65561676450213, 45.110969705387603 ], [ 7.6556167510123, 45.110969664468499 ], [ 7.65561672493195, 45.110969619502399 ], [ 7.65561670334824, 45.110969594770999 ], [ 7.65561668176451, 45.110969573187297 ], [ 7.65561665748282, 45.110969554301597 ], [ 7.65561661746295, 45.110969530469497 ], [ 7.65475722126877, 45.110560140638 ], [ 7.654484978499, 45.1103350142496 ], [ 7.65351572606994, 45.109533475489599 ], [ 7.65231494767673, 45.108546751481398 ], [ 7.65231491350249, 45.108546728548703 ], [ 7.65221571288487, 45.108491916668697 ], [ 7.65080954912145, 45.107696272964702 ], [ 7.64853584535302, 45.106377997246902 ], [ 7.64818046295807, 45.1061917152755 ], [ 7.6478053620279, 45.105995574036598 ], [ 7.6472683732369, 45.105683472414398 ], [ 7.6474267609363, 45.105533000547602 ], [ 7.64752713966578, 45.105423348908502 ], [ 7.64773467171778, 45.105328844550598 ], [ 7.64799438333415, 45.105304213918402 ], [ 7.64910049908883, 45.105272256509501 ], [ 7.64950069110404, 45.105298212742397 ], [ 7.64950072258034, 45.105298213641703 ], [ 7.64950076529811, 45.105298211393396 ], [ 7.64950082105611, 45.1052982037492 ], [ 7.64950087006912, 45.105298191158603 ], [ 7.64950090424338, 45.105298179467503 ], [ 7.64950093661901, 45.105298165078302 ], [ 7.64950096629661, 45.105298148890498 ], [ 7.64950099417558, 45.105298130904103 ], [ 7.64950101935659, 45.105298110219699 ], [ 7.64950104094032, 45.105298088635898 ], [ 7.64950105982609, 45.105298064354301 ], [ 7.64950107961118, 45.105298030629697 ], [ 7.64950109400036, 45.105297991509197 ], [ 7.64950109984593, 45.105297951489298 ], [ 7.64950109624866, 45.105297907872199 ], [ 7.64950107871186, 45.105297855711498 ], [ 7.64950105622881, 45.105297818839297 ], [ 7.64950102924914, 45.105297786913397 ], [ 7.64950100226946, 45.105297763081403 ], [ 7.64950096359863, 45.105297737001003 ], [ 7.64883123757159, 45.104945651520701 ], [ 7.64953338550737, 45.104307833439798 ], [ 7.64953341788299, 45.104307793419999 ], [ 7.64953343766805, 45.104307757447103 ], [ 7.64953344980893, 45.104307716527899 ], [ 7.64953345340621, 45.104307674709503 ], [ 7.64953344845995, 45.104307636038598 ], [ 7.64953343137282, 45.104307589273901 ], [ 7.64953341023875, 45.104307553750601 ], [ 7.64953339135298, 45.104307532166999 ], [ 7.64953336122568, 45.104307503388597 ], [ 7.64953333289702, 45.104307482704201 ], [ 7.64953330142078, 45.104307463818401 ], [ 7.64786417004547, 45.103483229767299 ], [ 7.64786412373036, 45.103483212680104 ], [ 7.64786408865683, 45.103483202787601 ], [ 7.64786403964376, 45.103483194693801 ], [ 7.64786399782531, 45.103483190197103 ], [ 7.6478639470136, 45.103483190646799 ], [ 7.64786390519509, 45.103483193794403 ], [ 7.64786386922225, 45.1034831991904 ], [ 7.64786383414867, 45.103483207284199 ], [ 7.64786379997446, 45.1034832180761 ], [ 7.64786377299475, 45.103483228868001 ], [ 7.6472846374761, 45.103740561777599 ], [ 7.64682988808892, 45.103473503599403 ], [ 7.64662249723051, 45.103298731151597 ], [ 7.64701968191287, 45.102644541812197 ], [ 7.64708691343037, 45.102535097017203 ], [ 7.64729946100135, 45.102189750156903 ], [ 7.647439242627, 45.101919270957602 ], [ 7.64751841804059, 45.101720768099 ], [ 7.64760181577122, 45.101499741719699 ], [ 7.64773149531231, 45.101243346803102 ], [ 7.64792281798373, 45.100927370002204 ], [ 7.64819631890504, 45.100482464594101 ], [ 7.64830777458417, 45.100299368920801 ], [ 7.64867249284134, 45.099706674323599 ], [ 7.64873029766517, 45.0996124190779 ], [ 7.64880504391772, 45.099492817339701 ], [ 7.64883823519642, 45.099439263611202 ], [ 7.64888533089334, 45.099363280790797 ], [ 7.64888534843013, 45.099363238972401 ], [ 7.64888535652403, 45.099363186361998 ], [ 7.64888535112809, 45.099363133751702 ], [ 7.64888533314166, 45.099363085637897 ], [ 7.64888530885997, 45.099363049665101 ], [ 7.64888528682656, 45.099363024483999 ], [ 7.64888526344419, 45.099363003799603 ], [ 7.64888522702165, 45.099362977719302 ], [ 7.64888519419639, 45.099362959732801 ], [ 7.64888516272015, 45.099362945343699 ], [ 7.64888512854589, 45.0993629336525 ], [ 7.64888507998251, 45.099362921062003 ], [ 7.648885039513, 45.099362914766701 ], [ 7.64888500264078, 45.0993629111695 ], [ 7.64888495992301, 45.099362911619103 ], [ 7.6488849091113, 45.099362915666099 ], [ 7.64888487223914, 45.099362921062003 ], [ 7.64888484256147, 45.099362928256603 ], [ 7.64764133467992, 45.099709147459201 ], [ 7.64760233333106, 45.099639208982403 ], [ 7.64726170341493, 45.0992153229788 ], [ 7.64726166744202, 45.099215290153602 ], [ 7.64726162607326, 45.099215262274598 ], [ 7.64726158335543, 45.099215239791498 ], [ 7.64726155008054, 45.099215227201 ], [ 7.64726150061782, 45.099215213261502 ], [ 7.64726145924897, 45.099215205617298 ], [ 7.64726141922915, 45.099215201570303 ], [ 7.64695326248312, 45.099205043278197 ], [ 7.64656499997483, 45.099212712696598 ], [ 7.64648036297842, 45.099209270991103 ], [ 7.64621957937015, 45.099171648752602 ], [ 7.64599257789518, 45.099120033063102 ], [ 7.6458759708994, 45.099063463008498 ], [ 7.64587593762445, 45.099063449518603 ], [ 7.64587590255093, 45.099063437827503 ], [ 7.64561901210777, 45.098995314182403 ], [ 7.64499301021931, 45.098869546692299 ], [ 7.64484227575048, 45.098834214127699 ], [ 7.64450165212958, 45.098423437092002 ], [ 7.64393233495935, 45.097712783368301 ], [ 7.64393230303341, 45.0977127523417 ], [ 7.64393227695308, 45.0977127334559 ], [ 7.64393224727542, 45.097712715469498 ], [ 7.64393221669849, 45.097712700180999 ], [ 7.6439321834236, 45.097712687590501 ], [ 7.64393214835002, 45.0977126767987 ], [ 7.64393211237711, 45.097712668704702 ], [ 7.64393207460563, 45.097712663308798 ], [ 7.64393203683409, 45.097712660610902 ], [ 7.64393200535778, 45.097712659711497 ], [ 7.64272711796218, 45.097749284601797 ], [ 7.64270390016492, 45.097591268772099 ], [ 7.6427038884737, 45.097591232349501 ], [ 7.64270387498391, 45.097591207168499 ], [ 7.6427038587961, 45.097591182886902 ], [ 7.64270383901101, 45.097591160403802 ], [ 7.64270381652796, 45.0975911388201 ], [ 7.64270379134695, 45.0975911199343 ], [ 7.64270376346798, 45.097591101947799 ], [ 7.64270373289099, 45.0975910866593 ], [ 7.64270370051543, 45.097591073169603 ], [ 7.64270367173714, 45.097591063277001 ], [ 7.64234184480034, 45.097488175438997 ], [ 7.64234181242477, 45.097488168244404 ], [ 7.64234177195527, 45.097488161949201 ], [ 7.64234173148577, 45.097488158351901 ], [ 7.64234169821083, 45.097488157452602 ], [ 7.64178309331515, 45.097506839968702 ], [ 7.64178306183891, 45.097506842666697 ], [ 7.64178301957074, 45.097506848512303 ], [ 7.6417829660611, 45.097506862002099 ], [ 7.64178291884667, 45.097506878639599 ], [ 7.64178287657856, 45.097506900223301 ], [ 7.64178283520974, 45.097506928102298 ], [ 7.64178281182734, 45.097506947887403 ], [ 7.64106750905836, 45.098209656550502 ], [ 7.64091917757804, 45.098355374600899 ], [ 7.63820872705116, 45.096941437097698 ], [ 7.63968856237727, 45.096768943531998 ], [ 7.63968860554476, 45.096768935438099 ], [ 7.6396886442156, 45.096768925545497 ], [ 7.63968868963138, 45.096768908908103 ], [ 7.63968872425528, 45.096768893170001 ], [ 7.63968875213425, 45.096768876082798 ], [ 7.63968877821458, 45.096768858096397 ], [ 7.63968880159695, 45.096768837412 ], [ 7.63968882228136, 45.096768815828199 ], [ 7.63968884611342, 45.096768780304998 ], [ 7.63968886724746, 45.0967687308423 ], [ 7.63968887489173, 45.096768688574201 ], [ 7.63968887309306, 45.096768649453701 ], [ 7.63968885960324, 45.096768601789599 ], [ 7.63968884296577, 45.096768568514698 ], [ 7.6395463139113, 45.096548813776799 ], [ 7.63947982703246, 45.096446314445899 ], [ 7.63864504618198, 45.095159332437298 ], [ 7.63864501380638, 45.095159296464402 ], [ 7.63864498997435, 45.095159275779999 ], [ 7.63864496209538, 45.095159255994901 ], [ 7.63825484338633, 45.094927636501303 ], [ 7.63784321918928, 45.094683251131201 ], [ 7.63743167772981, 45.094438905331302 ], [ 7.63616899360423, 45.092415525156397 ], [ 7.63616896347693, 45.0924154900829 ], [ 7.63616891985981, 45.0924154545596 ], [ 7.63616888838357, 45.092415434324899 ], [ 7.63616884476642, 45.092415414090098 ], [ 7.63616880654524, 45.092415401049898 ], [ 7.63616877147166, 45.092415391157402 ], [ 7.63616872065998, 45.092415383063603 ], [ 7.6361686640027, 45.0924153790166 ], [ 7.63616860734538, 45.092415380815197 ], [ 7.63616856552693, 45.092415385761498 ], [ 7.63616852865471, 45.092415393855397 ], [ 7.63616849987642, 45.092415401949303 ], [ 7.63416910911713, 45.093076642872802 ], [ 7.63238629848894, 45.093666558564898 ], [ 7.63207254301352, 45.093132265042101 ], [ 7.63014985543151, 45.089813594022203 ], [ 7.62945415383618, 45.088596929105101 ], [ 7.6293810636852, 45.088500238944903 ], [ 7.62929851401526, 45.088419550422003 ], [ 7.62922582765987, 45.088360634935398 ], [ 7.62913240653538, 45.088298707619302 ], [ 7.62901176248292, 45.088234609789502 ], [ 7.62891652158026, 45.088194766675201 ], [ 7.62891649100328, 45.088194755883301 ], [ 7.62865845392457, 45.088117202846703 ], [ 7.62865842514623, 45.088117195652103 ], [ 7.6286583900727, 45.0881171893569 ], [ 7.6286583540998, 45.088117184860302 ], [ 7.62865831722763, 45.088117183061598 ], [ 7.62865828035541, 45.088117183960897 ], [ 7.62865824438251, 45.088117187558197 ], [ 7.62865820840966, 45.088117192954101 ], [ 7.6286581742354, 45.088117201947298 ], [ 7.62865814006119, 45.088117211839901 ], [ 7.62865810858489, 45.088117224430398 ], [ 7.62865807890728, 45.088117239718898 ], [ 7.62865805102825, 45.088117255906702 ], [ 7.62865802494792, 45.088117274792502 ], [ 7.62865800246487, 45.088117295476899 ], [ 7.62865797413625, 45.088117328302097 ], [ 7.6286579539015, 45.088117360228097 ], [ 7.62860203630498, 45.088230326768198 ], [ 7.62860202326482, 45.088230377130301 ], [ 7.62860202371448, 45.088230427492299 ], [ 7.62860203315734, 45.088230467062502 ], [ 7.62860205159345, 45.088230505283697 ], [ 7.62860207767381, 45.0882305412565 ], [ 7.62860210150581, 45.088230565987899 ], [ 7.62860212668687, 45.088230586672303 ], [ 7.62860215366652, 45.088230605558103 ], [ 7.62860218424345, 45.088230621745801 ], [ 7.62860221571975, 45.088230636135002 ], [ 7.62860224449804, 45.088230646027597 ], [ 7.62875180625093, 45.088276824415999 ], [ 7.62871230218104, 45.088340105211799 ], [ 7.62871228689258, 45.088340139835601 ], [ 7.62871227834904, 45.088340174459503 ], [ 7.6287084966998, 45.0883783812573 ], [ 7.62868953809175, 45.088410832393997 ], [ 7.62868952370263, 45.088410871064902 ], [ 7.62867239701359, 45.088488961896097 ], [ 7.6286650306667, 45.0885430129497 ], [ 7.62859097779142, 45.088664425023197 ], [ 7.62848358165201, 45.088818705518896 ], [ 7.62845156938448, 45.088866353399602 ], [ 7.62841776656671, 45.0889245746095 ], [ 7.62838564638054, 45.0889832751581 ], [ 7.62833166637336, 45.0890752092536 ], [ 7.62829729248608, 45.089128118168198 ], [ 7.62825801819304, 45.089179273404802 ], [ 7.62815986258761, 45.089292068174501 ], [ 7.62802337517866, 45.0894538472173 ], [ 7.62777716778214, 45.089712882543601 ], [ 7.62757698768786, 45.0899170340439 ], [ 7.62733912330197, 45.090154855262398 ], [ 7.62704217885351, 45.0904305748113 ], [ 7.62698354395542, 45.090477641729798 ], [ 7.62677001972071, 45.090614919642903 ], [ 7.62673576544324, 45.0906361787167 ], [ 7.62666778389115, 45.090675105871497 ], [ 7.6264825644688, 45.090772470972802 ], [ 7.62594122520744, 45.091138605662202 ], [ 7.62577239098312, 45.091224960363697 ], [ 7.62560914694461, 45.091312601095701 ], [ 7.62503811521691, 45.091566849330697 ], [ 7.62483389896533, 45.091633223794297 ], [ 7.62470367893167, 45.091668430453801 ], [ 7.62448563020774, 45.091719438201601 ], [ 7.62431879832394, 45.091744353918799 ], [ 7.62431874211629, 45.091744368307999 ], [ 7.62421724732815, 45.0917805381414 ], [ 7.62410814787279, 45.091798821358601 ], [ 7.62391185914504, 45.091829276899702 ], [ 7.62376999289091, 45.091855260112197 ], [ 7.62368949097726, 45.091872888623001 ], [ 7.62353289472736, 45.091904372988502 ], [ 7.62326774715888, 45.091976611931202 ], [ 7.62313407777549, 45.0920240124983 ], [ 7.62287025086144, 45.092123836345998 ], [ 7.62287022028448, 45.092123850735199 ], [ 7.62266503906037, 45.092232736601602 ], [ 7.62266500938273, 45.092232755936998 ], [ 7.62252100094349, 45.092340196143198 ], [ 7.62247267317537, 45.092372165243297 ], [ 7.622472649793, 45.092372183229699 ], [ 7.62247262820927, 45.092372202115499 ], [ 7.62245119376763, 45.092394343424203 ], [ 7.62241707079124, 45.092415865999399 ], [ 7.62238485167961, 45.0924314125797 ], [ 7.62238482290132, 45.092431428767497 ], [ 7.62238479682094, 45.092431445854601 ], [ 7.62233312717211, 45.092470973756498 ], [ 7.62223417566673, 45.092548177856202 ], [ 7.62218413019349, 45.092588882970603 ], [ 7.62214234679192, 45.092611999144502 ], [ 7.62206789821496, 45.092660253168198 ], [ 7.62206785864481, 45.092660286443099 ], [ 7.62203493536401, 45.092697156848402 ], [ 7.62198123504601, 45.092735538114702 ], [ 7.62193977090374, 45.092766804844203 ], [ 7.6219073458474, 45.092786325978203 ], [ 7.62190730267994, 45.0927863610518 ], [ 7.62186770283227, 45.092828992963703 ], [ 7.62180580609314, 45.092893896136403 ], [ 7.62180578630802, 45.092893922216803 ], [ 7.62178478264167, 45.092927203427799 ], [ 7.62178476510488, 45.092927246595202 ], [ 7.6217695674616, 45.093000319209402 ], [ 7.62176908317667, 45.0930991250247 ], [ 7.62177628854494, 45.093174760706702 ], [ 7.6217901192187, 45.093261726947198 ], [ 7.62179529346807, 45.093334659716902 ], [ 7.62180525121141, 45.093370162702897 ], [ 7.62183126050434, 45.093427981915902 ], [ 7.62185982117387, 45.093516686545897 ], [ 7.62186575040408, 45.0935551640396 ], [ 7.62182765332358, 45.093651854649401 ], [ 7.62180525930535, 45.0936994125979 ], [ 7.62180525031209, 45.093699440476797 ], [ 7.62180524491617, 45.093699470154498 ], [ 7.6218033041792, 45.0937376211943 ], [ 7.62180330777647, 45.093737656267898 ], [ 7.621816730158, 45.0937919141655 ], [ 7.62182135087471, 45.093833080632201 ], [ 7.62181471028072, 45.093862897654702 ], [ 7.62179822750625, 45.093952652692899 ], [ 7.62179379025127, 45.0939906805256 ], [ 7.62178304065486, 45.094069955763899 ], [ 7.6217476919025, 45.094113280603501 ], [ 7.6217181464753, 45.094139800711297 ], [ 7.62156638947732, 45.094246285837499 ], [ 7.62153159111011, 45.094265866776396 ], [ 7.62146908463058, 45.094297239626002 ], [ 7.62137761368598, 45.0943480756032 ], [ 7.62120889907146, 45.0944367622469 ], [ 7.62113114009008, 45.0944753431626 ], [ 7.62109785258389, 45.094494448360102 ], [ 7.62105840741964, 45.094514295498399 ], [ 7.62101251411627, 45.094533412387101 ], [ 7.62097974372023, 45.094546892325297 ], [ 7.62094316019875, 45.094559693275301 ], [ 7.6208881657563, 45.094576316344003 ], [ 7.62079602391742, 45.094601911049402 ], [ 7.62071644920479, 45.094624574864298 ], [ 7.62060746845992, 45.094643601820799 ], [ 7.62051220237629, 45.0946576240502 ], [ 7.620440517416, 45.094662544241103 ], [ 7.62039934285542, 45.0946642430604 ], [ 7.6203558246616, 45.094664463394302 ], [ 7.62031245215798, 45.094661591859001 ], [ 7.62026577194786, 45.094655729178598 ], [ 7.62014846887678, 45.094637383008902 ], [ 7.62007119912658, 45.094622844568697 ], [ 7.6200280127826, 45.0946106902312 ], [ 7.61989370892758, 45.094559395599703 ], [ 7.61983826122685, 45.094541783276703 ], [ 7.61978788705142, 45.094523798184802 ], [ 7.61973674395563, 45.094510130738001 ], [ 7.61968160382298, 45.094497173306003 ], [ 7.61968157234674, 45.094497167909999 ], [ 7.61968154356845, 45.094497164312699 ], [ 7.6196815147901, 45.094497161614797 ], [ 7.6196814761193, 45.094497161614797 ], [ 7.61968143609943, 45.094497163863103 ], [ 7.61960828119726, 45.094506963325699 ], [ 7.61963547534697, 45.094466524860302 ], [ 7.61963549333339, 45.094466486639099 ], [ 7.6196355027763, 45.094466437626103 ], [ 7.61963550097764, 45.094466388613 ], [ 7.61963548793747, 45.0944663472442 ], [ 7.61963546185711, 45.094466300029801 ], [ 7.61959749787627, 45.094420520040998 ], [ 7.61959746325238, 45.094420489014396 ], [ 7.61959743987001, 45.0944204719273 ], [ 7.61956576754619, 45.0944005096758 ], [ 7.61954353270789, 45.094379952972503 ], [ 7.61949808726695, 45.094344778688601 ], [ 7.61946957965745, 45.094309751893597 ], [ 7.61944065116515, 45.094260379113301 ], [ 7.61944062868213, 45.094260350334899 ], [ 7.61921348286597, 45.0940205362188 ], [ 7.6192134491414, 45.094020508339803 ], [ 7.61921342126243, 45.094020490353401 ], [ 7.61921339248414, 45.094020475065001 ], [ 7.61921336010852, 45.094020461575099 ], [ 7.61921331424313, 45.094020446286599 ], [ 7.61921327467292, 45.094020437293402 ], [ 7.61921322476056, 45.094020430998199 ], [ 7.6192131838414, 45.094020429199503 ], [ 7.61921314696923, 45.094020430098901 ], [ 7.61921311009701, 45.094020433696102 ], [ 7.61921306108394, 45.094020442239703 ], [ 7.6192130098226, 45.0940204570785 ], [ 7.61921297340007, 45.094020471467601 ], [ 7.6192129437224, 45.094020486756101 ], [ 7.61921291584343, 45.094020503843197 ], [ 7.61921289066242, 45.094020522728997 ], [ 7.61921286817937, 45.0940205434134 ], [ 7.61921284839428, 45.0940205658965 ], [ 7.61921282456225, 45.0940206014197 ], [ 7.61921280522682, 45.094020648184397 ], [ 7.61921279893158, 45.094020690452602 ], [ 7.61921280162955, 45.094020732720701 ], [ 7.61921280972342, 45.094020763747302 ], [ 7.61940558839723, 45.094536736281398 ], [ 7.61945108150223, 45.094650053557203 ], [ 7.61953929869975, 45.094880619045398 ], [ 7.61961776814553, 45.095117305319398 ], [ 7.61864233647469, 45.0967249370063 ], [ 7.61815078593008, 45.097082300607703 ], [ 7.61799083341026, 45.0971928695553 ], [ 7.61783796215229, 45.097290054792303 ], [ 7.61512479207556, 45.099206429133503 ], [ 7.61476694284016, 45.099483721596499 ] ] ] } }
]
}
